Using greedy dynamic clusters algorithm with cluster limit == 5!
Graph Data file used: SP-CARP_O16_g_graph.dat
Vehicle Data file used: SP-CARP_2-2.veh

Program starting at: 2026-08-09 06:43:21.164233
Greedy algorithm time: 0.809446 seconds
Cost of initial solution: 179153499.0
Total number of edges: 537
Number of unsatisfied edges: 166
0 edges were not serviced at all!
Running Local Search with top 50 operations according to estimation


Phase 1 mid-report:
Iteration count: 1
Last iteration time: 0.9531171321868896
Average iteration time: 0.9531171321868896
Current score: 23452266.0

Phase 1 ended! Current time: 2026-08-09 06:43:23.773592
Phase 1 Report:
Iteration count: 2
Last iteration time: 0.0
Average iteration time: 0.4765585660934448
Current score: 23452266.0


Phase 2 (only move_services) mid-report:
Iteration count: 1
Last iteration time: 1.7656044960021973
Average iteration time: 1.7656044960021973
Current score: 22452548.0


Phase 2 (only move_services) ended! Current time: 2026-08-09 06:43:40.648428
Phase 2 (only move_services) Report:
Iteration count: 10
Last iteration time: 0.2031252384185791
Average iteration time: 1.5421726226806642
Current score: 14476712.0


Phase 3 (using only swap_services) mid-report:
Iteration count: 1
Last iteration time: 0.8130183219909668
Average iteration time: 0.8130183219909668
Current score: 14471247.0


Phase 3 (using only swap_services) ended! Current time: 2026-08-09 06:45:59.156220
Phase 3 (using only swap_services) Report:
Iteration count: 48
Last iteration time: 0.1406257152557373
Average iteration time: 0.8285316328207655
Current score: 14448335.0


Phase 4 (routing operators) mid-report:
Current day: 0
Iteration count: 1
Last iteration time: 7.496777772903442
Average iteration time: 7.496777772903442
Current score: 14444779.0


Phase 4 (routing operators) day 0 ended!
Phase 4 (routing operators) day report:
Current Iteration count: 7
Last iteration time: 0.06250429153442383
Average iteration time: 8.336257662091935
Current score: 14441616.0


Phase 4 (routing operators) day 1 ended!
Phase 4 (routing operators) day report:
Current Iteration count: 13
Last iteration time: 0.09374642372131348
Average iteration time: 6.616137687976544
Current score: 14441077.0


Phase 4 (routing operators) day 2 ended!
Phase 4 (routing operators) day report:
Current Iteration count: 16
Last iteration time: 0.1093745231628418
Average iteration time: 5.643187433481217
Current score: 14436219.0


Phase 4 (routing operators) day 3 ended!
Phase 4 (routing operators) day report:
Current Iteration count: 23
Last iteration time: 0.09375429153442383
Average iteration time: 4.221888459247093
Current score: 13431131.0


Phase 4 (routing operators) day 4 ended!
Phase 4 (routing operators) day report:
Current Iteration count: 24
Last iteration time: 0.0
Average iteration time: 4.045976440111797
Current score: 13431131.0


Phase 4 (routing operators) day 7 ended!
Phase 4 (routing operators) day report:
Current Iteration count: 25
Last iteration time: 0.0
Average iteration time: 3.8841373825073253
Current score: 13431131.0


Phase 4 (routing operators) day 8 ended!
Phase 4 (routing operators) day report:
Current Iteration count: 26
Last iteration time: 0.0
Average iteration time: 3.7347474831801204
Current score: 13431131.0


Phase 4 (routing operators) day 9 ended!
Phase 4 (routing operators) day report:
Current Iteration count: 28
Last iteration time: 0.0
Average iteration time: 3.468537884099143
Current score: 13430849.0


Phase 4 (routing operators) day 10 ended!
Phase 4 (routing operators) day report:
Current Iteration count: 30
Last iteration time: 0.0
Average iteration time: 3.2373020251592006
Current score: 13428462.0


Phase 4 (routing operators) day 11 ended!
Phase 4 (routing operators) day report:
Current Iteration count: 34
Last iteration time: 0.015623331069946289
Average iteration time: 2.8582811075098373
Current score: 13410815.0


Phase 4 (routing operators) ended! Current time: 2026-08-09 06:48:23.202812
Phase 4 (routing operators) Report:
Iteration count: 34
Last iteration time: 0.015623331069946289
Average iteration time: 2.8582811075098373
Current score: 13410815.0


Local search report:
Iteration count: 1 iterations
Last iteration time: 300.38233709335327 seconds
Iteration average time: 300.38233709335327 seconds
Current score: 13410815.0

Solution after going through each phase once:


Day 0, number of edges 194, number of routes 12

	Edges:

	Edge: 91 <--> 92 	 Freq: 14.0 	 Demand: 111
	Edge: 93 <--> 92 	 Freq: 14.0 	 Demand: 162
	Edge: 91 <--> 94 	 Freq: 14.0 	 Demand: 638
	Edge: 671 <--> 669 	 Freq: 14.0 	 Demand: 111
	Edge: 668 <--> 669 	 Freq: 14.0 	 Demand: 689
	Edge: 397 <--> 669 	 Freq: 14.0 	 Demand: 689
	Edge: 395 <--> 397 	 Freq: 14.0 	 Demand: 553
	Edge: 136 <--> 135 	 Freq: 14.0 	 Demand: 111
	Edge: 86 <--> 135 	 Freq: 14.0 	 Demand: 221
	Edge: 85 <--> 86 	 Freq: 14.0 	 Demand: 383
	Edge: 134 <--> 86 	 Freq: 14.0 	 Demand: 162
	Edge: 190 <--> 82 	 Freq: 14.0 	 Demand: 162
	Edge: 82 <--> 79 	 Freq: 14.0 	 Demand: 323
	Edge: 79 <--> 81 	 Freq: 14.0 	 Demand: 638
	Edge: 79 <--> 80 	 Freq: 14.0 	 Demand: 587
	Edge: 133 <--> 80 	 Freq: 14.0 	 Demand: 272
	Edge: 674 <--> 652 	 Freq: 14.0 	 Demand: 434
	Edge: 652 <--> 650 	 Freq: 14.0 	 Demand: 272
	Edge: 400 <--> 650 	 Freq: 14.0 	 Demand: 383
	Edge: 650 <--> 651 	 Freq: 14.0 	 Demand: 544
	Edge: 652 <--> 653 	 Freq: 14.0 	 Demand: 434
	Edge: 677 <--> 331 	 Freq: 14.0 	 Demand: 111
	Edge: 331 <--> 332 	 Freq: 14.0 	 Demand: 221
	Edge: 330 <--> 331 	 Freq: 14.0 	 Demand: 1624
	Edge: 329 <--> 330 	 Freq: 14.0 	 Demand: 1437
	Edge: 107 <--> 108 	 Freq: 14.0 	 Demand: 162
	Edge: 106 <--> 107 	 Freq: 14.0 	 Demand: 485
	Edge: 710 <--> 145 	 Freq: 14.0 	 Demand: 204
	Edge: 145 <--> 711 	 Freq: 14.0 	 Demand: 859
	Edge: 145 <--> 103 	 Freq: 14.0 	 Demand: 723
	Edge: 45 <--> 46 	 Freq: 14.0 	 Demand: 408
	Edge: 46 <--> 42 	 Freq: 14.0 	 Demand: 111
	Edge: 41 <--> 42 	 Freq: 14.0 	 Demand: 323
	Edge: 539 <--> 540 	 Freq: 14.0 	 Demand: 162
	Edge: 539 <--> 557 	 Freq: 14.0 	 Demand: 2856
	Edge: 556 <--> 557 	 Freq: 14.0 	 Demand: 323
	Edge: 536 <--> 556 	 Freq: 14.0 	 Demand: 162
	Edge: 558 <--> 556 	 Freq: 14.0 	 Demand: 4655
	Edge: 210 <--> 211 	 Freq: 14.0 	 Demand: 340
	Edge: 467 <--> 210 	 Freq: 14.0 	 Demand: 272
	Edge: 210 <--> 401 	 Freq: 14.0 	 Demand: 162
	Edge: 289 <--> 290 	 Freq: 14.0 	 Demand: 162
	Edge: 290 <--> 595 	 Freq: 14.0 	 Demand: 408
	Edge: 595 <--> 596 	 Freq: 14.0 	 Demand: 680
	Edge: 198 <--> 199 	 Freq: 14.0 	 Demand: 111
	Edge: 194 <--> 195 	 Freq: 14.0 	 Demand: 272
	Edge: 196 <--> 194 	 Freq: 14.0 	 Demand: 714
	Edge: 196 <--> 191 	 Freq: 14.0 	 Demand: 323
	Edge: 197 <--> 196 	 Freq: 14.0 	 Demand: 544
	Edge: 197 <--> 65 	 Freq: 14.0 	 Demand: 1233
	Edge: 296 <--> 680 	 Freq: 14.0 	 Demand: 1139
	Edge: 295 <--> 296 	 Freq: 14.0 	 Demand: 2754
	Edge: 479 <--> 296 	 Freq: 14.0 	 Demand: 272
	Edge: 479 <--> 480 	 Freq: 14.0 	 Demand: 111
	Edge: 481 <--> 479 	 Freq: 14.0 	 Demand: 315
	Edge: 538 <--> 537 	 Freq: 14.0 	 Demand: 162
	Edge: 537 <--> 536 	 Freq: 14.0 	 Demand: 2465
	Edge: 535 <--> 536 	 Freq: 14.0 	 Demand: 366
	Edge: 298 <--> 679 	 Freq: 14.0 	 Demand: 272
	Edge: 297 <--> 298 	 Freq: 14.0 	 Demand: 272
	Edge: 499 <--> 298 	 Freq: 14.0 	 Demand: 111
	Edge: 498 <--> 499 	 Freq: 14.0 	 Demand: 442
	Edge: 499 <--> 481 	 Freq: 14.0 	 Demand: 655
	Edge: 664 <--> 661 	 Freq: 14.0 	 Demand: 689
	Edge: 661 <--> 662 	 Freq: 14.0 	 Demand: 162
	Edge: 662 <--> 665 	 Freq: 14.0 	 Demand: 1403
	Edge: 662 <--> 523 	 Freq: 14.0 	 Demand: 434
	Edge: 523 <--> 663 	 Freq: 14.0 	 Demand: 527
	Edge: 39 <--> 40 	 Freq: 14.0 	 Demand: 366
	Edge: 40 <--> 321 	 Freq: 14.0 	 Demand: 111
	Edge: 321 <--> 727 	 Freq: 14.0 	 Demand: 553
	Edge: 728 <--> 321 	 Freq: 14.0 	 Demand: 222
	Edge: 312 <--> 315 	 Freq: 14.0 	 Demand: 111
	Edge: 315 <--> 317 	 Freq: 14.0 	 Demand: 3919
	Edge: 109 <--> 110 	 Freq: 14.0 	 Demand: 1343
	Edge: 109 <--> 104 	 Freq: 14.0 	 Demand: 162
	Edge: 104 <--> 105 	 Freq: 14.0 	 Demand: 383
	Edge: 105 <--> 426 	 Freq: 14.0 	 Demand: 162
	Edge: 117 <--> 109 	 Freq: 14.0 	 Demand: 2185
	Edge: 247 <--> 248 	 Freq: 14.0 	 Demand: 204
	Edge: 123 <--> 78 	 Freq: 14.0 	 Demand: 111
	Edge: 122 <--> 123 	 Freq: 14.0 	 Demand: 111
	Edge: 123 <--> 121 	 Freq: 14.0 	 Demand: 383
	Edge: 68 <--> 78 	 Freq: 14.0 	 Demand: 587
	Edge: 398 <--> 388 	 Freq: 14.0 	 Demand: 162
	Edge: 394 <--> 388 	 Freq: 14.0 	 Demand: 1403
	Edge: 398 <--> 529 	 Freq: 14.0 	 Demand: 595
	Edge: 667 <--> 398 	 Freq: 14.0 	 Demand: 1020
	Edge: 57 <--> 58 	 Freq: 14.0 	 Demand: 162
	Edge: 59 <--> 57 	 Freq: 14.0 	 Demand: 476
	Edge: 57 <--> 67 	 Freq: 14.0 	 Demand: 859
	Edge: 216 <--> 217 	 Freq: 14.0 	 Demand: 799
	Edge: 221 <--> 511 	 Freq: 14.0 	 Demand: 111
	Edge: 220 <--> 221 	 Freq: 14.0 	 Demand: 272
	Edge: 7 <--> 597 	 Freq: 14.0 	 Demand: 986
	Edge: 7 <--> 5 	 Freq: 14.0 	 Demand: 1114
	Edge: 5 <--> 6 	 Freq: 14.0 	 Demand: 162
	Edge: 5 <--> 382 	 Freq: 14.0 	 Demand: 366
	Edge: 225 <--> 222 	 Freq: 14.0 	 Demand: 536
	Edge: 222 <--> 223 	 Freq: 14.0 	 Demand: 476
	Edge: 223 <--> 688 	 Freq: 14.0 	 Demand: 272
	Edge: 224 <--> 503 	 Freq: 14.0 	 Demand: 731
	Edge: 115 <--> 112 	 Freq: 14.0 	 Demand: 162
	Edge: 116 <--> 115 	 Freq: 14.0 	 Demand: 323
	Edge: 112 <--> 117 	 Freq: 14.0 	 Demand: 1301
	Edge: 117 <--> 605 	 Freq: 14.0 	 Demand: 1598
	Edge: 111 <--> 112 	 Freq: 14.0 	 Demand: 850
	Edge: 74 <--> 88 	 Freq: 14.0 	 Demand: 655
	Edge: 72 <--> 74 	 Freq: 14.0 	 Demand: 272
	Edge: 72 <--> 73 	 Freq: 14.0 	 Demand: 315
	Edge: 73 <--> 76 	 Freq: 14.0 	 Demand: 332
	Edge: 641 <--> 73 	 Freq: 14.0 	 Demand: 493
	Edge: 404 <--> 585 	 Freq: 14.0 	 Demand: 111
	Edge: 450 <--> 404 	 Freq: 14.0 	 Demand: 111
	Edge: 477 <--> 450 	 Freq: 14.0 	 Demand: 204
	Edge: 585 <--> 13 	 Freq: 14.0 	 Demand: 162
	Edge: 13 <--> 598 	 Freq: 14.0 	 Demand: 204
	Edge: 627 <--> 750 	 Freq: 14.0 	 Demand: 204
	Edge: 627 <--> 749 	 Freq: 14.0 	 Demand: 1590
	Edge: 623 <--> 627 	 Freq: 14.0 	 Demand: 1343
	Edge: 572 <--> 154 	 Freq: 14.0 	 Demand: 204
	Edge: 44 <--> 572 	 Freq: 14.0 	 Demand: 757
	Edge: 43 <--> 44 	 Freq: 14.0 	 Demand: 765
	Edge: 43 <--> 160 	 Freq: 14.0 	 Demand: 1624
	Edge: 742 <--> 618 	 Freq: 14.0 	 Demand: 315
	Edge: 744 <--> 742 	 Freq: 14.0 	 Demand: 162
	Edge: 745 <--> 744 	 Freq: 14.0 	 Demand: 221
	Edge: 744 <--> 748 	 Freq: 14.0 	 Demand: 323
	Edge: 629 <--> 745 	 Freq: 14.0 	 Demand: 111
	Edge: 689 <--> 258 	 Freq: 14.0 	 Demand: 221
	Edge: 257 <--> 258 	 Freq: 14.0 	 Demand: 366
	Edge: 257 <--> 503 	 Freq: 14.0 	 Demand: 111
	Edge: 258 <--> 222 	 Freq: 14.0 	 Demand: 808
	Edge: 83 <--> 84 	 Freq: 14.0 	 Demand: 1054
	Edge: 84 <--> 120 	 Freq: 14.0 	 Demand: 765
	Edge: 642 <--> 120 	 Freq: 14.0 	 Demand: 1063
	Edge: 151 <--> 84 	 Freq: 14.0 	 Demand: 1794
	Edge: 599 <--> 31 	 Freq: 14.0 	 Demand: 111
	Edge: 599 <--> 683 	 Freq: 14.0 	 Demand: 2185
	Edge: 31 <--> 600 	 Freq: 14.0 	 Demand: 1751
	Edge: 633 <--> 635 	 Freq: 14.0 	 Demand: 935
	Edge: 633 <--> 634 	 Freq: 14.0 	 Demand: 1003
	Edge: 253 <--> 633 	 Freq: 14.0 	 Demand: 2635
	Edge: 253 <--> 254 	 Freq: 14.0 	 Demand: 485
	Edge: 402 <--> 403 	 Freq: 14.0 	 Demand: 204
	Edge: 648 <--> 402 	 Freq: 14.0 	 Demand: 162
	Edge: 648 <--> 519 	 Freq: 14.0 	 Demand: 111
	Edge: 647 <--> 519 	 Freq: 14.0 	 Demand: 910
	Edge: 519 <--> 520 	 Freq: 14.0 	 Demand: 476
	Edge: 488 <--> 493 	 Freq: 14.0 	 Demand: 2210
	Edge: 268 <--> 491 	 Freq: 14.0 	 Demand: 162
	Edge: 491 <--> 492 	 Freq: 14.0 	 Demand: 918
	Edge: 491 <--> 716 	 Freq: 14.0 	 Demand: 1012
	Edge: 507 <--> 261 	 Freq: 14.0 	 Demand: 162
	Edge: 261 <--> 262 	 Freq: 14.0 	 Demand: 476
	Edge: 349 <--> 350 	 Freq: 14.0 	 Demand: 323
	Edge: 370 <--> 327 	 Freq: 14.0 	 Demand: 162
	Edge: 327 <--> 328 	 Freq: 14.0 	 Demand: 587
	Edge: 370 <--> 371 	 Freq: 14.0 	 Demand: 519
	Edge: 371 <--> 678 	 Freq: 14.0 	 Demand: 162
	Edge: 71 <--> 70 	 Freq: 14.0 	 Demand: 383
	Edge: 69 <--> 70 	 Freq: 14.0 	 Demand: 162
	Edge: 618 <--> 746 	 Freq: 14.0 	 Demand: 323
	Edge: 618 <--> 619 	 Freq: 14.0 	 Demand: 383
	Edge: 509 <--> 510 	 Freq: 14.0 	 Demand: 162
	Edge: 484 <--> 509 	 Freq: 14.0 	 Demand: 366
	Edge: 488 <--> 484 	 Freq: 14.0 	 Demand: 272
	Edge: 509 <--> 715 	 Freq: 14.0 	 Demand: 1675
	Edge: 630 <--> 632 	 Freq: 14.0 	 Demand: 162
	Edge: 630 <--> 631 	 Freq: 14.0 	 Demand: 842
	Edge: 309 <--> 707 	 Freq: 14.0 	 Demand: 2958
	Edge: 309 <--> 310 	 Freq: 14.0 	 Demand: 1794
	Edge: 310 <--> 311 	 Freq: 14.0 	 Demand: 3273
	Edge: 745 <--> 747 	 Freq: 14.0 	 Demand: 323
	Edge: 742 <--> 743 	 Freq: 14.0 	 Demand: 272
	Edge: 226 <--> 153 	 Freq: 14.0 	 Demand: 204
	Edge: 226 <--> 227 	 Freq: 14.0 	 Demand: 434
	Edge: 227 <--> 255 	 Freq: 14.0 	 Demand: 1845
	Edge: 152 <--> 153 	 Freq: 14.0 	 Demand: 4778
	Edge: 152 <--> 731 	 Freq: 14.0 	 Demand: 816
	Edge: 485 <--> 486 	 Freq: 14.0 	 Demand: 221
	Edge: 486 <--> 487 	 Freq: 14.0 	 Demand: 757
	Edge: 522 <--> 654 	 Freq: 14.0 	 Demand: 638
	Edge: 518 <--> 149 	 Freq: 14.0 	 Demand: 111
	Edge: 3 <--> 4 	 Freq: 14.0 	 Demand: 689
	Edge: 486 <--> 490 	 Freq: 14.0 	 Demand: 1989
	Edge: 265 <--> 507 	 Freq: 14.0 	 Demand: 111
	Edge: 268 <--> 488 	 Freq: 14.0 	 Demand: 162
	Edge: 15 <--> 94 	 Freq: 14.0 	 Demand: 221
	Edge: 221 <--> 216 	 Freq: 14.0 	 Demand: 731
	Edge: 261 <--> 263 	 Freq: 14.0 	 Demand: 757
	Edge: 273 <--> 103 	 Freq: 14.0 	 Demand: 527
	Edge: 24 <--> 25 	 Freq: 14.0 	 Demand: 221
	Edge: 645 <--> 92 	 Freq: 14.0 	 Demand: 111

	Routes:

	Route: 1
	Route length (8599.0) and demand (11754)
	Edge: 652 <--> 650 	 Freq: 14.0 	 Demand: 272
	Edge: 674 <--> 652 	 Freq: 14.0 	 Demand: 434
	Edge: 652 <--> 653 	 Freq: 14.0 	 Demand: 434
	Edge: 650 <--> 651 	 Freq: 14.0 	 Demand: 544
	Edge: 400 <--> 650 	 Freq: 14.0 	 Demand: 383
	Edge: 402 <--> 403 	 Freq: 14.0 	 Demand: 204
	Edge: 648 <--> 519 	 Freq: 14.0 	 Demand: 111
	Edge: 519 <--> 520 	 Freq: 14.0 	 Demand: 476
	Edge: 647 <--> 519 	 Freq: 14.0 	 Demand: 910
	Edge: 648 <--> 402 	 Freq: 14.0 	 Demand: 162
	Edge: 210 <--> 401 	 Freq: 14.0 	 Demand: 162
	Edge: 467 <--> 210 	 Freq: 14.0 	 Demand: 272
	Edge: 210 <--> 211 	 Freq: 14.0 	 Demand: 340
	Edge: 196 <--> 191 	 Freq: 14.0 	 Demand: 323
	Edge: 194 <--> 195 	 Freq: 14.0 	 Demand: 272
	Edge: 196 <--> 194 	 Freq: 14.0 	 Demand: 714
	Edge: 197 <--> 196 	 Freq: 14.0 	 Demand: 544
	Edge: 197 <--> 65 	 Freq: 14.0 	 Demand: 1233
	Edge: 522 <--> 654 	 Freq: 14.0 	 Demand: 638
	Edge: 523 <--> 663 	 Freq: 14.0 	 Demand: 527
	Edge: 664 <--> 661 	 Freq: 14.0 	 Demand: 689
	Edge: 661 <--> 662 	 Freq: 14.0 	 Demand: 162
	Edge: 662 <--> 665 	 Freq: 14.0 	 Demand: 1403
	Edge: 662 <--> 523 	 Freq: 14.0 	 Demand: 434
	Edge: 198 <--> 199 	 Freq: 14.0 	 Demand: 111
	Route: 2
	Route length (4460.0) and demand (11989)
	Edge: 41 <--> 42 	 Freq: 14.0 	 Demand: 323
	Edge: 43 <--> 44 	 Freq: 14.0 	 Demand: 765
	Edge: 43 <--> 160 	 Freq: 14.0 	 Demand: 1624
	Edge: 310 <--> 311 	 Freq: 14.0 	 Demand: 3273
	Edge: 309 <--> 310 	 Freq: 14.0 	 Demand: 1794
	Edge: 309 <--> 707 	 Freq: 14.0 	 Demand: 2958
	Edge: 40 <--> 321 	 Freq: 14.0 	 Demand: 111
	Edge: 728 <--> 321 	 Freq: 14.0 	 Demand: 222
	Edge: 321 <--> 727 	 Freq: 14.0 	 Demand: 553
	Edge: 39 <--> 40 	 Freq: 14.0 	 Demand: 366
	Route: 3
	Route length (8476.0) and demand (8206)
	Edge: 216 <--> 217 	 Freq: 14.0 	 Demand: 799
	Edge: 221 <--> 216 	 Freq: 14.0 	 Demand: 731
	Edge: 265 <--> 507 	 Freq: 14.0 	 Demand: 111
	Edge: 261 <--> 263 	 Freq: 14.0 	 Demand: 757
	Edge: 261 <--> 262 	 Freq: 14.0 	 Demand: 476
	Edge: 507 <--> 261 	 Freq: 14.0 	 Demand: 162
	Edge: 486 <--> 487 	 Freq: 14.0 	 Demand: 757
	Edge: 486 <--> 490 	 Freq: 14.0 	 Demand: 1989
	Edge: 485 <--> 486 	 Freq: 14.0 	 Demand: 221
	Edge: 484 <--> 509 	 Freq: 14.0 	 Demand: 366
	Edge: 509 <--> 715 	 Freq: 14.0 	 Demand: 1675
	Edge: 509 <--> 510 	 Freq: 14.0 	 Demand: 162
	Route: 4
	Route length (8277.0) and demand (11981)
	Edge: 221 <--> 511 	 Freq: 14.0 	 Demand: 111
	Edge: 223 <--> 688 	 Freq: 14.0 	 Demand: 272
	Edge: 222 <--> 223 	 Freq: 14.0 	 Demand: 476
	Edge: 225 <--> 222 	 Freq: 14.0 	 Demand: 536
	Edge: 258 <--> 222 	 Freq: 14.0 	 Demand: 808
	Edge: 689 <--> 258 	 Freq: 14.0 	 Demand: 221
	Edge: 257 <--> 258 	 Freq: 14.0 	 Demand: 366
	Edge: 257 <--> 503 	 Freq: 14.0 	 Demand: 111
	Edge: 227 <--> 255 	 Freq: 14.0 	 Demand: 1845
	Edge: 226 <--> 227 	 Freq: 14.0 	 Demand: 434
	Edge: 152 <--> 153 	 Freq: 14.0 	 Demand: 4778
	Edge: 152 <--> 731 	 Freq: 14.0 	 Demand: 816
	Edge: 226 <--> 153 	 Freq: 14.0 	 Demand: 204
	Edge: 224 <--> 503 	 Freq: 14.0 	 Demand: 731
	Edge: 220 <--> 221 	 Freq: 14.0 	 Demand: 272
	Route: 5
	Route length (8125.0) and demand (11079)
	Edge: 488 <--> 493 	 Freq: 14.0 	 Demand: 2210
	Edge: 268 <--> 491 	 Freq: 14.0 	 Demand: 162
	Edge: 491 <--> 716 	 Freq: 14.0 	 Demand: 1012
	Edge: 491 <--> 492 	 Freq: 14.0 	 Demand: 918
	Edge: 298 <--> 679 	 Freq: 14.0 	 Demand: 272
	Edge: 297 <--> 298 	 Freq: 14.0 	 Demand: 272
	Edge: 499 <--> 298 	 Freq: 14.0 	 Demand: 111
	Edge: 498 <--> 499 	 Freq: 14.0 	 Demand: 442
	Edge: 499 <--> 481 	 Freq: 14.0 	 Demand: 655
	Edge: 481 <--> 479 	 Freq: 14.0 	 Demand: 315
	Edge: 479 <--> 480 	 Freq: 14.0 	 Demand: 111
	Edge: 479 <--> 296 	 Freq: 14.0 	 Demand: 272
	Edge: 295 <--> 296 	 Freq: 14.0 	 Demand: 2754
	Edge: 296 <--> 680 	 Freq: 14.0 	 Demand: 1139
	Edge: 268 <--> 488 	 Freq: 14.0 	 Demand: 162
	Edge: 488 <--> 484 	 Freq: 14.0 	 Demand: 272
	Route: 6
	Route length (8541.0) and demand (11474)
	Edge: 538 <--> 537 	 Freq: 14.0 	 Demand: 162
	Edge: 537 <--> 536 	 Freq: 14.0 	 Demand: 2465
	Edge: 536 <--> 556 	 Freq: 14.0 	 Demand: 162
	Edge: 558 <--> 556 	 Freq: 14.0 	 Demand: 4655
	Edge: 556 <--> 557 	 Freq: 14.0 	 Demand: 323
	Edge: 539 <--> 557 	 Freq: 14.0 	 Demand: 2856
	Edge: 539 <--> 540 	 Freq: 14.0 	 Demand: 162
	Edge: 535 <--> 536 	 Freq: 14.0 	 Demand: 366
	Edge: 349 <--> 350 	 Freq: 14.0 	 Demand: 323
	Route: 7
	Route length (9348.0) and demand (11311)
	Edge: 671 <--> 669 	 Freq: 14.0 	 Demand: 111
	Edge: 668 <--> 669 	 Freq: 14.0 	 Demand: 689
	Edge: 397 <--> 669 	 Freq: 14.0 	 Demand: 689
	Edge: 395 <--> 397 	 Freq: 14.0 	 Demand: 553
	Edge: 394 <--> 388 	 Freq: 14.0 	 Demand: 1403
	Edge: 398 <--> 529 	 Freq: 14.0 	 Demand: 595
	Edge: 667 <--> 398 	 Freq: 14.0 	 Demand: 1020
	Edge: 398 <--> 388 	 Freq: 14.0 	 Demand: 162
	Edge: 123 <--> 78 	 Freq: 14.0 	 Demand: 111
	Edge: 123 <--> 121 	 Freq: 14.0 	 Demand: 383
	Edge: 642 <--> 120 	 Freq: 14.0 	 Demand: 1063
	Edge: 84 <--> 120 	 Freq: 14.0 	 Demand: 765
	Edge: 151 <--> 84 	 Freq: 14.0 	 Demand: 1794
	Edge: 83 <--> 84 	 Freq: 14.0 	 Demand: 1054
	Edge: 122 <--> 123 	 Freq: 14.0 	 Demand: 111
	Edge: 68 <--> 78 	 Freq: 14.0 	 Demand: 587
	Edge: 24 <--> 25 	 Freq: 14.0 	 Demand: 221
	Route: 8
	Route length (8340.0) and demand (8140)
	Edge: 3 <--> 4 	 Freq: 14.0 	 Demand: 689
	Edge: 7 <--> 5 	 Freq: 14.0 	 Demand: 1114
	Edge: 7 <--> 597 	 Freq: 14.0 	 Demand: 986
	Edge: 5 <--> 382 	 Freq: 14.0 	 Demand: 366
	Edge: 5 <--> 6 	 Freq: 14.0 	 Demand: 162
	Edge: 330 <--> 331 	 Freq: 14.0 	 Demand: 1624
	Edge: 331 <--> 332 	 Freq: 14.0 	 Demand: 221
	Edge: 677 <--> 331 	 Freq: 14.0 	 Demand: 111
	Edge: 329 <--> 330 	 Freq: 14.0 	 Demand: 1437
	Edge: 327 <--> 328 	 Freq: 14.0 	 Demand: 587
	Edge: 370 <--> 327 	 Freq: 14.0 	 Demand: 162
	Edge: 370 <--> 371 	 Freq: 14.0 	 Demand: 519
	Edge: 371 <--> 678 	 Freq: 14.0 	 Demand: 162
	Route: 9
	Route length (10558.0) and demand (10727)
	Edge: 136 <--> 135 	 Freq: 14.0 	 Demand: 111
	Edge: 86 <--> 135 	 Freq: 14.0 	 Demand: 221
	Edge: 85 <--> 86 	 Freq: 14.0 	 Demand: 383
	Edge: 134 <--> 86 	 Freq: 14.0 	 Demand: 162
	Edge: 518 <--> 149 	 Freq: 14.0 	 Demand: 111
	Edge: 133 <--> 80 	 Freq: 14.0 	 Demand: 272
	Edge: 79 <--> 80 	 Freq: 14.0 	 Demand: 587
	Edge: 79 <--> 81 	 Freq: 14.0 	 Demand: 638
	Edge: 82 <--> 79 	 Freq: 14.0 	 Demand: 323
	Edge: 190 <--> 82 	 Freq: 14.0 	 Demand: 162
	Edge: 74 <--> 88 	 Freq: 14.0 	 Demand: 655
	Edge: 72 <--> 74 	 Freq: 14.0 	 Demand: 272
	Edge: 73 <--> 76 	 Freq: 14.0 	 Demand: 332
	Edge: 641 <--> 73 	 Freq: 14.0 	 Demand: 493
	Edge: 72 <--> 73 	 Freq: 14.0 	 Demand: 315
	Edge: 71 <--> 70 	 Freq: 14.0 	 Demand: 383
	Edge: 69 <--> 70 	 Freq: 14.0 	 Demand: 162
	Edge: 57 <--> 58 	 Freq: 14.0 	 Demand: 162
	Edge: 59 <--> 57 	 Freq: 14.0 	 Demand: 476
	Edge: 57 <--> 67 	 Freq: 14.0 	 Demand: 859
	Edge: 273 <--> 103 	 Freq: 14.0 	 Demand: 527
	Edge: 145 <--> 103 	 Freq: 14.0 	 Demand: 723
	Edge: 145 <--> 711 	 Freq: 14.0 	 Demand: 859
	Edge: 710 <--> 145 	 Freq: 14.0 	 Demand: 204
	Edge: 115 <--> 112 	 Freq: 14.0 	 Demand: 162
	Edge: 116 <--> 115 	 Freq: 14.0 	 Demand: 323
	Edge: 111 <--> 112 	 Freq: 14.0 	 Demand: 850
	Route: 10
	Route length (5415.0) and demand (11659)
	Edge: 289 <--> 290 	 Freq: 14.0 	 Demand: 162
	Edge: 595 <--> 596 	 Freq: 14.0 	 Demand: 680
	Edge: 290 <--> 595 	 Freq: 14.0 	 Demand: 408
	Edge: 629 <--> 745 	 Freq: 14.0 	 Demand: 111
	Edge: 745 <--> 747 	 Freq: 14.0 	 Demand: 323
	Edge: 744 <--> 748 	 Freq: 14.0 	 Demand: 323
	Edge: 744 <--> 742 	 Freq: 14.0 	 Demand: 162
	Edge: 742 <--> 743 	 Freq: 14.0 	 Demand: 272
	Edge: 618 <--> 619 	 Freq: 14.0 	 Demand: 383
	Edge: 618 <--> 746 	 Freq: 14.0 	 Demand: 323
	Edge: 742 <--> 618 	 Freq: 14.0 	 Demand: 315
	Edge: 745 <--> 744 	 Freq: 14.0 	 Demand: 221
	Edge: 404 <--> 585 	 Freq: 14.0 	 Demand: 111
	Edge: 13 <--> 598 	 Freq: 14.0 	 Demand: 204
	Edge: 623 <--> 627 	 Freq: 14.0 	 Demand: 1343
	Edge: 627 <--> 749 	 Freq: 14.0 	 Demand: 1590
	Edge: 627 <--> 750 	 Freq: 14.0 	 Demand: 204
	Edge: 585 <--> 13 	 Freq: 14.0 	 Demand: 162
	Edge: 450 <--> 404 	 Freq: 14.0 	 Demand: 111
	Edge: 477 <--> 450 	 Freq: 14.0 	 Demand: 204
	Edge: 599 <--> 683 	 Freq: 14.0 	 Demand: 2185
	Edge: 599 <--> 31 	 Freq: 14.0 	 Demand: 111
	Edge: 31 <--> 600 	 Freq: 14.0 	 Demand: 1751
	Route: 11
	Route length (7712.0) and demand (10028)
	Edge: 105 <--> 426 	 Freq: 14.0 	 Demand: 162
	Edge: 104 <--> 105 	 Freq: 14.0 	 Demand: 383
	Edge: 109 <--> 110 	 Freq: 14.0 	 Demand: 1343
	Edge: 112 <--> 117 	 Freq: 14.0 	 Demand: 1301
	Edge: 117 <--> 605 	 Freq: 14.0 	 Demand: 1598
	Edge: 117 <--> 109 	 Freq: 14.0 	 Demand: 2185
	Edge: 109 <--> 104 	 Freq: 14.0 	 Demand: 162
	Edge: 106 <--> 107 	 Freq: 14.0 	 Demand: 485
	Edge: 107 <--> 108 	 Freq: 14.0 	 Demand: 162
	Edge: 645 <--> 92 	 Freq: 14.0 	 Demand: 111
	Edge: 93 <--> 92 	 Freq: 14.0 	 Demand: 162
	Edge: 91 <--> 92 	 Freq: 14.0 	 Demand: 111
	Edge: 91 <--> 94 	 Freq: 14.0 	 Demand: 638
	Edge: 15 <--> 94 	 Freq: 14.0 	 Demand: 221
	Edge: 630 <--> 632 	 Freq: 14.0 	 Demand: 162
	Edge: 630 <--> 631 	 Freq: 14.0 	 Demand: 842
	Route: 12
	Route length (5873.0) and demand (10772)
	Edge: 247 <--> 248 	 Freq: 14.0 	 Demand: 204
	Edge: 45 <--> 46 	 Freq: 14.0 	 Demand: 408
	Edge: 46 <--> 42 	 Freq: 14.0 	 Demand: 111
	Edge: 44 <--> 572 	 Freq: 14.0 	 Demand: 757
	Edge: 572 <--> 154 	 Freq: 14.0 	 Demand: 204
	Edge: 315 <--> 317 	 Freq: 14.0 	 Demand: 3919
	Edge: 312 <--> 315 	 Freq: 14.0 	 Demand: 111
	Edge: 253 <--> 254 	 Freq: 14.0 	 Demand: 485
	Edge: 253 <--> 633 	 Freq: 14.0 	 Demand: 2635
	Edge: 633 <--> 635 	 Freq: 14.0 	 Demand: 935
	Edge: 633 <--> 634 	 Freq: 14.0 	 Demand: 1003

Day 1, number of edges 158, number of routes 13

	Edges:

	Edge: 547 <--> 395 	 Freq: 14.0 	 Demand: 961
	Edge: 146 <--> 273 	 Freq: 14.0 	 Demand: 111
	Edge: 122 <--> 643 	 Freq: 14.0 	 Demand: 111
	Edge: 659 <--> 660 	 Freq: 14.0 	 Demand: 799
	Edge: 658 <--> 659 	 Freq: 14.0 	 Demand: 1454
	Edge: 266 <--> 658 	 Freq: 14.0 	 Demand: 2210
	Edge: 266 <--> 657 	 Freq: 14.0 	 Demand: 1420
	Edge: 213 <--> 266 	 Freq: 14.0 	 Demand: 162
	Edge: 355 <--> 564 	 Freq: 14.0 	 Demand: 1513
	Edge: 355 <--> 356 	 Freq: 14.0 	 Demand: 527
	Edge: 500 <--> 478 	 Freq: 14.0 	 Demand: 366
	Edge: 478 <--> 483 	 Freq: 14.0 	 Demand: 408
	Edge: 267 <--> 478 	 Freq: 14.0 	 Demand: 544
	Edge: 267 <--> 481 	 Freq: 14.0 	 Demand: 162
	Edge: 209 <--> 208 	 Freq: 14.0 	 Demand: 689
	Edge: 208 <--> 205 	 Freq: 14.0 	 Demand: 706
	Edge: 673 <--> 205 	 Freq: 14.0 	 Demand: 952
	Edge: 204 <--> 205 	 Freq: 14.0 	 Demand: 587
	Edge: 204 <--> 399 	 Freq: 14.0 	 Demand: 714
	Edge: 476 <--> 474 	 Freq: 14.0 	 Demand: 315
	Edge: 477 <--> 476 	 Freq: 14.0 	 Demand: 1505
	Edge: 450 <--> 451 	 Freq: 14.0 	 Demand: 2159
	Edge: 32 <--> 30 	 Freq: 14.0 	 Demand: 162
	Edge: 406 <--> 32 	 Freq: 14.0 	 Demand: 595
	Edge: 12 <--> 406 	 Freq: 14.0 	 Demand: 595
	Edge: 11 <--> 12 	 Freq: 14.0 	 Demand: 799
	Edge: 11 <--> 410 	 Freq: 14.0 	 Demand: 536
	Edge: 99 <--> 706 	 Freq: 14.0 	 Demand: 2363
	Edge: 203 <--> 200 	 Freq: 14.0 	 Demand: 510
	Edge: 53 <--> 54 	 Freq: 14.0 	 Demand: 204
	Edge: 53 <--> 56 	 Freq: 14.0 	 Demand: 315
	Edge: 54 <--> 89 	 Freq: 14.0 	 Demand: 544
	Edge: 137 <--> 53 	 Freq: 14.0 	 Demand: 1233
	Edge: 87 <--> 56 	 Freq: 14.0 	 Demand: 204
	Edge: 518 <--> 609 	 Freq: 14.0 	 Demand: 1063
	Edge: 606 <--> 518 	 Freq: 14.0 	 Demand: 544
	Edge: 131 <--> 133 	 Freq: 14.0 	 Demand: 162
	Edge: 620 <--> 621 	 Freq: 14.0 	 Demand: 476
	Edge: 621 <--> 739 	 Freq: 14.0 	 Demand: 1649
	Edge: 522 <--> 636 	 Freq: 14.0 	 Demand: 323
	Edge: 521 <--> 522 	 Freq: 14.0 	 Demand: 162
	Edge: 638 <--> 636 	 Freq: 14.0 	 Demand: 587
	Edge: 636 <--> 637 	 Freq: 14.0 	 Demand: 1139
	Edge: 736 <--> 738 	 Freq: 14.0 	 Demand: 408
	Edge: 252 <--> 736 	 Freq: 14.0 	 Demand: 323
	Edge: 736 <--> 737 	 Freq: 14.0 	 Demand: 1615
	Edge: 102 <--> 113 	 Freq: 14.0 	 Demand: 323
	Edge: 1 <--> 27 	 Freq: 14.0 	 Demand: 833
	Edge: 288 <--> 1 	 Freq: 14.0 	 Demand: 383
	Edge: 1 <--> 26 	 Freq: 14.0 	 Demand: 689
	Edge: 648 <--> 649 	 Freq: 14.0 	 Demand: 442
	Edge: 122 <--> 124 	 Freq: 14.0 	 Demand: 425
	Edge: 121 <--> 640 	 Freq: 14.0 	 Demand: 1037
	Edge: 541 <--> 686 	 Freq: 14.0 	 Demand: 646
	Edge: 555 <--> 541 	 Freq: 14.0 	 Demand: 408
	Edge: 293 <--> 681 	 Freq: 14.0 	 Demand: 629
	Edge: 101 <--> 466 	 Freq: 14.0 	 Demand: 1020
	Edge: 466 <--> 320 	 Freq: 14.0 	 Demand: 544
	Edge: 320 <--> 614 	 Freq: 14.0 	 Demand: 1896
	Edge: 100 <--> 101 	 Freq: 14.0 	 Demand: 1938
	Edge: 611 <--> 100 	 Freq: 14.0 	 Demand: 876
	Edge: 516 <--> 517 	 Freq: 14.0 	 Demand: 204
	Edge: 607 <--> 516 	 Freq: 14.0 	 Demand: 655
	Edge: 516 <--> 608 	 Freq: 14.0 	 Demand: 765
	Edge: 134 <--> 516 	 Freq: 14.0 	 Demand: 493
	Edge: 532 <--> 471 	 Freq: 14.0 	 Demand: 476
	Edge: 532 <--> 497 	 Freq: 14.0 	 Demand: 1513
	Edge: 497 <--> 496 	 Freq: 14.0 	 Demand: 434
	Edge: 531 <--> 497 	 Freq: 14.0 	 Demand: 893
	Edge: 74 <--> 75 	 Freq: 14.0 	 Demand: 587
	Edge: 273 <--> 699 	 Freq: 14.0 	 Demand: 111
	Edge: 604 <--> 146 	 Freq: 14.0 	 Demand: 570
	Edge: 604 <--> 709 	 Freq: 14.0 	 Demand: 638
	Edge: 740 <--> 741 	 Freq: 14.0 	 Demand: 1012
	Edge: 417 <--> 139 	 Freq: 14.0 	 Demand: 757
	Edge: 139 <--> 140 	 Freq: 14.0 	 Demand: 111
	Edge: 140 <--> 379 	 Freq: 14.0 	 Demand: 111
	Edge: 139 <--> 290 	 Freq: 14.0 	 Demand: 646
	Edge: 591 <--> 592 	 Freq: 14.0 	 Demand: 315
	Edge: 592 <--> 593 	 Freq: 14.0 	 Demand: 204
	Edge: 22 <--> 592 	 Freq: 14.0 	 Demand: 3664
	Edge: 21 <--> 22 	 Freq: 14.0 	 Demand: 1981
	Edge: 18 <--> 21 	 Freq: 14.0 	 Demand: 366
	Edge: 8 <--> 9 	 Freq: 14.0 	 Demand: 544
	Edge: 421 <--> 8 	 Freq: 14.0 	 Demand: 1029
	Edge: 421 <--> 3 	 Freq: 14.0 	 Demand: 5148
	Edge: 3 <--> 10 	 Freq: 14.0 	 Demand: 323
	Edge: 10 <--> 11 	 Freq: 14.0 	 Demand: 536
	Edge: 505 <--> 504 	 Freq: 14.0 	 Demand: 204
	Edge: 505 <--> 506 	 Freq: 14.0 	 Demand: 1020
	Edge: 567 <--> 684 	 Freq: 14.0 	 Demand: 272
	Edge: 567 <--> 568 	 Freq: 14.0 	 Demand: 204
	Edge: 17 <--> 567 	 Freq: 14.0 	 Demand: 366
	Edge: 565 <--> 17 	 Freq: 14.0 	 Demand: 927
	Edge: 17 <--> 18 	 Freq: 14.0 	 Demand: 1063
	Edge: 389 <--> 530 	 Freq: 14.0 	 Demand: 791
	Edge: 389 <--> 390 	 Freq: 14.0 	 Demand: 272
	Edge: 391 <--> 390 	 Freq: 14.0 	 Demand: 748
	Edge: 393 <--> 390 	 Freq: 14.0 	 Demand: 1692
	Edge: 144 <--> 697 	 Freq: 14.0 	 Demand: 323
	Edge: 143 <--> 144 	 Freq: 14.0 	 Demand: 162
	Edge: 143 <--> 604 	 Freq: 14.0 	 Demand: 162
	Edge: 35 <--> 36 	 Freq: 14.0 	 Demand: 1207
	Edge: 90 <--> 35 	 Freq: 14.0 	 Demand: 680
	Edge: 35 <--> 380 	 Freq: 14.0 	 Demand: 2457
	Edge: 36 <--> 43 	 Freq: 14.0 	 Demand: 3771
	Edge: 239 <--> 751 	 Freq: 14.0 	 Demand: 3103
	Edge: 335 <--> 336 	 Freq: 14.0 	 Demand: 4318
	Edge: 335 <--> 676 	 Freq: 14.0 	 Demand: 1454
	Edge: 574 <--> 575 	 Freq: 14.0 	 Demand: 910
	Edge: 26 <--> 574 	 Freq: 14.0 	 Demand: 927
	Edge: 25 <--> 424 	 Freq: 14.0 	 Demand: 408
	Edge: 524 <--> 400 	 Freq: 14.0 	 Demand: 323
	Edge: 148 <--> 149 	 Freq: 14.0 	 Demand: 383
	Edge: 149 <--> 130 	 Freq: 14.0 	 Demand: 1080
	Edge: 250 <--> 251 	 Freq: 14.0 	 Demand: 859
	Edge: 249 <--> 250 	 Freq: 14.0 	 Demand: 111
	Edge: 459 <--> 460 	 Freq: 14.0 	 Demand: 791
	Edge: 464 <--> 465 	 Freq: 14.0 	 Demand: 204
	Edge: 465 <--> 180 	 Freq: 14.0 	 Demand: 111
	Edge: 54 <--> 55 	 Freq: 14.0 	 Demand: 816
	Edge: 19 <--> 20 	 Freq: 14.0 	 Demand: 485
	Edge: 19 <--> 590 	 Freq: 14.0 	 Demand: 162
	Edge: 367 <--> 386 	 Freq: 14.0 	 Demand: 272
	Edge: 386 <--> 700 	 Freq: 14.0 	 Demand: 272
	Edge: 415 <--> 412 	 Freq: 14.0 	 Demand: 680
	Edge: 415 <--> 527 	 Freq: 14.0 	 Demand: 204
	Edge: 94 <--> 118 	 Freq: 14.0 	 Demand: 859
	Edge: 15 <--> 16 	 Freq: 14.0 	 Demand: 1029
	Edge: 759 <--> 685 	 Freq: 14.0 	 Demand: 893
	Edge: 125 <--> 68 	 Freq: 14.0 	 Demand: 111
	Edge: 77 <--> 78 	 Freq: 14.0 	 Demand: 442
	Edge: 690 <--> 547 	 Freq: 14.0 	 Demand: 1088
	Edge: 757 <--> 569 	 Freq: 14.0 	 Demand: 799
	Edge: 306 <--> 695 	 Freq: 14.0 	 Demand: 162
	Edge: 306 <--> 693 	 Freq: 14.0 	 Demand: 570
	Edge: 549 <--> 306 	 Freq: 14.0 	 Demand: 323
	Edge: 554 <--> 549 	 Freq: 14.0 	 Demand: 519
	Edge: 712 <--> 554 	 Freq: 14.0 	 Demand: 434
	Edge: 351 <--> 352 	 Freq: 14.0 	 Demand: 1122
	Edge: 502 <--> 353 	 Freq: 14.0 	 Demand: 638
	Edge: 502 <--> 216 	 Freq: 14.0 	 Demand: 1284
	Edge: 241 <--> 242 	 Freq: 14.0 	 Demand: 162
	Edge: 12 <--> 408 	 Freq: 14.0 	 Demand: 910
	Edge: 754 <--> 114 	 Freq: 14.0 	 Demand: 1496
	Edge: 542 <--> 527 	 Freq: 14.0 	 Demand: 451
	Edge: 546 <--> 547 	 Freq: 14.0 	 Demand: 1777
	Edge: 700 <--> 701 	 Freq: 14.0 	 Demand: 434
	Edge: 52 <--> 656 	 Freq: 14.0 	 Demand: 340
	Edge: 16 <--> 566 	 Freq: 14.0 	 Demand: 2244
	Edge: 330 <--> 367 	 Freq: 14.0 	 Demand: 1649
	Edge: 126 <--> 127 	 Freq: 14.0 	 Demand: 3400
	Edge: 550 <--> 694 	 Freq: 14.0 	 Demand: 3955
	Edge: 102 <--> 115 	 Freq: 14.0 	 Demand: 595
	Edge: 26 <--> 25 	 Freq: 14.0 	 Demand: 485
	Edge: 267 <--> 268 	 Freq: 14.0 	 Demand: 706
	Edge: 416 <--> 412 	 Freq: 14.0 	 Demand: 1207
	Edge: 412 <--> 413 	 Freq: 14.0 	 Demand: 111

	Routes:

	Route: 1
	Route length (8816.0) and demand (9429)
	Edge: 125 <--> 68 	 Freq: 14.0 	 Demand: 111
	Edge: 53 <--> 54 	 Freq: 14.0 	 Demand: 204
	Edge: 54 <--> 55 	 Freq: 14.0 	 Demand: 816
	Edge: 54 <--> 89 	 Freq: 14.0 	 Demand: 544
	Edge: 137 <--> 53 	 Freq: 14.0 	 Demand: 1233
	Edge: 53 <--> 56 	 Freq: 14.0 	 Demand: 315
	Edge: 87 <--> 56 	 Freq: 14.0 	 Demand: 204
	Edge: 74 <--> 75 	 Freq: 14.0 	 Demand: 587
	Edge: 77 <--> 78 	 Freq: 14.0 	 Demand: 442
	Edge: 121 <--> 640 	 Freq: 14.0 	 Demand: 1037
	Edge: 122 <--> 643 	 Freq: 14.0 	 Demand: 111
	Edge: 122 <--> 124 	 Freq: 14.0 	 Demand: 425
	Edge: 126 <--> 127 	 Freq: 14.0 	 Demand: 3400
	Route: 2
	Route length (8169.0) and demand (6624)
	Edge: 209 <--> 208 	 Freq: 14.0 	 Demand: 689
	Edge: 208 <--> 205 	 Freq: 14.0 	 Demand: 706
	Edge: 204 <--> 205 	 Freq: 14.0 	 Demand: 587
	Edge: 204 <--> 399 	 Freq: 14.0 	 Demand: 714
	Edge: 673 <--> 205 	 Freq: 14.0 	 Demand: 952
	Edge: 521 <--> 522 	 Freq: 14.0 	 Demand: 162
	Edge: 638 <--> 636 	 Freq: 14.0 	 Demand: 587
	Edge: 636 <--> 637 	 Freq: 14.0 	 Demand: 1139
	Edge: 522 <--> 636 	 Freq: 14.0 	 Demand: 323
	Edge: 648 <--> 649 	 Freq: 14.0 	 Demand: 442
	Edge: 524 <--> 400 	 Freq: 14.0 	 Demand: 323
	Route: 3
	Route length (9408.0) and demand (11455)
	Edge: 550 <--> 694 	 Freq: 14.0 	 Demand: 3955
	Edge: 351 <--> 352 	 Freq: 14.0 	 Demand: 1122
	Edge: 532 <--> 497 	 Freq: 14.0 	 Demand: 1513
	Edge: 531 <--> 497 	 Freq: 14.0 	 Demand: 893
	Edge: 497 <--> 496 	 Freq: 14.0 	 Demand: 434
	Edge: 532 <--> 471 	 Freq: 14.0 	 Demand: 476
	Edge: 555 <--> 541 	 Freq: 14.0 	 Demand: 408
	Edge: 541 <--> 686 	 Freq: 14.0 	 Demand: 646
	Edge: 306 <--> 693 	 Freq: 14.0 	 Demand: 570
	Edge: 549 <--> 306 	 Freq: 14.0 	 Demand: 323
	Edge: 712 <--> 554 	 Freq: 14.0 	 Demand: 434
	Edge: 554 <--> 549 	 Freq: 14.0 	 Demand: 519
	Edge: 306 <--> 695 	 Freq: 14.0 	 Demand: 162
	Route: 4
	Route length (8122.0) and demand (11860)
	Edge: 266 <--> 657 	 Freq: 14.0 	 Demand: 1420
	Edge: 659 <--> 660 	 Freq: 14.0 	 Demand: 799
	Edge: 658 <--> 659 	 Freq: 14.0 	 Demand: 1454
	Edge: 266 <--> 658 	 Freq: 14.0 	 Demand: 2210
	Edge: 213 <--> 266 	 Freq: 14.0 	 Demand: 162
	Edge: 505 <--> 504 	 Freq: 14.0 	 Demand: 204
	Edge: 505 <--> 506 	 Freq: 14.0 	 Demand: 1020
	Edge: 502 <--> 353 	 Freq: 14.0 	 Demand: 638
	Edge: 502 <--> 216 	 Freq: 14.0 	 Demand: 1284
	Edge: 355 <--> 356 	 Freq: 14.0 	 Demand: 527
	Edge: 355 <--> 564 	 Freq: 14.0 	 Demand: 1513
	Edge: 293 <--> 681 	 Freq: 14.0 	 Demand: 629
	Route: 5
	Route length (9008.0) and demand (11892)
	Edge: 36 <--> 43 	 Freq: 14.0 	 Demand: 3771
	Edge: 249 <--> 250 	 Freq: 14.0 	 Demand: 111
	Edge: 250 <--> 251 	 Freq: 14.0 	 Demand: 859
	Edge: 320 <--> 614 	 Freq: 14.0 	 Demand: 1896
	Edge: 464 <--> 465 	 Freq: 14.0 	 Demand: 204
	Edge: 465 <--> 180 	 Freq: 14.0 	 Demand: 111
	Edge: 52 <--> 656 	 Freq: 14.0 	 Demand: 340
	Edge: 459 <--> 460 	 Freq: 14.0 	 Demand: 791
	Edge: 3 <--> 10 	 Freq: 14.0 	 Demand: 323
	Edge: 10 <--> 11 	 Freq: 14.0 	 Demand: 536
	Edge: 11 <--> 12 	 Freq: 14.0 	 Demand: 799
	Edge: 12 <--> 406 	 Freq: 14.0 	 Demand: 595
	Edge: 12 <--> 408 	 Freq: 14.0 	 Demand: 910
	Edge: 139 <--> 290 	 Freq: 14.0 	 Demand: 646
	Route: 6
	Route length (14950.0) and demand (10466)
	Edge: 700 <--> 701 	 Freq: 14.0 	 Demand: 434
	Edge: 386 <--> 700 	 Freq: 14.0 	 Demand: 272
	Edge: 367 <--> 386 	 Freq: 14.0 	 Demand: 272
	Edge: 330 <--> 367 	 Freq: 14.0 	 Demand: 1649
	Edge: 391 <--> 390 	 Freq: 14.0 	 Demand: 748
	Edge: 203 <--> 200 	 Freq: 14.0 	 Demand: 510
	Edge: 547 <--> 395 	 Freq: 14.0 	 Demand: 961
	Edge: 690 <--> 547 	 Freq: 14.0 	 Demand: 1088
	Edge: 546 <--> 547 	 Freq: 14.0 	 Demand: 1777
	Edge: 393 <--> 390 	 Freq: 14.0 	 Demand: 1692
	Edge: 389 <--> 390 	 Freq: 14.0 	 Demand: 272
	Edge: 389 <--> 530 	 Freq: 14.0 	 Demand: 791
	Route: 7
	Route length (5423.0) and demand (11674)
	Edge: 239 <--> 751 	 Freq: 14.0 	 Demand: 3103
	Edge: 241 <--> 242 	 Freq: 14.0 	 Demand: 162
	Edge: 621 <--> 739 	 Freq: 14.0 	 Demand: 1649
	Edge: 740 <--> 741 	 Freq: 14.0 	 Demand: 1012
	Edge: 620 <--> 621 	 Freq: 14.0 	 Demand: 476
	Edge: 450 <--> 451 	 Freq: 14.0 	 Demand: 2159
	Edge: 477 <--> 476 	 Freq: 14.0 	 Demand: 1505
	Edge: 476 <--> 474 	 Freq: 14.0 	 Demand: 315
	Edge: 32 <--> 30 	 Freq: 14.0 	 Demand: 162
	Edge: 406 <--> 32 	 Freq: 14.0 	 Demand: 595
	Edge: 11 <--> 410 	 Freq: 14.0 	 Demand: 536
	Route: 8
	Route length (9193.0) and demand (10611)
	Edge: 416 <--> 412 	 Freq: 14.0 	 Demand: 1207
	Edge: 412 <--> 413 	 Freq: 14.0 	 Demand: 111
	Edge: 415 <--> 412 	 Freq: 14.0 	 Demand: 680
	Edge: 542 <--> 527 	 Freq: 14.0 	 Demand: 451
	Edge: 415 <--> 527 	 Freq: 14.0 	 Demand: 204
	Edge: 267 <--> 481 	 Freq: 14.0 	 Demand: 162
	Edge: 335 <--> 336 	 Freq: 14.0 	 Demand: 4318
	Edge: 335 <--> 676 	 Freq: 14.0 	 Demand: 1454
	Edge: 267 <--> 478 	 Freq: 14.0 	 Demand: 544
	Edge: 478 <--> 483 	 Freq: 14.0 	 Demand: 408
	Edge: 500 <--> 478 	 Freq: 14.0 	 Demand: 366
	Edge: 267 <--> 268 	 Freq: 14.0 	 Demand: 706
	Route: 9
	Route length (4546.0) and demand (11493)
	Edge: 466 <--> 320 	 Freq: 14.0 	 Demand: 544
	Edge: 101 <--> 466 	 Freq: 14.0 	 Demand: 1020
	Edge: 100 <--> 101 	 Freq: 14.0 	 Demand: 1938
	Edge: 611 <--> 100 	 Freq: 14.0 	 Demand: 876
	Edge: 99 <--> 706 	 Freq: 14.0 	 Demand: 2363
	Edge: 90 <--> 35 	 Freq: 14.0 	 Demand: 680
	Edge: 35 <--> 380 	 Freq: 14.0 	 Demand: 2457
	Edge: 35 <--> 36 	 Freq: 14.0 	 Demand: 1207
	Edge: 25 <--> 424 	 Freq: 14.0 	 Demand: 408
	Route: 10
	Route length (4419.0) and demand (9761)
	Edge: 19 <--> 20 	 Freq: 14.0 	 Demand: 485
	Edge: 736 <--> 738 	 Freq: 14.0 	 Demand: 408
	Edge: 736 <--> 737 	 Freq: 14.0 	 Demand: 1615
	Edge: 252 <--> 736 	 Freq: 14.0 	 Demand: 323
	Edge: 17 <--> 18 	 Freq: 14.0 	 Demand: 1063
	Edge: 565 <--> 17 	 Freq: 14.0 	 Demand: 927
	Edge: 16 <--> 566 	 Freq: 14.0 	 Demand: 2244
	Edge: 17 <--> 567 	 Freq: 14.0 	 Demand: 366
	Edge: 757 <--> 569 	 Freq: 14.0 	 Demand: 799
	Edge: 567 <--> 568 	 Freq: 14.0 	 Demand: 204
	Edge: 759 <--> 685 	 Freq: 14.0 	 Demand: 893
	Edge: 567 <--> 684 	 Freq: 14.0 	 Demand: 272
	Edge: 19 <--> 590 	 Freq: 14.0 	 Demand: 162
	Route: 11
	Route length (3788.0) and demand (10757)
	Edge: 591 <--> 592 	 Freq: 14.0 	 Demand: 315
	Edge: 592 <--> 593 	 Freq: 14.0 	 Demand: 204
	Edge: 22 <--> 592 	 Freq: 14.0 	 Demand: 3664
	Edge: 21 <--> 22 	 Freq: 14.0 	 Demand: 1981
	Edge: 18 <--> 21 	 Freq: 14.0 	 Demand: 366
	Edge: 26 <--> 25 	 Freq: 14.0 	 Demand: 485
	Edge: 26 <--> 574 	 Freq: 14.0 	 Demand: 927
	Edge: 574 <--> 575 	 Freq: 14.0 	 Demand: 910
	Edge: 1 <--> 26 	 Freq: 14.0 	 Demand: 689
	Edge: 1 <--> 27 	 Freq: 14.0 	 Demand: 833
	Edge: 288 <--> 1 	 Freq: 14.0 	 Demand: 383
	Route: 12
	Route length (10056.0) and demand (11728)
	Edge: 516 <--> 517 	 Freq: 14.0 	 Demand: 204
	Edge: 516 <--> 608 	 Freq: 14.0 	 Demand: 765
	Edge: 607 <--> 516 	 Freq: 14.0 	 Demand: 655
	Edge: 134 <--> 516 	 Freq: 14.0 	 Demand: 493
	Edge: 149 <--> 130 	 Freq: 14.0 	 Demand: 1080
	Edge: 518 <--> 609 	 Freq: 14.0 	 Demand: 1063
	Edge: 606 <--> 518 	 Freq: 14.0 	 Demand: 544
	Edge: 148 <--> 149 	 Freq: 14.0 	 Demand: 383
	Edge: 131 <--> 133 	 Freq: 14.0 	 Demand: 162
	Edge: 102 <--> 113 	 Freq: 14.0 	 Demand: 323
	Edge: 146 <--> 273 	 Freq: 14.0 	 Demand: 111
	Edge: 604 <--> 709 	 Freq: 14.0 	 Demand: 638
	Edge: 143 <--> 604 	 Freq: 14.0 	 Demand: 162
	Edge: 143 <--> 144 	 Freq: 14.0 	 Demand: 162
	Edge: 144 <--> 697 	 Freq: 14.0 	 Demand: 323
	Edge: 604 <--> 146 	 Freq: 14.0 	 Demand: 570
	Edge: 273 <--> 699 	 Freq: 14.0 	 Demand: 111
	Edge: 754 <--> 114 	 Freq: 14.0 	 Demand: 1496
	Edge: 102 <--> 115 	 Freq: 14.0 	 Demand: 595
	Edge: 94 <--> 118 	 Freq: 14.0 	 Demand: 859
	Edge: 15 <--> 16 	 Freq: 14.0 	 Demand: 1029
	Route: 13
	Route length (1069.0) and demand (7700)
	Edge: 417 <--> 139 	 Freq: 14.0 	 Demand: 757
	Edge: 8 <--> 9 	 Freq: 14.0 	 Demand: 544
	Edge: 421 <--> 8 	 Freq: 14.0 	 Demand: 1029
	Edge: 421 <--> 3 	 Freq: 14.0 	 Demand: 5148
	Edge: 140 <--> 379 	 Freq: 14.0 	 Demand: 111
	Edge: 139 <--> 140 	 Freq: 14.0 	 Demand: 111

Day 2, number of edges 102, number of routes 12

	Edges:

	Edge: 318 <--> 319 	 Freq: 7.0 	 Demand: 3836
	Edge: 578 <--> 580 	 Freq: 7.0 	 Demand: 4080
	Edge: 425 <--> 39 	 Freq: 14.0 	 Demand: 493
	Edge: 223 <--> 224 	 Freq: 14.0 	 Demand: 536
	Edge: 160 <--> 704 	 Freq: 14.0 	 Demand: 2253
	Edge: 188 <--> 83 	 Freq: 14.0 	 Demand: 2771
	Edge: 485 <--> 489 	 Freq: 14.0 	 Demand: 272
	Edge: 589 <--> 417 	 Freq: 14.0 	 Demand: 162
	Edge: 670 <--> 202 	 Freq: 14.0 	 Demand: 757
	Edge: 39 <--> 602 	 Freq: 14.0 	 Demand: 1097
	Edge: 241 <--> 243 	 Freq: 14.0 	 Demand: 527
	Edge: 179 <--> 452 	 Freq: 14.0 	 Demand: 2703
	Edge: 179 <--> 337 	 Freq: 14.0 	 Demand: 2721
	Edge: 63 <--> 639 	 Freq: 14.0 	 Demand: 969
	Edge: 63 <--> 64 	 Freq: 14.0 	 Demand: 1777
	Edge: 581 <--> 582 	 Freq: 14.0 	 Demand: 3800
	Edge: 755 <--> 475 	 Freq: 14.0 	 Demand: 527
	Edge: 318 <--> 319 	 Freq: 14.0 	 Demand: 680
	Edge: 12 <--> 409 	 Freq: 14.0 	 Demand: 655
	Edge: 276 <--> 277 	 Freq: 14.0 	 Demand: 323
	Edge: 277 <--> 698 	 Freq: 14.0 	 Demand: 111
	Edge: 713 <--> 714 	 Freq: 14.0 	 Demand: 2720
	Edge: 50 <--> 51 	 Freq: 14.0 	 Demand: 162
	Edge: 603 <--> 50 	 Freq: 14.0 	 Demand: 272
	Edge: 50 <--> 729 	 Freq: 14.0 	 Demand: 204
	Edge: 51 <--> 423 	 Freq: 14.0 	 Demand: 315
	Edge: 378 <--> 423 	 Freq: 14.0 	 Demand: 612
	Edge: 576 <--> 301 	 Freq: 14.0 	 Demand: 3550
	Edge: 237 <--> 625 	 Freq: 14.0 	 Demand: 2389
	Edge: 578 <--> 579 	 Freq: 14.0 	 Demand: 221
	Edge: 578 <--> 580 	 Freq: 14.0 	 Demand: 1131
	Edge: 160 <--> 161 	 Freq: 14.0 	 Demand: 4631
	Edge: 583 <--> 584 	 Freq: 14.0 	 Demand: 4059
	Edge: 585 <--> 586 	 Freq: 14.0 	 Demand: 3586
	Edge: 13 <--> 14 	 Freq: 14.0 	 Demand: 1811
	Edge: 146 <--> 147 	 Freq: 14.0 	 Demand: 2533
	Edge: 162 <--> 228 	 Freq: 14.0 	 Demand: 2040
	Edge: 162 <--> 163 	 Freq: 14.0 	 Demand: 4165
	Edge: 705 <--> 162 	 Freq: 14.0 	 Demand: 4040
	Edge: 717 <--> 495 	 Freq: 14.0 	 Demand: 2635
	Edge: 245 <--> 246 	 Freq: 14.0 	 Demand: 162
	Edge: 244 <--> 245 	 Freq: 14.0 	 Demand: 2720
	Edge: 218 <--> 219 	 Freq: 14.0 	 Demand: 1513
	Edge: 219 <--> 354 	 Freq: 14.0 	 Demand: 689
	Edge: 550 <--> 551 	 Freq: 14.0 	 Demand: 434
	Edge: 150 <--> 83 	 Freq: 14.0 	 Demand: 1046
	Edge: 554 <--> 695 	 Freq: 14.0 	 Demand: 476
	Edge: 207 <--> 208 	 Freq: 14.0 	 Demand: 544
	Edge: 406 <--> 407 	 Freq: 14.0 	 Demand: 1071
	Edge: 406 <--> 411 	 Freq: 14.0 	 Demand: 1607
	Edge: 733 <--> 735 	 Freq: 14.0 	 Demand: 1054
	Edge: 733 <--> 734 	 Freq: 14.0 	 Demand: 1658
	Edge: 138 <--> 87 	 Freq: 14.0 	 Demand: 646
	Edge: 178 <--> 28 	 Freq: 14.0 	 Demand: 272
	Edge: 178 <--> 30 	 Freq: 14.0 	 Demand: 952
	Edge: 28 <--> 29 	 Freq: 14.0 	 Demand: 2865
	Edge: 373 <--> 437 	 Freq: 14.0 	 Demand: 485
	Edge: 372 <--> 373 	 Freq: 14.0 	 Demand: 323
	Edge: 373 <--> 344 	 Freq: 14.0 	 Demand: 646
	Edge: 344 <--> 439 	 Freq: 14.0 	 Demand: 646
	Edge: 132 <--> 133 	 Freq: 14.0 	 Demand: 1071
	Edge: 187 <--> 133 	 Freq: 14.0 	 Demand: 272
	Edge: 193 <--> 191 	 Freq: 14.0 	 Demand: 1692
	Edge: 286 <--> 287 	 Freq: 14.0 	 Demand: 162
	Edge: 285 <--> 286 	 Freq: 14.0 	 Demand: 544
	Edge: 285 <--> 375 	 Freq: 14.0 	 Demand: 111
	Edge: 433 <--> 434 	 Freq: 14.0 	 Demand: 689
	Edge: 433 <--> 377 	 Freq: 14.0 	 Demand: 808
	Edge: 377 <--> 378 	 Freq: 14.0 	 Demand: 485
	Edge: 339 <--> 377 	 Freq: 14.0 	 Demand: 111
	Edge: 128 <--> 129 	 Freq: 14.0 	 Demand: 918
	Edge: 95 <--> 61 	 Freq: 14.0 	 Demand: 510
	Edge: 392 <--> 672 	 Freq: 14.0 	 Demand: 204
	Edge: 720 <--> 721 	 Freq: 14.0 	 Demand: 2720
	Edge: 206 <--> 204 	 Freq: 14.0 	 Demand: 1360
	Edge: 615 <--> 472 	 Freq: 14.0 	 Demand: 2712
	Edge: 256 <--> 226 	 Freq: 14.0 	 Demand: 272
	Edge: 622 <--> 238 	 Freq: 14.0 	 Demand: 111
	Edge: 32 <--> 601 	 Freq: 14.0 	 Demand: 1513
	Edge: 32 <--> 462 	 Freq: 14.0 	 Demand: 1496
	Edge: 91 <--> 15 	 Freq: 14.0 	 Demand: 485
	Edge: 333 <--> 299 	 Freq: 14.0 	 Demand: 340
	Edge: 299 <--> 280 	 Freq: 14.0 	 Demand: 680
	Edge: 191 <--> 192 	 Freq: 14.0 	 Demand: 901
	Edge: 291 <--> 292 	 Freq: 14.0 	 Demand: 1811
	Edge: 16 <--> 565 	 Freq: 14.0 	 Demand: 162
	Edge: 565 <--> 613 	 Freq: 14.0 	 Demand: 1173
	Edge: 404 <--> 405 	 Freq: 14.0 	 Demand: 1564
	Edge: 570 <--> 559 	 Freq: 14.0 	 Demand: 162
	Edge: 396 <--> 397 	 Freq: 14.0 	 Demand: 1743
	Edge: 283 <--> 284 	 Freq: 14.0 	 Demand: 111
	Edge: 118 <--> 119 	 Freq: 14.0 	 Demand: 1182
	Edge: 533 <--> 534 	 Freq: 14.0 	 Demand: 3995
	Edge: 760 <--> 687 	 Freq: 14.0 	 Demand: 1828
	Edge: 105 <--> 571 	 Freq: 14.0 	 Demand: 680
	Edge: 334 <--> 725 	 Freq: 14.0 	 Demand: 680
	Edge: 344 <--> 345 	 Freq: 14.0 	 Demand: 162
	Edge: 526 <--> 260 	 Freq: 14.0 	 Demand: 221
	Edge: 489 <--> 294 	 Freq: 14.0 	 Demand: 510
	Edge: 214 <--> 215 	 Freq: 14.0 	 Demand: 4133
	Edge: 97 <--> 98 	 Freq: 14.0 	 Demand: 995
	Edge: 288 <--> 2 	 Freq: 14.0 	 Demand: 680

	Routes:

	Route: 1
	Route length (4106.0) and demand (9766)
	Edge: 160 <--> 161 	 Freq: 14.0 	 Demand: 4631
	Edge: 160 <--> 704 	 Freq: 14.0 	 Demand: 2253
	Edge: 244 <--> 245 	 Freq: 14.0 	 Demand: 2720
	Edge: 245 <--> 246 	 Freq: 14.0 	 Demand: 162
	Route: 2
	Route length (3917.0) and demand (11448)
	Edge: 733 <--> 735 	 Freq: 14.0 	 Demand: 1054
	Edge: 733 <--> 734 	 Freq: 14.0 	 Demand: 1658
	Edge: 576 <--> 301 	 Freq: 14.0 	 Demand: 3550
	Edge: 291 <--> 292 	 Freq: 14.0 	 Demand: 1811
	Edge: 13 <--> 14 	 Freq: 14.0 	 Demand: 1811
	Edge: 404 <--> 405 	 Freq: 14.0 	 Demand: 1564
	Route: 3
	Route length (3698.0) and demand (11985)
	Edge: 179 <--> 337 	 Freq: 14.0 	 Demand: 2721
	Edge: 179 <--> 452 	 Freq: 14.0 	 Demand: 2703
	Edge: 178 <--> 30 	 Freq: 14.0 	 Demand: 952
	Edge: 755 <--> 475 	 Freq: 14.0 	 Demand: 527
	Edge: 585 <--> 586 	 Freq: 14.0 	 Demand: 3586
	Edge: 32 <--> 462 	 Freq: 14.0 	 Demand: 1496
	Route: 4
	Route length (8544.0) and demand (11376)
	Edge: 207 <--> 208 	 Freq: 14.0 	 Demand: 544
	Edge: 206 <--> 204 	 Freq: 14.0 	 Demand: 1360
	Edge: 191 <--> 192 	 Freq: 14.0 	 Demand: 901
	Edge: 63 <--> 639 	 Freq: 14.0 	 Demand: 969
	Edge: 63 <--> 64 	 Freq: 14.0 	 Demand: 1777
	Edge: 193 <--> 191 	 Freq: 14.0 	 Demand: 1692
	Edge: 214 <--> 215 	 Freq: 14.0 	 Demand: 4133
	Route: 5
	Route length (9224.0) and demand (11145)
	Edge: 489 <--> 294 	 Freq: 14.0 	 Demand: 510
	Edge: 485 <--> 489 	 Freq: 14.0 	 Demand: 272
	Edge: 760 <--> 687 	 Freq: 14.0 	 Demand: 1828
	Edge: 717 <--> 495 	 Freq: 14.0 	 Demand: 2635
	Edge: 533 <--> 534 	 Freq: 14.0 	 Demand: 3995
	Edge: 550 <--> 551 	 Freq: 14.0 	 Demand: 434
	Edge: 554 <--> 695 	 Freq: 14.0 	 Demand: 476
	Edge: 97 <--> 98 	 Freq: 14.0 	 Demand: 995
	Route: 6
	Route length (4974.0) and demand (11835)
	Edge: 39 <--> 602 	 Freq: 14.0 	 Demand: 1097
	Edge: 425 <--> 39 	 Freq: 14.0 	 Demand: 493
	Edge: 162 <--> 228 	 Freq: 14.0 	 Demand: 2040
	Edge: 162 <--> 163 	 Freq: 14.0 	 Demand: 4165
	Edge: 705 <--> 162 	 Freq: 14.0 	 Demand: 4040
	Route: 7
	Route length (9524.0) and demand (9522)
	Edge: 16 <--> 565 	 Freq: 14.0 	 Demand: 162
	Edge: 118 <--> 119 	 Freq: 14.0 	 Demand: 1182
	Edge: 105 <--> 571 	 Freq: 14.0 	 Demand: 680
	Edge: 146 <--> 147 	 Freq: 14.0 	 Demand: 2533
	Edge: 128 <--> 129 	 Freq: 14.0 	 Demand: 918
	Edge: 187 <--> 133 	 Freq: 14.0 	 Demand: 272
	Edge: 132 <--> 133 	 Freq: 14.0 	 Demand: 1071
	Edge: 392 <--> 672 	 Freq: 14.0 	 Demand: 204
	Edge: 396 <--> 397 	 Freq: 14.0 	 Demand: 1743
	Edge: 670 <--> 202 	 Freq: 14.0 	 Demand: 757
	Route: 8
	Route length (14125.0) and demand (10037)
	Edge: 570 <--> 559 	 Freq: 14.0 	 Demand: 162
	Edge: 237 <--> 625 	 Freq: 14.0 	 Demand: 2389
	Edge: 241 <--> 243 	 Freq: 14.0 	 Demand: 527
	Edge: 622 <--> 238 	 Freq: 14.0 	 Demand: 111
	Edge: 50 <--> 51 	 Freq: 14.0 	 Demand: 162
	Edge: 50 <--> 729 	 Freq: 14.0 	 Demand: 204
	Edge: 603 <--> 50 	 Freq: 14.0 	 Demand: 272
	Edge: 51 <--> 423 	 Freq: 14.0 	 Demand: 315
	Edge: 378 <--> 423 	 Freq: 14.0 	 Demand: 612
	Edge: 377 <--> 378 	 Freq: 14.0 	 Demand: 485
	Edge: 339 <--> 377 	 Freq: 14.0 	 Demand: 111
	Edge: 283 <--> 284 	 Freq: 14.0 	 Demand: 111
	Edge: 433 <--> 434 	 Freq: 14.0 	 Demand: 689
	Edge: 433 <--> 377 	 Freq: 14.0 	 Demand: 808
	Edge: 286 <--> 287 	 Freq: 14.0 	 Demand: 162
	Edge: 285 <--> 286 	 Freq: 14.0 	 Demand: 544
	Edge: 372 <--> 373 	 Freq: 14.0 	 Demand: 323
	Edge: 344 <--> 345 	 Freq: 14.0 	 Demand: 162
	Edge: 344 <--> 439 	 Freq: 14.0 	 Demand: 646
	Edge: 373 <--> 344 	 Freq: 14.0 	 Demand: 646
	Edge: 373 <--> 437 	 Freq: 14.0 	 Demand: 485
	Edge: 285 <--> 375 	 Freq: 14.0 	 Demand: 111
	Route: 9
	Route length (12184.0) and demand (11561)
	Edge: 218 <--> 219 	 Freq: 14.0 	 Demand: 1513
	Edge: 223 <--> 224 	 Freq: 14.0 	 Demand: 536
	Edge: 256 <--> 226 	 Freq: 14.0 	 Demand: 272
	Edge: 219 <--> 354 	 Freq: 14.0 	 Demand: 689
	Edge: 526 <--> 260 	 Freq: 14.0 	 Demand: 221
	Edge: 334 <--> 725 	 Freq: 14.0 	 Demand: 680
	Edge: 713 <--> 714 	 Freq: 14.0 	 Demand: 2720
	Edge: 333 <--> 299 	 Freq: 14.0 	 Demand: 340
	Edge: 299 <--> 280 	 Freq: 14.0 	 Demand: 680
	Edge: 95 <--> 61 	 Freq: 14.0 	 Demand: 510
	Edge: 720 <--> 721 	 Freq: 14.0 	 Demand: 2720
	Edge: 288 <--> 2 	 Freq: 14.0 	 Demand: 680
	Route: 10
	Route length (3069.0) and demand (11642)
	Edge: 615 <--> 472 	 Freq: 14.0 	 Demand: 2712
	Edge: 581 <--> 582 	 Freq: 14.0 	 Demand: 3800
	Edge: 583 <--> 584 	 Freq: 14.0 	 Demand: 4059
	Edge: 406 <--> 407 	 Freq: 14.0 	 Demand: 1071
	Route: 11
	Route length (3305.0) and demand (11590)
	Edge: 589 <--> 417 	 Freq: 14.0 	 Demand: 162
	Edge: 12 <--> 409 	 Freq: 14.0 	 Demand: 655
	Edge: 406 <--> 411 	 Freq: 14.0 	 Demand: 1607
	Edge: 32 <--> 601 	 Freq: 14.0 	 Demand: 1513
	Edge: 178 <--> 28 	 Freq: 14.0 	 Demand: 272
	Edge: 28 <--> 29 	 Freq: 14.0 	 Demand: 2865
	Edge: 318 <--> 319 	 Freq: 7.0 	 Demand: 3836
	Edge: 318 <--> 319 	 Freq: 14.0 	 Demand: 680
	Route: 12
	Route length (9500.0) and demand (11987)
	Edge: 188 <--> 83 	 Freq: 14.0 	 Demand: 2771
	Edge: 150 <--> 83 	 Freq: 14.0 	 Demand: 1046
	Edge: 138 <--> 87 	 Freq: 14.0 	 Demand: 646
	Edge: 277 <--> 698 	 Freq: 14.0 	 Demand: 111
	Edge: 276 <--> 277 	 Freq: 14.0 	 Demand: 323
	Edge: 578 <--> 580 	 Freq: 14.0 	 Demand: 1131
	Edge: 578 <--> 580 	 Freq: 7.0 	 Demand: 4080
	Edge: 578 <--> 579 	 Freq: 14.0 	 Demand: 221
	Edge: 91 <--> 15 	 Freq: 14.0 	 Demand: 485
	Edge: 565 <--> 613 	 Freq: 14.0 	 Demand: 1173

Day 3, number of edges 80, number of routes 11

	Edges:

	Edge: 37 <--> 38 	 Freq: 7.0 	 Demand: 3460
	Edge: 270 <--> 719 	 Freq: 7.0 	 Demand: 3400
	Edge: 269 <--> 270 	 Freq: 7.0 	 Demand: 3400
	Edge: 270 <--> 494 	 Freq: 7.0 	 Demand: 3400
	Edge: 307 <--> 308 	 Freq: 7.0 	 Demand: 4249
	Edge: 271 <--> 272 	 Freq: 7.0 	 Demand: 3400
	Edge: 758 <--> 573 	 Freq: 7.0 	 Demand: 3587
	Edge: 135 <--> 33 	 Freq: 14.0 	 Demand: 162
	Edge: 594 <--> 0 	 Freq: 14.0 	 Demand: 850
	Edge: 511 <--> 543 	 Freq: 14.0 	 Demand: 272
	Edge: 381 <--> 382 	 Freq: 14.0 	 Demand: 340
	Edge: 265 <--> 508 	 Freq: 14.0 	 Demand: 1488
	Edge: 348 <--> 349 	 Freq: 14.0 	 Demand: 111
	Edge: 328 <--> 385 	 Freq: 14.0 	 Demand: 1658
	Edge: 60 <--> 62 	 Freq: 14.0 	 Demand: 162
	Edge: 367 <--> 430 	 Freq: 14.0 	 Demand: 111
	Edge: 427 <--> 416 	 Freq: 14.0 	 Demand: 204
	Edge: 444 <--> 682 	 Freq: 14.0 	 Demand: 111
	Edge: 372 <--> 431 	 Freq: 14.0 	 Demand: 1615
	Edge: 559 <--> 577 	 Freq: 14.0 	 Demand: 3929
	Edge: 383 <--> 384 	 Freq: 14.0 	 Demand: 434
	Edge: 383 <--> 444 	 Freq: 14.0 	 Demand: 3230
	Edge: 443 <--> 444 	 Freq: 14.0 	 Demand: 162
	Edge: 616 <--> 617 	 Freq: 14.0 	 Demand: 5984
	Edge: 346 <--> 347 	 Freq: 14.0 	 Demand: 1224
	Edge: 342 <--> 176 	 Freq: 14.0 	 Demand: 340
	Edge: 342 <--> 708 	 Freq: 14.0 	 Demand: 162
	Edge: 56 <--> 610 	 Freq: 14.0 	 Demand: 1513
	Edge: 118 <--> 513 	 Freq: 14.0 	 Demand: 799
	Edge: 304 <--> 628 	 Freq: 14.0 	 Demand: 3549
	Edge: 682 <--> 445 	 Freq: 14.0 	 Demand: 510
	Edge: 10 <--> 696 	 Freq: 14.0 	 Demand: 655
	Edge: 752 <--> 34 	 Freq: 14.0 	 Demand: 1020
	Edge: 666 <--> 528 	 Freq: 14.0 	 Demand: 2032
	Edge: 374 <--> 432 	 Freq: 14.0 	 Demand: 162
	Edge: 372 <--> 368 	 Freq: 14.0 	 Demand: 111
	Edge: 612 <--> 368 	 Freq: 14.0 	 Demand: 315
	Edge: 368 <--> 369 	 Freq: 14.0 	 Demand: 315
	Edge: 313 <--> 320 	 Freq: 14.0 	 Demand: 1513
	Edge: 194 <--> 730 	 Freq: 14.0 	 Demand: 4276
	Edge: 302 <--> 305 	 Freq: 14.0 	 Demand: 1836
	Edge: 362 <--> 49 	 Freq: 14.0 	 Demand: 204
	Edge: 624 <--> 626 	 Freq: 14.0 	 Demand: 3741
	Edge: 303 <--> 338 	 Freq: 14.0 	 Demand: 2355
	Edge: 466 <--> 611 	 Freq: 14.0 	 Demand: 1921
	Edge: 323 <--> 324 	 Freq: 14.0 	 Demand: 366
	Edge: 279 <--> 563 	 Freq: 14.0 	 Demand: 162
	Edge: 278 <--> 279 	 Freq: 14.0 	 Demand: 204
	Edge: 753 <--> 66 	 Freq: 14.0 	 Demand: 655
	Edge: 724 <--> 159 	 Freq: 14.0 	 Demand: 162
	Edge: 756 <--> 501 	 Freq: 14.0 	 Demand: 2542
	Edge: 544 <--> 545 	 Freq: 14.0 	 Demand: 2992
	Edge: 440 <--> 182 	 Freq: 14.0 	 Demand: 723
	Edge: 440 <--> 723 	 Freq: 14.0 	 Demand: 3732
	Edge: 438 <--> 722 	 Freq: 14.0 	 Demand: 111
	Edge: 436 <--> 473 	 Freq: 14.0 	 Demand: 162
	Edge: 435 <--> 436 	 Freq: 14.0 	 Demand: 867
	Edge: 417 <--> 418 	 Freq: 14.0 	 Demand: 493
	Edge: 419 <--> 420 	 Freq: 14.0 	 Demand: 1156
	Edge: 47 <--> 48 	 Freq: 14.0 	 Demand: 655
	Edge: 385 <--> 428 	 Freq: 14.0 	 Demand: 111
	Edge: 387 <--> 328 	 Freq: 14.0 	 Demand: 162
	Edge: 172 <--> 164 	 Freq: 14.0 	 Demand: 204
	Edge: 326 <--> 429 	 Freq: 14.0 	 Demand: 5423
	Edge: 322 <--> 526 	 Freq: 14.0 	 Demand: 272
	Edge: 141 <--> 732 	 Freq: 14.0 	 Demand: 111
	Edge: 141 <--> 142 	 Freq: 14.0 	 Demand: 774
	Edge: 587 <--> 588 	 Freq: 14.0 	 Demand: 4080
	Edge: 165 <--> 166 	 Freq: 14.0 	 Demand: 1360
	Edge: 430 <--> 702 	 Freq: 14.0 	 Demand: 221
	Edge: 212 <--> 213 	 Freq: 14.0 	 Demand: 204
	Edge: 366 <--> 367 	 Freq: 14.0 	 Demand: 927
	Edge: 25 <--> 288 	 Freq: 14.0 	 Demand: 1343
	Edge: 264 <--> 265 	 Freq: 14.0 	 Demand: 1190
	Edge: 691 <--> 692 	 Freq: 14.0 	 Demand: 3681
	Edge: 118 <--> 515 	 Freq: 14.0 	 Demand: 366
	Edge: 718 <--> 483 	 Freq: 14.0 	 Demand: 434
	Edge: 415 <--> 414 	 Freq: 14.0 	 Demand: 315
	Edge: 422 <--> 24 	 Freq: 14.0 	 Demand: 1097
	Edge: 427 <--> 675 	 Freq: 14.0 	 Demand: 340

	Routes:

	Route: 1
	Route length (7320.0) and demand (6146)
	Edge: 544 <--> 545 	 Freq: 14.0 	 Demand: 2992
	Edge: 511 <--> 543 	 Freq: 14.0 	 Demand: 272
	Edge: 264 <--> 265 	 Freq: 14.0 	 Demand: 1190
	Edge: 265 <--> 508 	 Freq: 14.0 	 Demand: 1488
	Edge: 427 <--> 416 	 Freq: 14.0 	 Demand: 204
	Route: 2
	Route length (8020.0) and demand (11501)
	Edge: 422 <--> 24 	 Freq: 14.0 	 Demand: 1097
	Edge: 270 <--> 719 	 Freq: 7.0 	 Demand: 3400
	Edge: 270 <--> 494 	 Freq: 7.0 	 Demand: 3400
	Edge: 269 <--> 270 	 Freq: 7.0 	 Demand: 3400
	Edge: 212 <--> 213 	 Freq: 14.0 	 Demand: 204
	Route: 3
	Route length (12469.0) and demand (11291)
	Edge: 417 <--> 418 	 Freq: 14.0 	 Demand: 493
	Edge: 419 <--> 420 	 Freq: 14.0 	 Demand: 1156
	Edge: 326 <--> 429 	 Freq: 14.0 	 Demand: 5423
	Edge: 385 <--> 428 	 Freq: 14.0 	 Demand: 111
	Edge: 328 <--> 385 	 Freq: 14.0 	 Demand: 1658
	Edge: 387 <--> 328 	 Freq: 14.0 	 Demand: 162
	Edge: 366 <--> 367 	 Freq: 14.0 	 Demand: 927
	Edge: 367 <--> 430 	 Freq: 14.0 	 Demand: 111
	Edge: 430 <--> 702 	 Freq: 14.0 	 Demand: 221
	Edge: 435 <--> 436 	 Freq: 14.0 	 Demand: 867
	Edge: 436 <--> 473 	 Freq: 14.0 	 Demand: 162
	Route: 4
	Route length (7660.0) and demand (11569)
	Edge: 691 <--> 692 	 Freq: 14.0 	 Demand: 3681
	Edge: 346 <--> 347 	 Freq: 14.0 	 Demand: 1224
	Edge: 348 <--> 349 	 Freq: 14.0 	 Demand: 111
	Edge: 307 <--> 308 	 Freq: 7.0 	 Demand: 4249
	Edge: 666 <--> 528 	 Freq: 14.0 	 Demand: 2032
	Edge: 322 <--> 526 	 Freq: 14.0 	 Demand: 272
	Route: 5
	Route length (5425.0) and demand (9583)
	Edge: 381 <--> 382 	 Freq: 14.0 	 Demand: 340
	Edge: 362 <--> 49 	 Freq: 14.0 	 Demand: 204
	Edge: 440 <--> 723 	 Freq: 14.0 	 Demand: 3732
	Edge: 440 <--> 182 	 Freq: 14.0 	 Demand: 723
	Edge: 559 <--> 577 	 Freq: 14.0 	 Demand: 3929
	Edge: 10 <--> 696 	 Freq: 14.0 	 Demand: 655
	Route: 6
	Route length (13691.0) and demand (11640)
	Edge: 165 <--> 166 	 Freq: 14.0 	 Demand: 1360
	Edge: 724 <--> 159 	 Freq: 14.0 	 Demand: 162
	Edge: 172 <--> 164 	 Freq: 14.0 	 Demand: 204
	Edge: 587 <--> 588 	 Freq: 14.0 	 Demand: 4080
	Edge: 342 <--> 176 	 Freq: 14.0 	 Demand: 340
	Edge: 444 <--> 682 	 Freq: 14.0 	 Demand: 111
	Edge: 383 <--> 444 	 Freq: 14.0 	 Demand: 3230
	Edge: 383 <--> 384 	 Freq: 14.0 	 Demand: 434
	Edge: 443 <--> 444 	 Freq: 14.0 	 Demand: 162
	Edge: 682 <--> 445 	 Freq: 14.0 	 Demand: 510
	Edge: 141 <--> 142 	 Freq: 14.0 	 Demand: 774
	Edge: 141 <--> 732 	 Freq: 14.0 	 Demand: 111
	Edge: 342 <--> 708 	 Freq: 14.0 	 Demand: 162
	Route: 7
	Route length (4545.0) and demand (9418)
	Edge: 313 <--> 320 	 Freq: 14.0 	 Demand: 1513
	Edge: 466 <--> 611 	 Freq: 14.0 	 Demand: 1921
	Edge: 616 <--> 617 	 Freq: 14.0 	 Demand: 5984
	Route: 8
	Route length (4587.0) and demand (11481)
	Edge: 302 <--> 305 	 Freq: 14.0 	 Demand: 1836
	Edge: 303 <--> 338 	 Freq: 14.0 	 Demand: 2355
	Edge: 624 <--> 626 	 Freq: 14.0 	 Demand: 3741
	Edge: 304 <--> 628 	 Freq: 14.0 	 Demand: 3549
	Route: 9
	Route length (16960.0) and demand (10026)
	Edge: 372 <--> 368 	 Freq: 14.0 	 Demand: 111
	Edge: 368 <--> 369 	 Freq: 14.0 	 Demand: 315
	Edge: 374 <--> 432 	 Freq: 14.0 	 Demand: 162
	Edge: 612 <--> 368 	 Freq: 14.0 	 Demand: 315
	Edge: 372 <--> 431 	 Freq: 14.0 	 Demand: 1615
	Edge: 438 <--> 722 	 Freq: 14.0 	 Demand: 111
	Edge: 323 <--> 324 	 Freq: 14.0 	 Demand: 366
	Edge: 427 <--> 675 	 Freq: 14.0 	 Demand: 340
	Edge: 415 <--> 414 	 Freq: 14.0 	 Demand: 315
	Edge: 718 <--> 483 	 Freq: 14.0 	 Demand: 434
	Edge: 271 <--> 272 	 Freq: 7.0 	 Demand: 3400
	Edge: 756 <--> 501 	 Freq: 14.0 	 Demand: 2542
	Route: 10
	Route length (4261.0) and demand (8552)
	Edge: 47 <--> 48 	 Freq: 14.0 	 Demand: 655
	Edge: 758 <--> 573 	 Freq: 7.0 	 Demand: 3587
	Edge: 37 <--> 38 	 Freq: 7.0 	 Demand: 3460
	Edge: 594 <--> 0 	 Freq: 14.0 	 Demand: 850
	Route: 11
	Route length (11789.0) and demand (10662)
	Edge: 25 <--> 288 	 Freq: 14.0 	 Demand: 1343
	Edge: 118 <--> 515 	 Freq: 14.0 	 Demand: 366
	Edge: 118 <--> 513 	 Freq: 14.0 	 Demand: 799
	Edge: 279 <--> 563 	 Freq: 14.0 	 Demand: 162
	Edge: 278 <--> 279 	 Freq: 14.0 	 Demand: 204
	Edge: 135 <--> 33 	 Freq: 14.0 	 Demand: 162
	Edge: 752 <--> 34 	 Freq: 14.0 	 Demand: 1020
	Edge: 56 <--> 610 	 Freq: 14.0 	 Demand: 1513
	Edge: 194 <--> 730 	 Freq: 14.0 	 Demand: 4276
	Edge: 753 <--> 66 	 Freq: 14.0 	 Demand: 655
	Edge: 60 <--> 62 	 Freq: 14.0 	 Demand: 162

Day 4, number of edges 3, number of routes 2

	Edges:

	Edge: 0 <--> 289 	 Freq: 14.0 	 Demand: 842
	Edge: 314 <--> 315 	 Freq: 14.0 	 Demand: 1411
	Edge: 314 <--> 316 	 Freq: 14.0 	 Demand: 978

	Routes:

	Route: 1
	Route length (3326.0) and demand (2389)
	Edge: 314 <--> 315 	 Freq: 14.0 	 Demand: 1411
	Edge: 314 <--> 316 	 Freq: 14.0 	 Demand: 978
	Route: 2
	Route length (52.0) and demand (842)
	Edge: 0 <--> 289 	 Freq: 14.0 	 Demand: 842

Day 5, number of edges 0, number of routes 0

	Edges:


	Routes:


Day 6, number of edges 0, number of routes 0

	Edges:


	Routes:


Day 7, number of edges 0, number of routes 0

	Edges:


	Routes:


Day 8, number of edges 0, number of routes 0

	Edges:


	Routes:


Day 9, number of edges 2, number of routes 1

	Edges:

	Edge: 318 <--> 319 	 Freq: 7.0 	 Demand: 3836
	Edge: 578 <--> 580 	 Freq: 7.0 	 Demand: 4080

	Routes:

	Route: 1
	Route length (10117.0) and demand (7916)
	Edge: 318 <--> 319 	 Freq: 7.0 	 Demand: 3836
	Edge: 578 <--> 580 	 Freq: 7.0 	 Demand: 4080

Day 10, number of edges 2, number of routes 1

	Edges:

	Edge: 307 <--> 308 	 Freq: 7.0 	 Demand: 4249
	Edge: 37 <--> 38 	 Freq: 7.0 	 Demand: 3460

	Routes:

	Route: 1
	Route length (7161.0) and demand (7709)
	Edge: 307 <--> 308 	 Freq: 7.0 	 Demand: 4249
	Edge: 37 <--> 38 	 Freq: 7.0 	 Demand: 3460

Day 11, number of edges 5, number of routes 2

	Edges:

	Edge: 270 <--> 719 	 Freq: 7.0 	 Demand: 3400
	Edge: 269 <--> 270 	 Freq: 7.0 	 Demand: 3400
	Edge: 270 <--> 494 	 Freq: 7.0 	 Demand: 3400
	Edge: 271 <--> 272 	 Freq: 7.0 	 Demand: 3400
	Edge: 758 <--> 573 	 Freq: 7.0 	 Demand: 3587

	Routes:

	Route: 1
	Route length (8729.0) and demand (6987)
	Edge: 271 <--> 272 	 Freq: 7.0 	 Demand: 3400
	Edge: 758 <--> 573 	 Freq: 7.0 	 Demand: 3587
	Route: 2
	Route length (7842.0) and demand (10200)
	Edge: 269 <--> 270 	 Freq: 7.0 	 Demand: 3400
	Edge: 270 <--> 494 	 Freq: 7.0 	 Demand: 3400
	Edge: 270 <--> 719 	 Freq: 7.0 	 Demand: 3400

Day 12, number of edges 0, number of routes 0

	Edges:


	Routes:


Day 13, number of edges 0, number of routes 0

	Edges:


	Routes:





Phase 1 ended! Current time: 2026-08-09 06:48:23.202812
Phase 1 Report:
Iteration count: 1
Last iteration time: 0.0
Average iteration time: 0.0
Current score: 13410815.0


Phase 2 (only move_services) mid-report:
Iteration count: 1
Last iteration time: 0.2031257152557373
Average iteration time: 0.2031257152557373
Current score: 13410815.0


Phase 2 (only move_services) ended! Current time: 2026-08-09 06:48:25.062168
Phase 2 (only move_services) Report:
Iteration count: 1
Last iteration time: 0.2031257152557373
Average iteration time: 0.2031257152557373
Current score: 13410815.0


Phase 3 (using only swap_services) mid-report:
Iteration count: 1
Last iteration time: 0.8906211853027344
Average iteration time: 0.8906211853027344
Current score: 13410263.0


Phase 3 (using only swap_services) ended! Current time: 2026-08-09 06:50:41.154623
Phase 3 (using only swap_services) Report:
Iteration count: 36
Last iteration time: 0.07812118530273438
Average iteration time: 0.9131857686572605
Current score: 13405444.0


Phase 4 (routing operators) mid-report:
Current day: 0
Iteration count: 1
Last iteration time: 0.07812023162841797
Average iteration time: 0.07812023162841797
Current score: 13405444.0


Phase 4 (routing operators) day 0 ended!
Phase 4 (routing operators) day report:
Current Iteration count: 1
Last iteration time: 0.07812023162841797
Average iteration time: 0.07812023162841797
Current score: 13405444.0


Phase 4 (routing operators) day 1 ended!
Phase 4 (routing operators) day report:
Current Iteration count: 2
Last iteration time: 0.0468754768371582
Average iteration time: 0.062497854232788086
Current score: 13405444.0


Phase 4 (routing operators) day 2 ended!
Phase 4 (routing operators) day report:
Current Iteration count: 4
Last iteration time: 0.09374761581420898
Average iteration time: 0.3945261836051941
Current score: 13405292.0


Phase 4 (routing operators) day 3 ended!
Phase 4 (routing operators) day report:
Current Iteration count: 6
Last iteration time: 0.0937502384185791
Average iteration time: 0.3515586058298747
Current score: 13404872.0


Phase 4 (routing operators) day 4 ended!
Phase 4 (routing operators) day report:
Current Iteration count: 7
Last iteration time: 0.0
Average iteration time: 0.3013359478541783
Current score: 13404872.0


Phase 4 (routing operators) day 7 ended!
Phase 4 (routing operators) day report:
Current Iteration count: 8
Last iteration time: 0.0
Average iteration time: 0.263668954372406
Current score: 13404872.0


Phase 4 (routing operators) day 8 ended!
Phase 4 (routing operators) day report:
Current Iteration count: 9
Last iteration time: 0.0
Average iteration time: 0.23437240388658312
Current score: 13404872.0


Phase 4 (routing operators) day 9 ended!
Phase 4 (routing operators) day report:
Current Iteration count: 10
Last iteration time: 0.0
Average iteration time: 0.2109351634979248
Current score: 13404872.0


Phase 4 (routing operators) day 10 ended!
Phase 4 (routing operators) day report:
Current Iteration count: 11
Last iteration time: 0.0
Average iteration time: 0.191759239543568
Current score: 13404872.0


Phase 4 (routing operators) day 11 ended!
Phase 4 (routing operators) day report:
Current Iteration count: 12
Last iteration time: 0.0
Average iteration time: 0.17577930291493735
Current score: 13404872.0


Phase 4 (routing operators) ended! Current time: 2026-08-09 06:51:31.216649
Phase 4 (routing operators) Report:
Iteration count: 12
Last iteration time: 0.0
Average iteration time: 0.17577930291493735
Current score: 13404872.0


Local search report:
Iteration count: 2 iterations
Last iteration time: 188.01383686065674 seconds
Iteration average time: 244.198086977005 seconds
Current score: 13404872.0

Phase 1 ended! Current time: 2026-08-09 06:51:31.216649
Phase 1 Report:
Iteration count: 1
Last iteration time: 0.0
Average iteration time: 0.0
Current score: 13404872.0


Phase 2 (only move_services) mid-report:
Iteration count: 1
Last iteration time: 0.140625
Average iteration time: 0.140625
Current score: 13404872.0


Phase 2 (only move_services) ended! Current time: 2026-08-09 06:51:32.872888
Phase 2 (only move_services) Report:
Iteration count: 1
Last iteration time: 0.140625
Average iteration time: 0.140625
Current score: 13404872.0


Phase 3 (using only swap_services) mid-report:
Iteration count: 1
Last iteration time: 0.9062440395355225
Average iteration time: 0.9062440395355225
Current score: 13404739.0


Phase 3 (using only swap_services) ended! Current time: 2026-08-09 06:53:33.793618
Phase 3 (using only swap_services) Report:
Iteration count: 21
Last iteration time: 0.10938453674316406
Average iteration time: 0.9285630839211599
Current score: 13403631.0


Phase 4 (routing operators) mid-report:
Current day: 0
Iteration count: 1
Last iteration time: 0.0625
Average iteration time: 0.0625
Current score: 13403631.0


Phase 4 (routing operators) day 0 ended!
Phase 4 (routing operators) day report:
Current Iteration count: 1
Last iteration time: 0.0625
Average iteration time: 0.0625
Current score: 13403631.0


Phase 4 (routing operators) day 1 ended!
Phase 4 (routing operators) day report:
Current Iteration count: 2
Last iteration time: 0.06249737739562988
Average iteration time: 0.06249868869781494
Current score: 13403631.0


Phase 4 (routing operators) day 2 ended!
Phase 4 (routing operators) day report:
Current Iteration count: 3
Last iteration time: 0.09374713897705078
Average iteration time: 0.07291483879089355
Current score: 13403631.0


Phase 4 (routing operators) day 3 ended!
Phase 4 (routing operators) day report:
Current Iteration count: 4
Last iteration time: 0.0937492847442627
Average iteration time: 0.07812345027923584
Current score: 13403631.0


Phase 4 (routing operators) day 4 ended!
Phase 4 (routing operators) day report:
Current Iteration count: 5
Last iteration time: 0.0
Average iteration time: 0.06249876022338867
Current score: 13403631.0


Phase 4 (routing operators) day 7 ended!
Phase 4 (routing operators) day report:
Current Iteration count: 6
Last iteration time: 0.01563286781311035
Average iteration time: 0.05468777815500895
Current score: 13403631.0


Phase 4 (routing operators) day 8 ended!
Phase 4 (routing operators) day report:
Current Iteration count: 7
Last iteration time: 0.0
Average iteration time: 0.0468752384185791
Current score: 13403631.0


Phase 4 (routing operators) day 9 ended!
Phase 4 (routing operators) day report:
Current Iteration count: 8
Last iteration time: 0.0
Average iteration time: 0.041015833616256714
Current score: 13403631.0


Phase 4 (routing operators) day 10 ended!
Phase 4 (routing operators) day report:
Current Iteration count: 9
Last iteration time: 0.0
Average iteration time: 0.03645851877000597
Current score: 13403631.0


Phase 4 (routing operators) day 11 ended!
Phase 4 (routing operators) day report:
Current Iteration count: 10
Last iteration time: 0.0
Average iteration time: 0.03281266689300537
Current score: 13403631.0


Phase 4 (routing operators) ended! Current time: 2026-08-09 06:54:22.574405
Phase 4 (routing operators) Report:
Iteration count: 10
Last iteration time: 0.0
Average iteration time: 0.03281266689300537
Current score: 13403631.0


Local search report:
Iteration count: 3 iterations
Last iteration time: 171.3577561378479 seconds
Iteration average time: 219.91797669728598 seconds
Current score: 13403631.0
Phase 1 mid-report:
Iteration count: 1
Last iteration time: 0.015622377395629883
Average iteration time: 0.015622377395629883
Current score: 13403631.0

Phase 1 ended! Current time: 2026-08-09 06:54:22.590027
Phase 1 Report:
Iteration count: 1
Last iteration time: 0.015622377395629883
Average iteration time: 0.015622377395629883
Current score: 13403631.0


Phase 2 (only move_services) mid-report:
Iteration count: 1
Last iteration time: 0.18749332427978516
Average iteration time: 0.18749332427978516
Current score: 13403631.0


Phase 2 (only move_services) ended! Current time: 2026-08-09 06:54:24.246254
Phase 2 (only move_services) Report:
Iteration count: 1
Last iteration time: 0.18749332427978516
Average iteration time: 0.18749332427978516
Current score: 13403631.0


Phase 3 (using only swap_services) mid-report:
Iteration count: 1
Last iteration time: 0.7812485694885254
Average iteration time: 0.7812485694885254
Current score: 13403359.0


Phase 3 (using only swap_services) ended! Current time: 2026-08-09 06:56:13.573346
Phase 3 (using only swap_services) Report:
Iteration count: 8
Last iteration time: 0.1250007152557373
Average iteration time: 0.8007743954658508
Current score: 13402844.0


Phase 4 (routing operators) mid-report:
Current day: 0
Iteration count: 1
Last iteration time: 0.10937380790710449
Average iteration time: 0.10937380790710449
Current score: 13402844.0


Phase 4 (routing operators) day 0 ended!
Phase 4 (routing operators) day report:
Current Iteration count: 1
Last iteration time: 0.10937380790710449
Average iteration time: 0.10937380790710449
Current score: 13402844.0


Phase 4 (routing operators) day 1 ended!
Phase 4 (routing operators) day report:
Current Iteration count: 2
Last iteration time: 0.07812929153442383
Average iteration time: 0.09375154972076416
Current score: 13402844.0


Phase 4 (routing operators) day 2 ended!
Phase 4 (routing operators) day report:
Current Iteration count: 4
Last iteration time: 0.1093740463256836
Average iteration time: 0.6093711256980896
Current score: 13402683.0


Phase 4 (routing operators) day 3 ended!
Phase 4 (routing operators) day report:
Current Iteration count: 5
Last iteration time: 0.10937905311584473
Average iteration time: 0.5093727111816406
Current score: 13402683.0


Phase 4 (routing operators) day 4 ended!
Phase 4 (routing operators) day report:
Current Iteration count: 6
Last iteration time: 0.0
Average iteration time: 0.4244772593180339
Current score: 13402683.0


Phase 4 (routing operators) day 7 ended!
Phase 4 (routing operators) day report:
Current Iteration count: 7
Last iteration time: 0.0
Average iteration time: 0.363837650844029
Current score: 13402683.0


Phase 4 (routing operators) day 8 ended!
Phase 4 (routing operators) day report:
Current Iteration count: 8
Last iteration time: 0.0
Average iteration time: 0.3183579444885254
Current score: 13402683.0


Phase 4 (routing operators) day 9 ended!
Phase 4 (routing operators) day report:
Current Iteration count: 9
Last iteration time: 0.0
Average iteration time: 0.2829848395453559
Current score: 13402683.0


Phase 4 (routing operators) day 10 ended!
Phase 4 (routing operators) day report:
Current Iteration count: 10
Last iteration time: 0.0
Average iteration time: 0.2546863555908203
Current score: 13402683.0


Phase 4 (routing operators) day 11 ended!
Phase 4 (routing operators) day report:
Current Iteration count: 11
Last iteration time: 0.0
Average iteration time: 0.23153305053710938
Current score: 13402683.0


Phase 4 (routing operators) ended! Current time: 2026-08-09 06:57:04.998101
Phase 4 (routing operators) Report:
Iteration count: 11
Last iteration time: 0.0
Average iteration time: 0.23153305053710938
Current score: 13402683.0


Local search report:
Iteration count: 4 iterations
Last iteration time: 162.42369627952576 seconds
Iteration average time: 205.54440659284592 seconds
Current score: 13402683.0

Phase 1 ended! Current time: 2026-08-09 06:57:04.998101
Phase 1 Report:
Iteration count: 1
Last iteration time: 0.0
Average iteration time: 0.0
Current score: 13402683.0


Phase 2 (only move_services) mid-report:
Iteration count: 1
Last iteration time: 0.2187509536743164
Average iteration time: 0.2187509536743164
Current score: 13402683.0


Phase 2 (only move_services) ended! Current time: 2026-08-09 06:57:06.498084
Phase 2 (only move_services) Report:
Iteration count: 1
Last iteration time: 0.2187509536743164
Average iteration time: 0.2187509536743164
Current score: 13402683.0


Phase 3 (using only swap_services) mid-report:
Iteration count: 1
Last iteration time: 0.9062416553497314
Average iteration time: 0.9062416553497314
Current score: 13402213.0


Phase 3 (using only swap_services) ended! Current time: 2026-08-09 06:58:50.840847
Phase 3 (using only swap_services) Report:
Iteration count: 2
Last iteration time: 0.10938119888305664
Average iteration time: 0.507811427116394
Current score: 13402213.0


Phase 4 (routing operators) mid-report:
Current day: 0
Iteration count: 1
Last iteration time: 0.10937762260437012
Average iteration time: 0.10937762260437012
Current score: 13402213.0


Phase 4 (routing operators) day 0 ended!
Phase 4 (routing operators) day report:
Current Iteration count: 1
Last iteration time: 0.10937762260437012
Average iteration time: 0.10937762260437012
Current score: 13402213.0


Phase 4 (routing operators) day 1 ended!
Phase 4 (routing operators) day report:
Current Iteration count: 2
Last iteration time: 0.10938429832458496
Average iteration time: 0.10938096046447754
Current score: 13402213.0


Phase 4 (routing operators) day 2 ended!
Phase 4 (routing operators) day report:
Current Iteration count: 3
Last iteration time: 0.09374880790710449
Average iteration time: 0.10417024294535318
Current score: 13402213.0


Phase 4 (routing operators) day 3 ended!
Phase 4 (routing operators) day report:
Current Iteration count: 4
Last iteration time: 0.07813358306884766
Average iteration time: 0.0976610779762268
Current score: 13402213.0


Phase 4 (routing operators) day 4 ended!
Phase 4 (routing operators) day report:
Current Iteration count: 5
Last iteration time: 0.015619277954101562
Average iteration time: 0.08125271797180177
Current score: 13402213.0


Phase 4 (routing operators) day 7 ended!
Phase 4 (routing operators) day report:
Current Iteration count: 6
Last iteration time: 0.0
Average iteration time: 0.06771059830983481
Current score: 13402213.0


Phase 4 (routing operators) day 8 ended!
Phase 4 (routing operators) day report:
Current Iteration count: 7
Last iteration time: 0.0
Average iteration time: 0.05803765569414412
Current score: 13402213.0


Phase 4 (routing operators) day 9 ended!
Phase 4 (routing operators) day report:
Current Iteration count: 8
Last iteration time: 0.0
Average iteration time: 0.050782948732376106
Current score: 13402213.0


Phase 4 (routing operators) day 10 ended!
Phase 4 (routing operators) day report:
Current Iteration count: 9
Last iteration time: 0.0
Average iteration time: 0.04514039887322321
Current score: 13402213.0


Phase 4 (routing operators) day 11 ended!
Phase 4 (routing operators) day report:
Current Iteration count: 10
Last iteration time: 0.0
Average iteration time: 0.04062635898590088
Current score: 13402213.0


Phase 4 (routing operators) ended! Current time: 2026-08-09 06:59:40.059211
Phase 4 (routing operators) Report:
Iteration count: 10
Last iteration time: 0.0
Average iteration time: 0.04062635898590088
Current score: 13402213.0


Local search report:
Iteration count: 5 iterations
Last iteration time: 155.06110978126526 seconds
Iteration average time: 195.44774723052979 seconds
Current score: 13402213.0

Phase 1 ended! Current time: 2026-08-09 06:59:40.059211
Phase 1 Report:
Iteration count: 1
Last iteration time: 0.0
Average iteration time: 0.0
Current score: 13402213.0


Phase 2 (only move_services) mid-report:
Iteration count: 1
Last iteration time: 0.1875004768371582
Average iteration time: 0.1875004768371582
Current score: 13402213.0


Phase 2 (only move_services) ended! Current time: 2026-08-09 06:59:41.731072
Phase 2 (only move_services) Report:
Iteration count: 1
Last iteration time: 0.1875004768371582
Average iteration time: 0.1875004768371582
Current score: 13402213.0


Phase 3 (using only swap_services) mid-report:
Iteration count: 1
Last iteration time: 0.06249880790710449
Average iteration time: 0.06249880790710449
Current score: 13402213.0


Phase 3 (using only swap_services) ended! Current time: 2026-08-09 07:01:25.417865
Phase 3 (using only swap_services) Report:
Iteration count: 1
Last iteration time: 0.06249880790710449
Average iteration time: 0.06249880790710449
Current score: 13402213.0


Phase 4 (routing operators) mid-report:
Current day: 0
Iteration count: 1
Last iteration time: 0.10937905311584473
Average iteration time: 0.10937905311584473
Current score: 13402213.0


Phase 4 (routing operators) day 0 ended!
Phase 4 (routing operators) day report:
Current Iteration count: 1
Last iteration time: 0.10937905311584473
Average iteration time: 0.10937905311584473
Current score: 13402213.0


Phase 4 (routing operators) day 1 ended!
Phase 4 (routing operators) day report:
Current Iteration count: 2
Last iteration time: 0.10937762260437012
Average iteration time: 0.10937833786010742
Current score: 13402213.0


Phase 4 (routing operators) day 2 ended!
Phase 4 (routing operators) day report:
Current Iteration count: 3
Last iteration time: 0.0781247615814209
Average iteration time: 0.09896047910054524
Current score: 13402213.0


Phase 4 (routing operators) day 3 ended!
Phase 4 (routing operators) day report:
Current Iteration count: 4
Last iteration time: 0.062494754791259766
Average iteration time: 0.08984404802322388
Current score: 13402213.0


Phase 4 (routing operators) day 4 ended!
Phase 4 (routing operators) day report:
Current Iteration count: 5
Last iteration time: 0.0
Average iteration time: 0.0718752384185791
Current score: 13402213.0


Phase 4 (routing operators) day 7 ended!
Phase 4 (routing operators) day report:
Current Iteration count: 6
Last iteration time: 0.0
Average iteration time: 0.05989603201548258
Current score: 13402213.0


Phase 4 (routing operators) day 8 ended!
Phase 4 (routing operators) day report:
Current Iteration count: 7
Last iteration time: 0.0
Average iteration time: 0.051339456013270786
Current score: 13402213.0


Phase 4 (routing operators) day 9 ended!
Phase 4 (routing operators) day report:
Current Iteration count: 8
Last iteration time: 0.015625953674316406
Average iteration time: 0.04687526822090149
Current score: 13402213.0


Phase 4 (routing operators) day 10 ended!
Phase 4 (routing operators) day report:
Current Iteration count: 9
Last iteration time: 0.0
Average iteration time: 0.041666905085245766
Current score: 13402213.0


Phase 4 (routing operators) day 11 ended!
Phase 4 (routing operators) day report:
Current Iteration count: 10
Last iteration time: 0.0
Average iteration time: 0.03750021457672119
Current score: 13402213.0


Phase 4 (routing operators) ended! Current time: 2026-08-09 07:02:15.323778
Phase 4 (routing operators) Report:
Iteration count: 10
Last iteration time: 0.0
Average iteration time: 0.03750021457672119
Current score: 13402213.0


Local search report:
Iteration count: 6 iterations
Last iteration time: 155.26456689834595 seconds
Iteration average time: 188.75055050849915 seconds
Current score: 13402213.0

Local search ended after 6 iterations.
Last iteration time: 155.26456689834595 seconds
Iteration average time: 188.75055050849915 seconds
Original score: 179153499.0
Current score: 13402213.0

----- MARKER - SOLUTION PRINTED BELOW -------

Day 0, number of edges 194, number of routes 12

	Edges:

	Edge: 91 <--> 92 	 Freq: 14.0 	 Demand: 111
	Edge: 93 <--> 92 	 Freq: 14.0 	 Demand: 162
	Edge: 645 <--> 92 	 Freq: 14.0 	 Demand: 111
	Edge: 91 <--> 94 	 Freq: 14.0 	 Demand: 638
	Edge: 671 <--> 669 	 Freq: 14.0 	 Demand: 111
	Edge: 668 <--> 669 	 Freq: 14.0 	 Demand: 689
	Edge: 397 <--> 669 	 Freq: 14.0 	 Demand: 689
	Edge: 86 <--> 135 	 Freq: 14.0 	 Demand: 221
	Edge: 85 <--> 86 	 Freq: 14.0 	 Demand: 383
	Edge: 134 <--> 86 	 Freq: 14.0 	 Demand: 162
	Edge: 190 <--> 82 	 Freq: 14.0 	 Demand: 162
	Edge: 82 <--> 79 	 Freq: 14.0 	 Demand: 323
	Edge: 79 <--> 81 	 Freq: 14.0 	 Demand: 638
	Edge: 79 <--> 80 	 Freq: 14.0 	 Demand: 587
	Edge: 133 <--> 80 	 Freq: 14.0 	 Demand: 272
	Edge: 674 <--> 652 	 Freq: 14.0 	 Demand: 434
	Edge: 652 <--> 650 	 Freq: 14.0 	 Demand: 272
	Edge: 400 <--> 650 	 Freq: 14.0 	 Demand: 383
	Edge: 650 <--> 651 	 Freq: 14.0 	 Demand: 544
	Edge: 652 <--> 653 	 Freq: 14.0 	 Demand: 434
	Edge: 677 <--> 331 	 Freq: 14.0 	 Demand: 111
	Edge: 331 <--> 332 	 Freq: 14.0 	 Demand: 221
	Edge: 330 <--> 331 	 Freq: 14.0 	 Demand: 1624
	Edge: 329 <--> 330 	 Freq: 14.0 	 Demand: 1437
	Edge: 107 <--> 108 	 Freq: 14.0 	 Demand: 162
	Edge: 106 <--> 107 	 Freq: 14.0 	 Demand: 485
	Edge: 710 <--> 145 	 Freq: 14.0 	 Demand: 204
	Edge: 145 <--> 711 	 Freq: 14.0 	 Demand: 859
	Edge: 145 <--> 103 	 Freq: 14.0 	 Demand: 723
	Edge: 45 <--> 46 	 Freq: 14.0 	 Demand: 408
	Edge: 46 <--> 42 	 Freq: 14.0 	 Demand: 111
	Edge: 41 <--> 42 	 Freq: 14.0 	 Demand: 323
	Edge: 539 <--> 540 	 Freq: 14.0 	 Demand: 162
	Edge: 539 <--> 557 	 Freq: 14.0 	 Demand: 2856
	Edge: 556 <--> 557 	 Freq: 14.0 	 Demand: 323
	Edge: 536 <--> 556 	 Freq: 14.0 	 Demand: 162
	Edge: 558 <--> 556 	 Freq: 14.0 	 Demand: 4655
	Edge: 210 <--> 211 	 Freq: 14.0 	 Demand: 340
	Edge: 467 <--> 210 	 Freq: 14.0 	 Demand: 272
	Edge: 210 <--> 401 	 Freq: 14.0 	 Demand: 162
	Edge: 289 <--> 290 	 Freq: 14.0 	 Demand: 162
	Edge: 290 <--> 595 	 Freq: 14.0 	 Demand: 408
	Edge: 595 <--> 596 	 Freq: 14.0 	 Demand: 680
	Edge: 198 <--> 199 	 Freq: 14.0 	 Demand: 111
	Edge: 197 <--> 196 	 Freq: 14.0 	 Demand: 544
	Edge: 197 <--> 65 	 Freq: 14.0 	 Demand: 1233
	Edge: 296 <--> 680 	 Freq: 14.0 	 Demand: 1139
	Edge: 295 <--> 296 	 Freq: 14.0 	 Demand: 2754
	Edge: 479 <--> 296 	 Freq: 14.0 	 Demand: 272
	Edge: 479 <--> 480 	 Freq: 14.0 	 Demand: 111
	Edge: 481 <--> 479 	 Freq: 14.0 	 Demand: 315
	Edge: 538 <--> 537 	 Freq: 14.0 	 Demand: 162
	Edge: 537 <--> 536 	 Freq: 14.0 	 Demand: 2465
	Edge: 535 <--> 536 	 Freq: 14.0 	 Demand: 366
	Edge: 298 <--> 679 	 Freq: 14.0 	 Demand: 272
	Edge: 297 <--> 298 	 Freq: 14.0 	 Demand: 272
	Edge: 499 <--> 298 	 Freq: 14.0 	 Demand: 111
	Edge: 498 <--> 499 	 Freq: 14.0 	 Demand: 442
	Edge: 499 <--> 481 	 Freq: 14.0 	 Demand: 655
	Edge: 664 <--> 661 	 Freq: 14.0 	 Demand: 689
	Edge: 661 <--> 662 	 Freq: 14.0 	 Demand: 162
	Edge: 662 <--> 665 	 Freq: 14.0 	 Demand: 1403
	Edge: 662 <--> 523 	 Freq: 14.0 	 Demand: 434
	Edge: 523 <--> 663 	 Freq: 14.0 	 Demand: 527
	Edge: 39 <--> 40 	 Freq: 14.0 	 Demand: 366
	Edge: 40 <--> 321 	 Freq: 14.0 	 Demand: 111
	Edge: 321 <--> 727 	 Freq: 14.0 	 Demand: 553
	Edge: 728 <--> 321 	 Freq: 14.0 	 Demand: 222
	Edge: 312 <--> 315 	 Freq: 14.0 	 Demand: 111
	Edge: 315 <--> 317 	 Freq: 14.0 	 Demand: 3919
	Edge: 109 <--> 110 	 Freq: 14.0 	 Demand: 1343
	Edge: 109 <--> 104 	 Freq: 14.0 	 Demand: 162
	Edge: 104 <--> 105 	 Freq: 14.0 	 Demand: 383
	Edge: 105 <--> 426 	 Freq: 14.0 	 Demand: 162
	Edge: 117 <--> 109 	 Freq: 14.0 	 Demand: 2185
	Edge: 123 <--> 78 	 Freq: 14.0 	 Demand: 111
	Edge: 123 <--> 121 	 Freq: 14.0 	 Demand: 383
	Edge: 68 <--> 78 	 Freq: 14.0 	 Demand: 587
	Edge: 398 <--> 388 	 Freq: 14.0 	 Demand: 162
	Edge: 394 <--> 388 	 Freq: 14.0 	 Demand: 1403
	Edge: 398 <--> 529 	 Freq: 14.0 	 Demand: 595
	Edge: 667 <--> 398 	 Freq: 14.0 	 Demand: 1020
	Edge: 57 <--> 58 	 Freq: 14.0 	 Demand: 162
	Edge: 59 <--> 57 	 Freq: 14.0 	 Demand: 476
	Edge: 57 <--> 67 	 Freq: 14.0 	 Demand: 859
	Edge: 221 <--> 511 	 Freq: 14.0 	 Demand: 111
	Edge: 220 <--> 221 	 Freq: 14.0 	 Demand: 272
	Edge: 7 <--> 597 	 Freq: 14.0 	 Demand: 986
	Edge: 7 <--> 5 	 Freq: 14.0 	 Demand: 1114
	Edge: 5 <--> 6 	 Freq: 14.0 	 Demand: 162
	Edge: 225 <--> 222 	 Freq: 14.0 	 Demand: 536
	Edge: 222 <--> 223 	 Freq: 14.0 	 Demand: 476
	Edge: 223 <--> 688 	 Freq: 14.0 	 Demand: 272
	Edge: 116 <--> 115 	 Freq: 14.0 	 Demand: 323
	Edge: 112 <--> 117 	 Freq: 14.0 	 Demand: 1301
	Edge: 117 <--> 605 	 Freq: 14.0 	 Demand: 1598
	Edge: 111 <--> 112 	 Freq: 14.0 	 Demand: 850
	Edge: 74 <--> 88 	 Freq: 14.0 	 Demand: 655
	Edge: 72 <--> 74 	 Freq: 14.0 	 Demand: 272
	Edge: 72 <--> 73 	 Freq: 14.0 	 Demand: 315
	Edge: 73 <--> 76 	 Freq: 14.0 	 Demand: 332
	Edge: 641 <--> 73 	 Freq: 14.0 	 Demand: 493
	Edge: 404 <--> 585 	 Freq: 14.0 	 Demand: 111
	Edge: 450 <--> 404 	 Freq: 14.0 	 Demand: 111
	Edge: 477 <--> 450 	 Freq: 14.0 	 Demand: 204
	Edge: 585 <--> 13 	 Freq: 14.0 	 Demand: 162
	Edge: 13 <--> 598 	 Freq: 14.0 	 Demand: 204
	Edge: 627 <--> 750 	 Freq: 14.0 	 Demand: 204
	Edge: 627 <--> 749 	 Freq: 14.0 	 Demand: 1590
	Edge: 623 <--> 627 	 Freq: 14.0 	 Demand: 1343
	Edge: 572 <--> 154 	 Freq: 14.0 	 Demand: 204
	Edge: 44 <--> 572 	 Freq: 14.0 	 Demand: 757
	Edge: 43 <--> 44 	 Freq: 14.0 	 Demand: 765
	Edge: 43 <--> 160 	 Freq: 14.0 	 Demand: 1624
	Edge: 742 <--> 618 	 Freq: 14.0 	 Demand: 315
	Edge: 744 <--> 742 	 Freq: 14.0 	 Demand: 162
	Edge: 745 <--> 744 	 Freq: 14.0 	 Demand: 221
	Edge: 744 <--> 748 	 Freq: 14.0 	 Demand: 323
	Edge: 629 <--> 745 	 Freq: 14.0 	 Demand: 111
	Edge: 689 <--> 258 	 Freq: 14.0 	 Demand: 221
	Edge: 257 <--> 258 	 Freq: 14.0 	 Demand: 366
	Edge: 257 <--> 503 	 Freq: 14.0 	 Demand: 111
	Edge: 258 <--> 222 	 Freq: 14.0 	 Demand: 808
	Edge: 84 <--> 120 	 Freq: 14.0 	 Demand: 765
	Edge: 642 <--> 120 	 Freq: 14.0 	 Demand: 1063
	Edge: 151 <--> 84 	 Freq: 14.0 	 Demand: 1794
	Edge: 599 <--> 31 	 Freq: 14.0 	 Demand: 111
	Edge: 31 <--> 600 	 Freq: 14.0 	 Demand: 1751
	Edge: 633 <--> 635 	 Freq: 14.0 	 Demand: 935
	Edge: 633 <--> 634 	 Freq: 14.0 	 Demand: 1003
	Edge: 253 <--> 633 	 Freq: 14.0 	 Demand: 2635
	Edge: 253 <--> 254 	 Freq: 14.0 	 Demand: 485
	Edge: 402 <--> 403 	 Freq: 14.0 	 Demand: 204
	Edge: 648 <--> 402 	 Freq: 14.0 	 Demand: 162
	Edge: 648 <--> 519 	 Freq: 14.0 	 Demand: 111
	Edge: 647 <--> 519 	 Freq: 14.0 	 Demand: 910
	Edge: 519 <--> 520 	 Freq: 14.0 	 Demand: 476
	Edge: 488 <--> 493 	 Freq: 14.0 	 Demand: 2210
	Edge: 268 <--> 491 	 Freq: 14.0 	 Demand: 162
	Edge: 491 <--> 492 	 Freq: 14.0 	 Demand: 918
	Edge: 491 <--> 716 	 Freq: 14.0 	 Demand: 1012
	Edge: 507 <--> 261 	 Freq: 14.0 	 Demand: 162
	Edge: 265 <--> 507 	 Freq: 14.0 	 Demand: 111
	Edge: 261 <--> 263 	 Freq: 14.0 	 Demand: 757
	Edge: 261 <--> 262 	 Freq: 14.0 	 Demand: 476
	Edge: 370 <--> 327 	 Freq: 14.0 	 Demand: 162
	Edge: 327 <--> 328 	 Freq: 14.0 	 Demand: 587
	Edge: 370 <--> 371 	 Freq: 14.0 	 Demand: 519
	Edge: 371 <--> 678 	 Freq: 14.0 	 Demand: 162
	Edge: 71 <--> 70 	 Freq: 14.0 	 Demand: 383
	Edge: 618 <--> 746 	 Freq: 14.0 	 Demand: 323
	Edge: 618 <--> 619 	 Freq: 14.0 	 Demand: 383
	Edge: 509 <--> 510 	 Freq: 14.0 	 Demand: 162
	Edge: 484 <--> 509 	 Freq: 14.0 	 Demand: 366
	Edge: 488 <--> 484 	 Freq: 14.0 	 Demand: 272
	Edge: 509 <--> 715 	 Freq: 14.0 	 Demand: 1675
	Edge: 630 <--> 632 	 Freq: 14.0 	 Demand: 162
	Edge: 630 <--> 631 	 Freq: 14.0 	 Demand: 842
	Edge: 309 <--> 707 	 Freq: 14.0 	 Demand: 2958
	Edge: 309 <--> 310 	 Freq: 14.0 	 Demand: 1794
	Edge: 310 <--> 311 	 Freq: 14.0 	 Demand: 3273
	Edge: 745 <--> 747 	 Freq: 14.0 	 Demand: 323
	Edge: 742 <--> 743 	 Freq: 14.0 	 Demand: 272
	Edge: 226 <--> 153 	 Freq: 14.0 	 Demand: 204
	Edge: 226 <--> 227 	 Freq: 14.0 	 Demand: 434
	Edge: 227 <--> 255 	 Freq: 14.0 	 Demand: 1845
	Edge: 152 <--> 153 	 Freq: 14.0 	 Demand: 4778
	Edge: 152 <--> 731 	 Freq: 14.0 	 Demand: 816
	Edge: 485 <--> 486 	 Freq: 14.0 	 Demand: 221
	Edge: 486 <--> 487 	 Freq: 14.0 	 Demand: 757
	Edge: 267 <--> 481 	 Freq: 14.0 	 Demand: 162
	Edge: 450 <--> 451 	 Freq: 14.0 	 Demand: 2159
	Edge: 131 <--> 133 	 Freq: 14.0 	 Demand: 162
	Edge: 521 <--> 522 	 Freq: 14.0 	 Demand: 162
	Edge: 102 <--> 115 	 Freq: 14.0 	 Demand: 595
	Edge: 24 <--> 25 	 Freq: 14.0 	 Demand: 221
	Edge: 648 <--> 649 	 Freq: 14.0 	 Demand: 442
	Edge: 121 <--> 640 	 Freq: 14.0 	 Demand: 1037
	Edge: 293 <--> 681 	 Freq: 14.0 	 Demand: 629
	Edge: 74 <--> 75 	 Freq: 14.0 	 Demand: 587
	Edge: 505 <--> 506 	 Freq: 14.0 	 Demand: 1020
	Edge: 459 <--> 460 	 Freq: 14.0 	 Demand: 791
	Edge: 125 <--> 68 	 Freq: 14.0 	 Demand: 111
	Edge: 77 <--> 78 	 Freq: 14.0 	 Demand: 442
	Edge: 306 <--> 693 	 Freq: 14.0 	 Demand: 570
	Edge: 3 <--> 4 	 Freq: 14.0 	 Demand: 689
	Edge: 256 <--> 226 	 Freq: 14.0 	 Demand: 272
	Edge: 91 <--> 15 	 Freq: 14.0 	 Demand: 485
	Edge: 486 <--> 490 	 Freq: 14.0 	 Demand: 1989
	Edge: 753 <--> 66 	 Freq: 14.0 	 Demand: 655
	Edge: 47 <--> 48 	 Freq: 14.0 	 Demand: 655
	Edge: 395 <--> 397 	 Freq: 14.0 	 Demand: 553
	Edge: 273 <--> 103 	 Freq: 14.0 	 Demand: 527
	Edge: 196 <--> 194 	 Freq: 14.0 	 Demand: 714

	Routes:

	Route: 1
	Route length (8816.0) and demand (11780)
	Edge: 652 <--> 650 	 Freq: 14.0 	 Demand: 272
	Edge: 674 <--> 652 	 Freq: 14.0 	 Demand: 434
	Edge: 652 <--> 653 	 Freq: 14.0 	 Demand: 434
	Edge: 650 <--> 651 	 Freq: 14.0 	 Demand: 544
	Edge: 400 <--> 650 	 Freq: 14.0 	 Demand: 383
	Edge: 648 <--> 649 	 Freq: 14.0 	 Demand: 442
	Edge: 648 <--> 519 	 Freq: 14.0 	 Demand: 111
	Edge: 519 <--> 520 	 Freq: 14.0 	 Demand: 476
	Edge: 647 <--> 519 	 Freq: 14.0 	 Demand: 910
	Edge: 648 <--> 402 	 Freq: 14.0 	 Demand: 162
	Edge: 402 <--> 403 	 Freq: 14.0 	 Demand: 204
	Edge: 467 <--> 210 	 Freq: 14.0 	 Demand: 272
	Edge: 210 <--> 211 	 Freq: 14.0 	 Demand: 340
	Edge: 210 <--> 401 	 Freq: 14.0 	 Demand: 162
	Edge: 196 <--> 194 	 Freq: 14.0 	 Demand: 714
	Edge: 197 <--> 196 	 Freq: 14.0 	 Demand: 544
	Edge: 753 <--> 66 	 Freq: 14.0 	 Demand: 655
	Edge: 197 <--> 65 	 Freq: 14.0 	 Demand: 1233
	Edge: 521 <--> 522 	 Freq: 14.0 	 Demand: 162
	Edge: 523 <--> 663 	 Freq: 14.0 	 Demand: 527
	Edge: 664 <--> 661 	 Freq: 14.0 	 Demand: 689
	Edge: 661 <--> 662 	 Freq: 14.0 	 Demand: 162
	Edge: 662 <--> 665 	 Freq: 14.0 	 Demand: 1403
	Edge: 662 <--> 523 	 Freq: 14.0 	 Demand: 434
	Edge: 198 <--> 199 	 Freq: 14.0 	 Demand: 111
	Route: 2
	Route length (4460.0) and demand (11989)
	Edge: 41 <--> 42 	 Freq: 14.0 	 Demand: 323
	Edge: 43 <--> 44 	 Freq: 14.0 	 Demand: 765
	Edge: 43 <--> 160 	 Freq: 14.0 	 Demand: 1624
	Edge: 310 <--> 311 	 Freq: 14.0 	 Demand: 3273
	Edge: 309 <--> 310 	 Freq: 14.0 	 Demand: 1794
	Edge: 309 <--> 707 	 Freq: 14.0 	 Demand: 2958
	Edge: 40 <--> 321 	 Freq: 14.0 	 Demand: 111
	Edge: 728 <--> 321 	 Freq: 14.0 	 Demand: 222
	Edge: 321 <--> 727 	 Freq: 14.0 	 Demand: 553
	Edge: 39 <--> 40 	 Freq: 14.0 	 Demand: 366
	Route: 3
	Route length (7736.0) and demand (8325)
	Edge: 293 <--> 681 	 Freq: 14.0 	 Demand: 629
	Edge: 505 <--> 506 	 Freq: 14.0 	 Demand: 1020
	Edge: 265 <--> 507 	 Freq: 14.0 	 Demand: 111
	Edge: 261 <--> 263 	 Freq: 14.0 	 Demand: 757
	Edge: 261 <--> 262 	 Freq: 14.0 	 Demand: 476
	Edge: 507 <--> 261 	 Freq: 14.0 	 Demand: 162
	Edge: 486 <--> 487 	 Freq: 14.0 	 Demand: 757
	Edge: 486 <--> 490 	 Freq: 14.0 	 Demand: 1989
	Edge: 485 <--> 486 	 Freq: 14.0 	 Demand: 221
	Edge: 484 <--> 509 	 Freq: 14.0 	 Demand: 366
	Edge: 509 <--> 715 	 Freq: 14.0 	 Demand: 1675
	Edge: 509 <--> 510 	 Freq: 14.0 	 Demand: 162
	Route: 4
	Route length (8393.0) and demand (11522)
	Edge: 221 <--> 511 	 Freq: 14.0 	 Demand: 111
	Edge: 223 <--> 688 	 Freq: 14.0 	 Demand: 272
	Edge: 222 <--> 223 	 Freq: 14.0 	 Demand: 476
	Edge: 225 <--> 222 	 Freq: 14.0 	 Demand: 536
	Edge: 258 <--> 222 	 Freq: 14.0 	 Demand: 808
	Edge: 689 <--> 258 	 Freq: 14.0 	 Demand: 221
	Edge: 257 <--> 258 	 Freq: 14.0 	 Demand: 366
	Edge: 257 <--> 503 	 Freq: 14.0 	 Demand: 111
	Edge: 227 <--> 255 	 Freq: 14.0 	 Demand: 1845
	Edge: 256 <--> 226 	 Freq: 14.0 	 Demand: 272
	Edge: 152 <--> 153 	 Freq: 14.0 	 Demand: 4778
	Edge: 152 <--> 731 	 Freq: 14.0 	 Demand: 816
	Edge: 226 <--> 153 	 Freq: 14.0 	 Demand: 204
	Edge: 226 <--> 227 	 Freq: 14.0 	 Demand: 434
	Edge: 220 <--> 221 	 Freq: 14.0 	 Demand: 272
	Route: 5
	Route length (8125.0) and demand (11079)
	Edge: 488 <--> 493 	 Freq: 14.0 	 Demand: 2210
	Edge: 268 <--> 491 	 Freq: 14.0 	 Demand: 162
	Edge: 491 <--> 716 	 Freq: 14.0 	 Demand: 1012
	Edge: 491 <--> 492 	 Freq: 14.0 	 Demand: 918
	Edge: 298 <--> 679 	 Freq: 14.0 	 Demand: 272
	Edge: 297 <--> 298 	 Freq: 14.0 	 Demand: 272
	Edge: 499 <--> 298 	 Freq: 14.0 	 Demand: 111
	Edge: 498 <--> 499 	 Freq: 14.0 	 Demand: 442
	Edge: 499 <--> 481 	 Freq: 14.0 	 Demand: 655
	Edge: 481 <--> 479 	 Freq: 14.0 	 Demand: 315
	Edge: 479 <--> 480 	 Freq: 14.0 	 Demand: 111
	Edge: 479 <--> 296 	 Freq: 14.0 	 Demand: 272
	Edge: 295 <--> 296 	 Freq: 14.0 	 Demand: 2754
	Edge: 296 <--> 680 	 Freq: 14.0 	 Demand: 1139
	Edge: 267 <--> 481 	 Freq: 14.0 	 Demand: 162
	Edge: 488 <--> 484 	 Freq: 14.0 	 Demand: 272
	Route: 6
	Route length (8297.0) and demand (11721)
	Edge: 538 <--> 537 	 Freq: 14.0 	 Demand: 162
	Edge: 537 <--> 536 	 Freq: 14.0 	 Demand: 2465
	Edge: 536 <--> 556 	 Freq: 14.0 	 Demand: 162
	Edge: 558 <--> 556 	 Freq: 14.0 	 Demand: 4655
	Edge: 556 <--> 557 	 Freq: 14.0 	 Demand: 323
	Edge: 539 <--> 557 	 Freq: 14.0 	 Demand: 2856
	Edge: 539 <--> 540 	 Freq: 14.0 	 Demand: 162
	Edge: 535 <--> 536 	 Freq: 14.0 	 Demand: 366
	Edge: 306 <--> 693 	 Freq: 14.0 	 Demand: 570
	Route: 7
	Route length (9459.0) and demand (11515)
	Edge: 671 <--> 669 	 Freq: 14.0 	 Demand: 111
	Edge: 668 <--> 669 	 Freq: 14.0 	 Demand: 689
	Edge: 397 <--> 669 	 Freq: 14.0 	 Demand: 689
	Edge: 395 <--> 397 	 Freq: 14.0 	 Demand: 553
	Edge: 394 <--> 388 	 Freq: 14.0 	 Demand: 1403
	Edge: 398 <--> 529 	 Freq: 14.0 	 Demand: 595
	Edge: 667 <--> 398 	 Freq: 14.0 	 Demand: 1020
	Edge: 398 <--> 388 	 Freq: 14.0 	 Demand: 162
	Edge: 123 <--> 78 	 Freq: 14.0 	 Demand: 111
	Edge: 123 <--> 121 	 Freq: 14.0 	 Demand: 383
	Edge: 642 <--> 120 	 Freq: 14.0 	 Demand: 1063
	Edge: 84 <--> 120 	 Freq: 14.0 	 Demand: 765
	Edge: 151 <--> 84 	 Freq: 14.0 	 Demand: 1794
	Edge: 121 <--> 640 	 Freq: 14.0 	 Demand: 1037
	Edge: 77 <--> 78 	 Freq: 14.0 	 Demand: 442
	Edge: 68 <--> 78 	 Freq: 14.0 	 Demand: 587
	Edge: 125 <--> 68 	 Freq: 14.0 	 Demand: 111
	Route: 8
	Route length (8280.0) and demand (8565)
	Edge: 3 <--> 4 	 Freq: 14.0 	 Demand: 689
	Edge: 459 <--> 460 	 Freq: 14.0 	 Demand: 791
	Edge: 7 <--> 597 	 Freq: 14.0 	 Demand: 986
	Edge: 7 <--> 5 	 Freq: 14.0 	 Demand: 1114
	Edge: 5 <--> 6 	 Freq: 14.0 	 Demand: 162
	Edge: 330 <--> 331 	 Freq: 14.0 	 Demand: 1624
	Edge: 331 <--> 332 	 Freq: 14.0 	 Demand: 221
	Edge: 677 <--> 331 	 Freq: 14.0 	 Demand: 111
	Edge: 329 <--> 330 	 Freq: 14.0 	 Demand: 1437
	Edge: 327 <--> 328 	 Freq: 14.0 	 Demand: 587
	Edge: 370 <--> 327 	 Freq: 14.0 	 Demand: 162
	Edge: 370 <--> 371 	 Freq: 14.0 	 Demand: 519
	Edge: 371 <--> 678 	 Freq: 14.0 	 Demand: 162
	Route: 9
	Route length (10354.0) and demand (11746)
	Edge: 24 <--> 25 	 Freq: 14.0 	 Demand: 221
	Edge: 86 <--> 135 	 Freq: 14.0 	 Demand: 221
	Edge: 85 <--> 86 	 Freq: 14.0 	 Demand: 383
	Edge: 134 <--> 86 	 Freq: 14.0 	 Demand: 162
	Edge: 131 <--> 133 	 Freq: 14.0 	 Demand: 162
	Edge: 133 <--> 80 	 Freq: 14.0 	 Demand: 272
	Edge: 79 <--> 80 	 Freq: 14.0 	 Demand: 587
	Edge: 79 <--> 81 	 Freq: 14.0 	 Demand: 638
	Edge: 82 <--> 79 	 Freq: 14.0 	 Demand: 323
	Edge: 190 <--> 82 	 Freq: 14.0 	 Demand: 162
	Edge: 74 <--> 88 	 Freq: 14.0 	 Demand: 655
	Edge: 74 <--> 75 	 Freq: 14.0 	 Demand: 587
	Edge: 73 <--> 76 	 Freq: 14.0 	 Demand: 332
	Edge: 641 <--> 73 	 Freq: 14.0 	 Demand: 493
	Edge: 72 <--> 73 	 Freq: 14.0 	 Demand: 315
	Edge: 72 <--> 74 	 Freq: 14.0 	 Demand: 272
	Edge: 71 <--> 70 	 Freq: 14.0 	 Demand: 383
	Edge: 57 <--> 58 	 Freq: 14.0 	 Demand: 162
	Edge: 59 <--> 57 	 Freq: 14.0 	 Demand: 476
	Edge: 57 <--> 67 	 Freq: 14.0 	 Demand: 859
	Edge: 273 <--> 103 	 Freq: 14.0 	 Demand: 527
	Edge: 145 <--> 103 	 Freq: 14.0 	 Demand: 723
	Edge: 145 <--> 711 	 Freq: 14.0 	 Demand: 859
	Edge: 710 <--> 145 	 Freq: 14.0 	 Demand: 204
	Edge: 102 <--> 115 	 Freq: 14.0 	 Demand: 595
	Edge: 116 <--> 115 	 Freq: 14.0 	 Demand: 323
	Edge: 111 <--> 112 	 Freq: 14.0 	 Demand: 850
	Route: 10
	Route length (5405.0) and demand (11633)
	Edge: 289 <--> 290 	 Freq: 14.0 	 Demand: 162
	Edge: 595 <--> 596 	 Freq: 14.0 	 Demand: 680
	Edge: 290 <--> 595 	 Freq: 14.0 	 Demand: 408
	Edge: 629 <--> 745 	 Freq: 14.0 	 Demand: 111
	Edge: 745 <--> 747 	 Freq: 14.0 	 Demand: 323
	Edge: 744 <--> 748 	 Freq: 14.0 	 Demand: 323
	Edge: 744 <--> 742 	 Freq: 14.0 	 Demand: 162
	Edge: 742 <--> 743 	 Freq: 14.0 	 Demand: 272
	Edge: 618 <--> 619 	 Freq: 14.0 	 Demand: 383
	Edge: 618 <--> 746 	 Freq: 14.0 	 Demand: 323
	Edge: 742 <--> 618 	 Freq: 14.0 	 Demand: 315
	Edge: 745 <--> 744 	 Freq: 14.0 	 Demand: 221
	Edge: 404 <--> 585 	 Freq: 14.0 	 Demand: 111
	Edge: 13 <--> 598 	 Freq: 14.0 	 Demand: 204
	Edge: 623 <--> 627 	 Freq: 14.0 	 Demand: 1343
	Edge: 627 <--> 749 	 Freq: 14.0 	 Demand: 1590
	Edge: 627 <--> 750 	 Freq: 14.0 	 Demand: 204
	Edge: 585 <--> 13 	 Freq: 14.0 	 Demand: 162
	Edge: 450 <--> 404 	 Freq: 14.0 	 Demand: 111
	Edge: 450 <--> 451 	 Freq: 14.0 	 Demand: 2159
	Edge: 477 <--> 450 	 Freq: 14.0 	 Demand: 204
	Edge: 599 <--> 31 	 Freq: 14.0 	 Demand: 111
	Edge: 31 <--> 600 	 Freq: 14.0 	 Demand: 1751
	Route: 11
	Route length (7619.0) and demand (10292)
	Edge: 105 <--> 426 	 Freq: 14.0 	 Demand: 162
	Edge: 104 <--> 105 	 Freq: 14.0 	 Demand: 383
	Edge: 109 <--> 110 	 Freq: 14.0 	 Demand: 1343
	Edge: 112 <--> 117 	 Freq: 14.0 	 Demand: 1301
	Edge: 117 <--> 605 	 Freq: 14.0 	 Demand: 1598
	Edge: 117 <--> 109 	 Freq: 14.0 	 Demand: 2185
	Edge: 109 <--> 104 	 Freq: 14.0 	 Demand: 162
	Edge: 106 <--> 107 	 Freq: 14.0 	 Demand: 485
	Edge: 107 <--> 108 	 Freq: 14.0 	 Demand: 162
	Edge: 91 <--> 94 	 Freq: 14.0 	 Demand: 638
	Edge: 93 <--> 92 	 Freq: 14.0 	 Demand: 162
	Edge: 645 <--> 92 	 Freq: 14.0 	 Demand: 111
	Edge: 91 <--> 92 	 Freq: 14.0 	 Demand: 111
	Edge: 91 <--> 15 	 Freq: 14.0 	 Demand: 485
	Edge: 630 <--> 632 	 Freq: 14.0 	 Demand: 162
	Edge: 630 <--> 631 	 Freq: 14.0 	 Demand: 842
	Route: 12
	Route length (5437.0) and demand (11223)
	Edge: 47 <--> 48 	 Freq: 14.0 	 Demand: 655
	Edge: 45 <--> 46 	 Freq: 14.0 	 Demand: 408
	Edge: 46 <--> 42 	 Freq: 14.0 	 Demand: 111
	Edge: 44 <--> 572 	 Freq: 14.0 	 Demand: 757
	Edge: 572 <--> 154 	 Freq: 14.0 	 Demand: 204
	Edge: 315 <--> 317 	 Freq: 14.0 	 Demand: 3919
	Edge: 312 <--> 315 	 Freq: 14.0 	 Demand: 111
	Edge: 253 <--> 254 	 Freq: 14.0 	 Demand: 485
	Edge: 253 <--> 633 	 Freq: 14.0 	 Demand: 2635
	Edge: 633 <--> 635 	 Freq: 14.0 	 Demand: 935
	Edge: 633 <--> 634 	 Freq: 14.0 	 Demand: 1003

Day 1, number of edges 158, number of routes 13

	Edges:

	Edge: 547 <--> 395 	 Freq: 14.0 	 Demand: 961
	Edge: 330 <--> 367 	 Freq: 14.0 	 Demand: 1649
	Edge: 146 <--> 273 	 Freq: 14.0 	 Demand: 111
	Edge: 247 <--> 248 	 Freq: 14.0 	 Demand: 204
	Edge: 122 <--> 123 	 Freq: 14.0 	 Demand: 111
	Edge: 122 <--> 643 	 Freq: 14.0 	 Demand: 111
	Edge: 216 <--> 217 	 Freq: 14.0 	 Demand: 799
	Edge: 221 <--> 216 	 Freq: 14.0 	 Demand: 731
	Edge: 5 <--> 382 	 Freq: 14.0 	 Demand: 366
	Edge: 115 <--> 112 	 Freq: 14.0 	 Demand: 162
	Edge: 599 <--> 683 	 Freq: 14.0 	 Demand: 2185
	Edge: 69 <--> 70 	 Freq: 14.0 	 Demand: 162
	Edge: 522 <--> 654 	 Freq: 14.0 	 Demand: 638
	Edge: 518 <--> 149 	 Freq: 14.0 	 Demand: 111
	Edge: 659 <--> 660 	 Freq: 14.0 	 Demand: 799
	Edge: 658 <--> 659 	 Freq: 14.0 	 Demand: 1454
	Edge: 266 <--> 658 	 Freq: 14.0 	 Demand: 2210
	Edge: 266 <--> 657 	 Freq: 14.0 	 Demand: 1420
	Edge: 213 <--> 266 	 Freq: 14.0 	 Demand: 162
	Edge: 355 <--> 564 	 Freq: 14.0 	 Demand: 1513
	Edge: 355 <--> 356 	 Freq: 14.0 	 Demand: 527
	Edge: 500 <--> 478 	 Freq: 14.0 	 Demand: 366
	Edge: 478 <--> 483 	 Freq: 14.0 	 Demand: 408
	Edge: 267 <--> 478 	 Freq: 14.0 	 Demand: 544
	Edge: 208 <--> 205 	 Freq: 14.0 	 Demand: 706
	Edge: 673 <--> 205 	 Freq: 14.0 	 Demand: 952
	Edge: 204 <--> 205 	 Freq: 14.0 	 Demand: 587
	Edge: 204 <--> 399 	 Freq: 14.0 	 Demand: 714
	Edge: 476 <--> 474 	 Freq: 14.0 	 Demand: 315
	Edge: 477 <--> 476 	 Freq: 14.0 	 Demand: 1505
	Edge: 32 <--> 30 	 Freq: 14.0 	 Demand: 162
	Edge: 406 <--> 32 	 Freq: 14.0 	 Demand: 595
	Edge: 11 <--> 12 	 Freq: 14.0 	 Demand: 799
	Edge: 11 <--> 410 	 Freq: 14.0 	 Demand: 536
	Edge: 99 <--> 706 	 Freq: 14.0 	 Demand: 2363
	Edge: 203 <--> 200 	 Freq: 14.0 	 Demand: 510
	Edge: 53 <--> 54 	 Freq: 14.0 	 Demand: 204
	Edge: 53 <--> 56 	 Freq: 14.0 	 Demand: 315
	Edge: 54 <--> 89 	 Freq: 14.0 	 Demand: 544
	Edge: 137 <--> 53 	 Freq: 14.0 	 Demand: 1233
	Edge: 87 <--> 56 	 Freq: 14.0 	 Demand: 204
	Edge: 518 <--> 609 	 Freq: 14.0 	 Demand: 1063
	Edge: 606 <--> 518 	 Freq: 14.0 	 Demand: 544
	Edge: 620 <--> 621 	 Freq: 14.0 	 Demand: 476
	Edge: 621 <--> 739 	 Freq: 14.0 	 Demand: 1649
	Edge: 522 <--> 636 	 Freq: 14.0 	 Demand: 323
	Edge: 638 <--> 636 	 Freq: 14.0 	 Demand: 587
	Edge: 636 <--> 637 	 Freq: 14.0 	 Demand: 1139
	Edge: 126 <--> 127 	 Freq: 14.0 	 Demand: 3400
	Edge: 736 <--> 738 	 Freq: 14.0 	 Demand: 408
	Edge: 252 <--> 736 	 Freq: 14.0 	 Demand: 323
	Edge: 736 <--> 737 	 Freq: 14.0 	 Demand: 1615
	Edge: 102 <--> 113 	 Freq: 14.0 	 Demand: 323
	Edge: 1 <--> 27 	 Freq: 14.0 	 Demand: 833
	Edge: 288 <--> 1 	 Freq: 14.0 	 Demand: 383
	Edge: 1 <--> 26 	 Freq: 14.0 	 Demand: 689
	Edge: 122 <--> 124 	 Freq: 14.0 	 Demand: 425
	Edge: 541 <--> 686 	 Freq: 14.0 	 Demand: 646
	Edge: 555 <--> 541 	 Freq: 14.0 	 Demand: 408
	Edge: 101 <--> 466 	 Freq: 14.0 	 Demand: 1020
	Edge: 466 <--> 320 	 Freq: 14.0 	 Demand: 544
	Edge: 100 <--> 101 	 Freq: 14.0 	 Demand: 1938
	Edge: 611 <--> 100 	 Freq: 14.0 	 Demand: 876
	Edge: 516 <--> 517 	 Freq: 14.0 	 Demand: 204
	Edge: 607 <--> 516 	 Freq: 14.0 	 Demand: 655
	Edge: 516 <--> 608 	 Freq: 14.0 	 Demand: 765
	Edge: 134 <--> 516 	 Freq: 14.0 	 Demand: 493
	Edge: 532 <--> 471 	 Freq: 14.0 	 Demand: 476
	Edge: 497 <--> 496 	 Freq: 14.0 	 Demand: 434
	Edge: 531 <--> 497 	 Freq: 14.0 	 Demand: 893
	Edge: 604 <--> 146 	 Freq: 14.0 	 Demand: 570
	Edge: 604 <--> 709 	 Freq: 14.0 	 Demand: 638
	Edge: 740 <--> 741 	 Freq: 14.0 	 Demand: 1012
	Edge: 417 <--> 139 	 Freq: 14.0 	 Demand: 757
	Edge: 139 <--> 140 	 Freq: 14.0 	 Demand: 111
	Edge: 140 <--> 379 	 Freq: 14.0 	 Demand: 111
	Edge: 139 <--> 290 	 Freq: 14.0 	 Demand: 646
	Edge: 591 <--> 592 	 Freq: 14.0 	 Demand: 315
	Edge: 592 <--> 593 	 Freq: 14.0 	 Demand: 204
	Edge: 22 <--> 592 	 Freq: 14.0 	 Demand: 3664
	Edge: 21 <--> 22 	 Freq: 14.0 	 Demand: 1981
	Edge: 18 <--> 21 	 Freq: 14.0 	 Demand: 366
	Edge: 8 <--> 9 	 Freq: 14.0 	 Demand: 544
	Edge: 421 <--> 8 	 Freq: 14.0 	 Demand: 1029
	Edge: 421 <--> 3 	 Freq: 14.0 	 Demand: 5148
	Edge: 3 <--> 10 	 Freq: 14.0 	 Demand: 323
	Edge: 10 <--> 11 	 Freq: 14.0 	 Demand: 536
	Edge: 505 <--> 504 	 Freq: 14.0 	 Demand: 204
	Edge: 567 <--> 684 	 Freq: 14.0 	 Demand: 272
	Edge: 567 <--> 568 	 Freq: 14.0 	 Demand: 204
	Edge: 17 <--> 567 	 Freq: 14.0 	 Demand: 366
	Edge: 565 <--> 17 	 Freq: 14.0 	 Demand: 927
	Edge: 17 <--> 18 	 Freq: 14.0 	 Demand: 1063
	Edge: 389 <--> 530 	 Freq: 14.0 	 Demand: 791
	Edge: 389 <--> 390 	 Freq: 14.0 	 Demand: 272
	Edge: 144 <--> 697 	 Freq: 14.0 	 Demand: 323
	Edge: 143 <--> 144 	 Freq: 14.0 	 Demand: 162
	Edge: 143 <--> 604 	 Freq: 14.0 	 Demand: 162
	Edge: 35 <--> 36 	 Freq: 14.0 	 Demand: 1207
	Edge: 90 <--> 35 	 Freq: 14.0 	 Demand: 680
	Edge: 35 <--> 380 	 Freq: 14.0 	 Demand: 2457
	Edge: 36 <--> 43 	 Freq: 14.0 	 Demand: 3771
	Edge: 239 <--> 751 	 Freq: 14.0 	 Demand: 3103
	Edge: 335 <--> 336 	 Freq: 14.0 	 Demand: 4318
	Edge: 335 <--> 676 	 Freq: 14.0 	 Demand: 1454
	Edge: 691 <--> 692 	 Freq: 14.0 	 Demand: 3681
	Edge: 574 <--> 575 	 Freq: 14.0 	 Demand: 910
	Edge: 26 <--> 574 	 Freq: 14.0 	 Demand: 927
	Edge: 26 <--> 25 	 Freq: 14.0 	 Demand: 485
	Edge: 148 <--> 149 	 Freq: 14.0 	 Demand: 383
	Edge: 149 <--> 130 	 Freq: 14.0 	 Demand: 1080
	Edge: 250 <--> 251 	 Freq: 14.0 	 Demand: 859
	Edge: 249 <--> 250 	 Freq: 14.0 	 Demand: 111
	Edge: 464 <--> 465 	 Freq: 14.0 	 Demand: 204
	Edge: 465 <--> 180 	 Freq: 14.0 	 Demand: 111
	Edge: 54 <--> 55 	 Freq: 14.0 	 Demand: 816
	Edge: 19 <--> 20 	 Freq: 14.0 	 Demand: 485
	Edge: 19 <--> 590 	 Freq: 14.0 	 Demand: 162
	Edge: 367 <--> 386 	 Freq: 14.0 	 Demand: 272
	Edge: 386 <--> 700 	 Freq: 14.0 	 Demand: 272
	Edge: 416 <--> 412 	 Freq: 14.0 	 Demand: 1207
	Edge: 415 <--> 412 	 Freq: 14.0 	 Demand: 680
	Edge: 415 <--> 527 	 Freq: 14.0 	 Demand: 204
	Edge: 759 <--> 685 	 Freq: 14.0 	 Demand: 893
	Edge: 690 <--> 547 	 Freq: 14.0 	 Demand: 1088
	Edge: 757 <--> 569 	 Freq: 14.0 	 Demand: 799
	Edge: 306 <--> 695 	 Freq: 14.0 	 Demand: 162
	Edge: 549 <--> 306 	 Freq: 14.0 	 Demand: 323
	Edge: 554 <--> 549 	 Freq: 14.0 	 Demand: 519
	Edge: 712 <--> 554 	 Freq: 14.0 	 Demand: 434
	Edge: 502 <--> 353 	 Freq: 14.0 	 Demand: 638
	Edge: 502 <--> 216 	 Freq: 14.0 	 Demand: 1284
	Edge: 241 <--> 242 	 Freq: 14.0 	 Demand: 162
	Edge: 12 <--> 408 	 Freq: 14.0 	 Demand: 910
	Edge: 12 <--> 409 	 Freq: 14.0 	 Demand: 655
	Edge: 717 <--> 495 	 Freq: 14.0 	 Demand: 2635
	Edge: 550 <--> 551 	 Freq: 14.0 	 Demand: 434
	Edge: 554 <--> 695 	 Freq: 14.0 	 Demand: 476
	Edge: 754 <--> 114 	 Freq: 14.0 	 Demand: 1496
	Edge: 138 <--> 87 	 Freq: 14.0 	 Demand: 646
	Edge: 542 <--> 527 	 Freq: 14.0 	 Demand: 451
	Edge: 206 <--> 204 	 Freq: 14.0 	 Demand: 1360
	Edge: 565 <--> 613 	 Freq: 14.0 	 Demand: 1173
	Edge: 396 <--> 397 	 Freq: 14.0 	 Demand: 1743
	Edge: 56 <--> 610 	 Freq: 14.0 	 Demand: 1513
	Edge: 546 <--> 547 	 Freq: 14.0 	 Demand: 1777
	Edge: 267 <--> 268 	 Freq: 14.0 	 Demand: 706
	Edge: 412 <--> 413 	 Freq: 14.0 	 Demand: 111
	Edge: 415 <--> 414 	 Freq: 14.0 	 Demand: 315
	Edge: 700 <--> 701 	 Freq: 14.0 	 Demand: 434
	Edge: 52 <--> 656 	 Freq: 14.0 	 Demand: 340
	Edge: 15 <--> 16 	 Freq: 14.0 	 Demand: 1029
	Edge: 94 <--> 118 	 Freq: 14.0 	 Demand: 859
	Edge: 670 <--> 202 	 Freq: 14.0 	 Demand: 757
	Edge: 273 <--> 699 	 Freq: 14.0 	 Demand: 111
	Edge: 25 <--> 424 	 Freq: 14.0 	 Demand: 408
	Edge: 196 <--> 191 	 Freq: 14.0 	 Demand: 323
	Edge: 524 <--> 400 	 Freq: 14.0 	 Demand: 323

	Routes:

	Route: 1
	Route length (8652.0) and demand (9684)
	Edge: 56 <--> 610 	 Freq: 14.0 	 Demand: 1513
	Edge: 53 <--> 54 	 Freq: 14.0 	 Demand: 204
	Edge: 54 <--> 55 	 Freq: 14.0 	 Demand: 816
	Edge: 54 <--> 89 	 Freq: 14.0 	 Demand: 544
	Edge: 137 <--> 53 	 Freq: 14.0 	 Demand: 1233
	Edge: 53 <--> 56 	 Freq: 14.0 	 Demand: 315
	Edge: 87 <--> 56 	 Freq: 14.0 	 Demand: 204
	Edge: 138 <--> 87 	 Freq: 14.0 	 Demand: 646
	Edge: 69 <--> 70 	 Freq: 14.0 	 Demand: 162
	Edge: 122 <--> 123 	 Freq: 14.0 	 Demand: 111
	Edge: 122 <--> 643 	 Freq: 14.0 	 Demand: 111
	Edge: 122 <--> 124 	 Freq: 14.0 	 Demand: 425
	Edge: 126 <--> 127 	 Freq: 14.0 	 Demand: 3400
	Route: 2
	Route length (7993.0) and demand (7652)
	Edge: 673 <--> 205 	 Freq: 14.0 	 Demand: 952
	Edge: 208 <--> 205 	 Freq: 14.0 	 Demand: 706
	Edge: 204 <--> 205 	 Freq: 14.0 	 Demand: 587
	Edge: 204 <--> 399 	 Freq: 14.0 	 Demand: 714
	Edge: 206 <--> 204 	 Freq: 14.0 	 Demand: 1360
	Edge: 522 <--> 654 	 Freq: 14.0 	 Demand: 638
	Edge: 638 <--> 636 	 Freq: 14.0 	 Demand: 587
	Edge: 636 <--> 637 	 Freq: 14.0 	 Demand: 1139
	Edge: 522 <--> 636 	 Freq: 14.0 	 Demand: 323
	Edge: 196 <--> 191 	 Freq: 14.0 	 Demand: 323
	Edge: 524 <--> 400 	 Freq: 14.0 	 Demand: 323
	Route: 3
	Route length (8848.0) and demand (11521)
	Edge: 691 <--> 692 	 Freq: 14.0 	 Demand: 3681
	Edge: 550 <--> 551 	 Freq: 14.0 	 Demand: 434
	Edge: 717 <--> 495 	 Freq: 14.0 	 Demand: 2635
	Edge: 531 <--> 497 	 Freq: 14.0 	 Demand: 893
	Edge: 497 <--> 496 	 Freq: 14.0 	 Demand: 434
	Edge: 532 <--> 471 	 Freq: 14.0 	 Demand: 476
	Edge: 555 <--> 541 	 Freq: 14.0 	 Demand: 408
	Edge: 541 <--> 686 	 Freq: 14.0 	 Demand: 646
	Edge: 306 <--> 695 	 Freq: 14.0 	 Demand: 162
	Edge: 554 <--> 695 	 Freq: 14.0 	 Demand: 476
	Edge: 712 <--> 554 	 Freq: 14.0 	 Demand: 434
	Edge: 554 <--> 549 	 Freq: 14.0 	 Demand: 519
	Edge: 549 <--> 306 	 Freq: 14.0 	 Demand: 323
	Route: 4
	Route length (7966.0) and demand (11741)
	Edge: 266 <--> 657 	 Freq: 14.0 	 Demand: 1420
	Edge: 659 <--> 660 	 Freq: 14.0 	 Demand: 799
	Edge: 658 <--> 659 	 Freq: 14.0 	 Demand: 1454
	Edge: 266 <--> 658 	 Freq: 14.0 	 Demand: 2210
	Edge: 213 <--> 266 	 Freq: 14.0 	 Demand: 162
	Edge: 505 <--> 504 	 Freq: 14.0 	 Demand: 204
	Edge: 502 <--> 216 	 Freq: 14.0 	 Demand: 1284
	Edge: 216 <--> 217 	 Freq: 14.0 	 Demand: 799
	Edge: 221 <--> 216 	 Freq: 14.0 	 Demand: 731
	Edge: 355 <--> 356 	 Freq: 14.0 	 Demand: 527
	Edge: 355 <--> 564 	 Freq: 14.0 	 Demand: 1513
	Edge: 502 <--> 353 	 Freq: 14.0 	 Demand: 638
	Route: 5
	Route length (4170.0) and demand (8690)
	Edge: 19 <--> 20 	 Freq: 14.0 	 Demand: 485
	Edge: 736 <--> 738 	 Freq: 14.0 	 Demand: 408
	Edge: 736 <--> 737 	 Freq: 14.0 	 Demand: 1615
	Edge: 252 <--> 736 	 Freq: 14.0 	 Demand: 323
	Edge: 17 <--> 18 	 Freq: 14.0 	 Demand: 1063
	Edge: 565 <--> 17 	 Freq: 14.0 	 Demand: 927
	Edge: 565 <--> 613 	 Freq: 14.0 	 Demand: 1173
	Edge: 17 <--> 567 	 Freq: 14.0 	 Demand: 366
	Edge: 757 <--> 569 	 Freq: 14.0 	 Demand: 799
	Edge: 567 <--> 568 	 Freq: 14.0 	 Demand: 204
	Edge: 759 <--> 685 	 Freq: 14.0 	 Demand: 893
	Edge: 567 <--> 684 	 Freq: 14.0 	 Demand: 272
	Edge: 19 <--> 590 	 Freq: 14.0 	 Demand: 162
	Route: 6
	Route length (3788.0) and demand (10757)
	Edge: 591 <--> 592 	 Freq: 14.0 	 Demand: 315
	Edge: 592 <--> 593 	 Freq: 14.0 	 Demand: 204
	Edge: 22 <--> 592 	 Freq: 14.0 	 Demand: 3664
	Edge: 21 <--> 22 	 Freq: 14.0 	 Demand: 1981
	Edge: 18 <--> 21 	 Freq: 14.0 	 Demand: 366
	Edge: 26 <--> 25 	 Freq: 14.0 	 Demand: 485
	Edge: 26 <--> 574 	 Freq: 14.0 	 Demand: 927
	Edge: 574 <--> 575 	 Freq: 14.0 	 Demand: 910
	Edge: 1 <--> 26 	 Freq: 14.0 	 Demand: 689
	Edge: 1 <--> 27 	 Freq: 14.0 	 Demand: 833
	Edge: 288 <--> 1 	 Freq: 14.0 	 Demand: 383
	Route: 7
	Route length (8817.0) and demand (9835)
	Edge: 36 <--> 43 	 Freq: 14.0 	 Demand: 3771
	Edge: 249 <--> 250 	 Freq: 14.0 	 Demand: 111
	Edge: 250 <--> 251 	 Freq: 14.0 	 Demand: 859
	Edge: 247 <--> 248 	 Freq: 14.0 	 Demand: 204
	Edge: 464 <--> 465 	 Freq: 14.0 	 Demand: 204
	Edge: 465 <--> 180 	 Freq: 14.0 	 Demand: 111
	Edge: 52 <--> 656 	 Freq: 14.0 	 Demand: 340
	Edge: 5 <--> 382 	 Freq: 14.0 	 Demand: 366
	Edge: 3 <--> 10 	 Freq: 14.0 	 Demand: 323
	Edge: 10 <--> 11 	 Freq: 14.0 	 Demand: 536
	Edge: 11 <--> 12 	 Freq: 14.0 	 Demand: 799
	Edge: 12 <--> 409 	 Freq: 14.0 	 Demand: 655
	Edge: 12 <--> 408 	 Freq: 14.0 	 Demand: 910
	Edge: 139 <--> 290 	 Freq: 14.0 	 Demand: 646
	Route: 8
	Route length (14982.0) and demand (10526)
	Edge: 700 <--> 701 	 Freq: 14.0 	 Demand: 434
	Edge: 386 <--> 700 	 Freq: 14.0 	 Demand: 272
	Edge: 367 <--> 386 	 Freq: 14.0 	 Demand: 272
	Edge: 330 <--> 367 	 Freq: 14.0 	 Demand: 1649
	Edge: 670 <--> 202 	 Freq: 14.0 	 Demand: 757
	Edge: 396 <--> 397 	 Freq: 14.0 	 Demand: 1743
	Edge: 547 <--> 395 	 Freq: 14.0 	 Demand: 961
	Edge: 690 <--> 547 	 Freq: 14.0 	 Demand: 1088
	Edge: 546 <--> 547 	 Freq: 14.0 	 Demand: 1777
	Edge: 203 <--> 200 	 Freq: 14.0 	 Demand: 510
	Edge: 389 <--> 390 	 Freq: 14.0 	 Demand: 272
	Edge: 389 <--> 530 	 Freq: 14.0 	 Demand: 791
	Route: 9
	Route length (5367.0) and demand (11700)
	Edge: 239 <--> 751 	 Freq: 14.0 	 Demand: 3103
	Edge: 241 <--> 242 	 Freq: 14.0 	 Demand: 162
	Edge: 621 <--> 739 	 Freq: 14.0 	 Demand: 1649
	Edge: 740 <--> 741 	 Freq: 14.0 	 Demand: 1012
	Edge: 620 <--> 621 	 Freq: 14.0 	 Demand: 476
	Edge: 599 <--> 683 	 Freq: 14.0 	 Demand: 2185
	Edge: 477 <--> 476 	 Freq: 14.0 	 Demand: 1505
	Edge: 476 <--> 474 	 Freq: 14.0 	 Demand: 315
	Edge: 32 <--> 30 	 Freq: 14.0 	 Demand: 162
	Edge: 406 <--> 32 	 Freq: 14.0 	 Demand: 595
	Edge: 11 <--> 410 	 Freq: 14.0 	 Demand: 536
	Route: 10
	Route length (9193.0) and demand (10764)
	Edge: 416 <--> 412 	 Freq: 14.0 	 Demand: 1207
	Edge: 412 <--> 413 	 Freq: 14.0 	 Demand: 111
	Edge: 415 <--> 412 	 Freq: 14.0 	 Demand: 680
	Edge: 542 <--> 527 	 Freq: 14.0 	 Demand: 451
	Edge: 415 <--> 527 	 Freq: 14.0 	 Demand: 204
	Edge: 415 <--> 414 	 Freq: 14.0 	 Demand: 315
	Edge: 335 <--> 336 	 Freq: 14.0 	 Demand: 4318
	Edge: 335 <--> 676 	 Freq: 14.0 	 Demand: 1454
	Edge: 267 <--> 478 	 Freq: 14.0 	 Demand: 544
	Edge: 478 <--> 483 	 Freq: 14.0 	 Demand: 408
	Edge: 500 <--> 478 	 Freq: 14.0 	 Demand: 366
	Edge: 267 <--> 268 	 Freq: 14.0 	 Demand: 706
	Route: 11
	Route length (4546.0) and demand (11493)
	Edge: 466 <--> 320 	 Freq: 14.0 	 Demand: 544
	Edge: 101 <--> 466 	 Freq: 14.0 	 Demand: 1020
	Edge: 100 <--> 101 	 Freq: 14.0 	 Demand: 1938
	Edge: 611 <--> 100 	 Freq: 14.0 	 Demand: 876
	Edge: 99 <--> 706 	 Freq: 14.0 	 Demand: 2363
	Edge: 90 <--> 35 	 Freq: 14.0 	 Demand: 680
	Edge: 35 <--> 380 	 Freq: 14.0 	 Demand: 2457
	Edge: 35 <--> 36 	 Freq: 14.0 	 Demand: 1207
	Edge: 25 <--> 424 	 Freq: 14.0 	 Demand: 408
	Route: 12
	Route length (9223.0) and demand (11244)
	Edge: 516 <--> 517 	 Freq: 14.0 	 Demand: 204
	Edge: 516 <--> 608 	 Freq: 14.0 	 Demand: 765
	Edge: 607 <--> 516 	 Freq: 14.0 	 Demand: 655
	Edge: 134 <--> 516 	 Freq: 14.0 	 Demand: 493
	Edge: 518 <--> 149 	 Freq: 14.0 	 Demand: 111
	Edge: 518 <--> 609 	 Freq: 14.0 	 Demand: 1063
	Edge: 606 <--> 518 	 Freq: 14.0 	 Demand: 544
	Edge: 148 <--> 149 	 Freq: 14.0 	 Demand: 383
	Edge: 149 <--> 130 	 Freq: 14.0 	 Demand: 1080
	Edge: 144 <--> 697 	 Freq: 14.0 	 Demand: 323
	Edge: 143 <--> 144 	 Freq: 14.0 	 Demand: 162
	Edge: 143 <--> 604 	 Freq: 14.0 	 Demand: 162
	Edge: 604 <--> 709 	 Freq: 14.0 	 Demand: 638
	Edge: 604 <--> 146 	 Freq: 14.0 	 Demand: 570
	Edge: 146 <--> 273 	 Freq: 14.0 	 Demand: 111
	Edge: 273 <--> 699 	 Freq: 14.0 	 Demand: 111
	Edge: 102 <--> 113 	 Freq: 14.0 	 Demand: 323
	Edge: 754 <--> 114 	 Freq: 14.0 	 Demand: 1496
	Edge: 115 <--> 112 	 Freq: 14.0 	 Demand: 162
	Edge: 94 <--> 118 	 Freq: 14.0 	 Demand: 859
	Edge: 15 <--> 16 	 Freq: 14.0 	 Demand: 1029
	Route: 13
	Route length (1069.0) and demand (7700)
	Edge: 417 <--> 139 	 Freq: 14.0 	 Demand: 757
	Edge: 8 <--> 9 	 Freq: 14.0 	 Demand: 544
	Edge: 421 <--> 8 	 Freq: 14.0 	 Demand: 1029
	Edge: 421 <--> 3 	 Freq: 14.0 	 Demand: 5148
	Edge: 140 <--> 379 	 Freq: 14.0 	 Demand: 111
	Edge: 139 <--> 140 	 Freq: 14.0 	 Demand: 111

Day 2, number of edges 102, number of routes 12

	Edges:

	Edge: 425 <--> 39 	 Freq: 14.0 	 Demand: 493
	Edge: 223 <--> 224 	 Freq: 14.0 	 Demand: 536
	Edge: 224 <--> 503 	 Freq: 14.0 	 Demand: 731
	Edge: 160 <--> 704 	 Freq: 14.0 	 Demand: 2253
	Edge: 83 <--> 84 	 Freq: 14.0 	 Demand: 1054
	Edge: 188 <--> 83 	 Freq: 14.0 	 Demand: 2771
	Edge: 485 <--> 489 	 Freq: 14.0 	 Demand: 272
	Edge: 489 <--> 294 	 Freq: 14.0 	 Demand: 510
	Edge: 209 <--> 208 	 Freq: 14.0 	 Demand: 689
	Edge: 12 <--> 406 	 Freq: 14.0 	 Demand: 595
	Edge: 532 <--> 497 	 Freq: 14.0 	 Demand: 1513
	Edge: 589 <--> 417 	 Freq: 14.0 	 Demand: 162
	Edge: 60 <--> 62 	 Freq: 14.0 	 Demand: 162
	Edge: 391 <--> 390 	 Freq: 14.0 	 Demand: 748
	Edge: 393 <--> 390 	 Freq: 14.0 	 Demand: 1692
	Edge: 351 <--> 352 	 Freq: 14.0 	 Demand: 1122
	Edge: 39 <--> 602 	 Freq: 14.0 	 Demand: 1097
	Edge: 241 <--> 243 	 Freq: 14.0 	 Demand: 527
	Edge: 179 <--> 452 	 Freq: 14.0 	 Demand: 2703
	Edge: 179 <--> 337 	 Freq: 14.0 	 Demand: 2721
	Edge: 63 <--> 639 	 Freq: 14.0 	 Demand: 969
	Edge: 63 <--> 64 	 Freq: 14.0 	 Demand: 1777
	Edge: 581 <--> 582 	 Freq: 14.0 	 Demand: 3800
	Edge: 755 <--> 475 	 Freq: 14.0 	 Demand: 527
	Edge: 318 <--> 319 	 Freq: 14.0 	 Demand: 680
	Edge: 276 <--> 277 	 Freq: 14.0 	 Demand: 323
	Edge: 277 <--> 698 	 Freq: 14.0 	 Demand: 111
	Edge: 713 <--> 714 	 Freq: 14.0 	 Demand: 2720
	Edge: 50 <--> 51 	 Freq: 14.0 	 Demand: 162
	Edge: 603 <--> 50 	 Freq: 14.0 	 Demand: 272
	Edge: 50 <--> 729 	 Freq: 14.0 	 Demand: 204
	Edge: 51 <--> 423 	 Freq: 14.0 	 Demand: 315
	Edge: 378 <--> 423 	 Freq: 14.0 	 Demand: 612
	Edge: 576 <--> 301 	 Freq: 14.0 	 Demand: 3550
	Edge: 237 <--> 625 	 Freq: 14.0 	 Demand: 2389
	Edge: 578 <--> 579 	 Freq: 14.0 	 Demand: 221
	Edge: 578 <--> 580 	 Freq: 14.0 	 Demand: 1131
	Edge: 160 <--> 161 	 Freq: 14.0 	 Demand: 4631
	Edge: 583 <--> 584 	 Freq: 14.0 	 Demand: 4059
	Edge: 585 <--> 586 	 Freq: 14.0 	 Demand: 3586
	Edge: 13 <--> 14 	 Freq: 14.0 	 Demand: 1811
	Edge: 146 <--> 147 	 Freq: 14.0 	 Demand: 2533
	Edge: 162 <--> 228 	 Freq: 14.0 	 Demand: 2040
	Edge: 162 <--> 163 	 Freq: 14.0 	 Demand: 4165
	Edge: 705 <--> 162 	 Freq: 14.0 	 Demand: 4040
	Edge: 245 <--> 246 	 Freq: 14.0 	 Demand: 162
	Edge: 244 <--> 245 	 Freq: 14.0 	 Demand: 2720
	Edge: 218 <--> 219 	 Freq: 14.0 	 Demand: 1513
	Edge: 219 <--> 354 	 Freq: 14.0 	 Demand: 689
	Edge: 150 <--> 83 	 Freq: 14.0 	 Demand: 1046
	Edge: 207 <--> 208 	 Freq: 14.0 	 Demand: 544
	Edge: 406 <--> 407 	 Freq: 14.0 	 Demand: 1071
	Edge: 406 <--> 411 	 Freq: 14.0 	 Demand: 1607
	Edge: 733 <--> 735 	 Freq: 14.0 	 Demand: 1054
	Edge: 733 <--> 734 	 Freq: 14.0 	 Demand: 1658
	Edge: 97 <--> 98 	 Freq: 14.0 	 Demand: 995
	Edge: 178 <--> 28 	 Freq: 14.0 	 Demand: 272
	Edge: 178 <--> 30 	 Freq: 14.0 	 Demand: 952
	Edge: 28 <--> 29 	 Freq: 14.0 	 Demand: 2865
	Edge: 373 <--> 437 	 Freq: 14.0 	 Demand: 485
	Edge: 373 <--> 344 	 Freq: 14.0 	 Demand: 646
	Edge: 344 <--> 439 	 Freq: 14.0 	 Demand: 646
	Edge: 132 <--> 133 	 Freq: 14.0 	 Demand: 1071
	Edge: 187 <--> 133 	 Freq: 14.0 	 Demand: 272
	Edge: 286 <--> 287 	 Freq: 14.0 	 Demand: 162
	Edge: 285 <--> 286 	 Freq: 14.0 	 Demand: 544
	Edge: 285 <--> 375 	 Freq: 14.0 	 Demand: 111
	Edge: 433 <--> 434 	 Freq: 14.0 	 Demand: 689
	Edge: 433 <--> 377 	 Freq: 14.0 	 Demand: 808
	Edge: 377 <--> 378 	 Freq: 14.0 	 Demand: 485
	Edge: 339 <--> 377 	 Freq: 14.0 	 Demand: 111
	Edge: 128 <--> 129 	 Freq: 14.0 	 Demand: 918
	Edge: 95 <--> 61 	 Freq: 14.0 	 Demand: 510
	Edge: 392 <--> 672 	 Freq: 14.0 	 Demand: 204
	Edge: 720 <--> 721 	 Freq: 14.0 	 Demand: 2720
	Edge: 615 <--> 472 	 Freq: 14.0 	 Demand: 2712
	Edge: 622 <--> 238 	 Freq: 14.0 	 Demand: 111
	Edge: 32 <--> 601 	 Freq: 14.0 	 Demand: 1513
	Edge: 32 <--> 462 	 Freq: 14.0 	 Demand: 1496
	Edge: 333 <--> 299 	 Freq: 14.0 	 Demand: 340
	Edge: 299 <--> 280 	 Freq: 14.0 	 Demand: 680
	Edge: 291 <--> 292 	 Freq: 14.0 	 Demand: 1811
	Edge: 16 <--> 565 	 Freq: 14.0 	 Demand: 162
	Edge: 16 <--> 566 	 Freq: 14.0 	 Demand: 2244
	Edge: 404 <--> 405 	 Freq: 14.0 	 Demand: 1564
	Edge: 570 <--> 559 	 Freq: 14.0 	 Demand: 162
	Edge: 283 <--> 284 	 Freq: 14.0 	 Demand: 111
	Edge: 346 <--> 347 	 Freq: 14.0 	 Demand: 1224
	Edge: 118 <--> 119 	 Freq: 14.0 	 Demand: 1182
	Edge: 533 <--> 534 	 Freq: 14.0 	 Demand: 3995
	Edge: 438 <--> 722 	 Freq: 14.0 	 Demand: 111
	Edge: 760 <--> 687 	 Freq: 14.0 	 Demand: 1828
	Edge: 105 <--> 571 	 Freq: 14.0 	 Demand: 680
	Edge: 214 <--> 215 	 Freq: 14.0 	 Demand: 4133
	Edge: 334 <--> 725 	 Freq: 14.0 	 Demand: 680
	Edge: 344 <--> 345 	 Freq: 14.0 	 Demand: 162
	Edge: 526 <--> 260 	 Freq: 14.0 	 Demand: 221
	Edge: 318 <--> 319 	 Freq: 7.0 	 Demand: 3836
	Edge: 578 <--> 580 	 Freq: 7.0 	 Demand: 4080
	Edge: 193 <--> 191 	 Freq: 14.0 	 Demand: 1692
	Edge: 191 <--> 192 	 Freq: 14.0 	 Demand: 901
	Edge: 15 <--> 94 	 Freq: 14.0 	 Demand: 221

	Routes:

	Route: 1
	Route length (3917.0) and demand (11448)
	Edge: 733 <--> 735 	 Freq: 14.0 	 Demand: 1054
	Edge: 733 <--> 734 	 Freq: 14.0 	 Demand: 1658
	Edge: 576 <--> 301 	 Freq: 14.0 	 Demand: 3550
	Edge: 291 <--> 292 	 Freq: 14.0 	 Demand: 1811
	Edge: 13 <--> 14 	 Freq: 14.0 	 Demand: 1811
	Edge: 404 <--> 405 	 Freq: 14.0 	 Demand: 1564
	Route: 2
	Route length (8424.0) and demand (11700)
	Edge: 207 <--> 208 	 Freq: 14.0 	 Demand: 544
	Edge: 209 <--> 208 	 Freq: 14.0 	 Demand: 689
	Edge: 191 <--> 192 	 Freq: 14.0 	 Demand: 901
	Edge: 63 <--> 639 	 Freq: 14.0 	 Demand: 969
	Edge: 63 <--> 64 	 Freq: 14.0 	 Demand: 1777
	Edge: 193 <--> 191 	 Freq: 14.0 	 Demand: 1692
	Edge: 97 <--> 98 	 Freq: 14.0 	 Demand: 995
	Edge: 214 <--> 215 	 Freq: 14.0 	 Demand: 4133
	Route: 3
	Route length (9153.0) and demand (11544)
	Edge: 16 <--> 566 	 Freq: 14.0 	 Demand: 2244
	Edge: 118 <--> 119 	 Freq: 14.0 	 Demand: 1182
	Edge: 105 <--> 571 	 Freq: 14.0 	 Demand: 680
	Edge: 146 <--> 147 	 Freq: 14.0 	 Demand: 2533
	Edge: 128 <--> 129 	 Freq: 14.0 	 Demand: 918
	Edge: 187 <--> 133 	 Freq: 14.0 	 Demand: 272
	Edge: 132 <--> 133 	 Freq: 14.0 	 Demand: 1071
	Edge: 392 <--> 672 	 Freq: 14.0 	 Demand: 204
	Edge: 393 <--> 390 	 Freq: 14.0 	 Demand: 1692
	Edge: 391 <--> 390 	 Freq: 14.0 	 Demand: 748
	Route: 4
	Route length (4106.0) and demand (9766)
	Edge: 160 <--> 161 	 Freq: 14.0 	 Demand: 4631
	Edge: 160 <--> 704 	 Freq: 14.0 	 Demand: 2253
	Edge: 244 <--> 245 	 Freq: 14.0 	 Demand: 2720
	Edge: 245 <--> 246 	 Freq: 14.0 	 Demand: 162
	Route: 5
	Route length (4974.0) and demand (11835)
	Edge: 39 <--> 602 	 Freq: 14.0 	 Demand: 1097
	Edge: 425 <--> 39 	 Freq: 14.0 	 Demand: 493
	Edge: 162 <--> 228 	 Freq: 14.0 	 Demand: 2040
	Edge: 162 <--> 163 	 Freq: 14.0 	 Demand: 4165
	Edge: 705 <--> 162 	 Freq: 14.0 	 Demand: 4040
	Route: 6
	Route length (3227.0) and demand (11530)
	Edge: 589 <--> 417 	 Freq: 14.0 	 Demand: 162
	Edge: 12 <--> 406 	 Freq: 14.0 	 Demand: 595
	Edge: 406 <--> 411 	 Freq: 14.0 	 Demand: 1607
	Edge: 32 <--> 601 	 Freq: 14.0 	 Demand: 1513
	Edge: 178 <--> 28 	 Freq: 14.0 	 Demand: 272
	Edge: 28 <--> 29 	 Freq: 14.0 	 Demand: 2865
	Edge: 318 <--> 319 	 Freq: 7.0 	 Demand: 3836
	Edge: 318 <--> 319 	 Freq: 14.0 	 Demand: 680
	Route: 7
	Route length (9926.0) and demand (11587)
	Edge: 218 <--> 219 	 Freq: 14.0 	 Demand: 1513
	Edge: 223 <--> 224 	 Freq: 14.0 	 Demand: 536
	Edge: 224 <--> 503 	 Freq: 14.0 	 Demand: 731
	Edge: 219 <--> 354 	 Freq: 14.0 	 Demand: 689
	Edge: 489 <--> 294 	 Freq: 14.0 	 Demand: 510
	Edge: 485 <--> 489 	 Freq: 14.0 	 Demand: 272
	Edge: 760 <--> 687 	 Freq: 14.0 	 Demand: 1828
	Edge: 532 <--> 497 	 Freq: 14.0 	 Demand: 1513
	Edge: 533 <--> 534 	 Freq: 14.0 	 Demand: 3995
	Route: 8
	Route length (3698.0) and demand (11985)
	Edge: 179 <--> 337 	 Freq: 14.0 	 Demand: 2721
	Edge: 179 <--> 452 	 Freq: 14.0 	 Demand: 2703
	Edge: 178 <--> 30 	 Freq: 14.0 	 Demand: 952
	Edge: 755 <--> 475 	 Freq: 14.0 	 Demand: 527
	Edge: 585 <--> 586 	 Freq: 14.0 	 Demand: 3586
	Edge: 32 <--> 462 	 Freq: 14.0 	 Demand: 1496
	Route: 9
	Route length (13998.0) and demand (9825)
	Edge: 570 <--> 559 	 Freq: 14.0 	 Demand: 162
	Edge: 237 <--> 625 	 Freq: 14.0 	 Demand: 2389
	Edge: 241 <--> 243 	 Freq: 14.0 	 Demand: 527
	Edge: 622 <--> 238 	 Freq: 14.0 	 Demand: 111
	Edge: 50 <--> 51 	 Freq: 14.0 	 Demand: 162
	Edge: 50 <--> 729 	 Freq: 14.0 	 Demand: 204
	Edge: 603 <--> 50 	 Freq: 14.0 	 Demand: 272
	Edge: 51 <--> 423 	 Freq: 14.0 	 Demand: 315
	Edge: 378 <--> 423 	 Freq: 14.0 	 Demand: 612
	Edge: 377 <--> 378 	 Freq: 14.0 	 Demand: 485
	Edge: 339 <--> 377 	 Freq: 14.0 	 Demand: 111
	Edge: 283 <--> 284 	 Freq: 14.0 	 Demand: 111
	Edge: 433 <--> 434 	 Freq: 14.0 	 Demand: 689
	Edge: 433 <--> 377 	 Freq: 14.0 	 Demand: 808
	Edge: 286 <--> 287 	 Freq: 14.0 	 Demand: 162
	Edge: 285 <--> 286 	 Freq: 14.0 	 Demand: 544
	Edge: 438 <--> 722 	 Freq: 14.0 	 Demand: 111
	Edge: 344 <--> 345 	 Freq: 14.0 	 Demand: 162
	Edge: 344 <--> 439 	 Freq: 14.0 	 Demand: 646
	Edge: 373 <--> 344 	 Freq: 14.0 	 Demand: 646
	Edge: 373 <--> 437 	 Freq: 14.0 	 Demand: 485
	Edge: 285 <--> 375 	 Freq: 14.0 	 Demand: 111
	Route: 10
	Route length (3069.0) and demand (11642)
	Edge: 615 <--> 472 	 Freq: 14.0 	 Demand: 2712
	Edge: 581 <--> 582 	 Freq: 14.0 	 Demand: 3800
	Edge: 583 <--> 584 	 Freq: 14.0 	 Demand: 4059
	Edge: 406 <--> 407 	 Freq: 14.0 	 Demand: 1071
	Route: 11
	Route length (10696.0) and demand (10379)
	Edge: 60 <--> 62 	 Freq: 14.0 	 Demand: 162
	Edge: 720 <--> 721 	 Freq: 14.0 	 Demand: 2720
	Edge: 95 <--> 61 	 Freq: 14.0 	 Demand: 510
	Edge: 299 <--> 280 	 Freq: 14.0 	 Demand: 680
	Edge: 333 <--> 299 	 Freq: 14.0 	 Demand: 340
	Edge: 713 <--> 714 	 Freq: 14.0 	 Demand: 2720
	Edge: 334 <--> 725 	 Freq: 14.0 	 Demand: 680
	Edge: 526 <--> 260 	 Freq: 14.0 	 Demand: 221
	Edge: 346 <--> 347 	 Freq: 14.0 	 Demand: 1224
	Edge: 351 <--> 352 	 Freq: 14.0 	 Demand: 1122
	Route: 12
	Route length (8919.0) and demand (11120)
	Edge: 188 <--> 83 	 Freq: 14.0 	 Demand: 2771
	Edge: 150 <--> 83 	 Freq: 14.0 	 Demand: 1046
	Edge: 83 <--> 84 	 Freq: 14.0 	 Demand: 1054
	Edge: 277 <--> 698 	 Freq: 14.0 	 Demand: 111
	Edge: 276 <--> 277 	 Freq: 14.0 	 Demand: 323
	Edge: 578 <--> 580 	 Freq: 14.0 	 Demand: 1131
	Edge: 578 <--> 580 	 Freq: 7.0 	 Demand: 4080
	Edge: 578 <--> 579 	 Freq: 14.0 	 Demand: 221
	Edge: 15 <--> 94 	 Freq: 14.0 	 Demand: 221
	Edge: 16 <--> 565 	 Freq: 14.0 	 Demand: 162

Day 3, number of edges 80, number of routes 11

	Edges:

	Edge: 136 <--> 135 	 Freq: 14.0 	 Demand: 111
	Edge: 135 <--> 33 	 Freq: 14.0 	 Demand: 162
	Edge: 194 <--> 195 	 Freq: 14.0 	 Demand: 272
	Edge: 511 <--> 543 	 Freq: 14.0 	 Demand: 272
	Edge: 381 <--> 382 	 Freq: 14.0 	 Demand: 340
	Edge: 268 <--> 488 	 Freq: 14.0 	 Demand: 162
	Edge: 265 <--> 508 	 Freq: 14.0 	 Demand: 1488
	Edge: 349 <--> 350 	 Freq: 14.0 	 Demand: 323
	Edge: 348 <--> 349 	 Freq: 14.0 	 Demand: 111
	Edge: 328 <--> 385 	 Freq: 14.0 	 Demand: 1658
	Edge: 25 <--> 288 	 Freq: 14.0 	 Demand: 1343
	Edge: 320 <--> 614 	 Freq: 14.0 	 Demand: 1896
	Edge: 367 <--> 430 	 Freq: 14.0 	 Demand: 111
	Edge: 427 <--> 416 	 Freq: 14.0 	 Demand: 204
	Edge: 427 <--> 675 	 Freq: 14.0 	 Demand: 340
	Edge: 444 <--> 682 	 Freq: 14.0 	 Demand: 111
	Edge: 550 <--> 694 	 Freq: 14.0 	 Demand: 3955
	Edge: 264 <--> 265 	 Freq: 14.0 	 Demand: 1190
	Edge: 372 <--> 373 	 Freq: 14.0 	 Demand: 323
	Edge: 372 <--> 431 	 Freq: 14.0 	 Demand: 1615
	Edge: 718 <--> 483 	 Freq: 14.0 	 Demand: 434
	Edge: 288 <--> 2 	 Freq: 14.0 	 Demand: 680
	Edge: 559 <--> 577 	 Freq: 14.0 	 Demand: 3929
	Edge: 383 <--> 384 	 Freq: 14.0 	 Demand: 434
	Edge: 383 <--> 444 	 Freq: 14.0 	 Demand: 3230
	Edge: 443 <--> 444 	 Freq: 14.0 	 Demand: 162
	Edge: 616 <--> 617 	 Freq: 14.0 	 Demand: 5984
	Edge: 342 <--> 176 	 Freq: 14.0 	 Demand: 340
	Edge: 342 <--> 708 	 Freq: 14.0 	 Demand: 162
	Edge: 118 <--> 513 	 Freq: 14.0 	 Demand: 799
	Edge: 304 <--> 628 	 Freq: 14.0 	 Demand: 3549
	Edge: 682 <--> 445 	 Freq: 14.0 	 Demand: 510
	Edge: 10 <--> 696 	 Freq: 14.0 	 Demand: 655
	Edge: 752 <--> 34 	 Freq: 14.0 	 Demand: 1020
	Edge: 666 <--> 528 	 Freq: 14.0 	 Demand: 2032
	Edge: 374 <--> 432 	 Freq: 14.0 	 Demand: 162
	Edge: 372 <--> 368 	 Freq: 14.0 	 Demand: 111
	Edge: 612 <--> 368 	 Freq: 14.0 	 Demand: 315
	Edge: 368 <--> 369 	 Freq: 14.0 	 Demand: 315
	Edge: 313 <--> 320 	 Freq: 14.0 	 Demand: 1513
	Edge: 194 <--> 730 	 Freq: 14.0 	 Demand: 4276
	Edge: 302 <--> 305 	 Freq: 14.0 	 Demand: 1836
	Edge: 362 <--> 49 	 Freq: 14.0 	 Demand: 204
	Edge: 422 <--> 24 	 Freq: 14.0 	 Demand: 1097
	Edge: 624 <--> 626 	 Freq: 14.0 	 Demand: 3741
	Edge: 303 <--> 338 	 Freq: 14.0 	 Demand: 2355
	Edge: 466 <--> 611 	 Freq: 14.0 	 Demand: 1921
	Edge: 323 <--> 324 	 Freq: 14.0 	 Demand: 366
	Edge: 279 <--> 563 	 Freq: 14.0 	 Demand: 162
	Edge: 278 <--> 279 	 Freq: 14.0 	 Demand: 204
	Edge: 724 <--> 159 	 Freq: 14.0 	 Demand: 162
	Edge: 756 <--> 501 	 Freq: 14.0 	 Demand: 2542
	Edge: 544 <--> 545 	 Freq: 14.0 	 Demand: 2992
	Edge: 440 <--> 182 	 Freq: 14.0 	 Demand: 723
	Edge: 440 <--> 723 	 Freq: 14.0 	 Demand: 3732
	Edge: 212 <--> 213 	 Freq: 14.0 	 Demand: 204
	Edge: 436 <--> 473 	 Freq: 14.0 	 Demand: 162
	Edge: 435 <--> 436 	 Freq: 14.0 	 Demand: 867
	Edge: 417 <--> 418 	 Freq: 14.0 	 Demand: 493
	Edge: 419 <--> 420 	 Freq: 14.0 	 Demand: 1156
	Edge: 385 <--> 428 	 Freq: 14.0 	 Demand: 111
	Edge: 387 <--> 328 	 Freq: 14.0 	 Demand: 162
	Edge: 172 <--> 164 	 Freq: 14.0 	 Demand: 204
	Edge: 326 <--> 429 	 Freq: 14.0 	 Demand: 5423
	Edge: 322 <--> 526 	 Freq: 14.0 	 Demand: 272
	Edge: 141 <--> 732 	 Freq: 14.0 	 Demand: 111
	Edge: 141 <--> 142 	 Freq: 14.0 	 Demand: 774
	Edge: 587 <--> 588 	 Freq: 14.0 	 Demand: 4080
	Edge: 165 <--> 166 	 Freq: 14.0 	 Demand: 1360
	Edge: 430 <--> 702 	 Freq: 14.0 	 Demand: 221
	Edge: 366 <--> 367 	 Freq: 14.0 	 Demand: 927
	Edge: 37 <--> 38 	 Freq: 7.0 	 Demand: 3460
	Edge: 270 <--> 719 	 Freq: 7.0 	 Demand: 3400
	Edge: 269 <--> 270 	 Freq: 7.0 	 Demand: 3400
	Edge: 270 <--> 494 	 Freq: 7.0 	 Demand: 3400
	Edge: 307 <--> 308 	 Freq: 7.0 	 Demand: 4249
	Edge: 271 <--> 272 	 Freq: 7.0 	 Demand: 3400
	Edge: 758 <--> 573 	 Freq: 7.0 	 Demand: 3587
	Edge: 594 <--> 0 	 Freq: 14.0 	 Demand: 850
	Edge: 118 <--> 515 	 Freq: 14.0 	 Demand: 366

	Routes:

	Route: 1
	Route length (5425.0) and demand (9583)
	Edge: 381 <--> 382 	 Freq: 14.0 	 Demand: 340
	Edge: 362 <--> 49 	 Freq: 14.0 	 Demand: 204
	Edge: 440 <--> 723 	 Freq: 14.0 	 Demand: 3732
	Edge: 440 <--> 182 	 Freq: 14.0 	 Demand: 723
	Edge: 559 <--> 577 	 Freq: 14.0 	 Demand: 3929
	Edge: 10 <--> 696 	 Freq: 14.0 	 Demand: 655
	Route: 2
	Route length (13691.0) and demand (11640)
	Edge: 165 <--> 166 	 Freq: 14.0 	 Demand: 1360
	Edge: 724 <--> 159 	 Freq: 14.0 	 Demand: 162
	Edge: 172 <--> 164 	 Freq: 14.0 	 Demand: 204
	Edge: 587 <--> 588 	 Freq: 14.0 	 Demand: 4080
	Edge: 342 <--> 176 	 Freq: 14.0 	 Demand: 340
	Edge: 444 <--> 682 	 Freq: 14.0 	 Demand: 111
	Edge: 383 <--> 444 	 Freq: 14.0 	 Demand: 3230
	Edge: 383 <--> 384 	 Freq: 14.0 	 Demand: 434
	Edge: 443 <--> 444 	 Freq: 14.0 	 Demand: 162
	Edge: 682 <--> 445 	 Freq: 14.0 	 Demand: 510
	Edge: 141 <--> 142 	 Freq: 14.0 	 Demand: 774
	Edge: 141 <--> 732 	 Freq: 14.0 	 Demand: 111
	Edge: 342 <--> 708 	 Freq: 14.0 	 Demand: 162
	Route: 3
	Route length (4587.0) and demand (11481)
	Edge: 302 <--> 305 	 Freq: 14.0 	 Demand: 1836
	Edge: 303 <--> 338 	 Freq: 14.0 	 Demand: 2355
	Edge: 624 <--> 626 	 Freq: 14.0 	 Demand: 3741
	Edge: 304 <--> 628 	 Freq: 14.0 	 Demand: 3549
	Route: 4
	Route length (16704.0) and demand (10085)
	Edge: 372 <--> 368 	 Freq: 14.0 	 Demand: 111
	Edge: 368 <--> 369 	 Freq: 14.0 	 Demand: 315
	Edge: 374 <--> 432 	 Freq: 14.0 	 Demand: 162
	Edge: 612 <--> 368 	 Freq: 14.0 	 Demand: 315
	Edge: 372 <--> 431 	 Freq: 14.0 	 Demand: 1615
	Edge: 372 <--> 373 	 Freq: 14.0 	 Demand: 323
	Edge: 323 <--> 324 	 Freq: 14.0 	 Demand: 366
	Edge: 427 <--> 675 	 Freq: 14.0 	 Demand: 340
	Edge: 268 <--> 488 	 Freq: 14.0 	 Demand: 162
	Edge: 718 <--> 483 	 Freq: 14.0 	 Demand: 434
	Edge: 271 <--> 272 	 Freq: 7.0 	 Demand: 3400
	Edge: 756 <--> 501 	 Freq: 14.0 	 Demand: 2542
	Route: 5
	Route length (4614.0) and demand (11314)
	Edge: 313 <--> 320 	 Freq: 14.0 	 Demand: 1513
	Edge: 320 <--> 614 	 Freq: 14.0 	 Demand: 1896
	Edge: 466 <--> 611 	 Freq: 14.0 	 Demand: 1921
	Edge: 616 <--> 617 	 Freq: 14.0 	 Demand: 5984
	Route: 6
	Route length (7320.0) and demand (6146)
	Edge: 544 <--> 545 	 Freq: 14.0 	 Demand: 2992
	Edge: 511 <--> 543 	 Freq: 14.0 	 Demand: 272
	Edge: 264 <--> 265 	 Freq: 14.0 	 Demand: 1190
	Edge: 265 <--> 508 	 Freq: 14.0 	 Demand: 1488
	Edge: 427 <--> 416 	 Freq: 14.0 	 Demand: 204
	Route: 7
	Route length (8020.0) and demand (11501)
	Edge: 422 <--> 24 	 Freq: 14.0 	 Demand: 1097
	Edge: 270 <--> 719 	 Freq: 7.0 	 Demand: 3400
	Edge: 270 <--> 494 	 Freq: 7.0 	 Demand: 3400
	Edge: 269 <--> 270 	 Freq: 7.0 	 Demand: 3400
	Edge: 212 <--> 213 	 Freq: 14.0 	 Demand: 204
	Route: 8
	Route length (12469.0) and demand (11291)
	Edge: 417 <--> 418 	 Freq: 14.0 	 Demand: 493
	Edge: 419 <--> 420 	 Freq: 14.0 	 Demand: 1156
	Edge: 326 <--> 429 	 Freq: 14.0 	 Demand: 5423
	Edge: 385 <--> 428 	 Freq: 14.0 	 Demand: 111
	Edge: 328 <--> 385 	 Freq: 14.0 	 Demand: 1658
	Edge: 387 <--> 328 	 Freq: 14.0 	 Demand: 162
	Edge: 366 <--> 367 	 Freq: 14.0 	 Demand: 927
	Edge: 367 <--> 430 	 Freq: 14.0 	 Demand: 111
	Edge: 430 <--> 702 	 Freq: 14.0 	 Demand: 221
	Edge: 435 <--> 436 	 Freq: 14.0 	 Demand: 867
	Edge: 436 <--> 473 	 Freq: 14.0 	 Demand: 162
	Route: 9
	Route length (7729.0) and demand (10942)
	Edge: 550 <--> 694 	 Freq: 14.0 	 Demand: 3955
	Edge: 349 <--> 350 	 Freq: 14.0 	 Demand: 323
	Edge: 348 <--> 349 	 Freq: 14.0 	 Demand: 111
	Edge: 307 <--> 308 	 Freq: 7.0 	 Demand: 4249
	Edge: 666 <--> 528 	 Freq: 14.0 	 Demand: 2032
	Edge: 322 <--> 526 	 Freq: 14.0 	 Demand: 272
	Route: 10
	Route length (3230.0) and demand (7897)
	Edge: 758 <--> 573 	 Freq: 7.0 	 Demand: 3587
	Edge: 37 <--> 38 	 Freq: 7.0 	 Demand: 3460
	Edge: 594 <--> 0 	 Freq: 14.0 	 Demand: 850
	Route: 11
	Route length (10095.0) and demand (9395)
	Edge: 25 <--> 288 	 Freq: 14.0 	 Demand: 1343
	Edge: 118 <--> 515 	 Freq: 14.0 	 Demand: 366
	Edge: 118 <--> 513 	 Freq: 14.0 	 Demand: 799
	Edge: 279 <--> 563 	 Freq: 14.0 	 Demand: 162
	Edge: 278 <--> 279 	 Freq: 14.0 	 Demand: 204
	Edge: 135 <--> 33 	 Freq: 14.0 	 Demand: 162
	Edge: 752 <--> 34 	 Freq: 14.0 	 Demand: 1020
	Edge: 136 <--> 135 	 Freq: 14.0 	 Demand: 111
	Edge: 194 <--> 730 	 Freq: 14.0 	 Demand: 4276
	Edge: 194 <--> 195 	 Freq: 14.0 	 Demand: 272
	Edge: 288 <--> 2 	 Freq: 14.0 	 Demand: 680

Day 4, number of edges 3, number of routes 2

	Edges:

	Edge: 0 <--> 289 	 Freq: 14.0 	 Demand: 842
	Edge: 314 <--> 315 	 Freq: 14.0 	 Demand: 1411
	Edge: 314 <--> 316 	 Freq: 14.0 	 Demand: 978

	Routes:

	Route: 1
	Route length (3326.0) and demand (2389)
	Edge: 314 <--> 315 	 Freq: 14.0 	 Demand: 1411
	Edge: 314 <--> 316 	 Freq: 14.0 	 Demand: 978
	Route: 2
	Route length (52.0) and demand (842)
	Edge: 0 <--> 289 	 Freq: 14.0 	 Demand: 842

Day 5, number of edges 0, number of routes 0

	Edges:


	Routes:


Day 6, number of edges 0, number of routes 0

	Edges:


	Routes:


Day 7, number of edges 0, number of routes 0

	Edges:


	Routes:


Day 8, number of edges 0, number of routes 0

	Edges:


	Routes:


Day 9, number of edges 2, number of routes 1

	Edges:

	Edge: 318 <--> 319 	 Freq: 7.0 	 Demand: 3836
	Edge: 578 <--> 580 	 Freq: 7.0 	 Demand: 4080

	Routes:

	Route: 1
	Route length (10117.0) and demand (7916)
	Edge: 318 <--> 319 	 Freq: 7.0 	 Demand: 3836
	Edge: 578 <--> 580 	 Freq: 7.0 	 Demand: 4080

Day 10, number of edges 2, number of routes 1

	Edges:

	Edge: 307 <--> 308 	 Freq: 7.0 	 Demand: 4249
	Edge: 37 <--> 38 	 Freq: 7.0 	 Demand: 3460

	Routes:

	Route: 1
	Route length (7161.0) and demand (7709)
	Edge: 307 <--> 308 	 Freq: 7.0 	 Demand: 4249
	Edge: 37 <--> 38 	 Freq: 7.0 	 Demand: 3460

Day 11, number of edges 5, number of routes 2

	Edges:

	Edge: 270 <--> 719 	 Freq: 7.0 	 Demand: 3400
	Edge: 269 <--> 270 	 Freq: 7.0 	 Demand: 3400
	Edge: 270 <--> 494 	 Freq: 7.0 	 Demand: 3400
	Edge: 271 <--> 272 	 Freq: 7.0 	 Demand: 3400
	Edge: 758 <--> 573 	 Freq: 7.0 	 Demand: 3587

	Routes:

	Route: 1
	Route length (8729.0) and demand (6987)
	Edge: 271 <--> 272 	 Freq: 7.0 	 Demand: 3400
	Edge: 758 <--> 573 	 Freq: 7.0 	 Demand: 3587
	Route: 2
	Route length (7842.0) and demand (10200)
	Edge: 269 <--> 270 	 Freq: 7.0 	 Demand: 3400
	Edge: 270 <--> 494 	 Freq: 7.0 	 Demand: 3400
	Edge: 270 <--> 719 	 Freq: 7.0 	 Demand: 3400

Day 12, number of edges 0, number of routes 0

	Edges:


	Routes:


Day 13, number of edges 0, number of routes 0

	Edges:


	Routes:


----- MARKER - SOLUTION PRINTED ABOVE -------

Printing greedy algorithm time to avoid scrolling or ctrl+f
Greedy algorithm time: 0:00:00.809446 seconds
LS time: 0:18:52.503303
Greedy algorithm score: 179153499.0
LS return score: 13402213.0
Final solution score: 13402213.0
Maximum routes among all days: 13
Minimum routes among all days: 0

Penalties count:
Overloaded route count: 0
Irregular services count: 0
Irregular spacing count: 0
