Using greedy single algorithm!
Graph Data file used: SP-CARP_F12_g_graph.dat
Vehicle Data file used: SP-CARP_2-8.veh

Program starting at: 2026-08-09 03:03:44.272374
Greedy algorithm time: 0.012774 seconds
Cost of initial solution: 786311108.0
Total number of edges: 193
Number of unsatisfied edges: 156
0 edges were not serviced at all!
Running Local Search with top 50 operations according to estimation


Phase 1 mid-report:
Iteration count: 1
Last iteration time: 5.437495470046997
Average iteration time: 5.437495470046997
Current score: 630129419.0

Phase 1 ended! Current time: 2026-08-09 03:04:12.600502
Phase 1 Report:
Iteration count: 10
Last iteration time: 0.0
Average iteration time: 2.7624995946884154
Current score: 131322688.0


Phase 2 (only move_services) mid-report:
Iteration count: 1
Last iteration time: 2.6875078678131104
Average iteration time: 2.6875078678131104
Current score: 130322858.0


Phase 2 (only move_services) ended! Current time: 2026-08-09 03:05:34.788004
Phase 2 (only move_services) Report:
Iteration count: 58
Last iteration time: 0.2656288146972656
Average iteration time: 1.3776940765052004
Current score: 79355710.0


Phase 3 (using only swap_services) mid-report:
Iteration count: 1
Last iteration time: 0.3125028610229492
Average iteration time: 0.3125028610229492
Current score: 79355169.0


Phase 3 (using only swap_services) ended! Current time: 2026-08-09 03:05:39.834873
Phase 3 (using only swap_services) Report:
Iteration count: 4
Last iteration time: 0.1875009536743164
Average iteration time: 0.26953059434890747
Current score: 79355165.0


Phase 4 (routing operators) mid-report:
Current day: 0
Iteration count: 1
Last iteration time: 1.000004768371582
Average iteration time: 1.000004768371582
Current score: 79354987.0


Phase 4 (routing operators) day 0 ended!
Phase 4 (routing operators) day report:
Current Iteration count: 4
Last iteration time: 0.1093757152557373
Average iteration time: 1.2265636920928955
Current score: 79354867.0


Phase 4 (routing operators) day 1 ended!
Phase 4 (routing operators) day report:
Current Iteration count: 8
Last iteration time: 0.12499594688415527
Average iteration time: 0.6972663104534149
Current score: 79354456.0


Phase 4 (routing operators) day 2 ended!
Phase 4 (routing operators) day report:
Current Iteration count: 10
Last iteration time: 0.015619754791259766
Average iteration time: 0.5609376907348632
Current score: 79353863.0


Phase 4 (routing operators) day 3 ended!
Phase 4 (routing operators) day report:
Current Iteration count: 11
Last iteration time: 0.0
Average iteration time: 0.509943355213512
Current score: 79353863.0


Phase 4 (routing operators) day 4 ended!
Phase 4 (routing operators) day report:
Current Iteration count: 16
Last iteration time: 0.1250016689300537
Average iteration time: 0.42675815522670735
Current score: 79352937.0


Phase 4 (routing operators) day 7 ended!
Phase 4 (routing operators) day report:
Current Iteration count: 18
Last iteration time: 0.12499785423278809
Average iteration time: 0.41753485467698825
Current score: 79352851.0


Phase 4 (routing operators) day 8 ended!
Phase 4 (routing operators) day report:
Current Iteration count: 19
Last iteration time: 0.0
Average iteration time: 0.39555933600977833
Current score: 79352851.0


Phase 4 (routing operators) day 9 ended!
Phase 4 (routing operators) day report:
Current Iteration count: 21
Last iteration time: 0.0
Average iteration time: 0.3593752043587819
Current score: 79352258.0


Phase 4 (routing operators) day 10 ended!
Phase 4 (routing operators) day report:
Current Iteration count: 31
Last iteration time: 0.10937976837158203
Average iteration time: 0.30796398655060786
Current score: 79349858.0


Phase 4 (routing operators) day 11 ended!
Phase 4 (routing operators) day report:
Current Iteration count: 39
Last iteration time: 0.03125572204589844
Average iteration time: 0.26562537291111094
Current score: 79347090.0


Phase 4 (routing operators) day 14 ended!
Phase 4 (routing operators) day report:
Current Iteration count: 51
Last iteration time: 0.10937881469726562
Average iteration time: 0.2662380770141004
Current score: 79344278.0


Phase 4 (routing operators) day 15 ended!
Phase 4 (routing operators) day report:
Current Iteration count: 52
Last iteration time: 0.0
Average iteration time: 0.26111811399459844
Current score: 79344278.0


Phase 4 (routing operators) day 16 ended!
Phase 4 (routing operators) day report:
Current Iteration count: 54
Last iteration time: 0.015620708465576172
Average iteration time: 0.2520257985150373
Current score: 79343685.0


Phase 4 (routing operators) day 17 ended!
Phase 4 (routing operators) day report:
Current Iteration count: 62
Last iteration time: 0.14063167572021484
Average iteration time: 0.25277248890169207
Current score: 79341678.0


Phase 4 (routing operators) day 18 ended!
Phase 4 (routing operators) day report:
Current Iteration count: 69
Last iteration time: 0.03124523162841797
Average iteration time: 0.2343752038651619
Current score: 79338953.0


Phase 4 (routing operators) day 21 ended!
Phase 4 (routing operators) day report:
Current Iteration count: 77
Last iteration time: 0.12500452995300293
Average iteration time: 0.23721612893141714
Current score: 79338178.0


Phase 4 (routing operators) day 22 ended!
Phase 4 (routing operators) day report:
Current Iteration count: 78
Last iteration time: 0.0156252384185791
Average iteration time: 0.23437522007868847
Current score: 79338178.0


Phase 4 (routing operators) day 23 ended!
Phase 4 (routing operators) day report:
Current Iteration count: 80
Last iteration time: 0.015619993209838867
Average iteration time: 0.228906461596489
Current score: 79337585.0


Phase 4 (routing operators) day 24 ended!
Phase 4 (routing operators) day report:
Current Iteration count: 87
Last iteration time: 0.1250009536743164
Average iteration time: 0.23204041349476787
Current score: 79335466.0


Phase 4 (routing operators) day 25 ended!
Phase 4 (routing operators) day report:
Current Iteration count: 93
Last iteration time: 0.031250715255737305
Average iteration time: 0.22093434487619712
Current score: 79332655.0


Phase 4 (routing operators) day 28 ended!
Phase 4 (routing operators) day report:
Current Iteration count: 106
Last iteration time: 0.12500500679016113
Average iteration time: 0.24071366831941435
Current score: 79331088.0


Phase 4 (routing operators) day 29 ended!
Phase 4 (routing operators) day report:
Current Iteration count: 116
Last iteration time: 0.10937619209289551
Average iteration time: 0.25019795730196204
Current score: 79328136.0


Phase 4 (routing operators) day 30 ended!
Phase 4 (routing operators) day report:
Current Iteration count: 118
Last iteration time: 0.0
Average iteration time: 0.2460897615400412
Current score: 79327543.0


Phase 4 (routing operators) day 31 ended!
Phase 4 (routing operators) day report:
Current Iteration count: 131
Last iteration time: 0.1250004768371582
Average iteration time: 0.2533957339425124
Current score: 78323057.0


Phase 4 (routing operators) day 32 ended!
Phase 4 (routing operators) day report:
Current Iteration count: 143
Last iteration time: 0.015630245208740234
Average iteration time: 0.23770434873087423
Current score: 78319581.0


Phase 4 (routing operators) day 35 ended!
Phase 4 (routing operators) day report:
Current Iteration count: 149
Last iteration time: 0.12499785423278809
Average iteration time: 0.23652165048074403
Current score: 78319023.0


Phase 4 (routing operators) day 36 ended!
Phase 4 (routing operators) day report:
Current Iteration count: 151
Last iteration time: 0.01562976837158203
Average iteration time: 0.2336993549043769
Current score: 78318645.0


Phase 4 (routing operators) day 37 ended!
Phase 4 (routing operators) day report:
Current Iteration count: 154
Last iteration time: 0.0
Average iteration time: 0.22955260493538596
Current score: 78317706.0


Phase 4 (routing operators) day 38 ended!
Phase 4 (routing operators) day report:
Current Iteration count: 163
Last iteration time: 0.046881914138793945
Average iteration time: 0.23039403429791971
Current score: 78315329.0


Phase 4 (routing operators) day 39 ended!
Phase 4 (routing operators) day report:
Current Iteration count: 170
Last iteration time: 0.015625953674316406
Average iteration time: 0.2233888023039874
Current score: 78312569.0


Phase 4 (routing operators) day 42 ended!
Phase 4 (routing operators) day report:
Current Iteration count: 176
Last iteration time: 0.12500357627868652
Average iteration time: 0.22527260536497287
Current score: 78311916.0


Phase 4 (routing operators) day 43 ended!
Phase 4 (routing operators) day report:
Current Iteration count: 177
Last iteration time: 0.015621662139892578
Average iteration time: 0.22408813675918143
Current score: 78311916.0


Phase 4 (routing operators) day 44 ended!
Phase 4 (routing operators) day report:
Current Iteration count: 179
Last iteration time: 0.015623807907104492
Average iteration time: 0.22175894369626176
Current score: 78311323.0


Phase 4 (routing operators) day 45 ended!
Phase 4 (routing operators) day report:
Current Iteration count: 185
Last iteration time: 0.10937213897705078
Average iteration time: 0.22047889812572577
Current score: 78310112.0


Phase 4 (routing operators) day 46 ended!
Phase 4 (routing operators) day report:
Current Iteration count: 192
Last iteration time: 0.03125
Average iteration time: 0.21488199258844054
Current score: 78307352.0


Phase 4 (routing operators) day 49 ended!
Phase 4 (routing operators) day report:
Current Iteration count: 197
Last iteration time: 0.1250007152557373
Average iteration time: 0.21815276024910396
Current score: 78306915.0


Phase 4 (routing operators) day 50 ended!
Phase 4 (routing operators) day report:
Current Iteration count: 199
Last iteration time: 0.01562356948852539
Average iteration time: 0.21627436450977416
Current score: 78306446.0


Phase 4 (routing operators) day 51 ended!
Phase 4 (routing operators) day report:
Current Iteration count: 203
Last iteration time: 0.0
Average iteration time: 0.2123976505448665
Current score: 78305085.0


Phase 4 (routing operators) day 52 ended!
Phase 4 (routing operators) day report:
Current Iteration count: 207
Last iteration time: 0.0
Average iteration time: 0.20844432236491767
Current score: 78304321.0


Phase 4 (routing operators) day 53 ended!
Phase 4 (routing operators) day report:
Current Iteration count: 209
Last iteration time: 0.1249995231628418
Average iteration time: 0.20801962163459736
Current score: 78303961.0


Phase 4 (routing operators) ended! Current time: 2026-08-09 03:06:41.982809
Phase 4 (routing operators) Report:
Iteration count: 209
Last iteration time: 0.1249995231628418
Average iteration time: 0.20801962163459736
Current score: 78303961.0


Local search report:
Iteration count: 1 iterations
Last iteration time: 177.00730299949646 seconds
Iteration average time: 177.00730299949646 seconds
Current score: 78303961.0

Solution after going through each phase once:


Day 0, number of edges 137, number of routes 17

	Edges:

	Edge: 57 <--> 18 	 Freq: 28.0 	 Demand: 1836
	Edge: 78 <--> 71 	 Freq: 28.0 	 Demand: 2788
	Edge: 76 <--> 75 	 Freq: 28.0 	 Demand: 612
	Edge: 21 <--> 59 	 Freq: 28.0 	 Demand: 816
	Edge: 12 <--> 73 	 Freq: 28.0 	 Demand: 1020
	Edge: 32 <--> 33 	 Freq: 28.0 	 Demand: 1530
	Edge: 0 <--> 27 	 Freq: 28.0 	 Demand: 408
	Edge: 67 <--> 66 	 Freq: 28.0 	 Demand: 850
	Edge: 37 <--> 23 	 Freq: 28.0 	 Demand: 1462
	Edge: 11 <--> 73 	 Freq: 28.0 	 Demand: 408
	Edge: 34 <--> 0 	 Freq: 28.0 	 Demand: 3060
	Edge: 73 <--> 74 	 Freq: 28.0 	 Demand: 816
	Edge: 43 <--> 70 	 Freq: 28.0 	 Demand: 1224
	Edge: 38 <--> 42 	 Freq: 28.0 	 Demand: 850
	Edge: 75 <--> 12 	 Freq: 28.0 	 Demand: 612
	Edge: 36 <--> 16 	 Freq: 28.0 	 Demand: 2482
	Edge: 46 <--> 56 	 Freq: 28.0 	 Demand: 408
	Edge: 45 <--> 74 	 Freq: 28.0 	 Demand: 204
	Edge: 70 <--> 47 	 Freq: 28.0 	 Demand: 612
	Edge: 36 <--> 24 	 Freq: 28.0 	 Demand: 408
	Edge: 13 <--> 9 	 Freq: 28.0 	 Demand: 612
	Edge: 10 <--> 11 	 Freq: 28.0 	 Demand: 816
	Edge: 10 <--> 44 	 Freq: 28.0 	 Demand: 408
	Edge: 42 <--> 57 	 Freq: 28.0 	 Demand: 1836
	Edge: 61 <--> 60 	 Freq: 28.0 	 Demand: 680
	Edge: 50 <--> 3 	 Freq: 28.0 	 Demand: 1360
	Edge: 16 <--> 58 	 Freq: 28.0 	 Demand: 2448
	Edge: 9 <--> 47 	 Freq: 28.0 	 Demand: 1020
	Edge: 21 <--> 22 	 Freq: 28.0 	 Demand: 1836
	Edge: 18 <--> 58 	 Freq: 28.0 	 Demand: 1020
	Edge: 67 <--> 68 	 Freq: 28.0 	 Demand: 1190
	Edge: 61 <--> 62 	 Freq: 28.0 	 Demand: 3264
	Edge: 25 <--> 26 	 Freq: 28.0 	 Demand: 4760
	Edge: 27 <--> 8 	 Freq: 28.0 	 Demand: 2312
	Edge: 40 <--> 41 	 Freq: 28.0 	 Demand: 4080
	Edge: 55 <--> 19 	 Freq: 28.0 	 Demand: 1020
	Edge: 42 <--> 16 	 Freq: 28.0 	 Demand: 1428
	Edge: 70 <--> 13 	 Freq: 28.0 	 Demand: 2652
	Edge: 48 <--> 9 	 Freq: 28.0 	 Demand: 612
	Edge: 45 <--> 10 	 Freq: 28.0 	 Demand: 1020
	Edge: 30 <--> 67 	 Freq: 28.0 	 Demand: 2788
	Edge: 65 <--> 52 	 Freq: 28.0 	 Demand: 4250
	Edge: 57 <--> 55 	 Freq: 28.0 	 Demand: 3468
	Edge: 6 <--> 7 	 Freq: 28.0 	 Demand: 3910
	Edge: 18 <--> 19 	 Freq: 28.0 	 Demand: 3468
	Edge: 66 <--> 53 	 Freq: 28.0 	 Demand: 2890
	Edge: 34 <--> 66 	 Freq: 28.0 	 Demand: 1292
	Edge: 23 <--> 24 	 Freq: 28.0 	 Demand: 4148
	Edge: 71 <--> 72 	 Freq: 28.0 	 Demand: 2040
	Edge: 23 <--> 63 	 Freq: 28.0 	 Demand: 3864
	Edge: 27 <--> 3 	 Freq: 28.0 	 Demand: 5398
	Edge: 70 <--> 47 	 Freq: 56.0 	 Demand: 436
	Edge: 45 <--> 74 	 Freq: 56.0 	 Demand: 232
	Edge: 10 <--> 11 	 Freq: 56.0 	 Demand: 556
	Edge: 10 <--> 44 	 Freq: 56.0 	 Demand: 320
	Edge: 42 <--> 57 	 Freq: 56.0 	 Demand: 952
	Edge: 13 <--> 9 	 Freq: 56.0 	 Demand: 760
	Edge: 9 <--> 47 	 Freq: 56.0 	 Demand: 844
	Edge: 21 <--> 22 	 Freq: 56.0 	 Demand: 1068
	Edge: 16 <--> 58 	 Freq: 56.0 	 Demand: 1488
	Edge: 55 <--> 19 	 Freq: 56.0 	 Demand: 832
	Edge: 42 <--> 16 	 Freq: 56.0 	 Demand: 592
	Edge: 70 <--> 13 	 Freq: 56.0 	 Demand: 1268
	Edge: 48 <--> 9 	 Freq: 56.0 	 Demand: 788
	Edge: 45 <--> 10 	 Freq: 56.0 	 Demand: 712
	Edge: 6 <--> 7 	 Freq: 56.0 	 Demand: 832
	Edge: 57 <--> 55 	 Freq: 56.0 	 Demand: 1904
	Edge: 23 <--> 24 	 Freq: 56.0 	 Demand: 1388
	Edge: 71 <--> 72 	 Freq: 56.0 	 Demand: 712
	Edge: 23 <--> 63 	 Freq: 56.0 	 Demand: 3024
	Edge: 27 <--> 3 	 Freq: 56.0 	 Demand: 4008
	Edge: 18 <--> 19 	 Freq: 56.0 	 Demand: 1184
	Edge: 65 <--> 6 	 Freq: 28.0 	 Demand: 408
	Edge: 53 <--> 51 	 Freq: 28.0 	 Demand: 1632
	Edge: 58 <--> 21 	 Freq: 28.0 	 Demand: 408
	Edge: 7 <--> 50 	 Freq: 28.0 	 Demand: 322
	Edge: 77 <--> 76 	 Freq: 28.0 	 Demand: 612
	Edge: 68 <--> 69 	 Freq: 28.0 	 Demand: 4760
	Edge: 35 <--> 1 	 Freq: 28.0 	 Demand: 4590
	Edge: 14 <--> 15 	 Freq: 28.0 	 Demand: 2040
	Edge: 39 <--> 25 	 Freq: 28.0 	 Demand: 1870
	Edge: 15 <--> 17 	 Freq: 28.0 	 Demand: 1530
	Edge: 44 <--> 77 	 Freq: 28.0 	 Demand: 408
	Edge: 3 <--> 49 	 Freq: 28.0 	 Demand: 544
	Edge: 74 <--> 72 	 Freq: 28.0 	 Demand: 204
	Edge: 18 <--> 58 	 Freq: 56.0 	 Demand: 584
	Edge: 27 <--> 8 	 Freq: 56.0 	 Demand: 116
	Edge: 58 <--> 21 	 Freq: 56.0 	 Demand: 408
	Edge: 75 <--> 12 	 Freq: 56.0 	 Demand: 640
	Edge: 11 <--> 73 	 Freq: 56.0 	 Demand: 352
	Edge: 43 <--> 70 	 Freq: 56.0 	 Demand: 232
	Edge: 73 <--> 74 	 Freq: 56.0 	 Demand: 352
	Edge: 77 <--> 76 	 Freq: 56.0 	 Demand: 464
	Edge: 74 <--> 72 	 Freq: 56.0 	 Demand: 116
	Edge: 57 <--> 18 	 Freq: 56.0 	 Demand: 952
	Edge: 78 <--> 71 	 Freq: 56.0 	 Demand: 472
	Edge: 76 <--> 75 	 Freq: 56.0 	 Demand: 232
	Edge: 21 <--> 59 	 Freq: 56.0 	 Demand: 1120
	Edge: 12 <--> 73 	 Freq: 56.0 	 Demand: 944
	Edge: 0 <--> 27 	 Freq: 56.0 	 Demand: 352
	Edge: 65 <--> 6 	 Freq: 56.0 	 Demand: 232
	Edge: 43 <--> 70 	 Freq: 14.0 	 Demand: 1530
	Edge: 65 <--> 6 	 Freq: 7.0 	 Demand: 306
	Edge: 7 <--> 50 	 Freq: 7.0 	 Demand: 238
	Edge: 28 <--> 29 	 Freq: 7.0 	 Demand: 510
	Edge: 58 <--> 21 	 Freq: 7.0 	 Demand: 306
	Edge: 77 <--> 76 	 Freq: 7.0 	 Demand: 578
	Edge: 68 <--> 69 	 Freq: 7.0 	 Demand: 3508
	Edge: 44 <--> 77 	 Freq: 7.0 	 Demand: 612
	Edge: 74 <--> 72 	 Freq: 7.0 	 Demand: 153
	Edge: 3 <--> 49 	 Freq: 7.0 	 Demand: 1530
	Edge: 57 <--> 18 	 Freq: 7.0 	 Demand: 1394
	Edge: 78 <--> 71 	 Freq: 7.0 	 Demand: 238
	Edge: 76 <--> 75 	 Freq: 7.0 	 Demand: 510
	Edge: 21 <--> 59 	 Freq: 7.0 	 Demand: 578
	Edge: 12 <--> 73 	 Freq: 7.0 	 Demand: 935
	Edge: 0 <--> 27 	 Freq: 7.0 	 Demand: 306
	Edge: 37 <--> 23 	 Freq: 7.0 	 Demand: 1683
	Edge: 11 <--> 73 	 Freq: 7.0 	 Demand: 357
	Edge: 73 <--> 74 	 Freq: 7.0 	 Demand: 663
	Edge: 43 <--> 70 	 Freq: 7.0 	 Demand: 204
	Edge: 38 <--> 42 	 Freq: 7.0 	 Demand: 510
	Edge: 75 <--> 12 	 Freq: 7.0 	 Demand: 1207
	Edge: 46 <--> 56 	 Freq: 7.0 	 Demand: 408
	Edge: 45 <--> 74 	 Freq: 7.0 	 Demand: 119
	Edge: 36 <--> 24 	 Freq: 7.0 	 Demand: 765
	Edge: 13 <--> 9 	 Freq: 7.0 	 Demand: 816
	Edge: 10 <--> 11 	 Freq: 7.0 	 Demand: 663
	Edge: 10 <--> 44 	 Freq: 7.0 	 Demand: 646
	Edge: 42 <--> 57 	 Freq: 7.0 	 Demand: 1989
	Edge: 61 <--> 60 	 Freq: 7.0 	 Demand: 510
	Edge: 9 <--> 47 	 Freq: 7.0 	 Demand: 561
	Edge: 21 <--> 22 	 Freq: 7.0 	 Demand: 1020
	Edge: 18 <--> 58 	 Freq: 7.0 	 Demand: 578
	Edge: 25 <--> 26 	 Freq: 7.0 	 Demand: 510
	Edge: 71 <--> 72 	 Freq: 7.0 	 Demand: 1836
	Edge: 70 <--> 13 	 Freq: 7.0 	 Demand: 2278

	Routes:

	Route: 1
	Route length (1002.0) and demand (11888)
	Edge: 0 <--> 27 	 Freq: 28.0 	 Demand: 408
	Edge: 27 <--> 3 	 Freq: 28.0 	 Demand: 5398
	Edge: 3 <--> 49 	 Freq: 28.0 	 Demand: 544
	Edge: 3 <--> 49 	 Freq: 7.0 	 Demand: 1530
	Edge: 27 <--> 3 	 Freq: 56.0 	 Demand: 4008
	Route: 2
	Route length (1338.0) and demand (9974)
	Edge: 23 <--> 63 	 Freq: 56.0 	 Demand: 3024
	Edge: 38 <--> 42 	 Freq: 28.0 	 Demand: 850
	Edge: 42 <--> 16 	 Freq: 28.0 	 Demand: 1428
	Edge: 15 <--> 17 	 Freq: 28.0 	 Demand: 1530
	Edge: 14 <--> 15 	 Freq: 28.0 	 Demand: 2040
	Edge: 42 <--> 16 	 Freq: 56.0 	 Demand: 592
	Edge: 38 <--> 42 	 Freq: 7.0 	 Demand: 510
	Route: 3
	Route length (1244.0) and demand (9498)
	Edge: 27 <--> 8 	 Freq: 56.0 	 Demand: 116
	Edge: 65 <--> 6 	 Freq: 7.0 	 Demand: 306
	Edge: 6 <--> 7 	 Freq: 56.0 	 Demand: 832
	Edge: 50 <--> 3 	 Freq: 28.0 	 Demand: 1360
	Edge: 7 <--> 50 	 Freq: 7.0 	 Demand: 238
	Edge: 7 <--> 50 	 Freq: 28.0 	 Demand: 322
	Edge: 28 <--> 29 	 Freq: 7.0 	 Demand: 510
	Edge: 53 <--> 51 	 Freq: 28.0 	 Demand: 1632
	Edge: 66 <--> 53 	 Freq: 28.0 	 Demand: 2890
	Edge: 34 <--> 66 	 Freq: 28.0 	 Demand: 1292
	Route: 4
	Route length (1651.0) and demand (11604)
	Edge: 57 <--> 18 	 Freq: 56.0 	 Demand: 952
	Edge: 18 <--> 58 	 Freq: 56.0 	 Demand: 584
	Edge: 58 <--> 21 	 Freq: 28.0 	 Demand: 408
	Edge: 21 <--> 59 	 Freq: 7.0 	 Demand: 578
	Edge: 21 <--> 22 	 Freq: 28.0 	 Demand: 1836
	Edge: 21 <--> 22 	 Freq: 7.0 	 Demand: 1020
	Edge: 21 <--> 59 	 Freq: 28.0 	 Demand: 816
	Edge: 21 <--> 59 	 Freq: 56.0 	 Demand: 1120
	Edge: 21 <--> 22 	 Freq: 56.0 	 Demand: 1068
	Edge: 58 <--> 21 	 Freq: 7.0 	 Demand: 306
	Edge: 58 <--> 21 	 Freq: 56.0 	 Demand: 408
	Edge: 18 <--> 58 	 Freq: 28.0 	 Demand: 1020
	Edge: 16 <--> 58 	 Freq: 56.0 	 Demand: 1488
	Route: 5
	Route length (1156.0) and demand (10818)
	Edge: 67 <--> 66 	 Freq: 28.0 	 Demand: 850
	Edge: 67 <--> 68 	 Freq: 28.0 	 Demand: 1190
	Edge: 68 <--> 69 	 Freq: 7.0 	 Demand: 3508
	Edge: 68 <--> 69 	 Freq: 28.0 	 Demand: 4760
	Edge: 25 <--> 26 	 Freq: 7.0 	 Demand: 510
	Route: 6
	Route length (960.0) and demand (11220)
	Edge: 35 <--> 1 	 Freq: 28.0 	 Demand: 4590
	Edge: 39 <--> 25 	 Freq: 28.0 	 Demand: 1870
	Edge: 25 <--> 26 	 Freq: 28.0 	 Demand: 4760
	Route: 7
	Route length (81.0) and demand (3060)
	Edge: 34 <--> 0 	 Freq: 28.0 	 Demand: 3060
	Route: 8
	Route length (1231.0) and demand (11996)
	Edge: 36 <--> 16 	 Freq: 28.0 	 Demand: 2482
	Edge: 16 <--> 58 	 Freq: 28.0 	 Demand: 2448
	Edge: 18 <--> 58 	 Freq: 7.0 	 Demand: 578
	Edge: 18 <--> 19 	 Freq: 56.0 	 Demand: 1184
	Edge: 18 <--> 19 	 Freq: 28.0 	 Demand: 3468
	Edge: 57 <--> 18 	 Freq: 28.0 	 Demand: 1836
	Route: 9
	Route length (1695.0) and demand (11774)
	Edge: 30 <--> 67 	 Freq: 28.0 	 Demand: 2788
	Edge: 77 <--> 76 	 Freq: 28.0 	 Demand: 612
	Edge: 77 <--> 76 	 Freq: 56.0 	 Demand: 464
	Edge: 44 <--> 77 	 Freq: 7.0 	 Demand: 612
	Edge: 70 <--> 47 	 Freq: 28.0 	 Demand: 612
	Edge: 43 <--> 70 	 Freq: 14.0 	 Demand: 1530
	Edge: 43 <--> 70 	 Freq: 28.0 	 Demand: 1224
	Edge: 43 <--> 70 	 Freq: 7.0 	 Demand: 204
	Edge: 43 <--> 70 	 Freq: 56.0 	 Demand: 232
	Edge: 70 <--> 13 	 Freq: 7.0 	 Demand: 2278
	Edge: 44 <--> 77 	 Freq: 28.0 	 Demand: 408
	Edge: 77 <--> 76 	 Freq: 7.0 	 Demand: 578
	Edge: 76 <--> 75 	 Freq: 56.0 	 Demand: 232
	Route: 10
	Route length (1091.0) and demand (11543)
	Edge: 42 <--> 57 	 Freq: 56.0 	 Demand: 952
	Edge: 57 <--> 55 	 Freq: 28.0 	 Demand: 3468
	Edge: 57 <--> 55 	 Freq: 56.0 	 Demand: 1904
	Edge: 57 <--> 18 	 Freq: 7.0 	 Demand: 1394
	Edge: 42 <--> 57 	 Freq: 28.0 	 Demand: 1836
	Edge: 42 <--> 57 	 Freq: 7.0 	 Demand: 1989
	Route: 11
	Route length (848.0) and demand (11157)
	Edge: 37 <--> 23 	 Freq: 28.0 	 Demand: 1462
	Edge: 23 <--> 63 	 Freq: 28.0 	 Demand: 3864
	Edge: 23 <--> 24 	 Freq: 28.0 	 Demand: 4148
	Edge: 37 <--> 23 	 Freq: 7.0 	 Demand: 1683
	Route: 12
	Route length (2373.0) and demand (11981)
	Edge: 10 <--> 44 	 Freq: 56.0 	 Demand: 320
	Edge: 9 <--> 47 	 Freq: 56.0 	 Demand: 844
	Edge: 70 <--> 47 	 Freq: 56.0 	 Demand: 436
	Edge: 9 <--> 47 	 Freq: 7.0 	 Demand: 561
	Edge: 48 <--> 9 	 Freq: 56.0 	 Demand: 788
	Edge: 13 <--> 9 	 Freq: 7.0 	 Demand: 816
	Edge: 70 <--> 13 	 Freq: 56.0 	 Demand: 1268
	Edge: 70 <--> 13 	 Freq: 28.0 	 Demand: 2652
	Edge: 13 <--> 9 	 Freq: 28.0 	 Demand: 612
	Edge: 48 <--> 9 	 Freq: 28.0 	 Demand: 612
	Edge: 13 <--> 9 	 Freq: 56.0 	 Demand: 760
	Edge: 9 <--> 47 	 Freq: 28.0 	 Demand: 1020
	Edge: 10 <--> 44 	 Freq: 7.0 	 Demand: 646
	Edge: 10 <--> 44 	 Freq: 28.0 	 Demand: 408
	Edge: 78 <--> 71 	 Freq: 7.0 	 Demand: 238
	Route: 13
	Route length (1668.0) and demand (11634)
	Edge: 78 <--> 71 	 Freq: 56.0 	 Demand: 472
	Edge: 75 <--> 12 	 Freq: 28.0 	 Demand: 612
	Edge: 75 <--> 12 	 Freq: 7.0 	 Demand: 1207
	Edge: 12 <--> 73 	 Freq: 56.0 	 Demand: 944
	Edge: 12 <--> 73 	 Freq: 28.0 	 Demand: 1020
	Edge: 12 <--> 73 	 Freq: 7.0 	 Demand: 935
	Edge: 11 <--> 73 	 Freq: 28.0 	 Demand: 408
	Edge: 10 <--> 11 	 Freq: 7.0 	 Demand: 663
	Edge: 10 <--> 11 	 Freq: 28.0 	 Demand: 816
	Edge: 11 <--> 73 	 Freq: 7.0 	 Demand: 357
	Edge: 11 <--> 73 	 Freq: 56.0 	 Demand: 352
	Edge: 10 <--> 11 	 Freq: 56.0 	 Demand: 556
	Edge: 75 <--> 12 	 Freq: 56.0 	 Demand: 640
	Edge: 76 <--> 75 	 Freq: 7.0 	 Demand: 510
	Edge: 76 <--> 75 	 Freq: 28.0 	 Demand: 612
	Edge: 32 <--> 33 	 Freq: 28.0 	 Demand: 1530
	Route: 14
	Route length (489.0) and demand (4624)
	Edge: 78 <--> 71 	 Freq: 28.0 	 Demand: 2788
	Edge: 71 <--> 72 	 Freq: 7.0 	 Demand: 1836
	Route: 15
	Route length (2236.0) and demand (10011)
	Edge: 71 <--> 72 	 Freq: 56.0 	 Demand: 712
	Edge: 74 <--> 72 	 Freq: 7.0 	 Demand: 153
	Edge: 73 <--> 74 	 Freq: 56.0 	 Demand: 352
	Edge: 73 <--> 74 	 Freq: 7.0 	 Demand: 663
	Edge: 45 <--> 74 	 Freq: 28.0 	 Demand: 204
	Edge: 45 <--> 74 	 Freq: 56.0 	 Demand: 232
	Edge: 45 <--> 10 	 Freq: 28.0 	 Demand: 1020
	Edge: 45 <--> 10 	 Freq: 56.0 	 Demand: 712
	Edge: 45 <--> 74 	 Freq: 7.0 	 Demand: 119
	Edge: 73 <--> 74 	 Freq: 28.0 	 Demand: 816
	Edge: 74 <--> 72 	 Freq: 56.0 	 Demand: 116
	Edge: 46 <--> 56 	 Freq: 28.0 	 Demand: 408
	Edge: 55 <--> 19 	 Freq: 28.0 	 Demand: 1020
	Edge: 55 <--> 19 	 Freq: 56.0 	 Demand: 832
	Edge: 46 <--> 56 	 Freq: 7.0 	 Demand: 408
	Edge: 74 <--> 72 	 Freq: 28.0 	 Demand: 204
	Edge: 71 <--> 72 	 Freq: 28.0 	 Demand: 2040
	Route: 16
	Route length (1517.0) and demand (11095)
	Edge: 23 <--> 24 	 Freq: 56.0 	 Demand: 1388
	Edge: 36 <--> 24 	 Freq: 7.0 	 Demand: 765
	Edge: 61 <--> 62 	 Freq: 28.0 	 Demand: 3264
	Edge: 61 <--> 60 	 Freq: 7.0 	 Demand: 510
	Edge: 61 <--> 60 	 Freq: 28.0 	 Demand: 680
	Edge: 40 <--> 41 	 Freq: 28.0 	 Demand: 4080
	Edge: 36 <--> 24 	 Freq: 28.0 	 Demand: 408
	Route: 17
	Route length (843.0) and demand (11770)
	Edge: 0 <--> 27 	 Freq: 56.0 	 Demand: 352
	Edge: 27 <--> 8 	 Freq: 28.0 	 Demand: 2312
	Edge: 65 <--> 6 	 Freq: 28.0 	 Demand: 408
	Edge: 65 <--> 52 	 Freq: 28.0 	 Demand: 4250
	Edge: 65 <--> 6 	 Freq: 56.0 	 Demand: 232
	Edge: 6 <--> 7 	 Freq: 28.0 	 Demand: 3910
	Edge: 0 <--> 27 	 Freq: 7.0 	 Demand: 306

Day 1, number of edges 46, number of routes 14

	Edges:

	Edge: 3 <--> 49 	 Freq: 2.3 	 Demand: 3570
	Edge: 28 <--> 7 	 Freq: 2.3 	 Demand: 1020
	Edge: 25 <--> 26 	 Freq: 2.3 	 Demand: 4247
	Edge: 54 <--> 20 	 Freq: 2.3 	 Demand: 4080
	Edge: 30 <--> 67 	 Freq: 2.3 	 Demand: 4213
	Edge: 66 <--> 53 	 Freq: 2.3 	 Demand: 3913
	Edge: 7 <--> 50 	 Freq: 3.5 	 Demand: 1530
	Edge: 4 <--> 5 	 Freq: 3.5 	 Demand: 2550
	Edge: 53 <--> 51 	 Freq: 3.5 	 Demand: 3568
	Edge: 68 <--> 69 	 Freq: 3.5 	 Demand: 3653
	Edge: 35 <--> 1 	 Freq: 3.5 	 Demand: 4235
	Edge: 14 <--> 15 	 Freq: 3.5 	 Demand: 3895
	Edge: 39 <--> 25 	 Freq: 3.5 	 Demand: 4080
	Edge: 78 <--> 71 	 Freq: 3.5 	 Demand: 3825
	Edge: 32 <--> 33 	 Freq: 3.5 	 Demand: 3777
	Edge: 67 <--> 66 	 Freq: 3.5 	 Demand: 3970
	Edge: 37 <--> 23 	 Freq: 3.5 	 Demand: 3060
	Edge: 34 <--> 0 	 Freq: 3.5 	 Demand: 3697
	Edge: 40 <--> 15 	 Freq: 3.5 	 Demand: 2244
	Edge: 43 <--> 70 	 Freq: 3.5 	 Demand: 3060
	Edge: 38 <--> 42 	 Freq: 3.5 	 Demand: 4031
	Edge: 36 <--> 16 	 Freq: 3.5 	 Demand: 3927
	Edge: 50 <--> 3 	 Freq: 3.5 	 Demand: 1530
	Edge: 61 <--> 60 	 Freq: 3.5 	 Demand: 2720
	Edge: 67 <--> 68 	 Freq: 3.5 	 Demand: 3656
	Edge: 61 <--> 62 	 Freq: 3.5 	 Demand: 4080
	Edge: 27 <--> 8 	 Freq: 3.5 	 Demand: 4182
	Edge: 40 <--> 41 	 Freq: 3.5 	 Demand: 3516
	Edge: 65 <--> 52 	 Freq: 3.5 	 Demand: 3974
	Edge: 34 <--> 66 	 Freq: 3.5 	 Demand: 1700
	Edge: 23 <--> 24 	 Freq: 3.5 	 Demand: 4080
	Edge: 27 <--> 3 	 Freq: 3.5 	 Demand: 3060
	Edge: 50 <--> 3 	 Freq: 7.0 	 Demand: 3060
	Edge: 16 <--> 58 	 Freq: 7.0 	 Demand: 2822
	Edge: 61 <--> 62 	 Freq: 7.0 	 Demand: 1530
	Edge: 27 <--> 8 	 Freq: 7.0 	 Demand: 833
	Edge: 55 <--> 19 	 Freq: 7.0 	 Demand: 782
	Edge: 48 <--> 9 	 Freq: 7.0 	 Demand: 918
	Edge: 15 <--> 22 	 Freq: 7.0 	 Demand: 4080
	Edge: 45 <--> 10 	 Freq: 7.0 	 Demand: 765
	Edge: 30 <--> 67 	 Freq: 7.0 	 Demand: 204
	Edge: 57 <--> 55 	 Freq: 7.0 	 Demand: 2992
	Edge: 6 <--> 7 	 Freq: 7.0 	 Demand: 1955
	Edge: 18 <--> 19 	 Freq: 7.0 	 Demand: 2686
	Edge: 66 <--> 53 	 Freq: 7.0 	 Demand: 510
	Edge: 27 <--> 3 	 Freq: 7.0 	 Demand: 4751

	Routes:

	Route: 1
	Route length (684.0) and demand (11171)
	Edge: 38 <--> 42 	 Freq: 3.5 	 Demand: 4031
	Edge: 37 <--> 23 	 Freq: 3.5 	 Demand: 3060
	Edge: 23 <--> 24 	 Freq: 3.5 	 Demand: 4080
	Route: 2
	Route length (1302.0) and demand (10540)
	Edge: 57 <--> 55 	 Freq: 7.0 	 Demand: 2992
	Edge: 54 <--> 20 	 Freq: 2.3 	 Demand: 4080
	Edge: 55 <--> 19 	 Freq: 7.0 	 Demand: 782
	Edge: 18 <--> 19 	 Freq: 7.0 	 Demand: 2686
	Route: 3
	Route length (957.0) and demand (10219)
	Edge: 14 <--> 15 	 Freq: 3.5 	 Demand: 3895
	Edge: 15 <--> 22 	 Freq: 7.0 	 Demand: 4080
	Edge: 40 <--> 15 	 Freq: 3.5 	 Demand: 2244
	Route: 4
	Route length (1602.0) and demand (8978)
	Edge: 35 <--> 1 	 Freq: 3.5 	 Demand: 4235
	Edge: 43 <--> 70 	 Freq: 3.5 	 Demand: 3060
	Edge: 48 <--> 9 	 Freq: 7.0 	 Demand: 918
	Edge: 45 <--> 10 	 Freq: 7.0 	 Demand: 765
	Route: 5
	Route length (1305.0) and demand (11846)
	Edge: 61 <--> 62 	 Freq: 7.0 	 Demand: 1530
	Edge: 61 <--> 62 	 Freq: 3.5 	 Demand: 4080
	Edge: 61 <--> 60 	 Freq: 3.5 	 Demand: 2720
	Edge: 40 <--> 41 	 Freq: 3.5 	 Demand: 3516
	Route: 6
	Route length (1093.0) and demand (11986)
	Edge: 6 <--> 7 	 Freq: 7.0 	 Demand: 1955
	Edge: 7 <--> 50 	 Freq: 3.5 	 Demand: 1530
	Edge: 28 <--> 7 	 Freq: 2.3 	 Demand: 1020
	Edge: 53 <--> 51 	 Freq: 3.5 	 Demand: 3568
	Edge: 66 <--> 53 	 Freq: 2.3 	 Demand: 3913
	Route: 7
	Route length (698.0) and demand (8327)
	Edge: 39 <--> 25 	 Freq: 3.5 	 Demand: 4080
	Edge: 25 <--> 26 	 Freq: 2.3 	 Demand: 4247
	Route: 8
	Route length (242.0) and demand (3825)
	Edge: 78 <--> 71 	 Freq: 3.5 	 Demand: 3825
	Route: 9
	Route length (1262.0) and demand (11543)
	Edge: 50 <--> 3 	 Freq: 3.5 	 Demand: 1530
	Edge: 4 <--> 5 	 Freq: 3.5 	 Demand: 2550
	Edge: 3 <--> 49 	 Freq: 2.3 	 Demand: 3570
	Edge: 50 <--> 3 	 Freq: 7.0 	 Demand: 3060
	Edge: 27 <--> 8 	 Freq: 7.0 	 Demand: 833
	Route: 10
	Route length (675.0) and demand (6749)
	Edge: 36 <--> 16 	 Freq: 3.5 	 Demand: 3927
	Edge: 16 <--> 58 	 Freq: 7.0 	 Demand: 2822
	Route: 11
	Route length (1264.0) and demand (11993)
	Edge: 30 <--> 67 	 Freq: 7.0 	 Demand: 204
	Edge: 67 <--> 66 	 Freq: 3.5 	 Demand: 3970
	Edge: 68 <--> 69 	 Freq: 3.5 	 Demand: 3653
	Edge: 67 <--> 68 	 Freq: 3.5 	 Demand: 3656
	Edge: 66 <--> 53 	 Freq: 7.0 	 Demand: 510
	Route: 12
	Route length (868.0) and demand (7811)
	Edge: 27 <--> 3 	 Freq: 7.0 	 Demand: 4751
	Edge: 27 <--> 3 	 Freq: 3.5 	 Demand: 3060
	Route: 13
	Route length (556.0) and demand (11687)
	Edge: 30 <--> 67 	 Freq: 2.3 	 Demand: 4213
	Edge: 32 <--> 33 	 Freq: 3.5 	 Demand: 3777
	Edge: 34 <--> 0 	 Freq: 3.5 	 Demand: 3697
	Route: 14
	Route length (769.0) and demand (9856)
	Edge: 34 <--> 66 	 Freq: 3.5 	 Demand: 1700
	Edge: 65 <--> 52 	 Freq: 3.5 	 Demand: 3974
	Edge: 27 <--> 8 	 Freq: 3.5 	 Demand: 4182

Day 2, number of edges 6, number of routes 3

	Edges:

	Edge: 30 <--> 67 	 Freq: 2.3 	 Demand: 4213
	Edge: 25 <--> 26 	 Freq: 2.3 	 Demand: 4247
	Edge: 66 <--> 53 	 Freq: 2.3 	 Demand: 3913
	Edge: 54 <--> 20 	 Freq: 2.3 	 Demand: 4080
	Edge: 28 <--> 7 	 Freq: 2.3 	 Demand: 1020
	Edge: 3 <--> 49 	 Freq: 2.3 	 Demand: 3570

	Routes:

	Route: 1
	Route length (1277.0) and demand (8503)
	Edge: 3 <--> 49 	 Freq: 2.3 	 Demand: 3570
	Edge: 28 <--> 7 	 Freq: 2.3 	 Demand: 1020
	Edge: 66 <--> 53 	 Freq: 2.3 	 Demand: 3913
	Route: 2
	Route length (801.0) and demand (8460)
	Edge: 25 <--> 26 	 Freq: 2.3 	 Demand: 4247
	Edge: 30 <--> 67 	 Freq: 2.3 	 Demand: 4213
	Route: 3
	Route length (1076.0) and demand (4080)
	Edge: 54 <--> 20 	 Freq: 2.3 	 Demand: 4080

Day 3, number of edges 1, number of routes 1

	Edges:

	Edge: 31 <--> 77 	 Freq: 7.0 	 Demand: 1020

	Routes:

	Route: 1
	Route length (527.0) and demand (1020)
	Edge: 31 <--> 77 	 Freq: 7.0 	 Demand: 1020

Day 4, number of edges 45, number of routes 13

	Edges:

	Edge: 3 <--> 49 	 Freq: 2.3 	 Demand: 3570
	Edge: 28 <--> 7 	 Freq: 2.3 	 Demand: 1020
	Edge: 25 <--> 26 	 Freq: 2.3 	 Demand: 4247
	Edge: 54 <--> 20 	 Freq: 2.3 	 Demand: 4080
	Edge: 30 <--> 67 	 Freq: 2.3 	 Demand: 4213
	Edge: 66 <--> 53 	 Freq: 2.3 	 Demand: 3913
	Edge: 7 <--> 50 	 Freq: 3.5 	 Demand: 1530
	Edge: 4 <--> 5 	 Freq: 3.5 	 Demand: 2550
	Edge: 53 <--> 51 	 Freq: 3.5 	 Demand: 3568
	Edge: 68 <--> 69 	 Freq: 3.5 	 Demand: 3653
	Edge: 35 <--> 1 	 Freq: 3.5 	 Demand: 4235
	Edge: 14 <--> 15 	 Freq: 3.5 	 Demand: 3895
	Edge: 39 <--> 25 	 Freq: 3.5 	 Demand: 4080
	Edge: 78 <--> 71 	 Freq: 3.5 	 Demand: 3825
	Edge: 32 <--> 33 	 Freq: 3.5 	 Demand: 3777
	Edge: 67 <--> 66 	 Freq: 3.5 	 Demand: 3970
	Edge: 37 <--> 23 	 Freq: 3.5 	 Demand: 3060
	Edge: 34 <--> 0 	 Freq: 3.5 	 Demand: 3697
	Edge: 40 <--> 15 	 Freq: 3.5 	 Demand: 2244
	Edge: 43 <--> 70 	 Freq: 3.5 	 Demand: 3060
	Edge: 38 <--> 42 	 Freq: 3.5 	 Demand: 4031
	Edge: 36 <--> 16 	 Freq: 3.5 	 Demand: 3927
	Edge: 50 <--> 3 	 Freq: 3.5 	 Demand: 1530
	Edge: 61 <--> 60 	 Freq: 3.5 	 Demand: 2720
	Edge: 67 <--> 68 	 Freq: 3.5 	 Demand: 3656
	Edge: 61 <--> 62 	 Freq: 3.5 	 Demand: 4080
	Edge: 27 <--> 8 	 Freq: 3.5 	 Demand: 4182
	Edge: 40 <--> 41 	 Freq: 3.5 	 Demand: 3516
	Edge: 65 <--> 52 	 Freq: 3.5 	 Demand: 3974
	Edge: 34 <--> 66 	 Freq: 3.5 	 Demand: 1700
	Edge: 23 <--> 24 	 Freq: 3.5 	 Demand: 4080
	Edge: 27 <--> 3 	 Freq: 3.5 	 Demand: 3060
	Edge: 0 <--> 71 	 Freq: 7.0 	 Demand: 1870
	Edge: 16 <--> 58 	 Freq: 7.0 	 Demand: 2822
	Edge: 61 <--> 62 	 Freq: 7.0 	 Demand: 1530
	Edge: 27 <--> 8 	 Freq: 7.0 	 Demand: 833
	Edge: 42 <--> 16 	 Freq: 7.0 	 Demand: 1173
	Edge: 48 <--> 9 	 Freq: 7.0 	 Demand: 918
	Edge: 15 <--> 22 	 Freq: 7.0 	 Demand: 4080
	Edge: 30 <--> 67 	 Freq: 7.0 	 Demand: 204
	Edge: 66 <--> 53 	 Freq: 7.0 	 Demand: 510
	Edge: 34 <--> 66 	 Freq: 7.0 	 Demand: 3604
	Edge: 23 <--> 24 	 Freq: 7.0 	 Demand: 3978
	Edge: 23 <--> 63 	 Freq: 7.0 	 Demand: 4998
	Edge: 70 <--> 47 	 Freq: 7.0 	 Demand: 1105

	Routes:

	Route: 1
	Route length (242.0) and demand (5695)
	Edge: 78 <--> 71 	 Freq: 3.5 	 Demand: 3825
	Edge: 0 <--> 71 	 Freq: 7.0 	 Demand: 1870
	Route: 2
	Route length (848.0) and demand (8976)
	Edge: 23 <--> 24 	 Freq: 7.0 	 Demand: 3978
	Edge: 23 <--> 63 	 Freq: 7.0 	 Demand: 4998
	Route: 3
	Route length (709.0) and demand (11953)
	Edge: 38 <--> 42 	 Freq: 3.5 	 Demand: 4031
	Edge: 42 <--> 16 	 Freq: 7.0 	 Demand: 1173
	Edge: 16 <--> 58 	 Freq: 7.0 	 Demand: 2822
	Edge: 36 <--> 16 	 Freq: 3.5 	 Demand: 3927
	Route: 4
	Route length (769.0) and demand (11760)
	Edge: 27 <--> 8 	 Freq: 3.5 	 Demand: 4182
	Edge: 65 <--> 52 	 Freq: 3.5 	 Demand: 3974
	Edge: 34 <--> 66 	 Freq: 7.0 	 Demand: 3604
	Route: 5
	Route length (1161.0) and demand (11543)
	Edge: 27 <--> 3 	 Freq: 3.5 	 Demand: 3060
	Edge: 4 <--> 5 	 Freq: 3.5 	 Demand: 2550
	Edge: 3 <--> 49 	 Freq: 2.3 	 Demand: 3570
	Edge: 50 <--> 3 	 Freq: 3.5 	 Demand: 1530
	Edge: 27 <--> 8 	 Freq: 7.0 	 Demand: 833
	Route: 6
	Route length (957.0) and demand (10219)
	Edge: 40 <--> 15 	 Freq: 3.5 	 Demand: 2244
	Edge: 15 <--> 22 	 Freq: 7.0 	 Demand: 4080
	Edge: 14 <--> 15 	 Freq: 3.5 	 Demand: 3895
	Route: 7
	Route length (1449.0) and demand (9318)
	Edge: 35 <--> 1 	 Freq: 3.5 	 Demand: 4235
	Edge: 43 <--> 70 	 Freq: 3.5 	 Demand: 3060
	Edge: 70 <--> 47 	 Freq: 7.0 	 Demand: 1105
	Edge: 48 <--> 9 	 Freq: 7.0 	 Demand: 918
	Route: 8
	Route length (1305.0) and demand (11846)
	Edge: 61 <--> 62 	 Freq: 3.5 	 Demand: 4080
	Edge: 61 <--> 62 	 Freq: 7.0 	 Demand: 1530
	Edge: 61 <--> 60 	 Freq: 3.5 	 Demand: 2720
	Edge: 40 <--> 41 	 Freq: 3.5 	 Demand: 3516
	Route: 9
	Route length (698.0) and demand (8327)
	Edge: 25 <--> 26 	 Freq: 2.3 	 Demand: 4247
	Edge: 39 <--> 25 	 Freq: 3.5 	 Demand: 4080
	Route: 10
	Route length (1500.0) and demand (11220)
	Edge: 23 <--> 24 	 Freq: 3.5 	 Demand: 4080
	Edge: 37 <--> 23 	 Freq: 3.5 	 Demand: 3060
	Edge: 54 <--> 20 	 Freq: 2.3 	 Demand: 4080
	Route: 11
	Route length (1264.0) and demand (11993)
	Edge: 66 <--> 53 	 Freq: 7.0 	 Demand: 510
	Edge: 67 <--> 68 	 Freq: 3.5 	 Demand: 3656
	Edge: 68 <--> 69 	 Freq: 3.5 	 Demand: 3653
	Edge: 67 <--> 66 	 Freq: 3.5 	 Demand: 3970
	Edge: 30 <--> 67 	 Freq: 7.0 	 Demand: 204
	Route: 12
	Route length (556.0) and demand (11687)
	Edge: 30 <--> 67 	 Freq: 2.3 	 Demand: 4213
	Edge: 32 <--> 33 	 Freq: 3.5 	 Demand: 3777
	Edge: 34 <--> 0 	 Freq: 3.5 	 Demand: 3697
	Route: 13
	Route length (1093.0) and demand (11731)
	Edge: 34 <--> 66 	 Freq: 3.5 	 Demand: 1700
	Edge: 66 <--> 53 	 Freq: 2.3 	 Demand: 3913
	Edge: 53 <--> 51 	 Freq: 3.5 	 Demand: 3568
	Edge: 28 <--> 7 	 Freq: 2.3 	 Demand: 1020
	Edge: 7 <--> 50 	 Freq: 3.5 	 Demand: 1530

Day 5, number of edges 0, number of routes 0

	Edges:


	Routes:


Day 6, number of edges 0, number of routes 0

	Edges:


	Routes:


Day 7, number of edges 66, number of routes 14

	Edges:

	Edge: 30 <--> 67 	 Freq: 2.3 	 Demand: 4213
	Edge: 25 <--> 26 	 Freq: 2.3 	 Demand: 4247
	Edge: 66 <--> 53 	 Freq: 2.3 	 Demand: 3913
	Edge: 54 <--> 20 	 Freq: 2.3 	 Demand: 4080
	Edge: 28 <--> 7 	 Freq: 2.3 	 Demand: 1020
	Edge: 3 <--> 49 	 Freq: 2.3 	 Demand: 3570
	Edge: 38 <--> 42 	 Freq: 14.0 	 Demand: 1870
	Edge: 25 <--> 26 	 Freq: 14.0 	 Demand: 680
	Edge: 23 <--> 24 	 Freq: 14.0 	 Demand: 1870
	Edge: 43 <--> 70 	 Freq: 14.0 	 Demand: 1530
	Edge: 7 <--> 50 	 Freq: 3.5 	 Demand: 1530
	Edge: 4 <--> 5 	 Freq: 3.5 	 Demand: 2550
	Edge: 53 <--> 51 	 Freq: 3.5 	 Demand: 3568
	Edge: 68 <--> 69 	 Freq: 3.5 	 Demand: 3653
	Edge: 35 <--> 1 	 Freq: 3.5 	 Demand: 4235
	Edge: 14 <--> 15 	 Freq: 3.5 	 Demand: 3895
	Edge: 39 <--> 25 	 Freq: 3.5 	 Demand: 4080
	Edge: 78 <--> 71 	 Freq: 3.5 	 Demand: 3825
	Edge: 32 <--> 33 	 Freq: 3.5 	 Demand: 3777
	Edge: 67 <--> 66 	 Freq: 3.5 	 Demand: 3970
	Edge: 37 <--> 23 	 Freq: 3.5 	 Demand: 3060
	Edge: 34 <--> 0 	 Freq: 3.5 	 Demand: 3697
	Edge: 40 <--> 15 	 Freq: 3.5 	 Demand: 2244
	Edge: 43 <--> 70 	 Freq: 3.5 	 Demand: 3060
	Edge: 38 <--> 42 	 Freq: 3.5 	 Demand: 4031
	Edge: 36 <--> 16 	 Freq: 3.5 	 Demand: 3927
	Edge: 50 <--> 3 	 Freq: 3.5 	 Demand: 1530
	Edge: 61 <--> 60 	 Freq: 3.5 	 Demand: 2720
	Edge: 67 <--> 68 	 Freq: 3.5 	 Demand: 3656
	Edge: 61 <--> 62 	 Freq: 3.5 	 Demand: 4080
	Edge: 27 <--> 8 	 Freq: 3.5 	 Demand: 4182
	Edge: 40 <--> 41 	 Freq: 3.5 	 Demand: 3516
	Edge: 65 <--> 52 	 Freq: 3.5 	 Demand: 3974
	Edge: 34 <--> 66 	 Freq: 3.5 	 Demand: 1700
	Edge: 23 <--> 24 	 Freq: 3.5 	 Demand: 4080
	Edge: 27 <--> 3 	 Freq: 3.5 	 Demand: 3060
	Edge: 65 <--> 6 	 Freq: 7.0 	 Demand: 306
	Edge: 7 <--> 50 	 Freq: 7.0 	 Demand: 238
	Edge: 28 <--> 29 	 Freq: 7.0 	 Demand: 510
	Edge: 77 <--> 76 	 Freq: 7.0 	 Demand: 578
	Edge: 68 <--> 69 	 Freq: 7.0 	 Demand: 3508
	Edge: 44 <--> 77 	 Freq: 7.0 	 Demand: 612
	Edge: 3 <--> 49 	 Freq: 7.0 	 Demand: 1530
	Edge: 57 <--> 18 	 Freq: 7.0 	 Demand: 1394
	Edge: 78 <--> 71 	 Freq: 7.0 	 Demand: 238
	Edge: 76 <--> 75 	 Freq: 7.0 	 Demand: 510
	Edge: 12 <--> 73 	 Freq: 7.0 	 Demand: 935
	Edge: 0 <--> 27 	 Freq: 7.0 	 Demand: 306
	Edge: 37 <--> 23 	 Freq: 7.0 	 Demand: 1683
	Edge: 11 <--> 73 	 Freq: 7.0 	 Demand: 357
	Edge: 73 <--> 74 	 Freq: 7.0 	 Demand: 663
	Edge: 43 <--> 70 	 Freq: 7.0 	 Demand: 204
	Edge: 38 <--> 42 	 Freq: 7.0 	 Demand: 510
	Edge: 75 <--> 12 	 Freq: 7.0 	 Demand: 1207
	Edge: 46 <--> 56 	 Freq: 7.0 	 Demand: 408
	Edge: 45 <--> 74 	 Freq: 7.0 	 Demand: 119
	Edge: 36 <--> 24 	 Freq: 7.0 	 Demand: 765
	Edge: 13 <--> 9 	 Freq: 7.0 	 Demand: 816
	Edge: 10 <--> 44 	 Freq: 7.0 	 Demand: 646
	Edge: 42 <--> 57 	 Freq: 7.0 	 Demand: 1989
	Edge: 61 <--> 60 	 Freq: 7.0 	 Demand: 510
	Edge: 9 <--> 47 	 Freq: 7.0 	 Demand: 561
	Edge: 18 <--> 58 	 Freq: 7.0 	 Demand: 578
	Edge: 71 <--> 72 	 Freq: 7.0 	 Demand: 1836
	Edge: 58 <--> 21 	 Freq: 7.0 	 Demand: 306
	Edge: 70 <--> 13 	 Freq: 7.0 	 Demand: 2278

	Routes:

	Route: 1
	Route length (1265.0) and demand (10797)
	Edge: 38 <--> 42 	 Freq: 7.0 	 Demand: 510
	Edge: 57 <--> 18 	 Freq: 7.0 	 Demand: 1394
	Edge: 18 <--> 58 	 Freq: 7.0 	 Demand: 578
	Edge: 58 <--> 21 	 Freq: 7.0 	 Demand: 306
	Edge: 14 <--> 15 	 Freq: 3.5 	 Demand: 3895
	Edge: 40 <--> 15 	 Freq: 3.5 	 Demand: 2244
	Edge: 23 <--> 24 	 Freq: 14.0 	 Demand: 1870
	Route: 2
	Route length (1156.0) and demand (11497)
	Edge: 68 <--> 69 	 Freq: 3.5 	 Demand: 3653
	Edge: 68 <--> 69 	 Freq: 7.0 	 Demand: 3508
	Edge: 67 <--> 68 	 Freq: 3.5 	 Demand: 3656
	Edge: 25 <--> 26 	 Freq: 14.0 	 Demand: 680
	Route: 3
	Route length (827.0) and demand (8315)
	Edge: 35 <--> 1 	 Freq: 3.5 	 Demand: 4235
	Edge: 39 <--> 25 	 Freq: 3.5 	 Demand: 4080
	Route: 4
	Route length (1294.0) and demand (11591)
	Edge: 61 <--> 62 	 Freq: 3.5 	 Demand: 4080
	Edge: 61 <--> 60 	 Freq: 7.0 	 Demand: 510
	Edge: 61 <--> 60 	 Freq: 3.5 	 Demand: 2720
	Edge: 40 <--> 41 	 Freq: 3.5 	 Demand: 3516
	Edge: 36 <--> 24 	 Freq: 7.0 	 Demand: 765
	Route: 5
	Route length (1107.0) and demand (10711)
	Edge: 28 <--> 7 	 Freq: 2.3 	 Demand: 1020
	Edge: 28 <--> 29 	 Freq: 7.0 	 Demand: 510
	Edge: 53 <--> 51 	 Freq: 3.5 	 Demand: 3568
	Edge: 66 <--> 53 	 Freq: 2.3 	 Demand: 3913
	Edge: 34 <--> 66 	 Freq: 3.5 	 Demand: 1700
	Route: 6
	Route length (641.0) and demand (8024)
	Edge: 25 <--> 26 	 Freq: 2.3 	 Demand: 4247
	Edge: 32 <--> 33 	 Freq: 3.5 	 Demand: 3777
	Route: 7
	Route length (1664.0) and demand (11033)
	Edge: 78 <--> 71 	 Freq: 7.0 	 Demand: 238
	Edge: 76 <--> 75 	 Freq: 7.0 	 Demand: 510
	Edge: 10 <--> 44 	 Freq: 7.0 	 Demand: 646
	Edge: 13 <--> 9 	 Freq: 7.0 	 Demand: 816
	Edge: 9 <--> 47 	 Freq: 7.0 	 Demand: 561
	Edge: 70 <--> 13 	 Freq: 7.0 	 Demand: 2278
	Edge: 43 <--> 70 	 Freq: 14.0 	 Demand: 1530
	Edge: 43 <--> 70 	 Freq: 3.5 	 Demand: 3060
	Edge: 43 <--> 70 	 Freq: 7.0 	 Demand: 204
	Edge: 44 <--> 77 	 Freq: 7.0 	 Demand: 612
	Edge: 77 <--> 76 	 Freq: 7.0 	 Demand: 578
	Route: 8
	Route length (564.0) and demand (7958)
	Edge: 38 <--> 42 	 Freq: 3.5 	 Demand: 4031
	Edge: 36 <--> 16 	 Freq: 3.5 	 Demand: 3927
	Route: 9
	Route length (1016.0) and demand (11522)
	Edge: 27 <--> 8 	 Freq: 3.5 	 Demand: 4182
	Edge: 65 <--> 6 	 Freq: 7.0 	 Demand: 306
	Edge: 65 <--> 52 	 Freq: 3.5 	 Demand: 3974
	Edge: 27 <--> 3 	 Freq: 3.5 	 Demand: 3060
	Route: 10
	Route length (489.0) and demand (5661)
	Edge: 78 <--> 71 	 Freq: 3.5 	 Demand: 3825
	Edge: 71 <--> 72 	 Freq: 7.0 	 Demand: 1836
	Route: 11
	Route length (1409.0) and demand (11628)
	Edge: 75 <--> 12 	 Freq: 7.0 	 Demand: 1207
	Edge: 12 <--> 73 	 Freq: 7.0 	 Demand: 935
	Edge: 11 <--> 73 	 Freq: 7.0 	 Demand: 357
	Edge: 73 <--> 74 	 Freq: 7.0 	 Demand: 663
	Edge: 45 <--> 74 	 Freq: 7.0 	 Demand: 119
	Edge: 46 <--> 56 	 Freq: 7.0 	 Demand: 408
	Edge: 54 <--> 20 	 Freq: 2.3 	 Demand: 4080
	Edge: 42 <--> 57 	 Freq: 7.0 	 Demand: 1989
	Edge: 38 <--> 42 	 Freq: 14.0 	 Demand: 1870
	Route: 12
	Route length (715.0) and demand (11880)
	Edge: 30 <--> 67 	 Freq: 2.3 	 Demand: 4213
	Edge: 67 <--> 66 	 Freq: 3.5 	 Demand: 3970
	Edge: 34 <--> 0 	 Freq: 3.5 	 Demand: 3697
	Route: 13
	Route length (598.0) and demand (8823)
	Edge: 37 <--> 23 	 Freq: 7.0 	 Demand: 1683
	Edge: 23 <--> 24 	 Freq: 3.5 	 Demand: 4080
	Edge: 37 <--> 23 	 Freq: 3.5 	 Demand: 3060
	Route: 14
	Route length (1236.0) and demand (11254)
	Edge: 3 <--> 49 	 Freq: 7.0 	 Demand: 1530
	Edge: 4 <--> 5 	 Freq: 3.5 	 Demand: 2550
	Edge: 3 <--> 49 	 Freq: 2.3 	 Demand: 3570
	Edge: 50 <--> 3 	 Freq: 3.5 	 Demand: 1530
	Edge: 7 <--> 50 	 Freq: 3.5 	 Demand: 1530
	Edge: 7 <--> 50 	 Freq: 7.0 	 Demand: 238
	Edge: 0 <--> 27 	 Freq: 7.0 	 Demand: 306

Day 8, number of edges 3, number of routes 1

	Edges:

	Edge: 55 <--> 19 	 Freq: 7.0 	 Demand: 782
	Edge: 57 <--> 55 	 Freq: 7.0 	 Demand: 2992
	Edge: 18 <--> 19 	 Freq: 7.0 	 Demand: 2686

	Routes:

	Route: 1
	Route length (1136.0) and demand (6460)
	Edge: 57 <--> 55 	 Freq: 7.0 	 Demand: 2992
	Edge: 55 <--> 19 	 Freq: 7.0 	 Demand: 782
	Edge: 18 <--> 19 	 Freq: 7.0 	 Demand: 2686

Day 9, number of edges 6, number of routes 3

	Edges:

	Edge: 3 <--> 49 	 Freq: 2.3 	 Demand: 3570
	Edge: 28 <--> 7 	 Freq: 2.3 	 Demand: 1020
	Edge: 25 <--> 26 	 Freq: 2.3 	 Demand: 4247
	Edge: 54 <--> 20 	 Freq: 2.3 	 Demand: 4080
	Edge: 30 <--> 67 	 Freq: 2.3 	 Demand: 4213
	Edge: 66 <--> 53 	 Freq: 2.3 	 Demand: 3913

	Routes:

	Route: 1
	Route length (1277.0) and demand (8503)
	Edge: 3 <--> 49 	 Freq: 2.3 	 Demand: 3570
	Edge: 28 <--> 7 	 Freq: 2.3 	 Demand: 1020
	Edge: 66 <--> 53 	 Freq: 2.3 	 Demand: 3913
	Route: 2
	Route length (801.0) and demand (8460)
	Edge: 25 <--> 26 	 Freq: 2.3 	 Demand: 4247
	Edge: 30 <--> 67 	 Freq: 2.3 	 Demand: 4213
	Route: 3
	Route length (1076.0) and demand (4080)
	Edge: 54 <--> 20 	 Freq: 2.3 	 Demand: 4080

Day 10, number of edges 39, number of routes 9

	Edges:

	Edge: 7 <--> 50 	 Freq: 3.5 	 Demand: 1530
	Edge: 4 <--> 5 	 Freq: 3.5 	 Demand: 2550
	Edge: 53 <--> 51 	 Freq: 3.5 	 Demand: 3568
	Edge: 68 <--> 69 	 Freq: 3.5 	 Demand: 3653
	Edge: 35 <--> 1 	 Freq: 3.5 	 Demand: 4235
	Edge: 14 <--> 15 	 Freq: 3.5 	 Demand: 3895
	Edge: 39 <--> 25 	 Freq: 3.5 	 Demand: 4080
	Edge: 78 <--> 71 	 Freq: 3.5 	 Demand: 3825
	Edge: 32 <--> 33 	 Freq: 3.5 	 Demand: 3777
	Edge: 67 <--> 66 	 Freq: 3.5 	 Demand: 3970
	Edge: 37 <--> 23 	 Freq: 3.5 	 Demand: 3060
	Edge: 34 <--> 0 	 Freq: 3.5 	 Demand: 3697
	Edge: 40 <--> 15 	 Freq: 3.5 	 Demand: 2244
	Edge: 43 <--> 70 	 Freq: 3.5 	 Demand: 3060
	Edge: 38 <--> 42 	 Freq: 3.5 	 Demand: 4031
	Edge: 36 <--> 16 	 Freq: 3.5 	 Demand: 3927
	Edge: 50 <--> 3 	 Freq: 3.5 	 Demand: 1530
	Edge: 61 <--> 60 	 Freq: 3.5 	 Demand: 2720
	Edge: 67 <--> 68 	 Freq: 3.5 	 Demand: 3656
	Edge: 61 <--> 62 	 Freq: 3.5 	 Demand: 4080
	Edge: 27 <--> 8 	 Freq: 3.5 	 Demand: 4182
	Edge: 40 <--> 41 	 Freq: 3.5 	 Demand: 3516
	Edge: 65 <--> 52 	 Freq: 3.5 	 Demand: 3974
	Edge: 34 <--> 66 	 Freq: 3.5 	 Demand: 1700
	Edge: 23 <--> 24 	 Freq: 3.5 	 Demand: 4080
	Edge: 27 <--> 3 	 Freq: 3.5 	 Demand: 3060
	Edge: 66 <--> 53 	 Freq: 2.3 	 Demand: 3913
	Edge: 28 <--> 29 	 Freq: 7.0 	 Demand: 510
	Edge: 77 <--> 76 	 Freq: 7.0 	 Demand: 578
	Edge: 74 <--> 72 	 Freq: 7.0 	 Demand: 153
	Edge: 3 <--> 49 	 Freq: 7.0 	 Demand: 1530
	Edge: 76 <--> 75 	 Freq: 7.0 	 Demand: 510
	Edge: 31 <--> 77 	 Freq: 7.0 	 Demand: 1020
	Edge: 36 <--> 24 	 Freq: 7.0 	 Demand: 765
	Edge: 10 <--> 11 	 Freq: 7.0 	 Demand: 663
	Edge: 61 <--> 60 	 Freq: 7.0 	 Demand: 510
	Edge: 21 <--> 22 	 Freq: 7.0 	 Demand: 1020
	Edge: 25 <--> 26 	 Freq: 7.0 	 Demand: 510
	Edge: 21 <--> 59 	 Freq: 7.0 	 Demand: 578

	Routes:

	Route: 1
	Route length (1038.0) and demand (11965)
	Edge: 65 <--> 52 	 Freq: 3.5 	 Demand: 3974
	Edge: 28 <--> 29 	 Freq: 7.0 	 Demand: 510
	Edge: 53 <--> 51 	 Freq: 3.5 	 Demand: 3568
	Edge: 66 <--> 53 	 Freq: 2.3 	 Demand: 3913
	Route: 2
	Route length (1303.0) and demand (11664)
	Edge: 36 <--> 16 	 Freq: 3.5 	 Demand: 3927
	Edge: 40 <--> 15 	 Freq: 3.5 	 Demand: 2244
	Edge: 14 <--> 15 	 Freq: 3.5 	 Demand: 3895
	Edge: 21 <--> 22 	 Freq: 7.0 	 Demand: 1020
	Edge: 21 <--> 59 	 Freq: 7.0 	 Demand: 578
	Route: 3
	Route length (653.0) and demand (9852)
	Edge: 27 <--> 8 	 Freq: 3.5 	 Demand: 4182
	Edge: 67 <--> 66 	 Freq: 3.5 	 Demand: 3970
	Edge: 34 <--> 66 	 Freq: 3.5 	 Demand: 1700
	Route: 4
	Route length (725.0) and demand (10013)
	Edge: 39 <--> 25 	 Freq: 3.5 	 Demand: 4080
	Edge: 31 <--> 77 	 Freq: 7.0 	 Demand: 1020
	Edge: 77 <--> 76 	 Freq: 7.0 	 Demand: 578
	Edge: 76 <--> 75 	 Freq: 7.0 	 Demand: 510
	Edge: 78 <--> 71 	 Freq: 3.5 	 Demand: 3825
	Route: 5
	Route length (684.0) and demand (11171)
	Edge: 38 <--> 42 	 Freq: 3.5 	 Demand: 4031
	Edge: 37 <--> 23 	 Freq: 3.5 	 Demand: 3060
	Edge: 23 <--> 24 	 Freq: 3.5 	 Demand: 4080
	Route: 6
	Route length (1107.0) and demand (11516)
	Edge: 34 <--> 0 	 Freq: 3.5 	 Demand: 3697
	Edge: 25 <--> 26 	 Freq: 7.0 	 Demand: 510
	Edge: 67 <--> 68 	 Freq: 3.5 	 Demand: 3656
	Edge: 68 <--> 69 	 Freq: 3.5 	 Demand: 3653
	Route: 7
	Route length (1548.0) and demand (11888)
	Edge: 32 <--> 33 	 Freq: 3.5 	 Demand: 3777
	Edge: 35 <--> 1 	 Freq: 3.5 	 Demand: 4235
	Edge: 43 <--> 70 	 Freq: 3.5 	 Demand: 3060
	Edge: 10 <--> 11 	 Freq: 7.0 	 Demand: 663
	Edge: 74 <--> 72 	 Freq: 7.0 	 Demand: 153
	Route: 8
	Route length (1294.0) and demand (11591)
	Edge: 61 <--> 62 	 Freq: 3.5 	 Demand: 4080
	Edge: 61 <--> 60 	 Freq: 7.0 	 Demand: 510
	Edge: 61 <--> 60 	 Freq: 3.5 	 Demand: 2720
	Edge: 40 <--> 41 	 Freq: 3.5 	 Demand: 3516
	Edge: 36 <--> 24 	 Freq: 7.0 	 Demand: 765
	Route: 9
	Route length (1161.0) and demand (10200)
	Edge: 27 <--> 3 	 Freq: 3.5 	 Demand: 3060
	Edge: 3 <--> 49 	 Freq: 7.0 	 Demand: 1530
	Edge: 4 <--> 5 	 Freq: 3.5 	 Demand: 2550
	Edge: 50 <--> 3 	 Freq: 3.5 	 Demand: 1530
	Edge: 7 <--> 50 	 Freq: 3.5 	 Demand: 1530

Day 11, number of edges 23, number of routes 6

	Edges:

	Edge: 66 <--> 53 	 Freq: 2.3 	 Demand: 3913
	Edge: 3 <--> 49 	 Freq: 2.3 	 Demand: 3570
	Edge: 28 <--> 7 	 Freq: 2.3 	 Demand: 1020
	Edge: 25 <--> 26 	 Freq: 2.3 	 Demand: 4247
	Edge: 54 <--> 20 	 Freq: 2.3 	 Demand: 4080
	Edge: 30 <--> 67 	 Freq: 2.3 	 Demand: 4213
	Edge: 0 <--> 71 	 Freq: 7.0 	 Demand: 1870
	Edge: 50 <--> 3 	 Freq: 7.0 	 Demand: 3060
	Edge: 16 <--> 58 	 Freq: 7.0 	 Demand: 2822
	Edge: 61 <--> 62 	 Freq: 7.0 	 Demand: 1530
	Edge: 27 <--> 8 	 Freq: 7.0 	 Demand: 833
	Edge: 42 <--> 16 	 Freq: 7.0 	 Demand: 1173
	Edge: 48 <--> 9 	 Freq: 7.0 	 Demand: 918
	Edge: 15 <--> 22 	 Freq: 7.0 	 Demand: 4080
	Edge: 45 <--> 10 	 Freq: 7.0 	 Demand: 765
	Edge: 30 <--> 67 	 Freq: 7.0 	 Demand: 204
	Edge: 6 <--> 7 	 Freq: 7.0 	 Demand: 1955
	Edge: 66 <--> 53 	 Freq: 7.0 	 Demand: 510
	Edge: 34 <--> 66 	 Freq: 7.0 	 Demand: 3604
	Edge: 23 <--> 24 	 Freq: 7.0 	 Demand: 3978
	Edge: 23 <--> 63 	 Freq: 7.0 	 Demand: 4998
	Edge: 27 <--> 3 	 Freq: 7.0 	 Demand: 4751
	Edge: 70 <--> 47 	 Freq: 7.0 	 Demand: 1105

	Routes:

	Route: 1
	Route length (969.0) and demand (9766)
	Edge: 27 <--> 3 	 Freq: 7.0 	 Demand: 4751
	Edge: 50 <--> 3 	 Freq: 7.0 	 Demand: 3060
	Edge: 6 <--> 7 	 Freq: 7.0 	 Demand: 1955
	Route: 2
	Route length (1971.0) and demand (11115)
	Edge: 54 <--> 20 	 Freq: 2.3 	 Demand: 4080
	Edge: 45 <--> 10 	 Freq: 7.0 	 Demand: 765
	Edge: 48 <--> 9 	 Freq: 7.0 	 Demand: 918
	Edge: 70 <--> 47 	 Freq: 7.0 	 Demand: 1105
	Edge: 25 <--> 26 	 Freq: 2.3 	 Demand: 4247
	Route: 3
	Route length (800.0) and demand (9687)
	Edge: 30 <--> 67 	 Freq: 2.3 	 Demand: 4213
	Edge: 34 <--> 66 	 Freq: 7.0 	 Demand: 3604
	Edge: 0 <--> 71 	 Freq: 7.0 	 Demand: 1870
	Route: 4
	Route length (1728.0) and demand (10050)
	Edge: 27 <--> 8 	 Freq: 7.0 	 Demand: 833
	Edge: 3 <--> 49 	 Freq: 2.3 	 Demand: 3570
	Edge: 28 <--> 7 	 Freq: 2.3 	 Demand: 1020
	Edge: 66 <--> 53 	 Freq: 2.3 	 Demand: 3913
	Edge: 66 <--> 53 	 Freq: 7.0 	 Demand: 510
	Edge: 30 <--> 67 	 Freq: 7.0 	 Demand: 204
	Route: 5
	Route length (848.0) and demand (8976)
	Edge: 23 <--> 24 	 Freq: 7.0 	 Demand: 3978
	Edge: 23 <--> 63 	 Freq: 7.0 	 Demand: 4998
	Route: 6
	Route length (1392.0) and demand (9605)
	Edge: 61 <--> 62 	 Freq: 7.0 	 Demand: 1530
	Edge: 15 <--> 22 	 Freq: 7.0 	 Demand: 4080
	Edge: 16 <--> 58 	 Freq: 7.0 	 Demand: 2822
	Edge: 42 <--> 16 	 Freq: 7.0 	 Demand: 1173

Day 12, number of edges 0, number of routes 0

	Edges:


	Routes:


Day 13, number of edges 0, number of routes 0

	Edges:


	Routes:


Day 14, number of edges 48, number of routes 12

	Edges:

	Edge: 30 <--> 67 	 Freq: 2.3 	 Demand: 4213
	Edge: 25 <--> 26 	 Freq: 2.3 	 Demand: 4247
	Edge: 66 <--> 53 	 Freq: 2.3 	 Demand: 3913
	Edge: 54 <--> 20 	 Freq: 2.3 	 Demand: 4080
	Edge: 28 <--> 7 	 Freq: 2.3 	 Demand: 1020
	Edge: 3 <--> 49 	 Freq: 2.3 	 Demand: 3570
	Edge: 7 <--> 50 	 Freq: 3.5 	 Demand: 1530
	Edge: 4 <--> 5 	 Freq: 3.5 	 Demand: 2550
	Edge: 53 <--> 51 	 Freq: 3.5 	 Demand: 3568
	Edge: 68 <--> 69 	 Freq: 3.5 	 Demand: 3653
	Edge: 35 <--> 1 	 Freq: 3.5 	 Demand: 4235
	Edge: 14 <--> 15 	 Freq: 3.5 	 Demand: 3895
	Edge: 39 <--> 25 	 Freq: 3.5 	 Demand: 4080
	Edge: 78 <--> 71 	 Freq: 3.5 	 Demand: 3825
	Edge: 32 <--> 33 	 Freq: 3.5 	 Demand: 3777
	Edge: 67 <--> 66 	 Freq: 3.5 	 Demand: 3970
	Edge: 37 <--> 23 	 Freq: 3.5 	 Demand: 3060
	Edge: 34 <--> 0 	 Freq: 3.5 	 Demand: 3697
	Edge: 40 <--> 15 	 Freq: 3.5 	 Demand: 2244
	Edge: 43 <--> 70 	 Freq: 3.5 	 Demand: 3060
	Edge: 38 <--> 42 	 Freq: 3.5 	 Demand: 4031
	Edge: 36 <--> 16 	 Freq: 3.5 	 Demand: 3927
	Edge: 50 <--> 3 	 Freq: 3.5 	 Demand: 1530
	Edge: 61 <--> 60 	 Freq: 3.5 	 Demand: 2720
	Edge: 67 <--> 68 	 Freq: 3.5 	 Demand: 3656
	Edge: 61 <--> 62 	 Freq: 3.5 	 Demand: 4080
	Edge: 27 <--> 8 	 Freq: 3.5 	 Demand: 4182
	Edge: 40 <--> 41 	 Freq: 3.5 	 Demand: 3516
	Edge: 65 <--> 52 	 Freq: 3.5 	 Demand: 3974
	Edge: 34 <--> 66 	 Freq: 3.5 	 Demand: 1700
	Edge: 23 <--> 24 	 Freq: 3.5 	 Demand: 4080
	Edge: 27 <--> 3 	 Freq: 3.5 	 Demand: 3060
	Edge: 7 <--> 50 	 Freq: 7.0 	 Demand: 238
	Edge: 44 <--> 77 	 Freq: 7.0 	 Demand: 612
	Edge: 57 <--> 18 	 Freq: 7.0 	 Demand: 1394
	Edge: 78 <--> 71 	 Freq: 7.0 	 Demand: 238
	Edge: 12 <--> 73 	 Freq: 7.0 	 Demand: 935
	Edge: 0 <--> 27 	 Freq: 7.0 	 Demand: 306
	Edge: 37 <--> 23 	 Freq: 7.0 	 Demand: 1683
	Edge: 43 <--> 70 	 Freq: 7.0 	 Demand: 204
	Edge: 38 <--> 42 	 Freq: 7.0 	 Demand: 510
	Edge: 75 <--> 12 	 Freq: 7.0 	 Demand: 1207
	Edge: 46 <--> 56 	 Freq: 7.0 	 Demand: 408
	Edge: 45 <--> 74 	 Freq: 7.0 	 Demand: 119
	Edge: 10 <--> 44 	 Freq: 7.0 	 Demand: 646
	Edge: 42 <--> 57 	 Freq: 7.0 	 Demand: 1989
	Edge: 18 <--> 58 	 Freq: 7.0 	 Demand: 578
	Edge: 58 <--> 21 	 Freq: 7.0 	 Demand: 306

	Routes:

	Route: 1
	Route length (1093.0) and demand (11731)
	Edge: 7 <--> 50 	 Freq: 3.5 	 Demand: 1530
	Edge: 28 <--> 7 	 Freq: 2.3 	 Demand: 1020
	Edge: 53 <--> 51 	 Freq: 3.5 	 Demand: 3568
	Edge: 66 <--> 53 	 Freq: 2.3 	 Demand: 3913
	Edge: 34 <--> 66 	 Freq: 3.5 	 Demand: 1700
	Route: 2
	Route length (1189.0) and demand (10316)
	Edge: 40 <--> 41 	 Freq: 3.5 	 Demand: 3516
	Edge: 61 <--> 60 	 Freq: 3.5 	 Demand: 2720
	Edge: 61 <--> 62 	 Freq: 3.5 	 Demand: 4080
	Route: 3
	Route length (659.0) and demand (8462)
	Edge: 65 <--> 52 	 Freq: 3.5 	 Demand: 3974
	Edge: 27 <--> 8 	 Freq: 3.5 	 Demand: 4182
	Edge: 0 <--> 27 	 Freq: 7.0 	 Demand: 306
	Route: 4
	Route length (556.0) and demand (11687)
	Edge: 30 <--> 67 	 Freq: 2.3 	 Demand: 4213
	Edge: 32 <--> 33 	 Freq: 3.5 	 Demand: 3777
	Edge: 34 <--> 0 	 Freq: 3.5 	 Demand: 3697
	Route: 5
	Route length (936.0) and demand (11902)
	Edge: 14 <--> 15 	 Freq: 3.5 	 Demand: 3895
	Edge: 40 <--> 15 	 Freq: 3.5 	 Demand: 2244
	Edge: 23 <--> 24 	 Freq: 3.5 	 Demand: 4080
	Edge: 37 <--> 23 	 Freq: 7.0 	 Demand: 1683
	Route: 6
	Route length (367.0) and demand (7091)
	Edge: 38 <--> 42 	 Freq: 3.5 	 Demand: 4031
	Edge: 37 <--> 23 	 Freq: 3.5 	 Demand: 3060
	Route: 7
	Route length (993.0) and demand (11279)
	Edge: 67 <--> 66 	 Freq: 3.5 	 Demand: 3970
	Edge: 67 <--> 68 	 Freq: 3.5 	 Demand: 3656
	Edge: 68 <--> 69 	 Freq: 3.5 	 Demand: 3653
	Route: 8
	Route length (1467.0) and demand (8995)
	Edge: 78 <--> 71 	 Freq: 7.0 	 Demand: 238
	Edge: 10 <--> 44 	 Freq: 7.0 	 Demand: 646
	Edge: 35 <--> 1 	 Freq: 3.5 	 Demand: 4235
	Edge: 43 <--> 70 	 Freq: 7.0 	 Demand: 204
	Edge: 43 <--> 70 	 Freq: 3.5 	 Demand: 3060
	Edge: 44 <--> 77 	 Freq: 7.0 	 Demand: 612
	Route: 9
	Route length (895.0) and demand (8704)
	Edge: 38 <--> 42 	 Freq: 7.0 	 Demand: 510
	Edge: 42 <--> 57 	 Freq: 7.0 	 Demand: 1989
	Edge: 57 <--> 18 	 Freq: 7.0 	 Demand: 1394
	Edge: 18 <--> 58 	 Freq: 7.0 	 Demand: 578
	Edge: 58 <--> 21 	 Freq: 7.0 	 Demand: 306
	Edge: 36 <--> 16 	 Freq: 3.5 	 Demand: 3927
	Route: 10
	Route length (1161.0) and demand (10948)
	Edge: 27 <--> 3 	 Freq: 3.5 	 Demand: 3060
	Edge: 3 <--> 49 	 Freq: 2.3 	 Demand: 3570
	Edge: 4 <--> 5 	 Freq: 3.5 	 Demand: 2550
	Edge: 50 <--> 3 	 Freq: 3.5 	 Demand: 1530
	Edge: 7 <--> 50 	 Freq: 7.0 	 Demand: 238
	Route: 11
	Route length (1324.0) and demand (10574)
	Edge: 54 <--> 20 	 Freq: 2.3 	 Demand: 4080
	Edge: 46 <--> 56 	 Freq: 7.0 	 Demand: 408
	Edge: 45 <--> 74 	 Freq: 7.0 	 Demand: 119
	Edge: 12 <--> 73 	 Freq: 7.0 	 Demand: 935
	Edge: 75 <--> 12 	 Freq: 7.0 	 Demand: 1207
	Edge: 78 <--> 71 	 Freq: 3.5 	 Demand: 3825
	Route: 12
	Route length (698.0) and demand (8327)
	Edge: 39 <--> 25 	 Freq: 3.5 	 Demand: 4080
	Edge: 25 <--> 26 	 Freq: 2.3 	 Demand: 4247

Day 15, number of edges 3, number of routes 1

	Edges:

	Edge: 55 <--> 19 	 Freq: 7.0 	 Demand: 782
	Edge: 57 <--> 55 	 Freq: 7.0 	 Demand: 2992
	Edge: 18 <--> 19 	 Freq: 7.0 	 Demand: 2686

	Routes:

	Route: 1
	Route length (1136.0) and demand (6460)
	Edge: 57 <--> 55 	 Freq: 7.0 	 Demand: 2992
	Edge: 55 <--> 19 	 Freq: 7.0 	 Demand: 782
	Edge: 18 <--> 19 	 Freq: 7.0 	 Demand: 2686

Day 16, number of edges 6, number of routes 3

	Edges:

	Edge: 3 <--> 49 	 Freq: 2.3 	 Demand: 3570
	Edge: 28 <--> 7 	 Freq: 2.3 	 Demand: 1020
	Edge: 25 <--> 26 	 Freq: 2.3 	 Demand: 4247
	Edge: 54 <--> 20 	 Freq: 2.3 	 Demand: 4080
	Edge: 30 <--> 67 	 Freq: 2.3 	 Demand: 4213
	Edge: 66 <--> 53 	 Freq: 2.3 	 Demand: 3913

	Routes:

	Route: 1
	Route length (1277.0) and demand (8503)
	Edge: 3 <--> 49 	 Freq: 2.3 	 Demand: 3570
	Edge: 28 <--> 7 	 Freq: 2.3 	 Demand: 1020
	Edge: 66 <--> 53 	 Freq: 2.3 	 Demand: 3913
	Route: 2
	Route length (801.0) and demand (8460)
	Edge: 25 <--> 26 	 Freq: 2.3 	 Demand: 4247
	Edge: 30 <--> 67 	 Freq: 2.3 	 Demand: 4213
	Route: 3
	Route length (1076.0) and demand (4080)
	Edge: 54 <--> 20 	 Freq: 2.3 	 Demand: 4080

Day 17, number of edges 52, number of routes 11

	Edges:

	Edge: 7 <--> 50 	 Freq: 3.5 	 Demand: 1530
	Edge: 4 <--> 5 	 Freq: 3.5 	 Demand: 2550
	Edge: 53 <--> 51 	 Freq: 3.5 	 Demand: 3568
	Edge: 68 <--> 69 	 Freq: 3.5 	 Demand: 3653
	Edge: 35 <--> 1 	 Freq: 3.5 	 Demand: 4235
	Edge: 14 <--> 15 	 Freq: 3.5 	 Demand: 3895
	Edge: 39 <--> 25 	 Freq: 3.5 	 Demand: 4080
	Edge: 78 <--> 71 	 Freq: 3.5 	 Demand: 3825
	Edge: 32 <--> 33 	 Freq: 3.5 	 Demand: 3777
	Edge: 67 <--> 66 	 Freq: 3.5 	 Demand: 3970
	Edge: 37 <--> 23 	 Freq: 3.5 	 Demand: 3060
	Edge: 34 <--> 0 	 Freq: 3.5 	 Demand: 3697
	Edge: 40 <--> 15 	 Freq: 3.5 	 Demand: 2244
	Edge: 43 <--> 70 	 Freq: 3.5 	 Demand: 3060
	Edge: 38 <--> 42 	 Freq: 3.5 	 Demand: 4031
	Edge: 36 <--> 16 	 Freq: 3.5 	 Demand: 3927
	Edge: 50 <--> 3 	 Freq: 3.5 	 Demand: 1530
	Edge: 61 <--> 60 	 Freq: 3.5 	 Demand: 2720
	Edge: 67 <--> 68 	 Freq: 3.5 	 Demand: 3656
	Edge: 61 <--> 62 	 Freq: 3.5 	 Demand: 4080
	Edge: 27 <--> 8 	 Freq: 3.5 	 Demand: 4182
	Edge: 40 <--> 41 	 Freq: 3.5 	 Demand: 3516
	Edge: 65 <--> 52 	 Freq: 3.5 	 Demand: 3974
	Edge: 34 <--> 66 	 Freq: 3.5 	 Demand: 1700
	Edge: 23 <--> 24 	 Freq: 3.5 	 Demand: 4080
	Edge: 27 <--> 3 	 Freq: 3.5 	 Demand: 3060
	Edge: 65 <--> 6 	 Freq: 7.0 	 Demand: 306
	Edge: 28 <--> 29 	 Freq: 7.0 	 Demand: 510
	Edge: 77 <--> 76 	 Freq: 7.0 	 Demand: 578
	Edge: 68 <--> 69 	 Freq: 7.0 	 Demand: 3508
	Edge: 74 <--> 72 	 Freq: 7.0 	 Demand: 153
	Edge: 3 <--> 49 	 Freq: 7.0 	 Demand: 1530
	Edge: 57 <--> 18 	 Freq: 7.0 	 Demand: 1394
	Edge: 76 <--> 75 	 Freq: 7.0 	 Demand: 510
	Edge: 11 <--> 73 	 Freq: 7.0 	 Demand: 357
	Edge: 73 <--> 74 	 Freq: 7.0 	 Demand: 663
	Edge: 31 <--> 77 	 Freq: 7.0 	 Demand: 1020
	Edge: 38 <--> 42 	 Freq: 7.0 	 Demand: 510
	Edge: 46 <--> 56 	 Freq: 7.0 	 Demand: 408
	Edge: 45 <--> 74 	 Freq: 7.0 	 Demand: 119
	Edge: 36 <--> 24 	 Freq: 7.0 	 Demand: 765
	Edge: 13 <--> 9 	 Freq: 7.0 	 Demand: 816
	Edge: 10 <--> 11 	 Freq: 7.0 	 Demand: 663
	Edge: 61 <--> 60 	 Freq: 7.0 	 Demand: 510
	Edge: 9 <--> 47 	 Freq: 7.0 	 Demand: 561
	Edge: 21 <--> 22 	 Freq: 7.0 	 Demand: 1020
	Edge: 18 <--> 58 	 Freq: 7.0 	 Demand: 578
	Edge: 25 <--> 26 	 Freq: 7.0 	 Demand: 510
	Edge: 27 <--> 8 	 Freq: 7.0 	 Demand: 833
	Edge: 71 <--> 72 	 Freq: 7.0 	 Demand: 1836
	Edge: 21 <--> 59 	 Freq: 7.0 	 Demand: 578
	Edge: 70 <--> 13 	 Freq: 7.0 	 Demand: 2278

	Routes:

	Route: 1
	Route length (264.0) and demand (4031)
	Edge: 38 <--> 42 	 Freq: 3.5 	 Demand: 4031
	Route: 2
	Route length (1294.0) and demand (11591)
	Edge: 61 <--> 62 	 Freq: 3.5 	 Demand: 4080
	Edge: 61 <--> 60 	 Freq: 7.0 	 Demand: 510
	Edge: 61 <--> 60 	 Freq: 3.5 	 Demand: 2720
	Edge: 40 <--> 41 	 Freq: 3.5 	 Demand: 3516
	Edge: 36 <--> 24 	 Freq: 7.0 	 Demand: 765
	Route: 3
	Route length (1308.0) and demand (10219)
	Edge: 40 <--> 15 	 Freq: 3.5 	 Demand: 2244
	Edge: 14 <--> 15 	 Freq: 3.5 	 Demand: 3895
	Edge: 21 <--> 22 	 Freq: 7.0 	 Demand: 1020
	Edge: 21 <--> 59 	 Freq: 7.0 	 Demand: 578
	Edge: 18 <--> 58 	 Freq: 7.0 	 Demand: 578
	Edge: 57 <--> 18 	 Freq: 7.0 	 Demand: 1394
	Edge: 38 <--> 42 	 Freq: 7.0 	 Demand: 510
	Route: 4
	Route length (795.0) and demand (11067)
	Edge: 37 <--> 23 	 Freq: 3.5 	 Demand: 3060
	Edge: 23 <--> 24 	 Freq: 3.5 	 Demand: 4080
	Edge: 36 <--> 16 	 Freq: 3.5 	 Demand: 3927
	Route: 5
	Route length (652.0) and demand (7242)
	Edge: 27 <--> 8 	 Freq: 3.5 	 Demand: 4182
	Edge: 27 <--> 3 	 Freq: 3.5 	 Demand: 3060
	Route: 6
	Route length (1156.0) and demand (11327)
	Edge: 68 <--> 69 	 Freq: 3.5 	 Demand: 3653
	Edge: 68 <--> 69 	 Freq: 7.0 	 Demand: 3508
	Edge: 67 <--> 68 	 Freq: 3.5 	 Demand: 3656
	Edge: 25 <--> 26 	 Freq: 7.0 	 Demand: 510
	Route: 7
	Route length (1542.0) and demand (11613)
	Edge: 10 <--> 11 	 Freq: 7.0 	 Demand: 663
	Edge: 13 <--> 9 	 Freq: 7.0 	 Demand: 816
	Edge: 9 <--> 47 	 Freq: 7.0 	 Demand: 561
	Edge: 70 <--> 13 	 Freq: 7.0 	 Demand: 2278
	Edge: 43 <--> 70 	 Freq: 3.5 	 Demand: 3060
	Edge: 35 <--> 1 	 Freq: 3.5 	 Demand: 4235
	Route: 8
	Route length (725.0) and demand (9965)
	Edge: 32 <--> 33 	 Freq: 3.5 	 Demand: 3777
	Edge: 39 <--> 25 	 Freq: 3.5 	 Demand: 4080
	Edge: 31 <--> 77 	 Freq: 7.0 	 Demand: 1020
	Edge: 77 <--> 76 	 Freq: 7.0 	 Demand: 578
	Edge: 76 <--> 75 	 Freq: 7.0 	 Demand: 510
	Route: 9
	Route length (849.0) and demand (10783)
	Edge: 27 <--> 8 	 Freq: 7.0 	 Demand: 833
	Edge: 65 <--> 6 	 Freq: 7.0 	 Demand: 306
	Edge: 65 <--> 52 	 Freq: 3.5 	 Demand: 3974
	Edge: 67 <--> 66 	 Freq: 3.5 	 Demand: 3970
	Edge: 34 <--> 66 	 Freq: 3.5 	 Demand: 1700
	Route: 10
	Route length (1205.0) and demand (11058)
	Edge: 34 <--> 0 	 Freq: 3.5 	 Demand: 3697
	Edge: 11 <--> 73 	 Freq: 7.0 	 Demand: 357
	Edge: 73 <--> 74 	 Freq: 7.0 	 Demand: 663
	Edge: 45 <--> 74 	 Freq: 7.0 	 Demand: 119
	Edge: 74 <--> 72 	 Freq: 7.0 	 Demand: 153
	Edge: 46 <--> 56 	 Freq: 7.0 	 Demand: 408
	Edge: 71 <--> 72 	 Freq: 7.0 	 Demand: 1836
	Edge: 78 <--> 71 	 Freq: 3.5 	 Demand: 3825
	Route: 11
	Route length (1411.0) and demand (11218)
	Edge: 53 <--> 51 	 Freq: 3.5 	 Demand: 3568
	Edge: 28 <--> 29 	 Freq: 7.0 	 Demand: 510
	Edge: 7 <--> 50 	 Freq: 3.5 	 Demand: 1530
	Edge: 50 <--> 3 	 Freq: 3.5 	 Demand: 1530
	Edge: 4 <--> 5 	 Freq: 3.5 	 Demand: 2550
	Edge: 3 <--> 49 	 Freq: 7.0 	 Demand: 1530

Day 18, number of edges 15, number of routes 4

	Edges:

	Edge: 3 <--> 49 	 Freq: 2.3 	 Demand: 3570
	Edge: 28 <--> 7 	 Freq: 2.3 	 Demand: 1020
	Edge: 25 <--> 26 	 Freq: 2.3 	 Demand: 4247
	Edge: 54 <--> 20 	 Freq: 2.3 	 Demand: 4080
	Edge: 30 <--> 67 	 Freq: 2.3 	 Demand: 4213
	Edge: 66 <--> 53 	 Freq: 2.3 	 Demand: 3913
	Edge: 50 <--> 3 	 Freq: 7.0 	 Demand: 3060
	Edge: 42 <--> 16 	 Freq: 7.0 	 Demand: 1173
	Edge: 48 <--> 9 	 Freq: 7.0 	 Demand: 918
	Edge: 45 <--> 10 	 Freq: 7.0 	 Demand: 765
	Edge: 30 <--> 67 	 Freq: 7.0 	 Demand: 204
	Edge: 6 <--> 7 	 Freq: 7.0 	 Demand: 1955
	Edge: 66 <--> 53 	 Freq: 7.0 	 Demand: 510
	Edge: 27 <--> 3 	 Freq: 7.0 	 Demand: 4751
	Edge: 70 <--> 47 	 Freq: 7.0 	 Demand: 1105

	Routes:

	Route: 1
	Route length (1040.0) and demand (11381)
	Edge: 3 <--> 49 	 Freq: 2.3 	 Demand: 3570
	Edge: 50 <--> 3 	 Freq: 7.0 	 Demand: 3060
	Edge: 27 <--> 3 	 Freq: 7.0 	 Demand: 4751
	Route: 2
	Route length (1916.0) and demand (11815)
	Edge: 66 <--> 53 	 Freq: 2.3 	 Demand: 3913
	Edge: 30 <--> 67 	 Freq: 2.3 	 Demand: 4213
	Edge: 30 <--> 67 	 Freq: 7.0 	 Demand: 204
	Edge: 66 <--> 53 	 Freq: 7.0 	 Demand: 510
	Edge: 6 <--> 7 	 Freq: 7.0 	 Demand: 1955
	Edge: 28 <--> 7 	 Freq: 2.3 	 Demand: 1020
	Route: 3
	Route length (1971.0) and demand (11115)
	Edge: 54 <--> 20 	 Freq: 2.3 	 Demand: 4080
	Edge: 45 <--> 10 	 Freq: 7.0 	 Demand: 765
	Edge: 48 <--> 9 	 Freq: 7.0 	 Demand: 918
	Edge: 70 <--> 47 	 Freq: 7.0 	 Demand: 1105
	Edge: 25 <--> 26 	 Freq: 2.3 	 Demand: 4247
	Route: 4
	Route length (492.0) and demand (1173)
	Edge: 42 <--> 16 	 Freq: 7.0 	 Demand: 1173

Day 19, number of edges 0, number of routes 0

	Edges:


	Routes:


Day 20, number of edges 0, number of routes 0

	Edges:


	Routes:


Day 21, number of edges 47, number of routes 13

	Edges:

	Edge: 30 <--> 67 	 Freq: 2.3 	 Demand: 4213
	Edge: 25 <--> 26 	 Freq: 2.3 	 Demand: 4247
	Edge: 66 <--> 53 	 Freq: 2.3 	 Demand: 3913
	Edge: 54 <--> 20 	 Freq: 2.3 	 Demand: 4080
	Edge: 28 <--> 7 	 Freq: 2.3 	 Demand: 1020
	Edge: 3 <--> 49 	 Freq: 2.3 	 Demand: 3570
	Edge: 38 <--> 42 	 Freq: 14.0 	 Demand: 1870
	Edge: 25 <--> 26 	 Freq: 14.0 	 Demand: 680
	Edge: 23 <--> 24 	 Freq: 14.0 	 Demand: 1870
	Edge: 43 <--> 70 	 Freq: 14.0 	 Demand: 1530
	Edge: 7 <--> 50 	 Freq: 3.5 	 Demand: 1530
	Edge: 4 <--> 5 	 Freq: 3.5 	 Demand: 2550
	Edge: 53 <--> 51 	 Freq: 3.5 	 Demand: 3568
	Edge: 68 <--> 69 	 Freq: 3.5 	 Demand: 3653
	Edge: 35 <--> 1 	 Freq: 3.5 	 Demand: 4235
	Edge: 14 <--> 15 	 Freq: 3.5 	 Demand: 3895
	Edge: 39 <--> 25 	 Freq: 3.5 	 Demand: 4080
	Edge: 78 <--> 71 	 Freq: 3.5 	 Demand: 3825
	Edge: 32 <--> 33 	 Freq: 3.5 	 Demand: 3777
	Edge: 67 <--> 66 	 Freq: 3.5 	 Demand: 3970
	Edge: 37 <--> 23 	 Freq: 3.5 	 Demand: 3060
	Edge: 34 <--> 0 	 Freq: 3.5 	 Demand: 3697
	Edge: 40 <--> 15 	 Freq: 3.5 	 Demand: 2244
	Edge: 43 <--> 70 	 Freq: 3.5 	 Demand: 3060
	Edge: 38 <--> 42 	 Freq: 3.5 	 Demand: 4031
	Edge: 36 <--> 16 	 Freq: 3.5 	 Demand: 3927
	Edge: 50 <--> 3 	 Freq: 3.5 	 Demand: 1530
	Edge: 61 <--> 60 	 Freq: 3.5 	 Demand: 2720
	Edge: 67 <--> 68 	 Freq: 3.5 	 Demand: 3656
	Edge: 61 <--> 62 	 Freq: 3.5 	 Demand: 4080
	Edge: 27 <--> 8 	 Freq: 3.5 	 Demand: 4182
	Edge: 40 <--> 41 	 Freq: 3.5 	 Demand: 3516
	Edge: 65 <--> 52 	 Freq: 3.5 	 Demand: 3974
	Edge: 34 <--> 66 	 Freq: 3.5 	 Demand: 1700
	Edge: 23 <--> 24 	 Freq: 3.5 	 Demand: 4080
	Edge: 27 <--> 3 	 Freq: 3.5 	 Demand: 3060
	Edge: 7 <--> 50 	 Freq: 7.0 	 Demand: 238
	Edge: 44 <--> 77 	 Freq: 7.0 	 Demand: 612
	Edge: 78 <--> 71 	 Freq: 7.0 	 Demand: 238
	Edge: 12 <--> 73 	 Freq: 7.0 	 Demand: 935
	Edge: 0 <--> 27 	 Freq: 7.0 	 Demand: 306
	Edge: 37 <--> 23 	 Freq: 7.0 	 Demand: 1683
	Edge: 43 <--> 70 	 Freq: 7.0 	 Demand: 204
	Edge: 75 <--> 12 	 Freq: 7.0 	 Demand: 1207
	Edge: 10 <--> 44 	 Freq: 7.0 	 Demand: 646
	Edge: 42 <--> 57 	 Freq: 7.0 	 Demand: 1989
	Edge: 58 <--> 21 	 Freq: 7.0 	 Demand: 306

	Routes:

	Route: 1
	Route length (836.0) and demand (10693)
	Edge: 37 <--> 23 	 Freq: 7.0 	 Demand: 1683
	Edge: 23 <--> 24 	 Freq: 14.0 	 Demand: 1870
	Edge: 23 <--> 24 	 Freq: 3.5 	 Demand: 4080
	Edge: 37 <--> 23 	 Freq: 3.5 	 Demand: 3060
	Route: 2
	Route length (801.0) and demand (11849)
	Edge: 78 <--> 71 	 Freq: 3.5 	 Demand: 3825
	Edge: 25 <--> 26 	 Freq: 2.3 	 Demand: 4247
	Edge: 32 <--> 33 	 Freq: 3.5 	 Demand: 3777
	Route: 3
	Route length (1235.0) and demand (10081)
	Edge: 75 <--> 12 	 Freq: 7.0 	 Demand: 1207
	Edge: 12 <--> 73 	 Freq: 7.0 	 Demand: 935
	Edge: 54 <--> 20 	 Freq: 2.3 	 Demand: 4080
	Edge: 42 <--> 57 	 Freq: 7.0 	 Demand: 1989
	Edge: 38 <--> 42 	 Freq: 14.0 	 Demand: 1870
	Route: 4
	Route length (1484.0) and demand (10503)
	Edge: 30 <--> 67 	 Freq: 2.3 	 Demand: 4213
	Edge: 44 <--> 77 	 Freq: 7.0 	 Demand: 612
	Edge: 43 <--> 70 	 Freq: 7.0 	 Demand: 204
	Edge: 43 <--> 70 	 Freq: 3.5 	 Demand: 3060
	Edge: 43 <--> 70 	 Freq: 14.0 	 Demand: 1530
	Edge: 10 <--> 44 	 Freq: 7.0 	 Demand: 646
	Edge: 78 <--> 71 	 Freq: 7.0 	 Demand: 238
	Route: 5
	Route length (81.0) and demand (3697)
	Edge: 34 <--> 0 	 Freq: 3.5 	 Demand: 3697
	Route: 6
	Route length (960.0) and demand (9181)
	Edge: 53 <--> 51 	 Freq: 3.5 	 Demand: 3568
	Edge: 66 <--> 53 	 Freq: 2.3 	 Demand: 3913
	Edge: 34 <--> 66 	 Freq: 3.5 	 Demand: 1700
	Route: 7
	Route length (1256.0) and demand (10744)
	Edge: 4 <--> 5 	 Freq: 3.5 	 Demand: 2550
	Edge: 3 <--> 49 	 Freq: 2.3 	 Demand: 3570
	Edge: 50 <--> 3 	 Freq: 3.5 	 Demand: 1530
	Edge: 7 <--> 50 	 Freq: 3.5 	 Demand: 1530
	Edge: 28 <--> 7 	 Freq: 2.3 	 Demand: 1020
	Edge: 7 <--> 50 	 Freq: 7.0 	 Demand: 238
	Edge: 0 <--> 27 	 Freq: 7.0 	 Demand: 306
	Route: 8
	Route length (1015.0) and demand (11216)
	Edge: 27 <--> 8 	 Freq: 3.5 	 Demand: 4182
	Edge: 65 <--> 52 	 Freq: 3.5 	 Demand: 3974
	Edge: 27 <--> 3 	 Freq: 3.5 	 Demand: 3060
	Route: 9
	Route length (1189.0) and demand (10316)
	Edge: 61 <--> 62 	 Freq: 3.5 	 Demand: 4080
	Edge: 61 <--> 60 	 Freq: 3.5 	 Demand: 2720
	Edge: 40 <--> 41 	 Freq: 3.5 	 Demand: 3516
	Route: 10
	Route length (1065.0) and demand (10372)
	Edge: 40 <--> 15 	 Freq: 3.5 	 Demand: 2244
	Edge: 14 <--> 15 	 Freq: 3.5 	 Demand: 3895
	Edge: 58 <--> 21 	 Freq: 7.0 	 Demand: 306
	Edge: 36 <--> 16 	 Freq: 3.5 	 Demand: 3927
	Route: 11
	Route length (1107.0) and demand (11959)
	Edge: 67 <--> 66 	 Freq: 3.5 	 Demand: 3970
	Edge: 68 <--> 69 	 Freq: 3.5 	 Demand: 3653
	Edge: 67 <--> 68 	 Freq: 3.5 	 Demand: 3656
	Edge: 25 <--> 26 	 Freq: 14.0 	 Demand: 680
	Route: 12
	Route length (264.0) and demand (4031)
	Edge: 38 <--> 42 	 Freq: 3.5 	 Demand: 4031
	Route: 13
	Route length (827.0) and demand (8315)
	Edge: 35 <--> 1 	 Freq: 3.5 	 Demand: 4235
	Edge: 39 <--> 25 	 Freq: 3.5 	 Demand: 4080

Day 22, number of edges 11, number of routes 4

	Edges:

	Edge: 0 <--> 71 	 Freq: 7.0 	 Demand: 1870
	Edge: 16 <--> 58 	 Freq: 7.0 	 Demand: 2822
	Edge: 61 <--> 62 	 Freq: 7.0 	 Demand: 1530
	Edge: 55 <--> 19 	 Freq: 7.0 	 Demand: 782
	Edge: 42 <--> 16 	 Freq: 7.0 	 Demand: 1173
	Edge: 15 <--> 22 	 Freq: 7.0 	 Demand: 4080
	Edge: 57 <--> 55 	 Freq: 7.0 	 Demand: 2992
	Edge: 18 <--> 19 	 Freq: 7.0 	 Demand: 2686
	Edge: 34 <--> 66 	 Freq: 7.0 	 Demand: 3604
	Edge: 23 <--> 24 	 Freq: 7.0 	 Demand: 3978
	Edge: 23 <--> 63 	 Freq: 7.0 	 Demand: 4998

	Routes:

	Route: 1
	Route length (848.0) and demand (8976)
	Edge: 23 <--> 24 	 Freq: 7.0 	 Demand: 3978
	Edge: 23 <--> 63 	 Freq: 7.0 	 Demand: 4998
	Route: 2
	Route length (444.0) and demand (5474)
	Edge: 34 <--> 66 	 Freq: 7.0 	 Demand: 3604
	Edge: 0 <--> 71 	 Freq: 7.0 	 Demand: 1870
	Route: 3
	Route length (1392.0) and demand (9605)
	Edge: 61 <--> 62 	 Freq: 7.0 	 Demand: 1530
	Edge: 15 <--> 22 	 Freq: 7.0 	 Demand: 4080
	Edge: 16 <--> 58 	 Freq: 7.0 	 Demand: 2822
	Edge: 42 <--> 16 	 Freq: 7.0 	 Demand: 1173
	Route: 4
	Route length (1136.0) and demand (6460)
	Edge: 57 <--> 55 	 Freq: 7.0 	 Demand: 2992
	Edge: 55 <--> 19 	 Freq: 7.0 	 Demand: 782
	Edge: 18 <--> 19 	 Freq: 7.0 	 Demand: 2686

Day 23, number of edges 6, number of routes 3

	Edges:

	Edge: 3 <--> 49 	 Freq: 2.3 	 Demand: 3570
	Edge: 28 <--> 7 	 Freq: 2.3 	 Demand: 1020
	Edge: 25 <--> 26 	 Freq: 2.3 	 Demand: 4247
	Edge: 54 <--> 20 	 Freq: 2.3 	 Demand: 4080
	Edge: 30 <--> 67 	 Freq: 2.3 	 Demand: 4213
	Edge: 66 <--> 53 	 Freq: 2.3 	 Demand: 3913

	Routes:

	Route: 1
	Route length (1277.0) and demand (8503)
	Edge: 3 <--> 49 	 Freq: 2.3 	 Demand: 3570
	Edge: 28 <--> 7 	 Freq: 2.3 	 Demand: 1020
	Edge: 66 <--> 53 	 Freq: 2.3 	 Demand: 3913
	Route: 2
	Route length (801.0) and demand (8460)
	Edge: 25 <--> 26 	 Freq: 2.3 	 Demand: 4247
	Edge: 30 <--> 67 	 Freq: 2.3 	 Demand: 4213
	Route: 3
	Route length (1076.0) and demand (4080)
	Edge: 54 <--> 20 	 Freq: 2.3 	 Demand: 4080

Day 24, number of edges 56, number of routes 12

	Edges:

	Edge: 7 <--> 50 	 Freq: 3.5 	 Demand: 1530
	Edge: 4 <--> 5 	 Freq: 3.5 	 Demand: 2550
	Edge: 53 <--> 51 	 Freq: 3.5 	 Demand: 3568
	Edge: 68 <--> 69 	 Freq: 3.5 	 Demand: 3653
	Edge: 35 <--> 1 	 Freq: 3.5 	 Demand: 4235
	Edge: 14 <--> 15 	 Freq: 3.5 	 Demand: 3895
	Edge: 39 <--> 25 	 Freq: 3.5 	 Demand: 4080
	Edge: 78 <--> 71 	 Freq: 3.5 	 Demand: 3825
	Edge: 32 <--> 33 	 Freq: 3.5 	 Demand: 3777
	Edge: 67 <--> 66 	 Freq: 3.5 	 Demand: 3970
	Edge: 37 <--> 23 	 Freq: 3.5 	 Demand: 3060
	Edge: 34 <--> 0 	 Freq: 3.5 	 Demand: 3697
	Edge: 40 <--> 15 	 Freq: 3.5 	 Demand: 2244
	Edge: 43 <--> 70 	 Freq: 3.5 	 Demand: 3060
	Edge: 38 <--> 42 	 Freq: 3.5 	 Demand: 4031
	Edge: 36 <--> 16 	 Freq: 3.5 	 Demand: 3927
	Edge: 50 <--> 3 	 Freq: 3.5 	 Demand: 1530
	Edge: 61 <--> 60 	 Freq: 3.5 	 Demand: 2720
	Edge: 67 <--> 68 	 Freq: 3.5 	 Demand: 3656
	Edge: 61 <--> 62 	 Freq: 3.5 	 Demand: 4080
	Edge: 27 <--> 8 	 Freq: 3.5 	 Demand: 4182
	Edge: 40 <--> 41 	 Freq: 3.5 	 Demand: 3516
	Edge: 65 <--> 52 	 Freq: 3.5 	 Demand: 3974
	Edge: 34 <--> 66 	 Freq: 3.5 	 Demand: 1700
	Edge: 23 <--> 24 	 Freq: 3.5 	 Demand: 4080
	Edge: 27 <--> 3 	 Freq: 3.5 	 Demand: 3060
	Edge: 65 <--> 6 	 Freq: 7.0 	 Demand: 306
	Edge: 7 <--> 50 	 Freq: 7.0 	 Demand: 238
	Edge: 28 <--> 29 	 Freq: 7.0 	 Demand: 510
	Edge: 77 <--> 76 	 Freq: 7.0 	 Demand: 578
	Edge: 68 <--> 69 	 Freq: 7.0 	 Demand: 3508
	Edge: 74 <--> 72 	 Freq: 7.0 	 Demand: 153
	Edge: 3 <--> 49 	 Freq: 7.0 	 Demand: 1530
	Edge: 57 <--> 18 	 Freq: 7.0 	 Demand: 1394
	Edge: 78 <--> 71 	 Freq: 7.0 	 Demand: 238
	Edge: 76 <--> 75 	 Freq: 7.0 	 Demand: 510
	Edge: 12 <--> 73 	 Freq: 7.0 	 Demand: 935
	Edge: 11 <--> 73 	 Freq: 7.0 	 Demand: 357
	Edge: 73 <--> 74 	 Freq: 7.0 	 Demand: 663
	Edge: 31 <--> 77 	 Freq: 7.0 	 Demand: 1020
	Edge: 38 <--> 42 	 Freq: 7.0 	 Demand: 510
	Edge: 75 <--> 12 	 Freq: 7.0 	 Demand: 1207
	Edge: 46 <--> 56 	 Freq: 7.0 	 Demand: 408
	Edge: 45 <--> 74 	 Freq: 7.0 	 Demand: 119
	Edge: 36 <--> 24 	 Freq: 7.0 	 Demand: 765
	Edge: 13 <--> 9 	 Freq: 7.0 	 Demand: 816
	Edge: 10 <--> 11 	 Freq: 7.0 	 Demand: 663
	Edge: 61 <--> 60 	 Freq: 7.0 	 Demand: 510
	Edge: 9 <--> 47 	 Freq: 7.0 	 Demand: 561
	Edge: 21 <--> 22 	 Freq: 7.0 	 Demand: 1020
	Edge: 18 <--> 58 	 Freq: 7.0 	 Demand: 578
	Edge: 25 <--> 26 	 Freq: 7.0 	 Demand: 510
	Edge: 6 <--> 7 	 Freq: 7.0 	 Demand: 1955
	Edge: 71 <--> 72 	 Freq: 7.0 	 Demand: 1836
	Edge: 21 <--> 59 	 Freq: 7.0 	 Demand: 578
	Edge: 70 <--> 13 	 Freq: 7.0 	 Demand: 2278

	Routes:

	Route: 1
	Route length (81.0) and demand (3697)
	Edge: 34 <--> 0 	 Freq: 3.5 	 Demand: 3697
	Route: 2
	Route length (1156.0) and demand (11327)
	Edge: 68 <--> 69 	 Freq: 3.5 	 Demand: 3653
	Edge: 68 <--> 69 	 Freq: 7.0 	 Demand: 3508
	Edge: 67 <--> 68 	 Freq: 3.5 	 Demand: 3656
	Edge: 25 <--> 26 	 Freq: 7.0 	 Demand: 510
	Route: 3
	Route length (1233.0) and demand (9503)
	Edge: 78 <--> 71 	 Freq: 3.5 	 Demand: 3825
	Edge: 71 <--> 72 	 Freq: 7.0 	 Demand: 1836
	Edge: 46 <--> 56 	 Freq: 7.0 	 Demand: 408
	Edge: 74 <--> 72 	 Freq: 7.0 	 Demand: 153
	Edge: 45 <--> 74 	 Freq: 7.0 	 Demand: 119
	Edge: 73 <--> 74 	 Freq: 7.0 	 Demand: 663
	Edge: 11 <--> 73 	 Freq: 7.0 	 Demand: 357
	Edge: 12 <--> 73 	 Freq: 7.0 	 Demand: 935
	Edge: 75 <--> 12 	 Freq: 7.0 	 Demand: 1207
	Route: 4
	Route length (652.0) and demand (7242)
	Edge: 27 <--> 8 	 Freq: 3.5 	 Demand: 4182
	Edge: 27 <--> 3 	 Freq: 3.5 	 Demand: 3060
	Route: 5
	Route length (1031.0) and demand (11905)
	Edge: 6 <--> 7 	 Freq: 7.0 	 Demand: 1955
	Edge: 65 <--> 6 	 Freq: 7.0 	 Demand: 306
	Edge: 65 <--> 52 	 Freq: 3.5 	 Demand: 3974
	Edge: 67 <--> 66 	 Freq: 3.5 	 Demand: 3970
	Edge: 34 <--> 66 	 Freq: 3.5 	 Demand: 1700
	Route: 6
	Route length (725.0) and demand (9965)
	Edge: 32 <--> 33 	 Freq: 3.5 	 Demand: 3777
	Edge: 39 <--> 25 	 Freq: 3.5 	 Demand: 4080
	Edge: 31 <--> 77 	 Freq: 7.0 	 Demand: 1020
	Edge: 77 <--> 76 	 Freq: 7.0 	 Demand: 578
	Edge: 76 <--> 75 	 Freq: 7.0 	 Demand: 510
	Route: 7
	Route length (1294.0) and demand (11591)
	Edge: 61 <--> 62 	 Freq: 3.5 	 Demand: 4080
	Edge: 61 <--> 60 	 Freq: 7.0 	 Demand: 510
	Edge: 61 <--> 60 	 Freq: 3.5 	 Demand: 2720
	Edge: 40 <--> 41 	 Freq: 3.5 	 Demand: 3516
	Edge: 36 <--> 24 	 Freq: 7.0 	 Demand: 765
	Route: 8
	Route length (1308.0) and demand (10219)
	Edge: 40 <--> 15 	 Freq: 3.5 	 Demand: 2244
	Edge: 14 <--> 15 	 Freq: 3.5 	 Demand: 3895
	Edge: 21 <--> 22 	 Freq: 7.0 	 Demand: 1020
	Edge: 21 <--> 59 	 Freq: 7.0 	 Demand: 578
	Edge: 18 <--> 58 	 Freq: 7.0 	 Demand: 578
	Edge: 57 <--> 18 	 Freq: 7.0 	 Demand: 1394
	Edge: 38 <--> 42 	 Freq: 7.0 	 Demand: 510
	Route: 9
	Route length (264.0) and demand (4031)
	Edge: 38 <--> 42 	 Freq: 3.5 	 Demand: 4031
	Route: 10
	Route length (1419.0) and demand (11456)
	Edge: 53 <--> 51 	 Freq: 3.5 	 Demand: 3568
	Edge: 28 <--> 29 	 Freq: 7.0 	 Demand: 510
	Edge: 7 <--> 50 	 Freq: 7.0 	 Demand: 238
	Edge: 7 <--> 50 	 Freq: 3.5 	 Demand: 1530
	Edge: 50 <--> 3 	 Freq: 3.5 	 Demand: 1530
	Edge: 4 <--> 5 	 Freq: 3.5 	 Demand: 2550
	Edge: 3 <--> 49 	 Freq: 7.0 	 Demand: 1530
	Route: 11
	Route length (795.0) and demand (11067)
	Edge: 37 <--> 23 	 Freq: 3.5 	 Demand: 3060
	Edge: 23 <--> 24 	 Freq: 3.5 	 Demand: 4080
	Edge: 36 <--> 16 	 Freq: 3.5 	 Demand: 3927
	Route: 12
	Route length (1542.0) and demand (11851)
	Edge: 78 <--> 71 	 Freq: 7.0 	 Demand: 238
	Edge: 10 <--> 11 	 Freq: 7.0 	 Demand: 663
	Edge: 13 <--> 9 	 Freq: 7.0 	 Demand: 816
	Edge: 9 <--> 47 	 Freq: 7.0 	 Demand: 561
	Edge: 70 <--> 13 	 Freq: 7.0 	 Demand: 2278
	Edge: 43 <--> 70 	 Freq: 3.5 	 Demand: 3060
	Edge: 35 <--> 1 	 Freq: 3.5 	 Demand: 4235

Day 25, number of edges 16, number of routes 4

	Edges:

	Edge: 3 <--> 49 	 Freq: 2.3 	 Demand: 3570
	Edge: 28 <--> 7 	 Freq: 2.3 	 Demand: 1020
	Edge: 25 <--> 26 	 Freq: 2.3 	 Demand: 4247
	Edge: 54 <--> 20 	 Freq: 2.3 	 Demand: 4080
	Edge: 30 <--> 67 	 Freq: 2.3 	 Demand: 4213
	Edge: 66 <--> 53 	 Freq: 2.3 	 Demand: 3913
	Edge: 50 <--> 3 	 Freq: 7.0 	 Demand: 3060
	Edge: 27 <--> 8 	 Freq: 7.0 	 Demand: 833
	Edge: 55 <--> 19 	 Freq: 7.0 	 Demand: 782
	Edge: 48 <--> 9 	 Freq: 7.0 	 Demand: 918
	Edge: 45 <--> 10 	 Freq: 7.0 	 Demand: 765
	Edge: 30 <--> 67 	 Freq: 7.0 	 Demand: 204
	Edge: 18 <--> 19 	 Freq: 7.0 	 Demand: 2686
	Edge: 66 <--> 53 	 Freq: 7.0 	 Demand: 510
	Edge: 27 <--> 3 	 Freq: 7.0 	 Demand: 4751
	Edge: 70 <--> 47 	 Freq: 7.0 	 Demand: 1105

	Routes:

	Route: 1
	Route length (1436.0) and demand (11696)
	Edge: 3 <--> 49 	 Freq: 2.3 	 Demand: 3570
	Edge: 66 <--> 53 	 Freq: 2.3 	 Demand: 3913
	Edge: 30 <--> 67 	 Freq: 2.3 	 Demand: 4213
	Route: 2
	Route length (1509.0) and demand (10378)
	Edge: 30 <--> 67 	 Freq: 7.0 	 Demand: 204
	Edge: 66 <--> 53 	 Freq: 7.0 	 Demand: 510
	Edge: 28 <--> 7 	 Freq: 2.3 	 Demand: 1020
	Edge: 50 <--> 3 	 Freq: 7.0 	 Demand: 3060
	Edge: 27 <--> 3 	 Freq: 7.0 	 Demand: 4751
	Edge: 27 <--> 8 	 Freq: 7.0 	 Demand: 833
	Route: 3
	Route length (641.0) and demand (4247)
	Edge: 25 <--> 26 	 Freq: 2.3 	 Demand: 4247
	Route: 4
	Route length (2021.0) and demand (10336)
	Edge: 70 <--> 47 	 Freq: 7.0 	 Demand: 1105
	Edge: 48 <--> 9 	 Freq: 7.0 	 Demand: 918
	Edge: 45 <--> 10 	 Freq: 7.0 	 Demand: 765
	Edge: 54 <--> 20 	 Freq: 2.3 	 Demand: 4080
	Edge: 55 <--> 19 	 Freq: 7.0 	 Demand: 782
	Edge: 18 <--> 19 	 Freq: 7.0 	 Demand: 2686

Day 26, number of edges 0, number of routes 0

	Edges:


	Routes:


Day 27, number of edges 0, number of routes 0

	Edges:


	Routes:


Day 28, number of edges 63, number of routes 15

	Edges:

	Edge: 30 <--> 67 	 Freq: 2.3 	 Demand: 4213
	Edge: 25 <--> 26 	 Freq: 2.3 	 Demand: 4247
	Edge: 66 <--> 53 	 Freq: 2.3 	 Demand: 3913
	Edge: 54 <--> 20 	 Freq: 2.3 	 Demand: 4080
	Edge: 28 <--> 7 	 Freq: 2.3 	 Demand: 1020
	Edge: 3 <--> 49 	 Freq: 2.3 	 Demand: 3570
	Edge: 7 <--> 50 	 Freq: 3.5 	 Demand: 1530
	Edge: 4 <--> 5 	 Freq: 3.5 	 Demand: 2550
	Edge: 53 <--> 51 	 Freq: 3.5 	 Demand: 3568
	Edge: 68 <--> 69 	 Freq: 3.5 	 Demand: 3653
	Edge: 35 <--> 1 	 Freq: 3.5 	 Demand: 4235
	Edge: 14 <--> 15 	 Freq: 3.5 	 Demand: 3895
	Edge: 39 <--> 25 	 Freq: 3.5 	 Demand: 4080
	Edge: 78 <--> 71 	 Freq: 3.5 	 Demand: 3825
	Edge: 32 <--> 33 	 Freq: 3.5 	 Demand: 3777
	Edge: 67 <--> 66 	 Freq: 3.5 	 Demand: 3970
	Edge: 37 <--> 23 	 Freq: 3.5 	 Demand: 3060
	Edge: 34 <--> 0 	 Freq: 3.5 	 Demand: 3697
	Edge: 40 <--> 15 	 Freq: 3.5 	 Demand: 2244
	Edge: 43 <--> 70 	 Freq: 3.5 	 Demand: 3060
	Edge: 38 <--> 42 	 Freq: 3.5 	 Demand: 4031
	Edge: 36 <--> 16 	 Freq: 3.5 	 Demand: 3927
	Edge: 50 <--> 3 	 Freq: 3.5 	 Demand: 1530
	Edge: 61 <--> 60 	 Freq: 3.5 	 Demand: 2720
	Edge: 67 <--> 68 	 Freq: 3.5 	 Demand: 3656
	Edge: 61 <--> 62 	 Freq: 3.5 	 Demand: 4080
	Edge: 27 <--> 8 	 Freq: 3.5 	 Demand: 4182
	Edge: 40 <--> 41 	 Freq: 3.5 	 Demand: 3516
	Edge: 65 <--> 52 	 Freq: 3.5 	 Demand: 3974
	Edge: 34 <--> 66 	 Freq: 3.5 	 Demand: 1700
	Edge: 23 <--> 24 	 Freq: 3.5 	 Demand: 4080
	Edge: 27 <--> 3 	 Freq: 3.5 	 Demand: 3060
	Edge: 65 <--> 6 	 Freq: 28.0 	 Demand: 408
	Edge: 53 <--> 51 	 Freq: 28.0 	 Demand: 1632
	Edge: 77 <--> 76 	 Freq: 28.0 	 Demand: 612
	Edge: 15 <--> 17 	 Freq: 28.0 	 Demand: 1530
	Edge: 68 <--> 69 	 Freq: 28.0 	 Demand: 4760
	Edge: 35 <--> 1 	 Freq: 28.0 	 Demand: 4590
	Edge: 14 <--> 15 	 Freq: 28.0 	 Demand: 2040
	Edge: 39 <--> 25 	 Freq: 28.0 	 Demand: 1870
	Edge: 44 <--> 77 	 Freq: 28.0 	 Demand: 408
	Edge: 74 <--> 72 	 Freq: 28.0 	 Demand: 204
	Edge: 78 <--> 71 	 Freq: 28.0 	 Demand: 2788
	Edge: 12 <--> 73 	 Freq: 28.0 	 Demand: 1020
	Edge: 32 <--> 33 	 Freq: 28.0 	 Demand: 1530
	Edge: 0 <--> 27 	 Freq: 28.0 	 Demand: 408
	Edge: 67 <--> 66 	 Freq: 28.0 	 Demand: 850
	Edge: 37 <--> 23 	 Freq: 28.0 	 Demand: 1462
	Edge: 34 <--> 0 	 Freq: 28.0 	 Demand: 3060
	Edge: 73 <--> 74 	 Freq: 28.0 	 Demand: 816
	Edge: 45 <--> 74 	 Freq: 28.0 	 Demand: 204
	Edge: 0 <--> 27 	 Freq: 7.0 	 Demand: 306
	Edge: 10 <--> 44 	 Freq: 7.0 	 Demand: 646
	Edge: 42 <--> 57 	 Freq: 7.0 	 Demand: 1989
	Edge: 58 <--> 21 	 Freq: 7.0 	 Demand: 306
	Edge: 76 <--> 75 	 Freq: 28.0 	 Demand: 612
	Edge: 57 <--> 18 	 Freq: 28.0 	 Demand: 1836
	Edge: 58 <--> 21 	 Freq: 28.0 	 Demand: 408
	Edge: 11 <--> 73 	 Freq: 28.0 	 Demand: 408
	Edge: 43 <--> 70 	 Freq: 28.0 	 Demand: 1224
	Edge: 3 <--> 49 	 Freq: 28.0 	 Demand: 544
	Edge: 7 <--> 50 	 Freq: 28.0 	 Demand: 322
	Edge: 21 <--> 59 	 Freq: 28.0 	 Demand: 816

	Routes:

	Route: 1
	Route length (1229.0) and demand (10387)
	Edge: 78 <--> 71 	 Freq: 3.5 	 Demand: 3825
	Edge: 76 <--> 75 	 Freq: 28.0 	 Demand: 612
	Edge: 77 <--> 76 	 Freq: 28.0 	 Demand: 612
	Edge: 44 <--> 77 	 Freq: 28.0 	 Demand: 408
	Edge: 43 <--> 70 	 Freq: 3.5 	 Demand: 3060
	Edge: 43 <--> 70 	 Freq: 28.0 	 Demand: 1224
	Edge: 10 <--> 44 	 Freq: 7.0 	 Demand: 646
	Route: 2
	Route length (660.0) and demand (8870)
	Edge: 0 <--> 27 	 Freq: 7.0 	 Demand: 306
	Edge: 27 <--> 8 	 Freq: 3.5 	 Demand: 4182
	Edge: 65 <--> 6 	 Freq: 28.0 	 Demand: 408
	Edge: 65 <--> 52 	 Freq: 3.5 	 Demand: 3974
	Route: 3
	Route length (1042.0) and demand (10113)
	Edge: 34 <--> 66 	 Freq: 3.5 	 Demand: 1700
	Edge: 68 <--> 69 	 Freq: 3.5 	 Demand: 3653
	Edge: 68 <--> 69 	 Freq: 28.0 	 Demand: 4760
	Route: 4
	Route length (829.0) and demand (11536)
	Edge: 67 <--> 66 	 Freq: 28.0 	 Demand: 850
	Edge: 67 <--> 68 	 Freq: 3.5 	 Demand: 3656
	Edge: 67 <--> 66 	 Freq: 3.5 	 Demand: 3970
	Edge: 34 <--> 0 	 Freq: 28.0 	 Demand: 3060
	Route: 5
	Route length (698.0) and demand (8327)
	Edge: 39 <--> 25 	 Freq: 3.5 	 Demand: 4080
	Edge: 25 <--> 26 	 Freq: 2.3 	 Demand: 4247
	Route: 6
	Route length (1228.0) and demand (11984)
	Edge: 7 <--> 50 	 Freq: 28.0 	 Demand: 322
	Edge: 50 <--> 3 	 Freq: 3.5 	 Demand: 1530
	Edge: 3 <--> 49 	 Freq: 28.0 	 Demand: 544
	Edge: 4 <--> 5 	 Freq: 3.5 	 Demand: 2550
	Edge: 3 <--> 49 	 Freq: 2.3 	 Demand: 3570
	Edge: 27 <--> 3 	 Freq: 3.5 	 Demand: 3060
	Edge: 0 <--> 27 	 Freq: 28.0 	 Demand: 408
	Route: 7
	Route length (911.0) and demand (9709)
	Edge: 14 <--> 15 	 Freq: 3.5 	 Demand: 3895
	Edge: 15 <--> 17 	 Freq: 28.0 	 Demand: 1530
	Edge: 14 <--> 15 	 Freq: 28.0 	 Demand: 2040
	Edge: 40 <--> 15 	 Freq: 3.5 	 Demand: 2244
	Route: 8
	Route length (81.0) and demand (3697)
	Edge: 34 <--> 0 	 Freq: 3.5 	 Demand: 3697
	Route: 9
	Route length (1189.0) and demand (10316)
	Edge: 40 <--> 41 	 Freq: 3.5 	 Demand: 3516
	Edge: 61 <--> 60 	 Freq: 3.5 	 Demand: 2720
	Edge: 61 <--> 62 	 Freq: 3.5 	 Demand: 4080
	Route: 10
	Route length (1010.0) and demand (11324)
	Edge: 36 <--> 16 	 Freq: 3.5 	 Demand: 3927
	Edge: 58 <--> 21 	 Freq: 28.0 	 Demand: 408
	Edge: 21 <--> 59 	 Freq: 28.0 	 Demand: 816
	Edge: 58 <--> 21 	 Freq: 7.0 	 Demand: 306
	Edge: 57 <--> 18 	 Freq: 28.0 	 Demand: 1836
	Edge: 38 <--> 42 	 Freq: 3.5 	 Demand: 4031
	Route: 11
	Route length (882.0) and demand (10695)
	Edge: 35 <--> 1 	 Freq: 28.0 	 Demand: 4590
	Edge: 35 <--> 1 	 Freq: 3.5 	 Demand: 4235
	Edge: 39 <--> 25 	 Freq: 28.0 	 Demand: 1870
	Route: 12
	Route length (1128.0) and demand (11663)
	Edge: 7 <--> 50 	 Freq: 3.5 	 Demand: 1530
	Edge: 28 <--> 7 	 Freq: 2.3 	 Demand: 1020
	Edge: 53 <--> 51 	 Freq: 28.0 	 Demand: 1632
	Edge: 53 <--> 51 	 Freq: 3.5 	 Demand: 3568
	Edge: 66 <--> 53 	 Freq: 2.3 	 Demand: 3913
	Route: 13
	Route length (556.0) and demand (9520)
	Edge: 32 <--> 33 	 Freq: 28.0 	 Demand: 1530
	Edge: 30 <--> 67 	 Freq: 2.3 	 Demand: 4213
	Edge: 32 <--> 33 	 Freq: 3.5 	 Demand: 3777
	Route: 14
	Route length (1409.0) and demand (11509)
	Edge: 42 <--> 57 	 Freq: 7.0 	 Demand: 1989
	Edge: 54 <--> 20 	 Freq: 2.3 	 Demand: 4080
	Edge: 74 <--> 72 	 Freq: 28.0 	 Demand: 204
	Edge: 45 <--> 74 	 Freq: 28.0 	 Demand: 204
	Edge: 73 <--> 74 	 Freq: 28.0 	 Demand: 816
	Edge: 11 <--> 73 	 Freq: 28.0 	 Demand: 408
	Edge: 12 <--> 73 	 Freq: 28.0 	 Demand: 1020
	Edge: 78 <--> 71 	 Freq: 28.0 	 Demand: 2788
	Route: 15
	Route length (598.0) and demand (8602)
	Edge: 37 <--> 23 	 Freq: 28.0 	 Demand: 1462
	Edge: 23 <--> 24 	 Freq: 3.5 	 Demand: 4080
	Edge: 37 <--> 23 	 Freq: 3.5 	 Demand: 3060

Day 29, number of edges 49, number of routes 11

	Edges:

	Edge: 38 <--> 42 	 Freq: 28.0 	 Demand: 850
	Edge: 36 <--> 16 	 Freq: 28.0 	 Demand: 2482
	Edge: 46 <--> 56 	 Freq: 28.0 	 Demand: 408
	Edge: 36 <--> 24 	 Freq: 28.0 	 Demand: 408
	Edge: 13 <--> 9 	 Freq: 28.0 	 Demand: 612
	Edge: 10 <--> 44 	 Freq: 28.0 	 Demand: 408
	Edge: 61 <--> 60 	 Freq: 28.0 	 Demand: 680
	Edge: 16 <--> 58 	 Freq: 28.0 	 Demand: 2448
	Edge: 9 <--> 47 	 Freq: 28.0 	 Demand: 1020
	Edge: 67 <--> 68 	 Freq: 28.0 	 Demand: 1190
	Edge: 61 <--> 62 	 Freq: 28.0 	 Demand: 3264
	Edge: 25 <--> 26 	 Freq: 28.0 	 Demand: 4760
	Edge: 27 <--> 8 	 Freq: 28.0 	 Demand: 2312
	Edge: 40 <--> 41 	 Freq: 28.0 	 Demand: 4080
	Edge: 55 <--> 19 	 Freq: 28.0 	 Demand: 1020
	Edge: 42 <--> 16 	 Freq: 28.0 	 Demand: 1428
	Edge: 70 <--> 13 	 Freq: 28.0 	 Demand: 2652
	Edge: 48 <--> 9 	 Freq: 28.0 	 Demand: 612
	Edge: 45 <--> 10 	 Freq: 28.0 	 Demand: 1020
	Edge: 30 <--> 67 	 Freq: 28.0 	 Demand: 2788
	Edge: 65 <--> 52 	 Freq: 28.0 	 Demand: 4250
	Edge: 57 <--> 55 	 Freq: 28.0 	 Demand: 3468
	Edge: 6 <--> 7 	 Freq: 28.0 	 Demand: 3910
	Edge: 18 <--> 19 	 Freq: 28.0 	 Demand: 3468
	Edge: 66 <--> 53 	 Freq: 28.0 	 Demand: 2890
	Edge: 34 <--> 66 	 Freq: 28.0 	 Demand: 1292
	Edge: 23 <--> 24 	 Freq: 28.0 	 Demand: 4148
	Edge: 71 <--> 72 	 Freq: 28.0 	 Demand: 2040
	Edge: 23 <--> 63 	 Freq: 28.0 	 Demand: 3864
	Edge: 27 <--> 3 	 Freq: 28.0 	 Demand: 5398
	Edge: 44 <--> 77 	 Freq: 7.0 	 Demand: 612
	Edge: 37 <--> 23 	 Freq: 7.0 	 Demand: 1683
	Edge: 43 <--> 70 	 Freq: 7.0 	 Demand: 204
	Edge: 0 <--> 71 	 Freq: 7.0 	 Demand: 1870
	Edge: 16 <--> 58 	 Freq: 7.0 	 Demand: 2822
	Edge: 61 <--> 62 	 Freq: 7.0 	 Demand: 1530
	Edge: 42 <--> 16 	 Freq: 7.0 	 Demand: 1173
	Edge: 15 <--> 22 	 Freq: 7.0 	 Demand: 4080
	Edge: 57 <--> 55 	 Freq: 7.0 	 Demand: 2992
	Edge: 34 <--> 66 	 Freq: 7.0 	 Demand: 3604
	Edge: 23 <--> 24 	 Freq: 7.0 	 Demand: 3978
	Edge: 23 <--> 63 	 Freq: 7.0 	 Demand: 4998
	Edge: 75 <--> 12 	 Freq: 28.0 	 Demand: 612
	Edge: 42 <--> 57 	 Freq: 28.0 	 Demand: 1836
	Edge: 10 <--> 11 	 Freq: 28.0 	 Demand: 816
	Edge: 70 <--> 47 	 Freq: 28.0 	 Demand: 612
	Edge: 50 <--> 3 	 Freq: 28.0 	 Demand: 1360
	Edge: 21 <--> 22 	 Freq: 28.0 	 Demand: 1836
	Edge: 18 <--> 58 	 Freq: 28.0 	 Demand: 1020

	Routes:

	Route: 1
	Route length (1266.0) and demand (11628)
	Edge: 25 <--> 26 	 Freq: 28.0 	 Demand: 4760
	Edge: 30 <--> 67 	 Freq: 28.0 	 Demand: 2788
	Edge: 67 <--> 68 	 Freq: 28.0 	 Demand: 1190
	Edge: 66 <--> 53 	 Freq: 28.0 	 Demand: 2890
	Route: 2
	Route length (85.0) and demand (1870)
	Edge: 0 <--> 71 	 Freq: 7.0 	 Demand: 1870
	Route: 3
	Route length (1305.0) and demand (9962)
	Edge: 36 <--> 24 	 Freq: 28.0 	 Demand: 408
	Edge: 40 <--> 41 	 Freq: 28.0 	 Demand: 4080
	Edge: 61 <--> 60 	 Freq: 28.0 	 Demand: 680
	Edge: 61 <--> 62 	 Freq: 28.0 	 Demand: 3264
	Edge: 61 <--> 62 	 Freq: 7.0 	 Demand: 1530
	Route: 4
	Route length (813.0) and demand (8194)
	Edge: 36 <--> 16 	 Freq: 28.0 	 Demand: 2482
	Edge: 16 <--> 58 	 Freq: 28.0 	 Demand: 2448
	Edge: 42 <--> 16 	 Freq: 28.0 	 Demand: 1428
	Edge: 42 <--> 57 	 Freq: 28.0 	 Demand: 1836
	Route: 5
	Route length (1094.0) and demand (11960)
	Edge: 34 <--> 66 	 Freq: 28.0 	 Demand: 1292
	Edge: 6 <--> 7 	 Freq: 28.0 	 Demand: 3910
	Edge: 50 <--> 3 	 Freq: 28.0 	 Demand: 1360
	Edge: 27 <--> 3 	 Freq: 28.0 	 Demand: 5398
	Route: 6
	Route length (836.0) and demand (9809)
	Edge: 23 <--> 24 	 Freq: 7.0 	 Demand: 3978
	Edge: 23 <--> 24 	 Freq: 28.0 	 Demand: 4148
	Edge: 37 <--> 23 	 Freq: 7.0 	 Demand: 1683
	Route: 7
	Route length (1238.0) and demand (11781)
	Edge: 15 <--> 22 	 Freq: 7.0 	 Demand: 4080
	Edge: 21 <--> 22 	 Freq: 28.0 	 Demand: 1836
	Edge: 18 <--> 58 	 Freq: 28.0 	 Demand: 1020
	Edge: 16 <--> 58 	 Freq: 7.0 	 Demand: 2822
	Edge: 42 <--> 16 	 Freq: 7.0 	 Demand: 1173
	Edge: 38 <--> 42 	 Freq: 28.0 	 Demand: 850
	Route: 8
	Route length (1996.0) and demand (11220)
	Edge: 44 <--> 77 	 Freq: 7.0 	 Demand: 612
	Edge: 70 <--> 47 	 Freq: 28.0 	 Demand: 612
	Edge: 43 <--> 70 	 Freq: 7.0 	 Demand: 204
	Edge: 70 <--> 13 	 Freq: 28.0 	 Demand: 2652
	Edge: 13 <--> 9 	 Freq: 28.0 	 Demand: 612
	Edge: 48 <--> 9 	 Freq: 28.0 	 Demand: 612
	Edge: 9 <--> 47 	 Freq: 28.0 	 Demand: 1020
	Edge: 45 <--> 10 	 Freq: 28.0 	 Demand: 1020
	Edge: 10 <--> 44 	 Freq: 28.0 	 Demand: 408
	Edge: 10 <--> 11 	 Freq: 28.0 	 Demand: 816
	Edge: 75 <--> 12 	 Freq: 28.0 	 Demand: 612
	Edge: 71 <--> 72 	 Freq: 28.0 	 Demand: 2040
	Route: 9
	Route length (1418.0) and demand (11356)
	Edge: 57 <--> 55 	 Freq: 28.0 	 Demand: 3468
	Edge: 57 <--> 55 	 Freq: 7.0 	 Demand: 2992
	Edge: 46 <--> 56 	 Freq: 28.0 	 Demand: 408
	Edge: 55 <--> 19 	 Freq: 28.0 	 Demand: 1020
	Edge: 18 <--> 19 	 Freq: 28.0 	 Demand: 3468
	Route: 10
	Route length (937.0) and demand (10166)
	Edge: 34 <--> 66 	 Freq: 7.0 	 Demand: 3604
	Edge: 27 <--> 8 	 Freq: 28.0 	 Demand: 2312
	Edge: 65 <--> 52 	 Freq: 28.0 	 Demand: 4250
	Route: 11
	Route length (860.0) and demand (8862)
	Edge: 23 <--> 63 	 Freq: 7.0 	 Demand: 4998
	Edge: 23 <--> 63 	 Freq: 28.0 	 Demand: 3864

Day 30, number of edges 6, number of routes 3

	Edges:

	Edge: 3 <--> 49 	 Freq: 2.3 	 Demand: 3570
	Edge: 28 <--> 7 	 Freq: 2.3 	 Demand: 1020
	Edge: 25 <--> 26 	 Freq: 2.3 	 Demand: 4247
	Edge: 54 <--> 20 	 Freq: 2.3 	 Demand: 4080
	Edge: 30 <--> 67 	 Freq: 2.3 	 Demand: 4213
	Edge: 66 <--> 53 	 Freq: 2.3 	 Demand: 3913

	Routes:

	Route: 1
	Route length (1277.0) and demand (8503)
	Edge: 3 <--> 49 	 Freq: 2.3 	 Demand: 3570
	Edge: 28 <--> 7 	 Freq: 2.3 	 Demand: 1020
	Edge: 66 <--> 53 	 Freq: 2.3 	 Demand: 3913
	Route: 2
	Route length (801.0) and demand (8460)
	Edge: 25 <--> 26 	 Freq: 2.3 	 Demand: 4247
	Edge: 30 <--> 67 	 Freq: 2.3 	 Demand: 4213
	Route: 3
	Route length (1076.0) and demand (4080)
	Edge: 54 <--> 20 	 Freq: 2.3 	 Demand: 4080

Day 31, number of edges 59, number of routes 12

	Edges:

	Edge: 7 <--> 50 	 Freq: 3.5 	 Demand: 1530
	Edge: 4 <--> 5 	 Freq: 3.5 	 Demand: 2550
	Edge: 53 <--> 51 	 Freq: 3.5 	 Demand: 3568
	Edge: 68 <--> 69 	 Freq: 3.5 	 Demand: 3653
	Edge: 35 <--> 1 	 Freq: 3.5 	 Demand: 4235
	Edge: 14 <--> 15 	 Freq: 3.5 	 Demand: 3895
	Edge: 39 <--> 25 	 Freq: 3.5 	 Demand: 4080
	Edge: 78 <--> 71 	 Freq: 3.5 	 Demand: 3825
	Edge: 32 <--> 33 	 Freq: 3.5 	 Demand: 3777
	Edge: 67 <--> 66 	 Freq: 3.5 	 Demand: 3970
	Edge: 37 <--> 23 	 Freq: 3.5 	 Demand: 3060
	Edge: 34 <--> 0 	 Freq: 3.5 	 Demand: 3697
	Edge: 40 <--> 15 	 Freq: 3.5 	 Demand: 2244
	Edge: 43 <--> 70 	 Freq: 3.5 	 Demand: 3060
	Edge: 38 <--> 42 	 Freq: 3.5 	 Demand: 4031
	Edge: 36 <--> 16 	 Freq: 3.5 	 Demand: 3927
	Edge: 50 <--> 3 	 Freq: 3.5 	 Demand: 1530
	Edge: 61 <--> 60 	 Freq: 3.5 	 Demand: 2720
	Edge: 67 <--> 68 	 Freq: 3.5 	 Demand: 3656
	Edge: 61 <--> 62 	 Freq: 3.5 	 Demand: 4080
	Edge: 27 <--> 8 	 Freq: 3.5 	 Demand: 4182
	Edge: 40 <--> 41 	 Freq: 3.5 	 Demand: 3516
	Edge: 65 <--> 52 	 Freq: 3.5 	 Demand: 3974
	Edge: 34 <--> 66 	 Freq: 3.5 	 Demand: 1700
	Edge: 23 <--> 24 	 Freq: 3.5 	 Demand: 4080
	Edge: 27 <--> 3 	 Freq: 3.5 	 Demand: 3060
	Edge: 28 <--> 7 	 Freq: 2.3 	 Demand: 1020
	Edge: 65 <--> 6 	 Freq: 7.0 	 Demand: 306
	Edge: 7 <--> 50 	 Freq: 7.0 	 Demand: 238
	Edge: 28 <--> 29 	 Freq: 7.0 	 Demand: 510
	Edge: 77 <--> 76 	 Freq: 7.0 	 Demand: 578
	Edge: 68 <--> 69 	 Freq: 7.0 	 Demand: 3508
	Edge: 74 <--> 72 	 Freq: 7.0 	 Demand: 153
	Edge: 3 <--> 49 	 Freq: 7.0 	 Demand: 1530
	Edge: 57 <--> 18 	 Freq: 7.0 	 Demand: 1394
	Edge: 78 <--> 71 	 Freq: 7.0 	 Demand: 238
	Edge: 76 <--> 75 	 Freq: 7.0 	 Demand: 510
	Edge: 12 <--> 73 	 Freq: 7.0 	 Demand: 935
	Edge: 11 <--> 73 	 Freq: 7.0 	 Demand: 357
	Edge: 73 <--> 74 	 Freq: 7.0 	 Demand: 663
	Edge: 31 <--> 77 	 Freq: 7.0 	 Demand: 1020
	Edge: 38 <--> 42 	 Freq: 7.0 	 Demand: 510
	Edge: 75 <--> 12 	 Freq: 7.0 	 Demand: 1207
	Edge: 46 <--> 56 	 Freq: 7.0 	 Demand: 408
	Edge: 45 <--> 74 	 Freq: 7.0 	 Demand: 119
	Edge: 36 <--> 24 	 Freq: 7.0 	 Demand: 765
	Edge: 13 <--> 9 	 Freq: 7.0 	 Demand: 816
	Edge: 10 <--> 11 	 Freq: 7.0 	 Demand: 663
	Edge: 61 <--> 60 	 Freq: 7.0 	 Demand: 510
	Edge: 9 <--> 47 	 Freq: 7.0 	 Demand: 561
	Edge: 21 <--> 22 	 Freq: 7.0 	 Demand: 1020
	Edge: 18 <--> 58 	 Freq: 7.0 	 Demand: 578
	Edge: 25 <--> 26 	 Freq: 7.0 	 Demand: 510
	Edge: 48 <--> 9 	 Freq: 7.0 	 Demand: 918
	Edge: 45 <--> 10 	 Freq: 7.0 	 Demand: 765
	Edge: 71 <--> 72 	 Freq: 7.0 	 Demand: 1836
	Edge: 70 <--> 47 	 Freq: 7.0 	 Demand: 1105
	Edge: 70 <--> 13 	 Freq: 7.0 	 Demand: 2278
	Edge: 21 <--> 59 	 Freq: 7.0 	 Demand: 578

	Routes:

	Route: 1
	Route length (1099.0) and demand (11631)
	Edge: 76 <--> 75 	 Freq: 7.0 	 Demand: 510
	Edge: 77 <--> 76 	 Freq: 7.0 	 Demand: 578
	Edge: 9 <--> 47 	 Freq: 7.0 	 Demand: 561
	Edge: 70 <--> 47 	 Freq: 7.0 	 Demand: 1105
	Edge: 39 <--> 25 	 Freq: 3.5 	 Demand: 4080
	Edge: 31 <--> 77 	 Freq: 7.0 	 Demand: 1020
	Edge: 32 <--> 33 	 Freq: 3.5 	 Demand: 3777
	Route: 2
	Route length (81.0) and demand (3697)
	Edge: 34 <--> 0 	 Freq: 3.5 	 Demand: 3697
	Route: 3
	Route length (1308.0) and demand (10219)
	Edge: 40 <--> 15 	 Freq: 3.5 	 Demand: 2244
	Edge: 14 <--> 15 	 Freq: 3.5 	 Demand: 3895
	Edge: 21 <--> 22 	 Freq: 7.0 	 Demand: 1020
	Edge: 21 <--> 59 	 Freq: 7.0 	 Demand: 578
	Edge: 18 <--> 58 	 Freq: 7.0 	 Demand: 578
	Edge: 57 <--> 18 	 Freq: 7.0 	 Demand: 1394
	Edge: 38 <--> 42 	 Freq: 7.0 	 Demand: 510
	Route: 4
	Route length (653.0) and demand (9852)
	Edge: 27 <--> 8 	 Freq: 3.5 	 Demand: 4182
	Edge: 67 <--> 66 	 Freq: 3.5 	 Demand: 3970
	Edge: 34 <--> 66 	 Freq: 3.5 	 Demand: 1700
	Route: 5
	Route length (264.0) and demand (4031)
	Edge: 38 <--> 42 	 Freq: 3.5 	 Demand: 4031
	Route: 6
	Route length (1337.0) and demand (11290)
	Edge: 78 <--> 71 	 Freq: 7.0 	 Demand: 238
	Edge: 10 <--> 11 	 Freq: 7.0 	 Demand: 663
	Edge: 13 <--> 9 	 Freq: 7.0 	 Demand: 816
	Edge: 70 <--> 13 	 Freq: 7.0 	 Demand: 2278
	Edge: 43 <--> 70 	 Freq: 3.5 	 Demand: 3060
	Edge: 35 <--> 1 	 Freq: 3.5 	 Demand: 4235
	Route: 7
	Route length (1678.0) and demand (11186)
	Edge: 78 <--> 71 	 Freq: 3.5 	 Demand: 3825
	Edge: 71 <--> 72 	 Freq: 7.0 	 Demand: 1836
	Edge: 46 <--> 56 	 Freq: 7.0 	 Demand: 408
	Edge: 74 <--> 72 	 Freq: 7.0 	 Demand: 153
	Edge: 48 <--> 9 	 Freq: 7.0 	 Demand: 918
	Edge: 45 <--> 10 	 Freq: 7.0 	 Demand: 765
	Edge: 45 <--> 74 	 Freq: 7.0 	 Demand: 119
	Edge: 73 <--> 74 	 Freq: 7.0 	 Demand: 663
	Edge: 11 <--> 73 	 Freq: 7.0 	 Demand: 357
	Edge: 12 <--> 73 	 Freq: 7.0 	 Demand: 935
	Edge: 75 <--> 12 	 Freq: 7.0 	 Demand: 1207
	Route: 8
	Route length (795.0) and demand (11067)
	Edge: 36 <--> 16 	 Freq: 3.5 	 Demand: 3927
	Edge: 23 <--> 24 	 Freq: 3.5 	 Demand: 4080
	Edge: 37 <--> 23 	 Freq: 3.5 	 Demand: 3060
	Route: 9
	Route length (948.0) and demand (7848)
	Edge: 65 <--> 6 	 Freq: 7.0 	 Demand: 306
	Edge: 65 <--> 52 	 Freq: 3.5 	 Demand: 3974
	Edge: 53 <--> 51 	 Freq: 3.5 	 Demand: 3568
	Route: 10
	Route length (1294.0) and demand (11591)
	Edge: 61 <--> 62 	 Freq: 3.5 	 Demand: 4080
	Edge: 61 <--> 60 	 Freq: 7.0 	 Demand: 510
	Edge: 61 <--> 60 	 Freq: 3.5 	 Demand: 2720
	Edge: 40 <--> 41 	 Freq: 3.5 	 Demand: 3516
	Edge: 36 <--> 24 	 Freq: 7.0 	 Demand: 765
	Route: 11
	Route length (1296.0) and demand (11968)
	Edge: 27 <--> 3 	 Freq: 3.5 	 Demand: 3060
	Edge: 3 <--> 49 	 Freq: 7.0 	 Demand: 1530
	Edge: 4 <--> 5 	 Freq: 3.5 	 Demand: 2550
	Edge: 50 <--> 3 	 Freq: 3.5 	 Demand: 1530
	Edge: 7 <--> 50 	 Freq: 3.5 	 Demand: 1530
	Edge: 7 <--> 50 	 Freq: 7.0 	 Demand: 238
	Edge: 28 <--> 7 	 Freq: 2.3 	 Demand: 1020
	Edge: 28 <--> 29 	 Freq: 7.0 	 Demand: 510
	Route: 12
	Route length (1156.0) and demand (11327)
	Edge: 68 <--> 69 	 Freq: 3.5 	 Demand: 3653
	Edge: 68 <--> 69 	 Freq: 7.0 	 Demand: 3508
	Edge: 67 <--> 68 	 Freq: 3.5 	 Demand: 3656
	Edge: 25 <--> 26 	 Freq: 7.0 	 Demand: 510

Day 32, number of edges 15, number of routes 4

	Edges:

	Edge: 28 <--> 7 	 Freq: 2.3 	 Demand: 1020
	Edge: 3 <--> 49 	 Freq: 2.3 	 Demand: 3570
	Edge: 25 <--> 26 	 Freq: 2.3 	 Demand: 4247
	Edge: 54 <--> 20 	 Freq: 2.3 	 Demand: 4080
	Edge: 30 <--> 67 	 Freq: 2.3 	 Demand: 4213
	Edge: 66 <--> 53 	 Freq: 2.3 	 Demand: 3913
	Edge: 0 <--> 71 	 Freq: 7.0 	 Demand: 1870
	Edge: 50 <--> 3 	 Freq: 7.0 	 Demand: 3060
	Edge: 27 <--> 8 	 Freq: 7.0 	 Demand: 833
	Edge: 55 <--> 19 	 Freq: 7.0 	 Demand: 782
	Edge: 6 <--> 7 	 Freq: 7.0 	 Demand: 1955
	Edge: 18 <--> 19 	 Freq: 7.0 	 Demand: 2686
	Edge: 66 <--> 53 	 Freq: 7.0 	 Demand: 510
	Edge: 34 <--> 66 	 Freq: 7.0 	 Demand: 3604
	Edge: 27 <--> 3 	 Freq: 7.0 	 Demand: 4751

	Routes:

	Route: 1
	Route length (801.0) and demand (8460)
	Edge: 30 <--> 67 	 Freq: 2.3 	 Demand: 4213
	Edge: 25 <--> 26 	 Freq: 2.3 	 Demand: 4247
	Route: 2
	Route length (1276.0) and demand (11835)
	Edge: 34 <--> 66 	 Freq: 7.0 	 Demand: 3604
	Edge: 66 <--> 53 	 Freq: 7.0 	 Demand: 510
	Edge: 66 <--> 53 	 Freq: 2.3 	 Demand: 3913
	Edge: 28 <--> 7 	 Freq: 2.3 	 Demand: 1020
	Edge: 6 <--> 7 	 Freq: 7.0 	 Demand: 1955
	Edge: 27 <--> 8 	 Freq: 7.0 	 Demand: 833
	Route: 3
	Route length (1298.0) and demand (9418)
	Edge: 0 <--> 71 	 Freq: 7.0 	 Demand: 1870
	Edge: 54 <--> 20 	 Freq: 2.3 	 Demand: 4080
	Edge: 55 <--> 19 	 Freq: 7.0 	 Demand: 782
	Edge: 18 <--> 19 	 Freq: 7.0 	 Demand: 2686
	Route: 4
	Route length (1040.0) and demand (11381)
	Edge: 3 <--> 49 	 Freq: 2.3 	 Demand: 3570
	Edge: 50 <--> 3 	 Freq: 7.0 	 Demand: 3060
	Edge: 27 <--> 3 	 Freq: 7.0 	 Demand: 4751

Day 33, number of edges 0, number of routes 0

	Edges:


	Routes:


Day 34, number of edges 0, number of routes 0

	Edges:


	Routes:


Day 35, number of edges 48, number of routes 13

	Edges:

	Edge: 30 <--> 67 	 Freq: 2.3 	 Demand: 4213
	Edge: 25 <--> 26 	 Freq: 2.3 	 Demand: 4247
	Edge: 66 <--> 53 	 Freq: 2.3 	 Demand: 3913
	Edge: 54 <--> 20 	 Freq: 2.3 	 Demand: 4080
	Edge: 28 <--> 7 	 Freq: 2.3 	 Demand: 1020
	Edge: 3 <--> 49 	 Freq: 2.3 	 Demand: 3570
	Edge: 7 <--> 50 	 Freq: 3.5 	 Demand: 1530
	Edge: 4 <--> 5 	 Freq: 3.5 	 Demand: 2550
	Edge: 53 <--> 51 	 Freq: 3.5 	 Demand: 3568
	Edge: 68 <--> 69 	 Freq: 3.5 	 Demand: 3653
	Edge: 35 <--> 1 	 Freq: 3.5 	 Demand: 4235
	Edge: 14 <--> 15 	 Freq: 3.5 	 Demand: 3895
	Edge: 39 <--> 25 	 Freq: 3.5 	 Demand: 4080
	Edge: 78 <--> 71 	 Freq: 3.5 	 Demand: 3825
	Edge: 32 <--> 33 	 Freq: 3.5 	 Demand: 3777
	Edge: 67 <--> 66 	 Freq: 3.5 	 Demand: 3970
	Edge: 37 <--> 23 	 Freq: 3.5 	 Demand: 3060
	Edge: 34 <--> 0 	 Freq: 3.5 	 Demand: 3697
	Edge: 40 <--> 15 	 Freq: 3.5 	 Demand: 2244
	Edge: 43 <--> 70 	 Freq: 3.5 	 Demand: 3060
	Edge: 38 <--> 42 	 Freq: 3.5 	 Demand: 4031
	Edge: 36 <--> 16 	 Freq: 3.5 	 Demand: 3927
	Edge: 50 <--> 3 	 Freq: 3.5 	 Demand: 1530
	Edge: 61 <--> 60 	 Freq: 3.5 	 Demand: 2720
	Edge: 67 <--> 68 	 Freq: 3.5 	 Demand: 3656
	Edge: 61 <--> 62 	 Freq: 3.5 	 Demand: 4080
	Edge: 27 <--> 8 	 Freq: 3.5 	 Demand: 4182
	Edge: 40 <--> 41 	 Freq: 3.5 	 Demand: 3516
	Edge: 65 <--> 52 	 Freq: 3.5 	 Demand: 3974
	Edge: 34 <--> 66 	 Freq: 3.5 	 Demand: 1700
	Edge: 23 <--> 24 	 Freq: 3.5 	 Demand: 4080
	Edge: 27 <--> 3 	 Freq: 3.5 	 Demand: 3060
	Edge: 38 <--> 42 	 Freq: 14.0 	 Demand: 1870
	Edge: 25 <--> 26 	 Freq: 14.0 	 Demand: 680
	Edge: 23 <--> 24 	 Freq: 14.0 	 Demand: 1870
	Edge: 65 <--> 6 	 Freq: 7.0 	 Demand: 306
	Edge: 68 <--> 69 	 Freq: 7.0 	 Demand: 3508
	Edge: 44 <--> 77 	 Freq: 7.0 	 Demand: 612
	Edge: 0 <--> 27 	 Freq: 7.0 	 Demand: 306
	Edge: 37 <--> 23 	 Freq: 7.0 	 Demand: 1683
	Edge: 43 <--> 70 	 Freq: 7.0 	 Demand: 204
	Edge: 13 <--> 9 	 Freq: 7.0 	 Demand: 816
	Edge: 10 <--> 44 	 Freq: 7.0 	 Demand: 646
	Edge: 42 <--> 57 	 Freq: 7.0 	 Demand: 1989
	Edge: 9 <--> 47 	 Freq: 7.0 	 Demand: 561
	Edge: 71 <--> 72 	 Freq: 7.0 	 Demand: 1836
	Edge: 58 <--> 21 	 Freq: 7.0 	 Demand: 306
	Edge: 70 <--> 13 	 Freq: 7.0 	 Demand: 2278

	Routes:

	Route: 1
	Route length (836.0) and demand (10693)
	Edge: 37 <--> 23 	 Freq: 7.0 	 Demand: 1683
	Edge: 23 <--> 24 	 Freq: 14.0 	 Demand: 1870
	Edge: 23 <--> 24 	 Freq: 3.5 	 Demand: 4080
	Edge: 37 <--> 23 	 Freq: 3.5 	 Demand: 3060
	Route: 2
	Route length (827.0) and demand (8315)
	Edge: 35 <--> 1 	 Freq: 3.5 	 Demand: 4235
	Edge: 39 <--> 25 	 Freq: 3.5 	 Demand: 4080
	Route: 3
	Route length (1189.0) and demand (10316)
	Edge: 61 <--> 62 	 Freq: 3.5 	 Demand: 4080
	Edge: 61 <--> 60 	 Freq: 3.5 	 Demand: 2720
	Edge: 40 <--> 41 	 Freq: 3.5 	 Demand: 3516
	Route: 4
	Route length (1016.0) and demand (11522)
	Edge: 27 <--> 8 	 Freq: 3.5 	 Demand: 4182
	Edge: 65 <--> 6 	 Freq: 7.0 	 Demand: 306
	Edge: 65 <--> 52 	 Freq: 3.5 	 Demand: 3974
	Edge: 27 <--> 3 	 Freq: 3.5 	 Demand: 3060
	Route: 5
	Route length (1248.0) and demand (10506)
	Edge: 4 <--> 5 	 Freq: 3.5 	 Demand: 2550
	Edge: 3 <--> 49 	 Freq: 2.3 	 Demand: 3570
	Edge: 50 <--> 3 	 Freq: 3.5 	 Demand: 1530
	Edge: 7 <--> 50 	 Freq: 3.5 	 Demand: 1530
	Edge: 28 <--> 7 	 Freq: 2.3 	 Demand: 1020
	Edge: 0 <--> 27 	 Freq: 7.0 	 Demand: 306
	Route: 6
	Route length (960.0) and demand (9181)
	Edge: 53 <--> 51 	 Freq: 3.5 	 Demand: 3568
	Edge: 66 <--> 53 	 Freq: 2.3 	 Demand: 3913
	Edge: 34 <--> 66 	 Freq: 3.5 	 Demand: 1700
	Route: 7
	Route length (1579.0) and demand (8177)
	Edge: 10 <--> 44 	 Freq: 7.0 	 Demand: 646
	Edge: 13 <--> 9 	 Freq: 7.0 	 Demand: 816
	Edge: 9 <--> 47 	 Freq: 7.0 	 Demand: 561
	Edge: 70 <--> 13 	 Freq: 7.0 	 Demand: 2278
	Edge: 43 <--> 70 	 Freq: 3.5 	 Demand: 3060
	Edge: 43 <--> 70 	 Freq: 7.0 	 Demand: 204
	Edge: 44 <--> 77 	 Freq: 7.0 	 Demand: 612
	Route: 8
	Route length (1080.0) and demand (9775)
	Edge: 38 <--> 42 	 Freq: 14.0 	 Demand: 1870
	Edge: 42 <--> 57 	 Freq: 7.0 	 Demand: 1989
	Edge: 54 <--> 20 	 Freq: 2.3 	 Demand: 4080
	Edge: 71 <--> 72 	 Freq: 7.0 	 Demand: 1836
	Route: 9
	Route length (715.0) and demand (11880)
	Edge: 30 <--> 67 	 Freq: 2.3 	 Demand: 4213
	Edge: 67 <--> 66 	 Freq: 3.5 	 Demand: 3970
	Edge: 34 <--> 0 	 Freq: 3.5 	 Demand: 3697
	Route: 10
	Route length (1065.0) and demand (10372)
	Edge: 40 <--> 15 	 Freq: 3.5 	 Demand: 2244
	Edge: 14 <--> 15 	 Freq: 3.5 	 Demand: 3895
	Edge: 58 <--> 21 	 Freq: 7.0 	 Demand: 306
	Edge: 36 <--> 16 	 Freq: 3.5 	 Demand: 3927
	Route: 11
	Route length (1156.0) and demand (11497)
	Edge: 68 <--> 69 	 Freq: 3.5 	 Demand: 3653
	Edge: 68 <--> 69 	 Freq: 7.0 	 Demand: 3508
	Edge: 67 <--> 68 	 Freq: 3.5 	 Demand: 3656
	Edge: 25 <--> 26 	 Freq: 14.0 	 Demand: 680
	Route: 12
	Route length (264.0) and demand (4031)
	Edge: 38 <--> 42 	 Freq: 3.5 	 Demand: 4031
	Route: 13
	Route length (801.0) and demand (11849)
	Edge: 78 <--> 71 	 Freq: 3.5 	 Demand: 3825
	Edge: 25 <--> 26 	 Freq: 2.3 	 Demand: 4247
	Edge: 32 <--> 33 	 Freq: 3.5 	 Demand: 3777

Day 36, number of edges 7, number of routes 3

	Edges:

	Edge: 16 <--> 58 	 Freq: 7.0 	 Demand: 2822
	Edge: 61 <--> 62 	 Freq: 7.0 	 Demand: 1530
	Edge: 15 <--> 22 	 Freq: 7.0 	 Demand: 4080
	Edge: 30 <--> 67 	 Freq: 7.0 	 Demand: 204
	Edge: 57 <--> 55 	 Freq: 7.0 	 Demand: 2992
	Edge: 23 <--> 24 	 Freq: 7.0 	 Demand: 3978
	Edge: 23 <--> 63 	 Freq: 7.0 	 Demand: 4998

	Routes:

	Route: 1
	Route length (1718.0) and demand (11424)
	Edge: 61 <--> 62 	 Freq: 7.0 	 Demand: 1530
	Edge: 15 <--> 22 	 Freq: 7.0 	 Demand: 4080
	Edge: 16 <--> 58 	 Freq: 7.0 	 Demand: 2822
	Edge: 57 <--> 55 	 Freq: 7.0 	 Demand: 2992
	Route: 2
	Route length (848.0) and demand (8976)
	Edge: 23 <--> 24 	 Freq: 7.0 	 Demand: 3978
	Edge: 23 <--> 63 	 Freq: 7.0 	 Demand: 4998
	Route: 3
	Route length (556.0) and demand (204)
	Edge: 30 <--> 67 	 Freq: 7.0 	 Demand: 204

Day 37, number of edges 7, number of routes 3

	Edges:

	Edge: 3 <--> 49 	 Freq: 2.3 	 Demand: 3570
	Edge: 28 <--> 7 	 Freq: 2.3 	 Demand: 1020
	Edge: 25 <--> 26 	 Freq: 2.3 	 Demand: 4247
	Edge: 54 <--> 20 	 Freq: 2.3 	 Demand: 4080
	Edge: 30 <--> 67 	 Freq: 2.3 	 Demand: 4213
	Edge: 66 <--> 53 	 Freq: 2.3 	 Demand: 3913
	Edge: 42 <--> 16 	 Freq: 7.0 	 Demand: 1173

	Routes:

	Route: 1
	Route length (1222.0) and demand (5253)
	Edge: 54 <--> 20 	 Freq: 2.3 	 Demand: 4080
	Edge: 42 <--> 16 	 Freq: 7.0 	 Demand: 1173
	Route: 2
	Route length (801.0) and demand (8460)
	Edge: 25 <--> 26 	 Freq: 2.3 	 Demand: 4247
	Edge: 30 <--> 67 	 Freq: 2.3 	 Demand: 4213
	Route: 3
	Route length (1277.0) and demand (8503)
	Edge: 3 <--> 49 	 Freq: 2.3 	 Demand: 3570
	Edge: 28 <--> 7 	 Freq: 2.3 	 Demand: 1020
	Edge: 66 <--> 53 	 Freq: 2.3 	 Demand: 3913

Day 38, number of edges 44, number of routes 10

	Edges:

	Edge: 7 <--> 50 	 Freq: 3.5 	 Demand: 1530
	Edge: 4 <--> 5 	 Freq: 3.5 	 Demand: 2550
	Edge: 53 <--> 51 	 Freq: 3.5 	 Demand: 3568
	Edge: 68 <--> 69 	 Freq: 3.5 	 Demand: 3653
	Edge: 35 <--> 1 	 Freq: 3.5 	 Demand: 4235
	Edge: 14 <--> 15 	 Freq: 3.5 	 Demand: 3895
	Edge: 39 <--> 25 	 Freq: 3.5 	 Demand: 4080
	Edge: 78 <--> 71 	 Freq: 3.5 	 Demand: 3825
	Edge: 32 <--> 33 	 Freq: 3.5 	 Demand: 3777
	Edge: 67 <--> 66 	 Freq: 3.5 	 Demand: 3970
	Edge: 37 <--> 23 	 Freq: 3.5 	 Demand: 3060
	Edge: 34 <--> 0 	 Freq: 3.5 	 Demand: 3697
	Edge: 40 <--> 15 	 Freq: 3.5 	 Demand: 2244
	Edge: 43 <--> 70 	 Freq: 3.5 	 Demand: 3060
	Edge: 38 <--> 42 	 Freq: 3.5 	 Demand: 4031
	Edge: 36 <--> 16 	 Freq: 3.5 	 Demand: 3927
	Edge: 50 <--> 3 	 Freq: 3.5 	 Demand: 1530
	Edge: 61 <--> 60 	 Freq: 3.5 	 Demand: 2720
	Edge: 67 <--> 68 	 Freq: 3.5 	 Demand: 3656
	Edge: 61 <--> 62 	 Freq: 3.5 	 Demand: 4080
	Edge: 27 <--> 8 	 Freq: 3.5 	 Demand: 4182
	Edge: 40 <--> 41 	 Freq: 3.5 	 Demand: 3516
	Edge: 65 <--> 52 	 Freq: 3.5 	 Demand: 3974
	Edge: 34 <--> 66 	 Freq: 3.5 	 Demand: 1700
	Edge: 23 <--> 24 	 Freq: 3.5 	 Demand: 4080
	Edge: 27 <--> 3 	 Freq: 3.5 	 Demand: 3060
	Edge: 28 <--> 29 	 Freq: 7.0 	 Demand: 510
	Edge: 77 <--> 76 	 Freq: 7.0 	 Demand: 578
	Edge: 74 <--> 72 	 Freq: 7.0 	 Demand: 153
	Edge: 3 <--> 49 	 Freq: 7.0 	 Demand: 1530
	Edge: 78 <--> 71 	 Freq: 7.0 	 Demand: 238
	Edge: 76 <--> 75 	 Freq: 7.0 	 Demand: 510
	Edge: 0 <--> 27 	 Freq: 7.0 	 Demand: 306
	Edge: 11 <--> 73 	 Freq: 7.0 	 Demand: 357
	Edge: 73 <--> 74 	 Freq: 7.0 	 Demand: 663
	Edge: 31 <--> 77 	 Freq: 7.0 	 Demand: 1020
	Edge: 38 <--> 42 	 Freq: 7.0 	 Demand: 510
	Edge: 46 <--> 56 	 Freq: 7.0 	 Demand: 408
	Edge: 36 <--> 24 	 Freq: 7.0 	 Demand: 765
	Edge: 10 <--> 11 	 Freq: 7.0 	 Demand: 663
	Edge: 10 <--> 44 	 Freq: 7.0 	 Demand: 646
	Edge: 21 <--> 22 	 Freq: 7.0 	 Demand: 1020
	Edge: 25 <--> 26 	 Freq: 7.0 	 Demand: 510
	Edge: 21 <--> 59 	 Freq: 7.0 	 Demand: 578

	Routes:

	Route: 1
	Route length (81.0) and demand (3697)
	Edge: 34 <--> 0 	 Freq: 3.5 	 Demand: 3697
	Route: 2
	Route length (1107.0) and demand (11789)
	Edge: 67 <--> 66 	 Freq: 3.5 	 Demand: 3970
	Edge: 68 <--> 69 	 Freq: 3.5 	 Demand: 3653
	Edge: 67 <--> 68 	 Freq: 3.5 	 Demand: 3656
	Edge: 25 <--> 26 	 Freq: 7.0 	 Demand: 510
	Route: 3
	Route length (1716.0) and demand (10185)
	Edge: 46 <--> 56 	 Freq: 7.0 	 Demand: 408
	Edge: 74 <--> 72 	 Freq: 7.0 	 Demand: 153
	Edge: 73 <--> 74 	 Freq: 7.0 	 Demand: 663
	Edge: 11 <--> 73 	 Freq: 7.0 	 Demand: 357
	Edge: 10 <--> 11 	 Freq: 7.0 	 Demand: 663
	Edge: 10 <--> 44 	 Freq: 7.0 	 Demand: 646
	Edge: 43 <--> 70 	 Freq: 3.5 	 Demand: 3060
	Edge: 35 <--> 1 	 Freq: 3.5 	 Demand: 4235
	Route: 4
	Route length (1303.0) and demand (11664)
	Edge: 21 <--> 59 	 Freq: 7.0 	 Demand: 578
	Edge: 21 <--> 22 	 Freq: 7.0 	 Demand: 1020
	Edge: 14 <--> 15 	 Freq: 3.5 	 Demand: 3895
	Edge: 40 <--> 15 	 Freq: 3.5 	 Demand: 2244
	Edge: 36 <--> 16 	 Freq: 3.5 	 Demand: 3927
	Route: 5
	Route length (1411.0) and demand (11524)
	Edge: 53 <--> 51 	 Freq: 3.5 	 Demand: 3568
	Edge: 28 <--> 29 	 Freq: 7.0 	 Demand: 510
	Edge: 7 <--> 50 	 Freq: 3.5 	 Demand: 1530
	Edge: 50 <--> 3 	 Freq: 3.5 	 Demand: 1530
	Edge: 4 <--> 5 	 Freq: 3.5 	 Demand: 2550
	Edge: 3 <--> 49 	 Freq: 7.0 	 Demand: 1530
	Edge: 0 <--> 27 	 Freq: 7.0 	 Demand: 306
	Route: 6
	Route length (242.0) and demand (3825)
	Edge: 78 <--> 71 	 Freq: 3.5 	 Demand: 3825
	Route: 7
	Route length (922.0) and demand (11903)
	Edge: 78 <--> 71 	 Freq: 7.0 	 Demand: 238
	Edge: 76 <--> 75 	 Freq: 7.0 	 Demand: 510
	Edge: 77 <--> 76 	 Freq: 7.0 	 Demand: 578
	Edge: 31 <--> 77 	 Freq: 7.0 	 Demand: 1020
	Edge: 39 <--> 25 	 Freq: 3.5 	 Demand: 4080
	Edge: 32 <--> 33 	 Freq: 3.5 	 Demand: 3777
	Edge: 34 <--> 66 	 Freq: 3.5 	 Demand: 1700
	Route: 8
	Route length (770.0) and demand (11681)
	Edge: 38 <--> 42 	 Freq: 7.0 	 Demand: 510
	Edge: 38 <--> 42 	 Freq: 3.5 	 Demand: 4031
	Edge: 37 <--> 23 	 Freq: 3.5 	 Demand: 3060
	Edge: 23 <--> 24 	 Freq: 3.5 	 Demand: 4080
	Route: 9
	Route length (1189.0) and demand (11081)
	Edge: 61 <--> 62 	 Freq: 3.5 	 Demand: 4080
	Edge: 61 <--> 60 	 Freq: 3.5 	 Demand: 2720
	Edge: 40 <--> 41 	 Freq: 3.5 	 Demand: 3516
	Edge: 36 <--> 24 	 Freq: 7.0 	 Demand: 765
	Route: 10
	Route length (1015.0) and demand (11216)
	Edge: 27 <--> 8 	 Freq: 3.5 	 Demand: 4182
	Edge: 65 <--> 52 	 Freq: 3.5 	 Demand: 3974
	Edge: 27 <--> 3 	 Freq: 3.5 	 Demand: 3060

Day 39, number of edges 16, number of routes 5

	Edges:

	Edge: 3 <--> 49 	 Freq: 2.3 	 Demand: 3570
	Edge: 28 <--> 7 	 Freq: 2.3 	 Demand: 1020
	Edge: 25 <--> 26 	 Freq: 2.3 	 Demand: 4247
	Edge: 54 <--> 20 	 Freq: 2.3 	 Demand: 4080
	Edge: 30 <--> 67 	 Freq: 2.3 	 Demand: 4213
	Edge: 66 <--> 53 	 Freq: 2.3 	 Demand: 3913
	Edge: 0 <--> 71 	 Freq: 7.0 	 Demand: 1870
	Edge: 50 <--> 3 	 Freq: 7.0 	 Demand: 3060
	Edge: 48 <--> 9 	 Freq: 7.0 	 Demand: 918
	Edge: 45 <--> 10 	 Freq: 7.0 	 Demand: 765
	Edge: 6 <--> 7 	 Freq: 7.0 	 Demand: 1955
	Edge: 34 <--> 66 	 Freq: 7.0 	 Demand: 3604
	Edge: 23 <--> 24 	 Freq: 7.0 	 Demand: 3978
	Edge: 23 <--> 63 	 Freq: 7.0 	 Demand: 4998
	Edge: 27 <--> 3 	 Freq: 7.0 	 Demand: 4751
	Edge: 70 <--> 47 	 Freq: 7.0 	 Demand: 1105

	Routes:

	Route: 1
	Route length (1040.0) and demand (11381)
	Edge: 3 <--> 49 	 Freq: 2.3 	 Demand: 3570
	Edge: 50 <--> 3 	 Freq: 7.0 	 Demand: 3060
	Edge: 27 <--> 3 	 Freq: 7.0 	 Demand: 4751
	Route: 2
	Route length (1971.0) and demand (11115)
	Edge: 54 <--> 20 	 Freq: 2.3 	 Demand: 4080
	Edge: 45 <--> 10 	 Freq: 7.0 	 Demand: 765
	Edge: 48 <--> 9 	 Freq: 7.0 	 Demand: 918
	Edge: 70 <--> 47 	 Freq: 7.0 	 Demand: 1105
	Edge: 25 <--> 26 	 Freq: 2.3 	 Demand: 4247
	Route: 3
	Route length (1406.0) and demand (11101)
	Edge: 30 <--> 67 	 Freq: 2.3 	 Demand: 4213
	Edge: 66 <--> 53 	 Freq: 2.3 	 Demand: 3913
	Edge: 6 <--> 7 	 Freq: 7.0 	 Demand: 1955
	Edge: 28 <--> 7 	 Freq: 2.3 	 Demand: 1020
	Route: 4
	Route length (444.0) and demand (5474)
	Edge: 34 <--> 66 	 Freq: 7.0 	 Demand: 3604
	Edge: 0 <--> 71 	 Freq: 7.0 	 Demand: 1870
	Route: 5
	Route length (848.0) and demand (8976)
	Edge: 23 <--> 24 	 Freq: 7.0 	 Demand: 3978
	Edge: 23 <--> 63 	 Freq: 7.0 	 Demand: 4998

Day 40, number of edges 0, number of routes 0

	Edges:


	Routes:


Day 41, number of edges 0, number of routes 0

	Edges:


	Routes:


Day 42, number of edges 53, number of routes 13

	Edges:

	Edge: 30 <--> 67 	 Freq: 2.3 	 Demand: 4213
	Edge: 25 <--> 26 	 Freq: 2.3 	 Demand: 4247
	Edge: 66 <--> 53 	 Freq: 2.3 	 Demand: 3913
	Edge: 54 <--> 20 	 Freq: 2.3 	 Demand: 4080
	Edge: 28 <--> 7 	 Freq: 2.3 	 Demand: 1020
	Edge: 3 <--> 49 	 Freq: 2.3 	 Demand: 3570
	Edge: 7 <--> 50 	 Freq: 3.5 	 Demand: 1530
	Edge: 4 <--> 5 	 Freq: 3.5 	 Demand: 2550
	Edge: 53 <--> 51 	 Freq: 3.5 	 Demand: 3568
	Edge: 68 <--> 69 	 Freq: 3.5 	 Demand: 3653
	Edge: 35 <--> 1 	 Freq: 3.5 	 Demand: 4235
	Edge: 14 <--> 15 	 Freq: 3.5 	 Demand: 3895
	Edge: 39 <--> 25 	 Freq: 3.5 	 Demand: 4080
	Edge: 78 <--> 71 	 Freq: 3.5 	 Demand: 3825
	Edge: 32 <--> 33 	 Freq: 3.5 	 Demand: 3777
	Edge: 67 <--> 66 	 Freq: 3.5 	 Demand: 3970
	Edge: 37 <--> 23 	 Freq: 3.5 	 Demand: 3060
	Edge: 34 <--> 0 	 Freq: 3.5 	 Demand: 3697
	Edge: 40 <--> 15 	 Freq: 3.5 	 Demand: 2244
	Edge: 43 <--> 70 	 Freq: 3.5 	 Demand: 3060
	Edge: 38 <--> 42 	 Freq: 3.5 	 Demand: 4031
	Edge: 36 <--> 16 	 Freq: 3.5 	 Demand: 3927
	Edge: 50 <--> 3 	 Freq: 3.5 	 Demand: 1530
	Edge: 61 <--> 60 	 Freq: 3.5 	 Demand: 2720
	Edge: 67 <--> 68 	 Freq: 3.5 	 Demand: 3656
	Edge: 61 <--> 62 	 Freq: 3.5 	 Demand: 4080
	Edge: 27 <--> 8 	 Freq: 3.5 	 Demand: 4182
	Edge: 40 <--> 41 	 Freq: 3.5 	 Demand: 3516
	Edge: 65 <--> 52 	 Freq: 3.5 	 Demand: 3974
	Edge: 34 <--> 66 	 Freq: 3.5 	 Demand: 1700
	Edge: 23 <--> 24 	 Freq: 3.5 	 Demand: 4080
	Edge: 27 <--> 3 	 Freq: 3.5 	 Demand: 3060
	Edge: 43 <--> 70 	 Freq: 14.0 	 Demand: 1530
	Edge: 65 <--> 6 	 Freq: 7.0 	 Demand: 306
	Edge: 7 <--> 50 	 Freq: 7.0 	 Demand: 238
	Edge: 68 <--> 69 	 Freq: 7.0 	 Demand: 3508
	Edge: 44 <--> 77 	 Freq: 7.0 	 Demand: 612
	Edge: 57 <--> 18 	 Freq: 7.0 	 Demand: 1394
	Edge: 12 <--> 73 	 Freq: 7.0 	 Demand: 935
	Edge: 37 <--> 23 	 Freq: 7.0 	 Demand: 1683
	Edge: 43 <--> 70 	 Freq: 7.0 	 Demand: 204
	Edge: 75 <--> 12 	 Freq: 7.0 	 Demand: 1207
	Edge: 45 <--> 74 	 Freq: 7.0 	 Demand: 119
	Edge: 13 <--> 9 	 Freq: 7.0 	 Demand: 816
	Edge: 10 <--> 11 	 Freq: 7.0 	 Demand: 663
	Edge: 42 <--> 57 	 Freq: 7.0 	 Demand: 1989
	Edge: 61 <--> 60 	 Freq: 7.0 	 Demand: 510
	Edge: 9 <--> 47 	 Freq: 7.0 	 Demand: 561
	Edge: 21 <--> 22 	 Freq: 7.0 	 Demand: 1020
	Edge: 18 <--> 58 	 Freq: 7.0 	 Demand: 578
	Edge: 71 <--> 72 	 Freq: 7.0 	 Demand: 1836
	Edge: 58 <--> 21 	 Freq: 7.0 	 Demand: 306
	Edge: 70 <--> 13 	 Freq: 7.0 	 Demand: 2278

	Routes:

	Route: 1
	Route length (715.0) and demand (9883)
	Edge: 30 <--> 67 	 Freq: 2.3 	 Demand: 4213
	Edge: 67 <--> 66 	 Freq: 3.5 	 Demand: 3970
	Edge: 34 <--> 66 	 Freq: 3.5 	 Demand: 1700
	Route: 2
	Route length (1610.0) and demand (9724)
	Edge: 10 <--> 11 	 Freq: 7.0 	 Demand: 663
	Edge: 13 <--> 9 	 Freq: 7.0 	 Demand: 816
	Edge: 9 <--> 47 	 Freq: 7.0 	 Demand: 561
	Edge: 70 <--> 13 	 Freq: 7.0 	 Demand: 2278
	Edge: 43 <--> 70 	 Freq: 14.0 	 Demand: 1530
	Edge: 43 <--> 70 	 Freq: 3.5 	 Demand: 3060
	Edge: 43 <--> 70 	 Freq: 7.0 	 Demand: 204
	Edge: 44 <--> 77 	 Freq: 7.0 	 Demand: 612
	Route: 3
	Route length (489.0) and demand (5661)
	Edge: 78 <--> 71 	 Freq: 3.5 	 Demand: 3825
	Edge: 71 <--> 72 	 Freq: 7.0 	 Demand: 1836
	Route: 4
	Route length (641.0) and demand (11721)
	Edge: 25 <--> 26 	 Freq: 2.3 	 Demand: 4247
	Edge: 32 <--> 33 	 Freq: 3.5 	 Demand: 3777
	Edge: 34 <--> 0 	 Freq: 3.5 	 Demand: 3697
	Route: 5
	Route length (1165.0) and demand (10710)
	Edge: 27 <--> 3 	 Freq: 3.5 	 Demand: 3060
	Edge: 50 <--> 3 	 Freq: 3.5 	 Demand: 1530
	Edge: 3 <--> 49 	 Freq: 2.3 	 Demand: 3570
	Edge: 4 <--> 5 	 Freq: 3.5 	 Demand: 2550
	Route: 6
	Route length (660.0) and demand (8462)
	Edge: 27 <--> 8 	 Freq: 3.5 	 Demand: 4182
	Edge: 65 <--> 6 	 Freq: 7.0 	 Demand: 306
	Edge: 65 <--> 52 	 Freq: 3.5 	 Demand: 3974
	Route: 7
	Route length (1101.0) and demand (10269)
	Edge: 66 <--> 53 	 Freq: 2.3 	 Demand: 3913
	Edge: 53 <--> 51 	 Freq: 3.5 	 Demand: 3568
	Edge: 28 <--> 7 	 Freq: 2.3 	 Demand: 1020
	Edge: 7 <--> 50 	 Freq: 7.0 	 Demand: 238
	Edge: 7 <--> 50 	 Freq: 3.5 	 Demand: 1530
	Route: 8
	Route length (1042.0) and demand (10817)
	Edge: 68 <--> 69 	 Freq: 3.5 	 Demand: 3653
	Edge: 68 <--> 69 	 Freq: 7.0 	 Demand: 3508
	Edge: 67 <--> 68 	 Freq: 3.5 	 Demand: 3656
	Route: 9
	Route length (827.0) and demand (8315)
	Edge: 35 <--> 1 	 Freq: 3.5 	 Demand: 4235
	Edge: 39 <--> 25 	 Freq: 3.5 	 Demand: 4080
	Route: 10
	Route length (936.0) and demand (11902)
	Edge: 14 <--> 15 	 Freq: 3.5 	 Demand: 3895
	Edge: 40 <--> 15 	 Freq: 3.5 	 Demand: 2244
	Edge: 23 <--> 24 	 Freq: 3.5 	 Demand: 4080
	Edge: 37 <--> 23 	 Freq: 7.0 	 Demand: 1683
	Route: 11
	Route length (1294.0) and demand (10826)
	Edge: 61 <--> 62 	 Freq: 3.5 	 Demand: 4080
	Edge: 61 <--> 60 	 Freq: 7.0 	 Demand: 510
	Edge: 61 <--> 60 	 Freq: 3.5 	 Demand: 2720
	Edge: 40 <--> 41 	 Freq: 3.5 	 Demand: 3516
	Route: 12
	Route length (1431.0) and demand (11390)
	Edge: 37 <--> 23 	 Freq: 3.5 	 Demand: 3060
	Edge: 42 <--> 57 	 Freq: 7.0 	 Demand: 1989
	Edge: 54 <--> 20 	 Freq: 2.3 	 Demand: 4080
	Edge: 45 <--> 74 	 Freq: 7.0 	 Demand: 119
	Edge: 12 <--> 73 	 Freq: 7.0 	 Demand: 935
	Edge: 75 <--> 12 	 Freq: 7.0 	 Demand: 1207
	Route: 13
	Route length (1047.0) and demand (11256)
	Edge: 36 <--> 16 	 Freq: 3.5 	 Demand: 3927
	Edge: 21 <--> 22 	 Freq: 7.0 	 Demand: 1020
	Edge: 58 <--> 21 	 Freq: 7.0 	 Demand: 306
	Edge: 18 <--> 58 	 Freq: 7.0 	 Demand: 578
	Edge: 57 <--> 18 	 Freq: 7.0 	 Demand: 1394
	Edge: 38 <--> 42 	 Freq: 3.5 	 Demand: 4031

Day 43, number of edges 10, number of routes 3

	Edges:

	Edge: 16 <--> 58 	 Freq: 7.0 	 Demand: 2822
	Edge: 61 <--> 62 	 Freq: 7.0 	 Demand: 1530
	Edge: 27 <--> 8 	 Freq: 7.0 	 Demand: 833
	Edge: 55 <--> 19 	 Freq: 7.0 	 Demand: 782
	Edge: 42 <--> 16 	 Freq: 7.0 	 Demand: 1173
	Edge: 15 <--> 22 	 Freq: 7.0 	 Demand: 4080
	Edge: 30 <--> 67 	 Freq: 7.0 	 Demand: 204
	Edge: 57 <--> 55 	 Freq: 7.0 	 Demand: 2992
	Edge: 18 <--> 19 	 Freq: 7.0 	 Demand: 2686
	Edge: 66 <--> 53 	 Freq: 7.0 	 Demand: 510

	Routes:

	Route: 1
	Route length (924.0) and demand (1547)
	Edge: 27 <--> 8 	 Freq: 7.0 	 Demand: 833
	Edge: 66 <--> 53 	 Freq: 7.0 	 Demand: 510
	Edge: 30 <--> 67 	 Freq: 7.0 	 Demand: 204
	Route: 2
	Route length (1392.0) and demand (9605)
	Edge: 61 <--> 62 	 Freq: 7.0 	 Demand: 1530
	Edge: 15 <--> 22 	 Freq: 7.0 	 Demand: 4080
	Edge: 16 <--> 58 	 Freq: 7.0 	 Demand: 2822
	Edge: 42 <--> 16 	 Freq: 7.0 	 Demand: 1173
	Route: 3
	Route length (1136.0) and demand (6460)
	Edge: 57 <--> 55 	 Freq: 7.0 	 Demand: 2992
	Edge: 55 <--> 19 	 Freq: 7.0 	 Demand: 782
	Edge: 18 <--> 19 	 Freq: 7.0 	 Demand: 2686

Day 44, number of edges 6, number of routes 3

	Edges:

	Edge: 3 <--> 49 	 Freq: 2.3 	 Demand: 3570
	Edge: 28 <--> 7 	 Freq: 2.3 	 Demand: 1020
	Edge: 25 <--> 26 	 Freq: 2.3 	 Demand: 4247
	Edge: 54 <--> 20 	 Freq: 2.3 	 Demand: 4080
	Edge: 30 <--> 67 	 Freq: 2.3 	 Demand: 4213
	Edge: 66 <--> 53 	 Freq: 2.3 	 Demand: 3913

	Routes:

	Route: 1
	Route length (1277.0) and demand (8503)
	Edge: 3 <--> 49 	 Freq: 2.3 	 Demand: 3570
	Edge: 28 <--> 7 	 Freq: 2.3 	 Demand: 1020
	Edge: 66 <--> 53 	 Freq: 2.3 	 Demand: 3913
	Route: 2
	Route length (801.0) and demand (8460)
	Edge: 25 <--> 26 	 Freq: 2.3 	 Demand: 4247
	Edge: 30 <--> 67 	 Freq: 2.3 	 Demand: 4213
	Route: 3
	Route length (1076.0) and demand (4080)
	Edge: 54 <--> 20 	 Freq: 2.3 	 Demand: 4080

Day 45, number of edges 45, number of routes 12

	Edges:

	Edge: 7 <--> 50 	 Freq: 3.5 	 Demand: 1530
	Edge: 4 <--> 5 	 Freq: 3.5 	 Demand: 2550
	Edge: 53 <--> 51 	 Freq: 3.5 	 Demand: 3568
	Edge: 68 <--> 69 	 Freq: 3.5 	 Demand: 3653
	Edge: 35 <--> 1 	 Freq: 3.5 	 Demand: 4235
	Edge: 14 <--> 15 	 Freq: 3.5 	 Demand: 3895
	Edge: 39 <--> 25 	 Freq: 3.5 	 Demand: 4080
	Edge: 78 <--> 71 	 Freq: 3.5 	 Demand: 3825
	Edge: 32 <--> 33 	 Freq: 3.5 	 Demand: 3777
	Edge: 67 <--> 66 	 Freq: 3.5 	 Demand: 3970
	Edge: 37 <--> 23 	 Freq: 3.5 	 Demand: 3060
	Edge: 34 <--> 0 	 Freq: 3.5 	 Demand: 3697
	Edge: 40 <--> 15 	 Freq: 3.5 	 Demand: 2244
	Edge: 43 <--> 70 	 Freq: 3.5 	 Demand: 3060
	Edge: 38 <--> 42 	 Freq: 3.5 	 Demand: 4031
	Edge: 36 <--> 16 	 Freq: 3.5 	 Demand: 3927
	Edge: 50 <--> 3 	 Freq: 3.5 	 Demand: 1530
	Edge: 61 <--> 60 	 Freq: 3.5 	 Demand: 2720
	Edge: 67 <--> 68 	 Freq: 3.5 	 Demand: 3656
	Edge: 61 <--> 62 	 Freq: 3.5 	 Demand: 4080
	Edge: 27 <--> 8 	 Freq: 3.5 	 Demand: 4182
	Edge: 40 <--> 41 	 Freq: 3.5 	 Demand: 3516
	Edge: 65 <--> 52 	 Freq: 3.5 	 Demand: 3974
	Edge: 34 <--> 66 	 Freq: 3.5 	 Demand: 1700
	Edge: 23 <--> 24 	 Freq: 3.5 	 Demand: 4080
	Edge: 27 <--> 3 	 Freq: 3.5 	 Demand: 3060
	Edge: 3 <--> 49 	 Freq: 2.3 	 Demand: 3570
	Edge: 25 <--> 26 	 Freq: 2.3 	 Demand: 4247
	Edge: 54 <--> 20 	 Freq: 2.3 	 Demand: 4080
	Edge: 30 <--> 67 	 Freq: 2.3 	 Demand: 4213
	Edge: 28 <--> 29 	 Freq: 7.0 	 Demand: 510
	Edge: 77 <--> 76 	 Freq: 7.0 	 Demand: 578
	Edge: 74 <--> 72 	 Freq: 7.0 	 Demand: 153
	Edge: 3 <--> 49 	 Freq: 7.0 	 Demand: 1530
	Edge: 78 <--> 71 	 Freq: 7.0 	 Demand: 238
	Edge: 76 <--> 75 	 Freq: 7.0 	 Demand: 510
	Edge: 0 <--> 27 	 Freq: 7.0 	 Demand: 306
	Edge: 11 <--> 73 	 Freq: 7.0 	 Demand: 357
	Edge: 73 <--> 74 	 Freq: 7.0 	 Demand: 663
	Edge: 31 <--> 77 	 Freq: 7.0 	 Demand: 1020
	Edge: 46 <--> 56 	 Freq: 7.0 	 Demand: 408
	Edge: 36 <--> 24 	 Freq: 7.0 	 Demand: 765
	Edge: 10 <--> 44 	 Freq: 7.0 	 Demand: 646
	Edge: 25 <--> 26 	 Freq: 7.0 	 Demand: 510
	Edge: 21 <--> 59 	 Freq: 7.0 	 Demand: 578

	Routes:

	Route: 1
	Route length (858.0) and demand (10435)
	Edge: 25 <--> 26 	 Freq: 2.3 	 Demand: 4247
	Edge: 39 <--> 25 	 Freq: 3.5 	 Demand: 4080
	Edge: 31 <--> 77 	 Freq: 7.0 	 Demand: 1020
	Edge: 77 <--> 76 	 Freq: 7.0 	 Demand: 578
	Edge: 76 <--> 75 	 Freq: 7.0 	 Demand: 510
	Route: 2
	Route length (715.0) and demand (9883)
	Edge: 30 <--> 67 	 Freq: 2.3 	 Demand: 4213
	Edge: 67 <--> 66 	 Freq: 3.5 	 Demand: 3970
	Edge: 34 <--> 66 	 Freq: 3.5 	 Demand: 1700
	Route: 3
	Route length (1381.0) and demand (11112)
	Edge: 53 <--> 51 	 Freq: 3.5 	 Demand: 3568
	Edge: 28 <--> 29 	 Freq: 7.0 	 Demand: 510
	Edge: 65 <--> 52 	 Freq: 3.5 	 Demand: 3974
	Edge: 27 <--> 3 	 Freq: 3.5 	 Demand: 3060
	Route: 4
	Route length (1246.0) and demand (10644)
	Edge: 21 <--> 59 	 Freq: 7.0 	 Demand: 578
	Edge: 14 <--> 15 	 Freq: 3.5 	 Demand: 3895
	Edge: 40 <--> 15 	 Freq: 3.5 	 Demand: 2244
	Edge: 36 <--> 16 	 Freq: 3.5 	 Demand: 3927
	Route: 5
	Route length (1228.0) and demand (11016)
	Edge: 7 <--> 50 	 Freq: 3.5 	 Demand: 1530
	Edge: 50 <--> 3 	 Freq: 3.5 	 Demand: 1530
	Edge: 3 <--> 49 	 Freq: 2.3 	 Demand: 3570
	Edge: 4 <--> 5 	 Freq: 3.5 	 Demand: 2550
	Edge: 3 <--> 49 	 Freq: 7.0 	 Demand: 1530
	Edge: 0 <--> 27 	 Freq: 7.0 	 Demand: 306
	Route: 6
	Route length (81.0) and demand (3697)
	Edge: 34 <--> 0 	 Freq: 3.5 	 Demand: 3697
	Route: 7
	Route length (1275.0) and demand (9486)
	Edge: 54 <--> 20 	 Freq: 2.3 	 Demand: 4080
	Edge: 46 <--> 56 	 Freq: 7.0 	 Demand: 408
	Edge: 74 <--> 72 	 Freq: 7.0 	 Demand: 153
	Edge: 73 <--> 74 	 Freq: 7.0 	 Demand: 663
	Edge: 11 <--> 73 	 Freq: 7.0 	 Demand: 357
	Edge: 78 <--> 71 	 Freq: 3.5 	 Demand: 3825
	Route: 8
	Route length (296.0) and demand (4182)
	Edge: 27 <--> 8 	 Freq: 3.5 	 Demand: 4182
	Route: 9
	Route length (1246.0) and demand (8179)
	Edge: 78 <--> 71 	 Freq: 7.0 	 Demand: 238
	Edge: 10 <--> 44 	 Freq: 7.0 	 Demand: 646
	Edge: 43 <--> 70 	 Freq: 3.5 	 Demand: 3060
	Edge: 35 <--> 1 	 Freq: 3.5 	 Demand: 4235
	Route: 10
	Route length (1189.0) and demand (11081)
	Edge: 61 <--> 62 	 Freq: 3.5 	 Demand: 4080
	Edge: 61 <--> 60 	 Freq: 3.5 	 Demand: 2720
	Edge: 40 <--> 41 	 Freq: 3.5 	 Demand: 3516
	Edge: 36 <--> 24 	 Freq: 7.0 	 Demand: 765
	Route: 11
	Route length (684.0) and demand (11171)
	Edge: 38 <--> 42 	 Freq: 3.5 	 Demand: 4031
	Edge: 37 <--> 23 	 Freq: 3.5 	 Demand: 3060
	Edge: 23 <--> 24 	 Freq: 3.5 	 Demand: 4080
	Route: 12
	Route length (1107.0) and demand (11596)
	Edge: 68 <--> 69 	 Freq: 3.5 	 Demand: 3653
	Edge: 67 <--> 68 	 Freq: 3.5 	 Demand: 3656
	Edge: 25 <--> 26 	 Freq: 7.0 	 Demand: 510
	Edge: 32 <--> 33 	 Freq: 3.5 	 Demand: 3777

Day 46, number of edges 16, number of routes 5

	Edges:

	Edge: 30 <--> 67 	 Freq: 2.3 	 Demand: 4213
	Edge: 25 <--> 26 	 Freq: 2.3 	 Demand: 4247
	Edge: 54 <--> 20 	 Freq: 2.3 	 Demand: 4080
	Edge: 3 <--> 49 	 Freq: 2.3 	 Demand: 3570
	Edge: 28 <--> 7 	 Freq: 2.3 	 Demand: 1020
	Edge: 66 <--> 53 	 Freq: 2.3 	 Demand: 3913
	Edge: 0 <--> 71 	 Freq: 7.0 	 Demand: 1870
	Edge: 50 <--> 3 	 Freq: 7.0 	 Demand: 3060
	Edge: 48 <--> 9 	 Freq: 7.0 	 Demand: 918
	Edge: 45 <--> 10 	 Freq: 7.0 	 Demand: 765
	Edge: 6 <--> 7 	 Freq: 7.0 	 Demand: 1955
	Edge: 34 <--> 66 	 Freq: 7.0 	 Demand: 3604
	Edge: 23 <--> 24 	 Freq: 7.0 	 Demand: 3978
	Edge: 23 <--> 63 	 Freq: 7.0 	 Demand: 4998
	Edge: 27 <--> 3 	 Freq: 7.0 	 Demand: 4751
	Edge: 70 <--> 47 	 Freq: 7.0 	 Demand: 1105

	Routes:

	Route: 1
	Route length (1040.0) and demand (11381)
	Edge: 3 <--> 49 	 Freq: 2.3 	 Demand: 3570
	Edge: 50 <--> 3 	 Freq: 7.0 	 Demand: 3060
	Edge: 27 <--> 3 	 Freq: 7.0 	 Demand: 4751
	Route: 2
	Route length (1971.0) and demand (11115)
	Edge: 54 <--> 20 	 Freq: 2.3 	 Demand: 4080
	Edge: 45 <--> 10 	 Freq: 7.0 	 Demand: 765
	Edge: 48 <--> 9 	 Freq: 7.0 	 Demand: 918
	Edge: 70 <--> 47 	 Freq: 7.0 	 Demand: 1105
	Edge: 25 <--> 26 	 Freq: 2.3 	 Demand: 4247
	Route: 3
	Route length (1406.0) and demand (11101)
	Edge: 30 <--> 67 	 Freq: 2.3 	 Demand: 4213
	Edge: 66 <--> 53 	 Freq: 2.3 	 Demand: 3913
	Edge: 6 <--> 7 	 Freq: 7.0 	 Demand: 1955
	Edge: 28 <--> 7 	 Freq: 2.3 	 Demand: 1020
	Route: 4
	Route length (444.0) and demand (5474)
	Edge: 34 <--> 66 	 Freq: 7.0 	 Demand: 3604
	Edge: 0 <--> 71 	 Freq: 7.0 	 Demand: 1870
	Route: 5
	Route length (848.0) and demand (8976)
	Edge: 23 <--> 24 	 Freq: 7.0 	 Demand: 3978
	Edge: 23 <--> 63 	 Freq: 7.0 	 Demand: 4998

Day 47, number of edges 0, number of routes 0

	Edges:


	Routes:


Day 48, number of edges 0, number of routes 0

	Edges:


	Routes:


Day 49, number of edges 58, number of routes 14

	Edges:

	Edge: 30 <--> 67 	 Freq: 2.3 	 Demand: 4213
	Edge: 25 <--> 26 	 Freq: 2.3 	 Demand: 4247
	Edge: 66 <--> 53 	 Freq: 2.3 	 Demand: 3913
	Edge: 54 <--> 20 	 Freq: 2.3 	 Demand: 4080
	Edge: 28 <--> 7 	 Freq: 2.3 	 Demand: 1020
	Edge: 3 <--> 49 	 Freq: 2.3 	 Demand: 3570
	Edge: 7 <--> 50 	 Freq: 3.5 	 Demand: 1530
	Edge: 4 <--> 5 	 Freq: 3.5 	 Demand: 2550
	Edge: 53 <--> 51 	 Freq: 3.5 	 Demand: 3568
	Edge: 68 <--> 69 	 Freq: 3.5 	 Demand: 3653
	Edge: 35 <--> 1 	 Freq: 3.5 	 Demand: 4235
	Edge: 14 <--> 15 	 Freq: 3.5 	 Demand: 3895
	Edge: 39 <--> 25 	 Freq: 3.5 	 Demand: 4080
	Edge: 78 <--> 71 	 Freq: 3.5 	 Demand: 3825
	Edge: 32 <--> 33 	 Freq: 3.5 	 Demand: 3777
	Edge: 67 <--> 66 	 Freq: 3.5 	 Demand: 3970
	Edge: 37 <--> 23 	 Freq: 3.5 	 Demand: 3060
	Edge: 34 <--> 0 	 Freq: 3.5 	 Demand: 3697
	Edge: 40 <--> 15 	 Freq: 3.5 	 Demand: 2244
	Edge: 43 <--> 70 	 Freq: 3.5 	 Demand: 3060
	Edge: 38 <--> 42 	 Freq: 3.5 	 Demand: 4031
	Edge: 36 <--> 16 	 Freq: 3.5 	 Demand: 3927
	Edge: 50 <--> 3 	 Freq: 3.5 	 Demand: 1530
	Edge: 61 <--> 60 	 Freq: 3.5 	 Demand: 2720
	Edge: 67 <--> 68 	 Freq: 3.5 	 Demand: 3656
	Edge: 61 <--> 62 	 Freq: 3.5 	 Demand: 4080
	Edge: 27 <--> 8 	 Freq: 3.5 	 Demand: 4182
	Edge: 40 <--> 41 	 Freq: 3.5 	 Demand: 3516
	Edge: 65 <--> 52 	 Freq: 3.5 	 Demand: 3974
	Edge: 34 <--> 66 	 Freq: 3.5 	 Demand: 1700
	Edge: 23 <--> 24 	 Freq: 3.5 	 Demand: 4080
	Edge: 27 <--> 3 	 Freq: 3.5 	 Demand: 3060
	Edge: 65 <--> 6 	 Freq: 7.0 	 Demand: 306
	Edge: 7 <--> 50 	 Freq: 7.0 	 Demand: 238
	Edge: 58 <--> 21 	 Freq: 7.0 	 Demand: 306
	Edge: 68 <--> 69 	 Freq: 7.0 	 Demand: 3508
	Edge: 44 <--> 77 	 Freq: 7.0 	 Demand: 612
	Edge: 74 <--> 72 	 Freq: 7.0 	 Demand: 153
	Edge: 57 <--> 18 	 Freq: 7.0 	 Demand: 1394
	Edge: 21 <--> 59 	 Freq: 7.0 	 Demand: 578
	Edge: 12 <--> 73 	 Freq: 7.0 	 Demand: 935
	Edge: 37 <--> 23 	 Freq: 7.0 	 Demand: 1683
	Edge: 11 <--> 73 	 Freq: 7.0 	 Demand: 357
	Edge: 73 <--> 74 	 Freq: 7.0 	 Demand: 663
	Edge: 43 <--> 70 	 Freq: 7.0 	 Demand: 204
	Edge: 38 <--> 42 	 Freq: 7.0 	 Demand: 510
	Edge: 75 <--> 12 	 Freq: 7.0 	 Demand: 1207
	Edge: 45 <--> 74 	 Freq: 7.0 	 Demand: 119
	Edge: 13 <--> 9 	 Freq: 7.0 	 Demand: 816
	Edge: 10 <--> 11 	 Freq: 7.0 	 Demand: 663
	Edge: 42 <--> 57 	 Freq: 7.0 	 Demand: 1989
	Edge: 61 <--> 60 	 Freq: 7.0 	 Demand: 510
	Edge: 9 <--> 47 	 Freq: 7.0 	 Demand: 561
	Edge: 21 <--> 22 	 Freq: 7.0 	 Demand: 1020
	Edge: 18 <--> 58 	 Freq: 7.0 	 Demand: 578
	Edge: 25 <--> 26 	 Freq: 7.0 	 Demand: 510
	Edge: 71 <--> 72 	 Freq: 7.0 	 Demand: 1836
	Edge: 70 <--> 13 	 Freq: 7.0 	 Demand: 2278

	Routes:

	Route: 1
	Route length (891.0) and demand (8939)
	Edge: 25 <--> 26 	 Freq: 2.3 	 Demand: 4247
	Edge: 39 <--> 25 	 Freq: 3.5 	 Demand: 4080
	Edge: 44 <--> 77 	 Freq: 7.0 	 Demand: 612
	Route: 2
	Route length (1165.0) and demand (10710)
	Edge: 27 <--> 3 	 Freq: 3.5 	 Demand: 3060
	Edge: 50 <--> 3 	 Freq: 3.5 	 Demand: 1530
	Edge: 3 <--> 49 	 Freq: 2.3 	 Demand: 3570
	Edge: 4 <--> 5 	 Freq: 3.5 	 Demand: 2550
	Route: 3
	Route length (1363.0) and demand (10525)
	Edge: 40 <--> 15 	 Freq: 3.5 	 Demand: 2244
	Edge: 14 <--> 15 	 Freq: 3.5 	 Demand: 3895
	Edge: 58 <--> 21 	 Freq: 7.0 	 Demand: 306
	Edge: 21 <--> 22 	 Freq: 7.0 	 Demand: 1020
	Edge: 21 <--> 59 	 Freq: 7.0 	 Demand: 578
	Edge: 18 <--> 58 	 Freq: 7.0 	 Demand: 578
	Edge: 57 <--> 18 	 Freq: 7.0 	 Demand: 1394
	Edge: 38 <--> 42 	 Freq: 7.0 	 Demand: 510
	Route: 4
	Route length (564.0) and demand (7958)
	Edge: 38 <--> 42 	 Freq: 3.5 	 Demand: 4031
	Edge: 36 <--> 16 	 Freq: 3.5 	 Demand: 3927
	Route: 5
	Route length (489.0) and demand (5661)
	Edge: 78 <--> 71 	 Freq: 3.5 	 Demand: 3825
	Edge: 71 <--> 72 	 Freq: 7.0 	 Demand: 1836
	Route: 6
	Route length (598.0) and demand (8823)
	Edge: 37 <--> 23 	 Freq: 3.5 	 Demand: 3060
	Edge: 23 <--> 24 	 Freq: 3.5 	 Demand: 4080
	Edge: 37 <--> 23 	 Freq: 7.0 	 Demand: 1683
	Route: 7
	Route length (660.0) and demand (8462)
	Edge: 27 <--> 8 	 Freq: 3.5 	 Demand: 4182
	Edge: 65 <--> 6 	 Freq: 7.0 	 Demand: 306
	Edge: 65 <--> 52 	 Freq: 3.5 	 Demand: 3974
	Route: 8
	Route length (1156.0) and demand (11327)
	Edge: 68 <--> 69 	 Freq: 3.5 	 Demand: 3653
	Edge: 68 <--> 69 	 Freq: 7.0 	 Demand: 3508
	Edge: 67 <--> 68 	 Freq: 3.5 	 Demand: 3656
	Edge: 25 <--> 26 	 Freq: 7.0 	 Demand: 510
	Route: 9
	Route length (1294.0) and demand (10826)
	Edge: 61 <--> 62 	 Freq: 3.5 	 Demand: 4080
	Edge: 61 <--> 60 	 Freq: 7.0 	 Demand: 510
	Edge: 61 <--> 60 	 Freq: 3.5 	 Demand: 2720
	Edge: 40 <--> 41 	 Freq: 3.5 	 Demand: 3516
	Route: 10
	Route length (1409.0) and demand (9503)
	Edge: 42 <--> 57 	 Freq: 7.0 	 Demand: 1989
	Edge: 54 <--> 20 	 Freq: 2.3 	 Demand: 4080
	Edge: 74 <--> 72 	 Freq: 7.0 	 Demand: 153
	Edge: 45 <--> 74 	 Freq: 7.0 	 Demand: 119
	Edge: 73 <--> 74 	 Freq: 7.0 	 Demand: 663
	Edge: 11 <--> 73 	 Freq: 7.0 	 Demand: 357
	Edge: 12 <--> 73 	 Freq: 7.0 	 Demand: 935
	Edge: 75 <--> 12 	 Freq: 7.0 	 Demand: 1207
	Route: 11
	Route length (1101.0) and demand (10269)
	Edge: 66 <--> 53 	 Freq: 2.3 	 Demand: 3913
	Edge: 53 <--> 51 	 Freq: 3.5 	 Demand: 3568
	Edge: 28 <--> 7 	 Freq: 2.3 	 Demand: 1020
	Edge: 7 <--> 50 	 Freq: 3.5 	 Demand: 1530
	Edge: 7 <--> 50 	 Freq: 7.0 	 Demand: 238
	Route: 12
	Route length (715.0) and demand (9883)
	Edge: 30 <--> 67 	 Freq: 2.3 	 Demand: 4213
	Edge: 67 <--> 66 	 Freq: 3.5 	 Demand: 3970
	Edge: 34 <--> 66 	 Freq: 3.5 	 Demand: 1700
	Route: 13
	Route length (1534.0) and demand (11817)
	Edge: 10 <--> 11 	 Freq: 7.0 	 Demand: 663
	Edge: 9 <--> 47 	 Freq: 7.0 	 Demand: 561
	Edge: 13 <--> 9 	 Freq: 7.0 	 Demand: 816
	Edge: 70 <--> 13 	 Freq: 7.0 	 Demand: 2278
	Edge: 43 <--> 70 	 Freq: 3.5 	 Demand: 3060
	Edge: 43 <--> 70 	 Freq: 7.0 	 Demand: 204
	Edge: 35 <--> 1 	 Freq: 3.5 	 Demand: 4235
	Route: 14
	Route length (275.0) and demand (7474)
	Edge: 32 <--> 33 	 Freq: 3.5 	 Demand: 3777
	Edge: 34 <--> 0 	 Freq: 3.5 	 Demand: 3697

Day 50, number of edges 15, number of routes 3

	Edges:

	Edge: 23 <--> 24 	 Freq: 14.0 	 Demand: 1870
	Edge: 50 <--> 3 	 Freq: 7.0 	 Demand: 3060
	Edge: 16 <--> 58 	 Freq: 7.0 	 Demand: 2822
	Edge: 61 <--> 62 	 Freq: 7.0 	 Demand: 1530
	Edge: 27 <--> 8 	 Freq: 7.0 	 Demand: 833
	Edge: 55 <--> 19 	 Freq: 7.0 	 Demand: 782
	Edge: 42 <--> 16 	 Freq: 7.0 	 Demand: 1173
	Edge: 15 <--> 22 	 Freq: 7.0 	 Demand: 4080
	Edge: 45 <--> 10 	 Freq: 7.0 	 Demand: 765
	Edge: 30 <--> 67 	 Freq: 7.0 	 Demand: 204
	Edge: 57 <--> 55 	 Freq: 7.0 	 Demand: 2992
	Edge: 6 <--> 7 	 Freq: 7.0 	 Demand: 1955
	Edge: 18 <--> 19 	 Freq: 7.0 	 Demand: 2686
	Edge: 66 <--> 53 	 Freq: 7.0 	 Demand: 510
	Edge: 27 <--> 3 	 Freq: 7.0 	 Demand: 4751

	Routes:

	Route: 1
	Route length (1521.0) and demand (11475)
	Edge: 42 <--> 16 	 Freq: 7.0 	 Demand: 1173
	Edge: 16 <--> 58 	 Freq: 7.0 	 Demand: 2822
	Edge: 15 <--> 22 	 Freq: 7.0 	 Demand: 4080
	Edge: 61 <--> 62 	 Freq: 7.0 	 Demand: 1530
	Edge: 23 <--> 24 	 Freq: 14.0 	 Demand: 1870
	Route: 2
	Route length (1692.0) and demand (7225)
	Edge: 45 <--> 10 	 Freq: 7.0 	 Demand: 765
	Edge: 57 <--> 55 	 Freq: 7.0 	 Demand: 2992
	Edge: 55 <--> 19 	 Freq: 7.0 	 Demand: 782
	Edge: 18 <--> 19 	 Freq: 7.0 	 Demand: 2686
	Route: 3
	Route length (1584.0) and demand (11313)
	Edge: 27 <--> 8 	 Freq: 7.0 	 Demand: 833
	Edge: 27 <--> 3 	 Freq: 7.0 	 Demand: 4751
	Edge: 50 <--> 3 	 Freq: 7.0 	 Demand: 3060
	Edge: 6 <--> 7 	 Freq: 7.0 	 Demand: 1955
	Edge: 66 <--> 53 	 Freq: 7.0 	 Demand: 510
	Edge: 30 <--> 67 	 Freq: 7.0 	 Demand: 204

Day 51, number of edges 8, number of routes 3

	Edges:

	Edge: 3 <--> 49 	 Freq: 2.3 	 Demand: 3570
	Edge: 28 <--> 7 	 Freq: 2.3 	 Demand: 1020
	Edge: 25 <--> 26 	 Freq: 2.3 	 Demand: 4247
	Edge: 54 <--> 20 	 Freq: 2.3 	 Demand: 4080
	Edge: 30 <--> 67 	 Freq: 2.3 	 Demand: 4213
	Edge: 66 <--> 53 	 Freq: 2.3 	 Demand: 3913
	Edge: 38 <--> 42 	 Freq: 14.0 	 Demand: 1870
	Edge: 25 <--> 26 	 Freq: 14.0 	 Demand: 680

	Routes:

	Route: 1
	Route length (1080.0) and demand (5950)
	Edge: 54 <--> 20 	 Freq: 2.3 	 Demand: 4080
	Edge: 38 <--> 42 	 Freq: 14.0 	 Demand: 1870
	Route: 2
	Route length (1277.0) and demand (8503)
	Edge: 3 <--> 49 	 Freq: 2.3 	 Demand: 3570
	Edge: 28 <--> 7 	 Freq: 2.3 	 Demand: 1020
	Edge: 66 <--> 53 	 Freq: 2.3 	 Demand: 3913
	Route: 3
	Route length (934.0) and demand (9140)
	Edge: 30 <--> 67 	 Freq: 2.3 	 Demand: 4213
	Edge: 25 <--> 26 	 Freq: 2.3 	 Demand: 4247
	Edge: 25 <--> 26 	 Freq: 14.0 	 Demand: 680

Day 52, number of edges 4, number of routes 1

	Edges:

	Edge: 31 <--> 77 	 Freq: 7.0 	 Demand: 1020
	Edge: 0 <--> 71 	 Freq: 7.0 	 Demand: 1870
	Edge: 34 <--> 66 	 Freq: 7.0 	 Demand: 3604
	Edge: 70 <--> 47 	 Freq: 7.0 	 Demand: 1105

	Routes:

	Route: 1
	Route length (1070.0) and demand (7599)
	Edge: 0 <--> 71 	 Freq: 7.0 	 Demand: 1870
	Edge: 70 <--> 47 	 Freq: 7.0 	 Demand: 1105
	Edge: 31 <--> 77 	 Freq: 7.0 	 Demand: 1020
	Edge: 34 <--> 66 	 Freq: 7.0 	 Demand: 3604

Day 53, number of edges 34, number of routes 12

	Edges:

	Edge: 3 <--> 49 	 Freq: 2.3 	 Demand: 3570
	Edge: 28 <--> 7 	 Freq: 2.3 	 Demand: 1020
	Edge: 25 <--> 26 	 Freq: 2.3 	 Demand: 4247
	Edge: 54 <--> 20 	 Freq: 2.3 	 Demand: 4080
	Edge: 30 <--> 67 	 Freq: 2.3 	 Demand: 4213
	Edge: 66 <--> 53 	 Freq: 2.3 	 Demand: 3913
	Edge: 7 <--> 50 	 Freq: 3.5 	 Demand: 1530
	Edge: 4 <--> 5 	 Freq: 3.5 	 Demand: 2550
	Edge: 53 <--> 51 	 Freq: 3.5 	 Demand: 3568
	Edge: 68 <--> 69 	 Freq: 3.5 	 Demand: 3653
	Edge: 35 <--> 1 	 Freq: 3.5 	 Demand: 4235
	Edge: 14 <--> 15 	 Freq: 3.5 	 Demand: 3895
	Edge: 39 <--> 25 	 Freq: 3.5 	 Demand: 4080
	Edge: 78 <--> 71 	 Freq: 3.5 	 Demand: 3825
	Edge: 32 <--> 33 	 Freq: 3.5 	 Demand: 3777
	Edge: 67 <--> 66 	 Freq: 3.5 	 Demand: 3970
	Edge: 37 <--> 23 	 Freq: 3.5 	 Demand: 3060
	Edge: 34 <--> 0 	 Freq: 3.5 	 Demand: 3697
	Edge: 40 <--> 15 	 Freq: 3.5 	 Demand: 2244
	Edge: 43 <--> 70 	 Freq: 3.5 	 Demand: 3060
	Edge: 38 <--> 42 	 Freq: 3.5 	 Demand: 4031
	Edge: 36 <--> 16 	 Freq: 3.5 	 Demand: 3927
	Edge: 50 <--> 3 	 Freq: 3.5 	 Demand: 1530
	Edge: 61 <--> 60 	 Freq: 3.5 	 Demand: 2720
	Edge: 67 <--> 68 	 Freq: 3.5 	 Demand: 3656
	Edge: 61 <--> 62 	 Freq: 3.5 	 Demand: 4080
	Edge: 27 <--> 8 	 Freq: 3.5 	 Demand: 4182
	Edge: 40 <--> 41 	 Freq: 3.5 	 Demand: 3516
	Edge: 65 <--> 52 	 Freq: 3.5 	 Demand: 3974
	Edge: 34 <--> 66 	 Freq: 3.5 	 Demand: 1700
	Edge: 23 <--> 24 	 Freq: 3.5 	 Demand: 4080
	Edge: 27 <--> 3 	 Freq: 3.5 	 Demand: 3060
	Edge: 23 <--> 24 	 Freq: 7.0 	 Demand: 3978
	Edge: 23 <--> 63 	 Freq: 7.0 	 Demand: 4998

	Routes:

	Route: 1
	Route length (1189.0) and demand (10316)
	Edge: 61 <--> 62 	 Freq: 3.5 	 Demand: 4080
	Edge: 61 <--> 60 	 Freq: 3.5 	 Demand: 2720
	Edge: 40 <--> 41 	 Freq: 3.5 	 Demand: 3516
	Route: 2
	Route length (960.0) and demand (11455)
	Edge: 66 <--> 53 	 Freq: 2.3 	 Demand: 3913
	Edge: 53 <--> 51 	 Freq: 3.5 	 Demand: 3568
	Edge: 65 <--> 52 	 Freq: 3.5 	 Demand: 3974
	Route: 3
	Route length (993.0) and demand (11279)
	Edge: 67 <--> 68 	 Freq: 3.5 	 Demand: 3656
	Edge: 68 <--> 69 	 Freq: 3.5 	 Demand: 3653
	Edge: 67 <--> 66 	 Freq: 3.5 	 Demand: 3970
	Route: 4
	Route length (1090.0) and demand (11375)
	Edge: 39 <--> 25 	 Freq: 3.5 	 Demand: 4080
	Edge: 43 <--> 70 	 Freq: 3.5 	 Demand: 3060
	Edge: 35 <--> 1 	 Freq: 3.5 	 Demand: 4235
	Route: 5
	Route length (801.0) and demand (8460)
	Edge: 25 <--> 26 	 Freq: 2.3 	 Demand: 4247
	Edge: 30 <--> 67 	 Freq: 2.3 	 Demand: 4213
	Route: 6
	Route length (275.0) and demand (7474)
	Edge: 32 <--> 33 	 Freq: 3.5 	 Demand: 3777
	Edge: 34 <--> 0 	 Freq: 3.5 	 Demand: 3697
	Route: 7
	Route length (1373.0) and demand (11900)
	Edge: 3 <--> 49 	 Freq: 2.3 	 Demand: 3570
	Edge: 4 <--> 5 	 Freq: 3.5 	 Demand: 2550
	Edge: 50 <--> 3 	 Freq: 3.5 	 Demand: 1530
	Edge: 7 <--> 50 	 Freq: 3.5 	 Demand: 1530
	Edge: 28 <--> 7 	 Freq: 2.3 	 Demand: 1020
	Edge: 34 <--> 66 	 Freq: 3.5 	 Demand: 1700
	Route: 8
	Route length (610.0) and demand (4998)
	Edge: 23 <--> 63 	 Freq: 7.0 	 Demand: 4998
	Route: 9
	Route length (1152.0) and demand (11936)
	Edge: 38 <--> 42 	 Freq: 3.5 	 Demand: 4031
	Edge: 54 <--> 20 	 Freq: 2.3 	 Demand: 4080
	Edge: 78 <--> 71 	 Freq: 3.5 	 Demand: 3825
	Route: 10
	Route length (652.0) and demand (7242)
	Edge: 27 <--> 8 	 Freq: 3.5 	 Demand: 4182
	Edge: 27 <--> 3 	 Freq: 3.5 	 Demand: 3060
	Route: 11
	Route length (836.0) and demand (11118)
	Edge: 37 <--> 23 	 Freq: 3.5 	 Demand: 3060
	Edge: 23 <--> 24 	 Freq: 3.5 	 Demand: 4080
	Edge: 23 <--> 24 	 Freq: 7.0 	 Demand: 3978
	Route: 12
	Route length (807.0) and demand (10066)
	Edge: 40 <--> 15 	 Freq: 3.5 	 Demand: 2244
	Edge: 14 <--> 15 	 Freq: 3.5 	 Demand: 3895
	Edge: 36 <--> 16 	 Freq: 3.5 	 Demand: 3927

Day 54, number of edges 0, number of routes 0

	Edges:


	Routes:


Day 55, number of edges 0, number of routes 0

	Edges:


	Routes:





Phase 1 ended! Current time: 2026-08-09 03:06:41.998436
Phase 1 Report:
Iteration count: 1
Last iteration time: 0.0
Average iteration time: 0.0
Current score: 78303961.0


Phase 2 (only move_services) mid-report:
Iteration count: 1
Last iteration time: 2.8281235694885254
Average iteration time: 2.8281235694885254
Current score: 77304819.0


Phase 2 (only move_services) ended! Current time: 2026-08-09 03:06:47.060935
Phase 2 (only move_services) Report:
Iteration count: 2
Last iteration time: 0.2812478542327881
Average iteration time: 1.5546857118606567
Current score: 77304819.0


Phase 3 (using only swap_services) mid-report:
Iteration count: 1
Last iteration time: 0.1093752384185791
Average iteration time: 0.1093752384185791
Current score: 77304819.0


Phase 3 (using only swap_services) ended! Current time: 2026-08-09 03:06:52.248434
Phase 3 (using only swap_services) Report:
Iteration count: 1
Last iteration time: 0.1093752384185791
Average iteration time: 0.1093752384185791
Current score: 77304819.0


Phase 4 (routing operators) mid-report:
Current day: 0
Iteration count: 1
Last iteration time: 0.4062471389770508
Average iteration time: 0.4062471389770508
Current score: 76304819.0


Phase 4 (routing operators) day 0 ended!
Phase 4 (routing operators) day report:
Current Iteration count: 2
Last iteration time: 0.12500643730163574
Average iteration time: 0.26562678813934326
Current score: 76304819.0


Phase 4 (routing operators) day 1 ended!
Phase 4 (routing operators) day report:
Current Iteration count: 4
Last iteration time: 0.09375357627868652
Average iteration time: 0.21093833446502686
Current score: 76304577.0


Phase 4 (routing operators) day 2 ended!
Phase 4 (routing operators) day report:
Current Iteration count: 5
Last iteration time: 0.0
Average iteration time: 0.16875066757202148
Current score: 76304577.0


Phase 4 (routing operators) day 3 ended!
Phase 4 (routing operators) day report:
Current Iteration count: 6
Last iteration time: 0.0
Average iteration time: 0.1406255563100179
Current score: 76304577.0


Phase 4 (routing operators) day 4 ended!
Phase 4 (routing operators) day report:
Current Iteration count: 7
Last iteration time: 0.1093740463256836
Average iteration time: 0.13616105488368443
Current score: 76304577.0


Phase 4 (routing operators) day 7 ended!
Phase 4 (routing operators) day report:
Current Iteration count: 8
Last iteration time: 0.1093740463256836
Average iteration time: 0.13281267881393433
Current score: 76304577.0


Phase 4 (routing operators) day 8 ended!
Phase 4 (routing operators) day report:
Current Iteration count: 9
Last iteration time: 0.015626907348632812
Average iteration time: 0.11979203754001194
Current score: 76304577.0


Phase 4 (routing operators) day 9 ended!
Phase 4 (routing operators) day report:
Current Iteration count: 10
Last iteration time: 0.0
Average iteration time: 0.10781283378601074
Current score: 76304577.0


Phase 4 (routing operators) day 10 ended!
Phase 4 (routing operators) day report:
Current Iteration count: 11
Last iteration time: 0.0937502384185791
Average iteration time: 0.10653441602533514
Current score: 76304577.0


Phase 4 (routing operators) day 11 ended!
Phase 4 (routing operators) day report:
Current Iteration count: 12
Last iteration time: 0.031249523162841797
Average iteration time: 0.1002606749534607
Current score: 76304577.0


Phase 4 (routing operators) day 14 ended!
Phase 4 (routing operators) day report:
Current Iteration count: 13
Last iteration time: 0.1093754768371582
Average iteration time: 0.10096181355989897
Current score: 76304577.0


Phase 4 (routing operators) day 15 ended!
Phase 4 (routing operators) day report:
Current Iteration count: 14
Last iteration time: 0.015625
Average iteration time: 0.09486632687704903
Current score: 76304577.0


Phase 4 (routing operators) day 16 ended!
Phase 4 (routing operators) day report:
Current Iteration count: 15
Last iteration time: 0.0
Average iteration time: 0.08854190508524577
Current score: 76304577.0


Phase 4 (routing operators) day 17 ended!
Phase 4 (routing operators) day report:
Current Iteration count: 16
Last iteration time: 0.12500286102294922
Average iteration time: 0.09082071483135223
Current score: 76304577.0


Phase 4 (routing operators) day 18 ended!
Phase 4 (routing operators) day report:
Current Iteration count: 17
Last iteration time: 0.015626192092895508
Average iteration time: 0.086397507611443
Current score: 76304577.0


Phase 4 (routing operators) day 21 ended!
Phase 4 (routing operators) day report:
Current Iteration count: 18
Last iteration time: 0.0781257152557373
Average iteration time: 0.08593796359168157
Current score: 76304577.0


Phase 4 (routing operators) day 22 ended!
Phase 4 (routing operators) day report:
Current Iteration count: 19
Last iteration time: 0.0
Average iteration time: 0.08141491287632992
Current score: 76304577.0


Phase 4 (routing operators) day 23 ended!
Phase 4 (routing operators) day report:
Current Iteration count: 20
Last iteration time: 0.015624761581420898
Average iteration time: 0.07812540531158446
Current score: 76304577.0


Phase 4 (routing operators) day 24 ended!
Phase 4 (routing operators) day report:
Current Iteration count: 21
Last iteration time: 0.10937261581420898
Average iteration time: 0.07961336771647134
Current score: 76304577.0


Phase 4 (routing operators) day 25 ended!
Phase 4 (routing operators) day report:
Current Iteration count: 22
Last iteration time: 0.01562809944152832
Average iteration time: 0.07670494643124666
Current score: 76304577.0


Phase 4 (routing operators) day 28 ended!
Phase 4 (routing operators) day report:
Current Iteration count: 23
Last iteration time: 0.0937502384185791
Average iteration time: 0.07744604608286981
Current score: 76304577.0


Phase 4 (routing operators) day 29 ended!
Phase 4 (routing operators) day report:
Current Iteration count: 24
Last iteration time: 0.12500739097595215
Average iteration time: 0.07942776878674825
Current score: 76304577.0


Phase 4 (routing operators) day 30 ended!
Phase 4 (routing operators) day report:
Current Iteration count: 25
Last iteration time: 0.015620946884155273
Average iteration time: 0.07687549591064453
Current score: 76304577.0


Phase 4 (routing operators) day 31 ended!
Phase 4 (routing operators) day report:
Current Iteration count: 26
Last iteration time: 0.09374380111694336
Average iteration time: 0.07752427688011757
Current score: 76304577.0


Phase 4 (routing operators) day 32 ended!
Phase 4 (routing operators) day report:
Current Iteration count: 27
Last iteration time: 0.015627622604370117
Average iteration time: 0.07523180820323803
Current score: 76304577.0


Phase 4 (routing operators) day 35 ended!
Phase 4 (routing operators) day report:
Current Iteration count: 28
Last iteration time: 0.12500667572021484
Average iteration time: 0.07700948204313006
Current score: 76304577.0


Phase 4 (routing operators) day 36 ended!
Phase 4 (routing operators) day report:
Current Iteration count: 29
Last iteration time: 0.015626907348632812
Average iteration time: 0.07489284153642325
Current score: 76304577.0


Phase 4 (routing operators) day 37 ended!
Phase 4 (routing operators) day report:
Current Iteration count: 30
Last iteration time: 0.015624523162841797
Average iteration time: 0.07291723092397054
Current score: 76304577.0


Phase 4 (routing operators) day 38 ended!
Phase 4 (routing operators) day report:
Current Iteration count: 31
Last iteration time: 0.09375166893005371
Average iteration time: 0.07358930956932806
Current score: 76304577.0


Phase 4 (routing operators) day 39 ended!
Phase 4 (routing operators) day report:
Current Iteration count: 32
Last iteration time: 0.03125190734863281
Average iteration time: 0.07226626574993134
Current score: 76304577.0


Phase 4 (routing operators) day 42 ended!
Phase 4 (routing operators) day report:
Current Iteration count: 33
Last iteration time: 0.12500238418579102
Average iteration time: 0.07386432994495738
Current score: 76304577.0


Phase 4 (routing operators) day 43 ended!
Phase 4 (routing operators) day report:
Current Iteration count: 34
Last iteration time: 0.01562356948852539
Average iteration time: 0.07215136640212115
Current score: 76304577.0


Phase 4 (routing operators) day 44 ended!
Phase 4 (routing operators) day report:
Current Iteration count: 35
Last iteration time: 0.0
Average iteration time: 0.07008989879063197
Current score: 76304577.0


Phase 4 (routing operators) day 45 ended!
Phase 4 (routing operators) day report:
Current Iteration count: 36
Last iteration time: 0.12500572204589844
Average iteration time: 0.07161533832550049
Current score: 76304577.0


Phase 4 (routing operators) day 46 ended!
Phase 4 (routing operators) day report:
Current Iteration count: 37
Last iteration time: 0.03125405311584473
Average iteration time: 0.07052449277929357
Current score: 76304577.0


Phase 4 (routing operators) day 49 ended!
Phase 4 (routing operators) day report:
Current Iteration count: 38
Last iteration time: 0.12500452995300293
Average iteration time: 0.07195817796807538
Current score: 76304577.0


Phase 4 (routing operators) day 50 ended!
Phase 4 (routing operators) day report:
Current Iteration count: 39
Last iteration time: 0.015627622604370117
Average iteration time: 0.0705138047536214
Current score: 76304577.0


Phase 4 (routing operators) day 51 ended!
Phase 4 (routing operators) day report:
Current Iteration count: 40
Last iteration time: 0.0
Average iteration time: 0.06875095963478087
Current score: 76304577.0


Phase 4 (routing operators) day 52 ended!
Phase 4 (routing operators) day report:
Current Iteration count: 42
Last iteration time: 0.0
Average iteration time: 0.06584916796003067
Current score: 76303871.0


Phase 4 (routing operators) day 53 ended!
Phase 4 (routing operators) day report:
Current Iteration count: 43
Last iteration time: 0.07812261581420898
Average iteration time: 0.06613459697989528
Current score: 76303871.0


Phase 4 (routing operators) ended! Current time: 2026-08-09 03:07:16.185935
Phase 4 (routing operators) Report:
Iteration count: 43
Last iteration time: 0.07812261581420898
Average iteration time: 0.06613459697989528
Current score: 76303871.0


Local search report:
Iteration count: 2 iterations
Last iteration time: 34.187498331069946 seconds
Iteration average time: 105.5974006652832 seconds
Current score: 76303871.0

Phase 1 ended! Current time: 2026-08-09 03:07:16.185935
Phase 1 Report:
Iteration count: 1
Last iteration time: 0.0
Average iteration time: 0.0
Current score: 76303871.0


Phase 2 (only move_services) mid-report:
Iteration count: 1
Last iteration time: 0.28124380111694336
Average iteration time: 0.28124380111694336
Current score: 76303871.0


Phase 2 (only move_services) ended! Current time: 2026-08-09 03:07:18.889063
Phase 2 (only move_services) Report:
Iteration count: 1
Last iteration time: 0.28124380111694336
Average iteration time: 0.28124380111694336
Current score: 76303871.0


Phase 3 (using only swap_services) mid-report:
Iteration count: 1
Last iteration time: 0.20312118530273438
Average iteration time: 0.20312118530273438
Current score: 76303871.0


Phase 3 (using only swap_services) ended! Current time: 2026-08-09 03:07:24.310936
Phase 3 (using only swap_services) Report:
Iteration count: 1
Last iteration time: 0.20312118530273438
Average iteration time: 0.20312118530273438
Current score: 76303871.0


Phase 4 (routing operators) mid-report:
Current day: 0
Iteration count: 1
Last iteration time: 0.10937690734863281
Average iteration time: 0.10937690734863281
Current score: 76303871.0


Phase 4 (routing operators) day 0 ended!
Phase 4 (routing operators) day report:
Current Iteration count: 1
Last iteration time: 0.10937690734863281
Average iteration time: 0.10937690734863281
Current score: 76303871.0


Phase 4 (routing operators) day 1 ended!
Phase 4 (routing operators) day report:
Current Iteration count: 2
Last iteration time: 0.1250007152557373
Average iteration time: 0.11718881130218506
Current score: 76303871.0


Phase 4 (routing operators) day 2 ended!
Phase 4 (routing operators) day report:
Current Iteration count: 3
Last iteration time: 0.0
Average iteration time: 0.07812587420145671
Current score: 76303871.0


Phase 4 (routing operators) day 3 ended!
Phase 4 (routing operators) day report:
Current Iteration count: 4
Last iteration time: 0.015630006790161133
Average iteration time: 0.06250190734863281
Current score: 76303871.0


Phase 4 (routing operators) day 4 ended!
Phase 4 (routing operators) day report:
Current Iteration count: 5
Last iteration time: 0.12500309944152832
Average iteration time: 0.07500214576721191
Current score: 76303871.0


Phase 4 (routing operators) day 7 ended!
Phase 4 (routing operators) day report:
Current Iteration count: 6
Last iteration time: 0.12499690055847168
Average iteration time: 0.08333460489908855
Current score: 76303871.0


Phase 4 (routing operators) day 8 ended!
Phase 4 (routing operators) day report:
Current Iteration count: 7
Last iteration time: 0.0
Average iteration time: 0.07142966134207589
Current score: 76303871.0


Phase 4 (routing operators) day 9 ended!
Phase 4 (routing operators) day report:
Current Iteration count: 8
Last iteration time: 0.01562666893005371
Average iteration time: 0.06445428729057312
Current score: 76303871.0


Phase 4 (routing operators) day 10 ended!
Phase 4 (routing operators) day report:
Current Iteration count: 9
Last iteration time: 0.09375309944152832
Average iteration time: 0.06770971086290148
Current score: 76303871.0


Phase 4 (routing operators) day 11 ended!
Phase 4 (routing operators) day report:
Current Iteration count: 10
Last iteration time: 0.04687690734863281
Average iteration time: 0.06562643051147461
Current score: 76303871.0


Phase 4 (routing operators) day 14 ended!
Phase 4 (routing operators) day report:
Current Iteration count: 11
Last iteration time: 0.09375166893005371
Average iteration time: 0.06818327036770908
Current score: 76303871.0


Phase 4 (routing operators) day 15 ended!
Phase 4 (routing operators) day report:
Current Iteration count: 12
Last iteration time: 0.0
Average iteration time: 0.06250133117039998
Current score: 76303871.0


Phase 4 (routing operators) day 16 ended!
Phase 4 (routing operators) day report:
Current Iteration count: 13
Last iteration time: 0.015621662139892578
Average iteration time: 0.05889520278343788
Current score: 76303871.0


Phase 4 (routing operators) day 17 ended!
Phase 4 (routing operators) day report:
Current Iteration count: 14
Last iteration time: 0.09374141693115234
Average iteration time: 0.06138421807970319
Current score: 76303871.0


Phase 4 (routing operators) day 18 ended!
Phase 4 (routing operators) day report:
Current Iteration count: 15
Last iteration time: 0.015624761581420898
Average iteration time: 0.05833358764648437
Current score: 76303871.0


Phase 4 (routing operators) day 21 ended!
Phase 4 (routing operators) day report:
Current Iteration count: 16
Last iteration time: 0.078125
Average iteration time: 0.0595705509185791
Current score: 76303871.0


Phase 4 (routing operators) day 22 ended!
Phase 4 (routing operators) day report:
Current Iteration count: 17
Last iteration time: 0.0
Average iteration time: 0.056066400864545035
Current score: 76303871.0


Phase 4 (routing operators) day 23 ended!
Phase 4 (routing operators) day report:
Current Iteration count: 18
Last iteration time: 0.015625715255737305
Average iteration time: 0.05381969610850017
Current score: 76303871.0


Phase 4 (routing operators) day 24 ended!
Phase 4 (routing operators) day report:
Current Iteration count: 19
Last iteration time: 0.0625007152557373
Average iteration time: 0.054276591853091596
Current score: 76303871.0


Phase 4 (routing operators) day 25 ended!
Phase 4 (routing operators) day report:
Current Iteration count: 20
Last iteration time: 0.015622138977050781
Average iteration time: 0.05234386920928955
Current score: 76303871.0


Phase 4 (routing operators) day 28 ended!
Phase 4 (routing operators) day report:
Current Iteration count: 21
Last iteration time: 0.1093752384185791
Average iteration time: 0.055059648695446196
Current score: 76303871.0


Phase 4 (routing operators) day 29 ended!
Phase 4 (routing operators) day report:
Current Iteration count: 22
Last iteration time: 0.12500214576721191
Average iteration time: 0.058238853107799186
Current score: 76303871.0


Phase 4 (routing operators) day 30 ended!
Phase 4 (routing operators) day report:
Current Iteration count: 23
Last iteration time: 0.015627384185791016
Average iteration time: 0.05638618054597274
Current score: 76303871.0


Phase 4 (routing operators) day 31 ended!
Phase 4 (routing operators) day report:
Current Iteration count: 24
Last iteration time: 0.12500739097595215
Average iteration time: 0.059245397647221885
Current score: 76303871.0


Phase 4 (routing operators) day 32 ended!
Phase 4 (routing operators) day report:
Current Iteration count: 25
Last iteration time: 0.015621662139892578
Average iteration time: 0.057500448226928715
Current score: 76303871.0


Phase 4 (routing operators) day 35 ended!
Phase 4 (routing operators) day report:
Current Iteration count: 26
Last iteration time: 0.1093742847442627
Average iteration time: 0.05949559578528771
Current score: 76303871.0


Phase 4 (routing operators) day 36 ended!
Phase 4 (routing operators) day report:
Current Iteration count: 27
Last iteration time: 0.0
Average iteration time: 0.057292055200647424
Current score: 76303871.0


Phase 4 (routing operators) day 37 ended!
Phase 4 (routing operators) day report:
Current Iteration count: 28
Last iteration time: 0.0
Average iteration time: 0.05524591037205288
Current score: 76303871.0


Phase 4 (routing operators) day 38 ended!
Phase 4 (routing operators) day report:
Current Iteration count: 29
Last iteration time: 0.0781245231628418
Average iteration time: 0.05603482805449387
Current score: 76303871.0


Phase 4 (routing operators) day 39 ended!
Phase 4 (routing operators) day report:
Current Iteration count: 30
Last iteration time: 0.03124856948852539
Average iteration time: 0.055208619435628256
Current score: 76303871.0


Phase 4 (routing operators) day 42 ended!
Phase 4 (routing operators) day report:
Current Iteration count: 31
Last iteration time: 0.06250119209289551
Average iteration time: 0.05544386371489494
Current score: 76303871.0


Phase 4 (routing operators) day 43 ended!
Phase 4 (routing operators) day report:
Current Iteration count: 32
Last iteration time: 0.015625
Average iteration time: 0.054199524223804474
Current score: 76303871.0


Phase 4 (routing operators) day 44 ended!
Phase 4 (routing operators) day report:
Current Iteration count: 33
Last iteration time: 0.0
Average iteration time: 0.0525571143988407
Current score: 76303871.0


Phase 4 (routing operators) day 45 ended!
Phase 4 (routing operators) day report:
Current Iteration count: 34
Last iteration time: 0.06249570846557617
Average iteration time: 0.05284942598903881
Current score: 76303871.0


Phase 4 (routing operators) day 46 ended!
Phase 4 (routing operators) day report:
Current Iteration count: 35
Last iteration time: 0.031248092651367188
Average iteration time: 0.052232245036533904
Current score: 76303871.0


Phase 4 (routing operators) day 49 ended!
Phase 4 (routing operators) day report:
Current Iteration count: 36
Last iteration time: 0.1250011920928955
Average iteration time: 0.05425360467698839
Current score: 76303871.0


Phase 4 (routing operators) day 50 ended!
Phase 4 (routing operators) day report:
Current Iteration count: 37
Last iteration time: 0.0
Average iteration time: 0.052787291037069785
Current score: 76303871.0


Phase 4 (routing operators) day 51 ended!
Phase 4 (routing operators) day report:
Current Iteration count: 38
Last iteration time: 0.0
Average iteration time: 0.05139815179925216
Current score: 76303871.0


Phase 4 (routing operators) day 52 ended!
Phase 4 (routing operators) day report:
Current Iteration count: 39
Last iteration time: 0.01562952995300293
Average iteration time: 0.05048100764934833
Current score: 76303871.0


Phase 4 (routing operators) day 53 ended!
Phase 4 (routing operators) day report:
Current Iteration count: 40
Last iteration time: 0.10937738418579102
Average iteration time: 0.0519534170627594
Current score: 76303871.0


Phase 4 (routing operators) ended! Current time: 2026-08-09 03:07:46.607814
Phase 4 (routing operators) Report:
Iteration count: 40
Last iteration time: 0.10937738418579102
Average iteration time: 0.0519534170627594
Current score: 76303871.0


Local search report:
Iteration count: 3 iterations
Last iteration time: 30.421879529953003 seconds
Iteration average time: 80.53889362017313 seconds
Current score: 76303871.0

Local search ended after 3 iterations.
Last iteration time: 30.421879529953003 seconds
Iteration average time: 80.53889362017313 seconds
Original score: 786311108.0
Current score: 76303871.0

----- MARKER - SOLUTION PRINTED BELOW -------

Day 0, number of edges 137, number of routes 16

	Edges:

	Edge: 78 <--> 71 	 Freq: 28.0 	 Demand: 2788
	Edge: 76 <--> 75 	 Freq: 28.0 	 Demand: 612
	Edge: 21 <--> 59 	 Freq: 28.0 	 Demand: 816
	Edge: 12 <--> 73 	 Freq: 28.0 	 Demand: 1020
	Edge: 32 <--> 33 	 Freq: 28.0 	 Demand: 1530
	Edge: 0 <--> 27 	 Freq: 28.0 	 Demand: 408
	Edge: 67 <--> 66 	 Freq: 28.0 	 Demand: 850
	Edge: 37 <--> 23 	 Freq: 28.0 	 Demand: 1462
	Edge: 11 <--> 73 	 Freq: 28.0 	 Demand: 408
	Edge: 34 <--> 0 	 Freq: 28.0 	 Demand: 3060
	Edge: 73 <--> 74 	 Freq: 28.0 	 Demand: 816
	Edge: 43 <--> 70 	 Freq: 28.0 	 Demand: 1224
	Edge: 38 <--> 42 	 Freq: 28.0 	 Demand: 850
	Edge: 75 <--> 12 	 Freq: 28.0 	 Demand: 612
	Edge: 36 <--> 16 	 Freq: 28.0 	 Demand: 2482
	Edge: 46 <--> 56 	 Freq: 28.0 	 Demand: 408
	Edge: 45 <--> 74 	 Freq: 28.0 	 Demand: 204
	Edge: 70 <--> 47 	 Freq: 28.0 	 Demand: 612
	Edge: 36 <--> 24 	 Freq: 28.0 	 Demand: 408
	Edge: 13 <--> 9 	 Freq: 28.0 	 Demand: 612
	Edge: 10 <--> 11 	 Freq: 28.0 	 Demand: 816
	Edge: 10 <--> 44 	 Freq: 28.0 	 Demand: 408
	Edge: 42 <--> 57 	 Freq: 28.0 	 Demand: 1836
	Edge: 61 <--> 60 	 Freq: 28.0 	 Demand: 680
	Edge: 50 <--> 3 	 Freq: 28.0 	 Demand: 1360
	Edge: 16 <--> 58 	 Freq: 28.0 	 Demand: 2448
	Edge: 9 <--> 47 	 Freq: 28.0 	 Demand: 1020
	Edge: 21 <--> 22 	 Freq: 28.0 	 Demand: 1836
	Edge: 18 <--> 58 	 Freq: 28.0 	 Demand: 1020
	Edge: 67 <--> 68 	 Freq: 28.0 	 Demand: 1190
	Edge: 61 <--> 62 	 Freq: 28.0 	 Demand: 3264
	Edge: 25 <--> 26 	 Freq: 28.0 	 Demand: 4760
	Edge: 27 <--> 8 	 Freq: 28.0 	 Demand: 2312
	Edge: 40 <--> 41 	 Freq: 28.0 	 Demand: 4080
	Edge: 55 <--> 19 	 Freq: 28.0 	 Demand: 1020
	Edge: 42 <--> 16 	 Freq: 28.0 	 Demand: 1428
	Edge: 70 <--> 13 	 Freq: 28.0 	 Demand: 2652
	Edge: 48 <--> 9 	 Freq: 28.0 	 Demand: 612
	Edge: 45 <--> 10 	 Freq: 28.0 	 Demand: 1020
	Edge: 30 <--> 67 	 Freq: 28.0 	 Demand: 2788
	Edge: 65 <--> 52 	 Freq: 28.0 	 Demand: 4250
	Edge: 57 <--> 55 	 Freq: 28.0 	 Demand: 3468
	Edge: 6 <--> 7 	 Freq: 28.0 	 Demand: 3910
	Edge: 18 <--> 19 	 Freq: 28.0 	 Demand: 3468
	Edge: 66 <--> 53 	 Freq: 28.0 	 Demand: 2890
	Edge: 34 <--> 66 	 Freq: 28.0 	 Demand: 1292
	Edge: 23 <--> 24 	 Freq: 28.0 	 Demand: 4148
	Edge: 71 <--> 72 	 Freq: 28.0 	 Demand: 2040
	Edge: 23 <--> 63 	 Freq: 28.0 	 Demand: 3864
	Edge: 27 <--> 3 	 Freq: 28.0 	 Demand: 5398
	Edge: 42 <--> 57 	 Freq: 56.0 	 Demand: 952
	Edge: 10 <--> 44 	 Freq: 56.0 	 Demand: 320
	Edge: 9 <--> 47 	 Freq: 56.0 	 Demand: 844
	Edge: 21 <--> 22 	 Freq: 56.0 	 Demand: 1068
	Edge: 18 <--> 58 	 Freq: 56.0 	 Demand: 584
	Edge: 16 <--> 58 	 Freq: 56.0 	 Demand: 1488
	Edge: 55 <--> 19 	 Freq: 56.0 	 Demand: 832
	Edge: 42 <--> 16 	 Freq: 56.0 	 Demand: 592
	Edge: 70 <--> 13 	 Freq: 56.0 	 Demand: 1268
	Edge: 27 <--> 8 	 Freq: 56.0 	 Demand: 116
	Edge: 45 <--> 10 	 Freq: 56.0 	 Demand: 712
	Edge: 57 <--> 55 	 Freq: 56.0 	 Demand: 1904
	Edge: 6 <--> 7 	 Freq: 56.0 	 Demand: 832
	Edge: 48 <--> 9 	 Freq: 56.0 	 Demand: 788
	Edge: 23 <--> 24 	 Freq: 56.0 	 Demand: 1388
	Edge: 71 <--> 72 	 Freq: 56.0 	 Demand: 712
	Edge: 23 <--> 63 	 Freq: 56.0 	 Demand: 3024
	Edge: 18 <--> 19 	 Freq: 56.0 	 Demand: 1184
	Edge: 65 <--> 6 	 Freq: 28.0 	 Demand: 408
	Edge: 7 <--> 50 	 Freq: 28.0 	 Demand: 322
	Edge: 53 <--> 51 	 Freq: 28.0 	 Demand: 1632
	Edge: 58 <--> 21 	 Freq: 28.0 	 Demand: 408
	Edge: 27 <--> 3 	 Freq: 56.0 	 Demand: 4008
	Edge: 77 <--> 76 	 Freq: 28.0 	 Demand: 612
	Edge: 68 <--> 69 	 Freq: 28.0 	 Demand: 4760
	Edge: 35 <--> 1 	 Freq: 28.0 	 Demand: 4590
	Edge: 14 <--> 15 	 Freq: 28.0 	 Demand: 2040
	Edge: 39 <--> 25 	 Freq: 28.0 	 Demand: 1870
	Edge: 15 <--> 17 	 Freq: 28.0 	 Demand: 1530
	Edge: 44 <--> 77 	 Freq: 28.0 	 Demand: 408
	Edge: 3 <--> 49 	 Freq: 28.0 	 Demand: 544
	Edge: 57 <--> 18 	 Freq: 28.0 	 Demand: 1836
	Edge: 74 <--> 72 	 Freq: 28.0 	 Demand: 204
	Edge: 45 <--> 74 	 Freq: 56.0 	 Demand: 232
	Edge: 75 <--> 12 	 Freq: 56.0 	 Demand: 640
	Edge: 13 <--> 9 	 Freq: 56.0 	 Demand: 760
	Edge: 10 <--> 11 	 Freq: 56.0 	 Demand: 556
	Edge: 70 <--> 47 	 Freq: 56.0 	 Demand: 436
	Edge: 11 <--> 73 	 Freq: 56.0 	 Demand: 352
	Edge: 43 <--> 70 	 Freq: 56.0 	 Demand: 232
	Edge: 73 <--> 74 	 Freq: 56.0 	 Demand: 352
	Edge: 58 <--> 21 	 Freq: 56.0 	 Demand: 408
	Edge: 77 <--> 76 	 Freq: 56.0 	 Demand: 464
	Edge: 74 <--> 72 	 Freq: 56.0 	 Demand: 116
	Edge: 57 <--> 18 	 Freq: 56.0 	 Demand: 952
	Edge: 78 <--> 71 	 Freq: 56.0 	 Demand: 472
	Edge: 76 <--> 75 	 Freq: 56.0 	 Demand: 232
	Edge: 21 <--> 59 	 Freq: 56.0 	 Demand: 1120
	Edge: 12 <--> 73 	 Freq: 56.0 	 Demand: 944
	Edge: 0 <--> 27 	 Freq: 56.0 	 Demand: 352
	Edge: 65 <--> 6 	 Freq: 56.0 	 Demand: 232
	Edge: 43 <--> 70 	 Freq: 14.0 	 Demand: 1530
	Edge: 65 <--> 6 	 Freq: 7.0 	 Demand: 306
	Edge: 7 <--> 50 	 Freq: 7.0 	 Demand: 238
	Edge: 28 <--> 29 	 Freq: 7.0 	 Demand: 510
	Edge: 58 <--> 21 	 Freq: 7.0 	 Demand: 306
	Edge: 77 <--> 76 	 Freq: 7.0 	 Demand: 578
	Edge: 68 <--> 69 	 Freq: 7.0 	 Demand: 3508
	Edge: 44 <--> 77 	 Freq: 7.0 	 Demand: 612
	Edge: 74 <--> 72 	 Freq: 7.0 	 Demand: 153
	Edge: 3 <--> 49 	 Freq: 7.0 	 Demand: 1530
	Edge: 57 <--> 18 	 Freq: 7.0 	 Demand: 1394
	Edge: 78 <--> 71 	 Freq: 7.0 	 Demand: 238
	Edge: 76 <--> 75 	 Freq: 7.0 	 Demand: 510
	Edge: 21 <--> 59 	 Freq: 7.0 	 Demand: 578
	Edge: 12 <--> 73 	 Freq: 7.0 	 Demand: 935
	Edge: 0 <--> 27 	 Freq: 7.0 	 Demand: 306
	Edge: 37 <--> 23 	 Freq: 7.0 	 Demand: 1683
	Edge: 11 <--> 73 	 Freq: 7.0 	 Demand: 357
	Edge: 73 <--> 74 	 Freq: 7.0 	 Demand: 663
	Edge: 43 <--> 70 	 Freq: 7.0 	 Demand: 204
	Edge: 38 <--> 42 	 Freq: 7.0 	 Demand: 510
	Edge: 75 <--> 12 	 Freq: 7.0 	 Demand: 1207
	Edge: 46 <--> 56 	 Freq: 7.0 	 Demand: 408
	Edge: 45 <--> 74 	 Freq: 7.0 	 Demand: 119
	Edge: 36 <--> 24 	 Freq: 7.0 	 Demand: 765
	Edge: 13 <--> 9 	 Freq: 7.0 	 Demand: 816
	Edge: 10 <--> 11 	 Freq: 7.0 	 Demand: 663
	Edge: 10 <--> 44 	 Freq: 7.0 	 Demand: 646
	Edge: 42 <--> 57 	 Freq: 7.0 	 Demand: 1989
	Edge: 61 <--> 60 	 Freq: 7.0 	 Demand: 510
	Edge: 9 <--> 47 	 Freq: 7.0 	 Demand: 561
	Edge: 21 <--> 22 	 Freq: 7.0 	 Demand: 1020
	Edge: 18 <--> 58 	 Freq: 7.0 	 Demand: 578
	Edge: 25 <--> 26 	 Freq: 7.0 	 Demand: 510
	Edge: 70 <--> 13 	 Freq: 7.0 	 Demand: 2278
	Edge: 71 <--> 72 	 Freq: 7.0 	 Demand: 1836

	Routes:

	Route: 1
	Route length (1002.0) and demand (11888)
	Edge: 0 <--> 27 	 Freq: 28.0 	 Demand: 408
	Edge: 27 <--> 3 	 Freq: 28.0 	 Demand: 5398
	Edge: 3 <--> 49 	 Freq: 28.0 	 Demand: 544
	Edge: 3 <--> 49 	 Freq: 7.0 	 Demand: 1530
	Edge: 27 <--> 3 	 Freq: 56.0 	 Demand: 4008
	Route: 2
	Route length (1338.0) and demand (9974)
	Edge: 23 <--> 63 	 Freq: 56.0 	 Demand: 3024
	Edge: 38 <--> 42 	 Freq: 28.0 	 Demand: 850
	Edge: 42 <--> 16 	 Freq: 28.0 	 Demand: 1428
	Edge: 15 <--> 17 	 Freq: 28.0 	 Demand: 1530
	Edge: 14 <--> 15 	 Freq: 28.0 	 Demand: 2040
	Edge: 42 <--> 16 	 Freq: 56.0 	 Demand: 592
	Edge: 38 <--> 42 	 Freq: 7.0 	 Demand: 510
	Route: 3
	Route length (1517.0) and demand (11095)
	Edge: 23 <--> 24 	 Freq: 56.0 	 Demand: 1388
	Edge: 36 <--> 24 	 Freq: 7.0 	 Demand: 765
	Edge: 61 <--> 62 	 Freq: 28.0 	 Demand: 3264
	Edge: 61 <--> 60 	 Freq: 7.0 	 Demand: 510
	Edge: 61 <--> 60 	 Freq: 28.0 	 Demand: 680
	Edge: 40 <--> 41 	 Freq: 28.0 	 Demand: 4080
	Edge: 36 <--> 24 	 Freq: 28.0 	 Demand: 408
	Route: 4
	Route length (1651.0) and demand (11604)
	Edge: 57 <--> 18 	 Freq: 56.0 	 Demand: 952
	Edge: 18 <--> 58 	 Freq: 56.0 	 Demand: 584
	Edge: 58 <--> 21 	 Freq: 28.0 	 Demand: 408
	Edge: 21 <--> 59 	 Freq: 7.0 	 Demand: 578
	Edge: 21 <--> 22 	 Freq: 28.0 	 Demand: 1836
	Edge: 21 <--> 22 	 Freq: 7.0 	 Demand: 1020
	Edge: 21 <--> 59 	 Freq: 28.0 	 Demand: 816
	Edge: 21 <--> 59 	 Freq: 56.0 	 Demand: 1120
	Edge: 21 <--> 22 	 Freq: 56.0 	 Demand: 1068
	Edge: 58 <--> 21 	 Freq: 7.0 	 Demand: 306
	Edge: 58 <--> 21 	 Freq: 56.0 	 Demand: 408
	Edge: 18 <--> 58 	 Freq: 28.0 	 Demand: 1020
	Edge: 16 <--> 58 	 Freq: 56.0 	 Demand: 1488
	Route: 5
	Route length (1244.0) and demand (9498)
	Edge: 27 <--> 8 	 Freq: 56.0 	 Demand: 116
	Edge: 65 <--> 6 	 Freq: 7.0 	 Demand: 306
	Edge: 6 <--> 7 	 Freq: 56.0 	 Demand: 832
	Edge: 50 <--> 3 	 Freq: 28.0 	 Demand: 1360
	Edge: 7 <--> 50 	 Freq: 7.0 	 Demand: 238
	Edge: 7 <--> 50 	 Freq: 28.0 	 Demand: 322
	Edge: 28 <--> 29 	 Freq: 7.0 	 Demand: 510
	Edge: 53 <--> 51 	 Freq: 28.0 	 Demand: 1632
	Edge: 66 <--> 53 	 Freq: 28.0 	 Demand: 2890
	Edge: 34 <--> 66 	 Freq: 28.0 	 Demand: 1292
	Route: 6
	Route length (960.0) and demand (11220)
	Edge: 35 <--> 1 	 Freq: 28.0 	 Demand: 4590
	Edge: 39 <--> 25 	 Freq: 28.0 	 Demand: 1870
	Edge: 25 <--> 26 	 Freq: 28.0 	 Demand: 4760
	Route: 7
	Route length (1231.0) and demand (11996)
	Edge: 36 <--> 16 	 Freq: 28.0 	 Demand: 2482
	Edge: 16 <--> 58 	 Freq: 28.0 	 Demand: 2448
	Edge: 18 <--> 58 	 Freq: 7.0 	 Demand: 578
	Edge: 18 <--> 19 	 Freq: 56.0 	 Demand: 1184
	Edge: 18 <--> 19 	 Freq: 28.0 	 Demand: 3468
	Edge: 57 <--> 18 	 Freq: 28.0 	 Demand: 1836
	Route: 8
	Route length (1695.0) and demand (11774)
	Edge: 30 <--> 67 	 Freq: 28.0 	 Demand: 2788
	Edge: 77 <--> 76 	 Freq: 28.0 	 Demand: 612
	Edge: 77 <--> 76 	 Freq: 56.0 	 Demand: 464
	Edge: 44 <--> 77 	 Freq: 7.0 	 Demand: 612
	Edge: 70 <--> 47 	 Freq: 28.0 	 Demand: 612
	Edge: 43 <--> 70 	 Freq: 14.0 	 Demand: 1530
	Edge: 43 <--> 70 	 Freq: 28.0 	 Demand: 1224
	Edge: 43 <--> 70 	 Freq: 7.0 	 Demand: 204
	Edge: 43 <--> 70 	 Freq: 56.0 	 Demand: 232
	Edge: 70 <--> 13 	 Freq: 7.0 	 Demand: 2278
	Edge: 44 <--> 77 	 Freq: 28.0 	 Demand: 408
	Edge: 77 <--> 76 	 Freq: 7.0 	 Demand: 578
	Edge: 76 <--> 75 	 Freq: 56.0 	 Demand: 232
	Route: 9
	Route length (1091.0) and demand (11543)
	Edge: 42 <--> 57 	 Freq: 56.0 	 Demand: 952
	Edge: 57 <--> 55 	 Freq: 28.0 	 Demand: 3468
	Edge: 57 <--> 55 	 Freq: 56.0 	 Demand: 1904
	Edge: 57 <--> 18 	 Freq: 7.0 	 Demand: 1394
	Edge: 42 <--> 57 	 Freq: 28.0 	 Demand: 1836
	Edge: 42 <--> 57 	 Freq: 7.0 	 Demand: 1989
	Route: 10
	Route length (848.0) and demand (11157)
	Edge: 37 <--> 23 	 Freq: 28.0 	 Demand: 1462
	Edge: 23 <--> 63 	 Freq: 28.0 	 Demand: 3864
	Edge: 23 <--> 24 	 Freq: 28.0 	 Demand: 4148
	Edge: 37 <--> 23 	 Freq: 7.0 	 Demand: 1683
	Route: 11
	Route length (2373.0) and demand (11981)
	Edge: 10 <--> 44 	 Freq: 56.0 	 Demand: 320
	Edge: 9 <--> 47 	 Freq: 56.0 	 Demand: 844
	Edge: 70 <--> 47 	 Freq: 56.0 	 Demand: 436
	Edge: 9 <--> 47 	 Freq: 7.0 	 Demand: 561
	Edge: 48 <--> 9 	 Freq: 56.0 	 Demand: 788
	Edge: 13 <--> 9 	 Freq: 7.0 	 Demand: 816
	Edge: 70 <--> 13 	 Freq: 56.0 	 Demand: 1268
	Edge: 70 <--> 13 	 Freq: 28.0 	 Demand: 2652
	Edge: 13 <--> 9 	 Freq: 28.0 	 Demand: 612
	Edge: 48 <--> 9 	 Freq: 28.0 	 Demand: 612
	Edge: 13 <--> 9 	 Freq: 56.0 	 Demand: 760
	Edge: 9 <--> 47 	 Freq: 28.0 	 Demand: 1020
	Edge: 10 <--> 44 	 Freq: 7.0 	 Demand: 646
	Edge: 10 <--> 44 	 Freq: 28.0 	 Demand: 408
	Edge: 78 <--> 71 	 Freq: 7.0 	 Demand: 238
	Route: 12
	Route length (1668.0) and demand (11634)
	Edge: 78 <--> 71 	 Freq: 56.0 	 Demand: 472
	Edge: 75 <--> 12 	 Freq: 28.0 	 Demand: 612
	Edge: 75 <--> 12 	 Freq: 7.0 	 Demand: 1207
	Edge: 12 <--> 73 	 Freq: 56.0 	 Demand: 944
	Edge: 12 <--> 73 	 Freq: 28.0 	 Demand: 1020
	Edge: 12 <--> 73 	 Freq: 7.0 	 Demand: 935
	Edge: 11 <--> 73 	 Freq: 28.0 	 Demand: 408
	Edge: 10 <--> 11 	 Freq: 7.0 	 Demand: 663
	Edge: 10 <--> 11 	 Freq: 28.0 	 Demand: 816
	Edge: 11 <--> 73 	 Freq: 7.0 	 Demand: 357
	Edge: 11 <--> 73 	 Freq: 56.0 	 Demand: 352
	Edge: 10 <--> 11 	 Freq: 56.0 	 Demand: 556
	Edge: 75 <--> 12 	 Freq: 56.0 	 Demand: 640
	Edge: 76 <--> 75 	 Freq: 7.0 	 Demand: 510
	Edge: 76 <--> 75 	 Freq: 28.0 	 Demand: 612
	Edge: 32 <--> 33 	 Freq: 28.0 	 Demand: 1530
	Route: 13
	Route length (1156.0) and demand (10818)
	Edge: 67 <--> 66 	 Freq: 28.0 	 Demand: 850
	Edge: 67 <--> 68 	 Freq: 28.0 	 Demand: 1190
	Edge: 68 <--> 69 	 Freq: 7.0 	 Demand: 3508
	Edge: 68 <--> 69 	 Freq: 28.0 	 Demand: 4760
	Edge: 25 <--> 26 	 Freq: 7.0 	 Demand: 510
	Route: 14
	Route length (2236.0) and demand (10011)
	Edge: 71 <--> 72 	 Freq: 56.0 	 Demand: 712
	Edge: 74 <--> 72 	 Freq: 7.0 	 Demand: 153
	Edge: 73 <--> 74 	 Freq: 56.0 	 Demand: 352
	Edge: 73 <--> 74 	 Freq: 7.0 	 Demand: 663
	Edge: 45 <--> 74 	 Freq: 28.0 	 Demand: 204
	Edge: 45 <--> 74 	 Freq: 56.0 	 Demand: 232
	Edge: 45 <--> 10 	 Freq: 28.0 	 Demand: 1020
	Edge: 45 <--> 10 	 Freq: 56.0 	 Demand: 712
	Edge: 45 <--> 74 	 Freq: 7.0 	 Demand: 119
	Edge: 73 <--> 74 	 Freq: 28.0 	 Demand: 816
	Edge: 74 <--> 72 	 Freq: 56.0 	 Demand: 116
	Edge: 46 <--> 56 	 Freq: 28.0 	 Demand: 408
	Edge: 55 <--> 19 	 Freq: 28.0 	 Demand: 1020
	Edge: 55 <--> 19 	 Freq: 56.0 	 Demand: 832
	Edge: 46 <--> 56 	 Freq: 7.0 	 Demand: 408
	Edge: 74 <--> 72 	 Freq: 28.0 	 Demand: 204
	Edge: 71 <--> 72 	 Freq: 28.0 	 Demand: 2040
	Route: 15
	Route length (570.0) and demand (7684)
	Edge: 34 <--> 0 	 Freq: 28.0 	 Demand: 3060
	Edge: 78 <--> 71 	 Freq: 28.0 	 Demand: 2788
	Edge: 71 <--> 72 	 Freq: 7.0 	 Demand: 1836
	Route: 16
	Route length (843.0) and demand (11770)
	Edge: 0 <--> 27 	 Freq: 56.0 	 Demand: 352
	Edge: 27 <--> 8 	 Freq: 28.0 	 Demand: 2312
	Edge: 65 <--> 6 	 Freq: 28.0 	 Demand: 408
	Edge: 65 <--> 52 	 Freq: 28.0 	 Demand: 4250
	Edge: 65 <--> 6 	 Freq: 56.0 	 Demand: 232
	Edge: 6 <--> 7 	 Freq: 28.0 	 Demand: 3910
	Edge: 0 <--> 27 	 Freq: 7.0 	 Demand: 306

Day 1, number of edges 45, number of routes 13

	Edges:

	Edge: 7 <--> 50 	 Freq: 3.5 	 Demand: 1530
	Edge: 4 <--> 5 	 Freq: 3.5 	 Demand: 2550
	Edge: 53 <--> 51 	 Freq: 3.5 	 Demand: 3568
	Edge: 68 <--> 69 	 Freq: 3.5 	 Demand: 3653
	Edge: 35 <--> 1 	 Freq: 3.5 	 Demand: 4235
	Edge: 14 <--> 15 	 Freq: 3.5 	 Demand: 3895
	Edge: 39 <--> 25 	 Freq: 3.5 	 Demand: 4080
	Edge: 78 <--> 71 	 Freq: 3.5 	 Demand: 3825
	Edge: 32 <--> 33 	 Freq: 3.5 	 Demand: 3777
	Edge: 67 <--> 66 	 Freq: 3.5 	 Demand: 3970
	Edge: 37 <--> 23 	 Freq: 3.5 	 Demand: 3060
	Edge: 34 <--> 0 	 Freq: 3.5 	 Demand: 3697
	Edge: 40 <--> 15 	 Freq: 3.5 	 Demand: 2244
	Edge: 43 <--> 70 	 Freq: 3.5 	 Demand: 3060
	Edge: 38 <--> 42 	 Freq: 3.5 	 Demand: 4031
	Edge: 36 <--> 16 	 Freq: 3.5 	 Demand: 3927
	Edge: 50 <--> 3 	 Freq: 3.5 	 Demand: 1530
	Edge: 61 <--> 60 	 Freq: 3.5 	 Demand: 2720
	Edge: 67 <--> 68 	 Freq: 3.5 	 Demand: 3656
	Edge: 61 <--> 62 	 Freq: 3.5 	 Demand: 4080
	Edge: 27 <--> 8 	 Freq: 3.5 	 Demand: 4182
	Edge: 40 <--> 41 	 Freq: 3.5 	 Demand: 3516
	Edge: 65 <--> 52 	 Freq: 3.5 	 Demand: 3974
	Edge: 34 <--> 66 	 Freq: 3.5 	 Demand: 1700
	Edge: 23 <--> 24 	 Freq: 3.5 	 Demand: 4080
	Edge: 27 <--> 3 	 Freq: 3.5 	 Demand: 3060
	Edge: 3 <--> 49 	 Freq: 2.3 	 Demand: 3570
	Edge: 28 <--> 7 	 Freq: 2.3 	 Demand: 1020
	Edge: 25 <--> 26 	 Freq: 2.3 	 Demand: 4247
	Edge: 54 <--> 20 	 Freq: 2.3 	 Demand: 4080
	Edge: 30 <--> 67 	 Freq: 2.3 	 Demand: 4213
	Edge: 66 <--> 53 	 Freq: 2.3 	 Demand: 3913
	Edge: 50 <--> 3 	 Freq: 7.0 	 Demand: 3060
	Edge: 16 <--> 58 	 Freq: 7.0 	 Demand: 2822
	Edge: 61 <--> 62 	 Freq: 7.0 	 Demand: 1530
	Edge: 27 <--> 8 	 Freq: 7.0 	 Demand: 833
	Edge: 55 <--> 19 	 Freq: 7.0 	 Demand: 782
	Edge: 15 <--> 22 	 Freq: 7.0 	 Demand: 4080
	Edge: 45 <--> 10 	 Freq: 7.0 	 Demand: 765
	Edge: 30 <--> 67 	 Freq: 7.0 	 Demand: 204
	Edge: 57 <--> 55 	 Freq: 7.0 	 Demand: 2992
	Edge: 6 <--> 7 	 Freq: 7.0 	 Demand: 1955
	Edge: 18 <--> 19 	 Freq: 7.0 	 Demand: 2686
	Edge: 66 <--> 53 	 Freq: 7.0 	 Demand: 510
	Edge: 27 <--> 3 	 Freq: 7.0 	 Demand: 4751

	Routes:

	Route: 1
	Route length (684.0) and demand (11171)
	Edge: 38 <--> 42 	 Freq: 3.5 	 Demand: 4031
	Edge: 37 <--> 23 	 Freq: 3.5 	 Demand: 3060
	Edge: 23 <--> 24 	 Freq: 3.5 	 Demand: 4080
	Route: 2
	Route length (1302.0) and demand (10540)
	Edge: 57 <--> 55 	 Freq: 7.0 	 Demand: 2992
	Edge: 54 <--> 20 	 Freq: 2.3 	 Demand: 4080
	Edge: 55 <--> 19 	 Freq: 7.0 	 Demand: 782
	Edge: 18 <--> 19 	 Freq: 7.0 	 Demand: 2686
	Route: 3
	Route length (957.0) and demand (10219)
	Edge: 14 <--> 15 	 Freq: 3.5 	 Demand: 3895
	Edge: 15 <--> 22 	 Freq: 7.0 	 Demand: 4080
	Edge: 40 <--> 15 	 Freq: 3.5 	 Demand: 2244
	Route: 4
	Route length (1305.0) and demand (11846)
	Edge: 61 <--> 62 	 Freq: 7.0 	 Demand: 1530
	Edge: 61 <--> 62 	 Freq: 3.5 	 Demand: 4080
	Edge: 61 <--> 60 	 Freq: 3.5 	 Demand: 2720
	Edge: 40 <--> 41 	 Freq: 3.5 	 Demand: 3516
	Route: 5
	Route length (1093.0) and demand (11986)
	Edge: 6 <--> 7 	 Freq: 7.0 	 Demand: 1955
	Edge: 7 <--> 50 	 Freq: 3.5 	 Demand: 1530
	Edge: 28 <--> 7 	 Freq: 2.3 	 Demand: 1020
	Edge: 53 <--> 51 	 Freq: 3.5 	 Demand: 3568
	Edge: 66 <--> 53 	 Freq: 2.3 	 Demand: 3913
	Route: 6
	Route length (1262.0) and demand (11543)
	Edge: 50 <--> 3 	 Freq: 3.5 	 Demand: 1530
	Edge: 4 <--> 5 	 Freq: 3.5 	 Demand: 2550
	Edge: 3 <--> 49 	 Freq: 2.3 	 Demand: 3570
	Edge: 50 <--> 3 	 Freq: 7.0 	 Demand: 3060
	Edge: 27 <--> 8 	 Freq: 7.0 	 Demand: 833
	Route: 7
	Route length (675.0) and demand (6749)
	Edge: 36 <--> 16 	 Freq: 3.5 	 Demand: 3927
	Edge: 16 <--> 58 	 Freq: 7.0 	 Demand: 2822
	Route: 8
	Route length (1264.0) and demand (11993)
	Edge: 30 <--> 67 	 Freq: 7.0 	 Demand: 204
	Edge: 67 <--> 66 	 Freq: 3.5 	 Demand: 3970
	Edge: 68 <--> 69 	 Freq: 3.5 	 Demand: 3653
	Edge: 67 <--> 68 	 Freq: 3.5 	 Demand: 3656
	Edge: 66 <--> 53 	 Freq: 7.0 	 Demand: 510
	Route: 9
	Route length (868.0) and demand (7811)
	Edge: 27 <--> 3 	 Freq: 7.0 	 Demand: 4751
	Edge: 27 <--> 3 	 Freq: 3.5 	 Demand: 3060
	Route: 10
	Route length (556.0) and demand (11687)
	Edge: 30 <--> 67 	 Freq: 2.3 	 Demand: 4213
	Edge: 32 <--> 33 	 Freq: 3.5 	 Demand: 3777
	Edge: 34 <--> 0 	 Freq: 3.5 	 Demand: 3697
	Route: 11
	Route length (769.0) and demand (9856)
	Edge: 34 <--> 66 	 Freq: 3.5 	 Demand: 1700
	Edge: 65 <--> 52 	 Freq: 3.5 	 Demand: 3974
	Edge: 27 <--> 8 	 Freq: 3.5 	 Demand: 4182
	Route: 12
	Route length (1448.0) and demand (11885)
	Edge: 35 <--> 1 	 Freq: 3.5 	 Demand: 4235
	Edge: 43 <--> 70 	 Freq: 3.5 	 Demand: 3060
	Edge: 45 <--> 10 	 Freq: 7.0 	 Demand: 765
	Edge: 78 <--> 71 	 Freq: 3.5 	 Demand: 3825
	Route: 13
	Route length (698.0) and demand (8327)
	Edge: 39 <--> 25 	 Freq: 3.5 	 Demand: 4080
	Edge: 25 <--> 26 	 Freq: 2.3 	 Demand: 4247

Day 2, number of edges 6, number of routes 3

	Edges:

	Edge: 30 <--> 67 	 Freq: 2.3 	 Demand: 4213
	Edge: 25 <--> 26 	 Freq: 2.3 	 Demand: 4247
	Edge: 66 <--> 53 	 Freq: 2.3 	 Demand: 3913
	Edge: 54 <--> 20 	 Freq: 2.3 	 Demand: 4080
	Edge: 28 <--> 7 	 Freq: 2.3 	 Demand: 1020
	Edge: 3 <--> 49 	 Freq: 2.3 	 Demand: 3570

	Routes:

	Route: 1
	Route length (801.0) and demand (8460)
	Edge: 25 <--> 26 	 Freq: 2.3 	 Demand: 4247
	Edge: 30 <--> 67 	 Freq: 2.3 	 Demand: 4213
	Route: 2
	Route length (1076.0) and demand (4080)
	Edge: 54 <--> 20 	 Freq: 2.3 	 Demand: 4080
	Route: 3
	Route length (1277.0) and demand (8503)
	Edge: 3 <--> 49 	 Freq: 2.3 	 Demand: 3570
	Edge: 28 <--> 7 	 Freq: 2.3 	 Demand: 1020
	Edge: 66 <--> 53 	 Freq: 2.3 	 Demand: 3913

Day 3, number of edges 1, number of routes 1

	Edges:

	Edge: 31 <--> 77 	 Freq: 7.0 	 Demand: 1020

	Routes:

	Route: 1
	Route length (527.0) and demand (1020)
	Edge: 31 <--> 77 	 Freq: 7.0 	 Demand: 1020

Day 4, number of edges 45, number of routes 13

	Edges:

	Edge: 7 <--> 50 	 Freq: 3.5 	 Demand: 1530
	Edge: 4 <--> 5 	 Freq: 3.5 	 Demand: 2550
	Edge: 53 <--> 51 	 Freq: 3.5 	 Demand: 3568
	Edge: 68 <--> 69 	 Freq: 3.5 	 Demand: 3653
	Edge: 35 <--> 1 	 Freq: 3.5 	 Demand: 4235
	Edge: 14 <--> 15 	 Freq: 3.5 	 Demand: 3895
	Edge: 39 <--> 25 	 Freq: 3.5 	 Demand: 4080
	Edge: 78 <--> 71 	 Freq: 3.5 	 Demand: 3825
	Edge: 32 <--> 33 	 Freq: 3.5 	 Demand: 3777
	Edge: 67 <--> 66 	 Freq: 3.5 	 Demand: 3970
	Edge: 37 <--> 23 	 Freq: 3.5 	 Demand: 3060
	Edge: 34 <--> 0 	 Freq: 3.5 	 Demand: 3697
	Edge: 40 <--> 15 	 Freq: 3.5 	 Demand: 2244
	Edge: 43 <--> 70 	 Freq: 3.5 	 Demand: 3060
	Edge: 38 <--> 42 	 Freq: 3.5 	 Demand: 4031
	Edge: 36 <--> 16 	 Freq: 3.5 	 Demand: 3927
	Edge: 50 <--> 3 	 Freq: 3.5 	 Demand: 1530
	Edge: 61 <--> 60 	 Freq: 3.5 	 Demand: 2720
	Edge: 67 <--> 68 	 Freq: 3.5 	 Demand: 3656
	Edge: 61 <--> 62 	 Freq: 3.5 	 Demand: 4080
	Edge: 27 <--> 8 	 Freq: 3.5 	 Demand: 4182
	Edge: 40 <--> 41 	 Freq: 3.5 	 Demand: 3516
	Edge: 65 <--> 52 	 Freq: 3.5 	 Demand: 3974
	Edge: 34 <--> 66 	 Freq: 3.5 	 Demand: 1700
	Edge: 23 <--> 24 	 Freq: 3.5 	 Demand: 4080
	Edge: 27 <--> 3 	 Freq: 3.5 	 Demand: 3060
	Edge: 3 <--> 49 	 Freq: 2.3 	 Demand: 3570
	Edge: 28 <--> 7 	 Freq: 2.3 	 Demand: 1020
	Edge: 25 <--> 26 	 Freq: 2.3 	 Demand: 4247
	Edge: 54 <--> 20 	 Freq: 2.3 	 Demand: 4080
	Edge: 30 <--> 67 	 Freq: 2.3 	 Demand: 4213
	Edge: 66 <--> 53 	 Freq: 2.3 	 Demand: 3913
	Edge: 0 <--> 71 	 Freq: 7.0 	 Demand: 1870
	Edge: 70 <--> 47 	 Freq: 7.0 	 Demand: 1105
	Edge: 16 <--> 58 	 Freq: 7.0 	 Demand: 2822
	Edge: 61 <--> 62 	 Freq: 7.0 	 Demand: 1530
	Edge: 27 <--> 8 	 Freq: 7.0 	 Demand: 833
	Edge: 42 <--> 16 	 Freq: 7.0 	 Demand: 1173
	Edge: 48 <--> 9 	 Freq: 7.0 	 Demand: 918
	Edge: 15 <--> 22 	 Freq: 7.0 	 Demand: 4080
	Edge: 30 <--> 67 	 Freq: 7.0 	 Demand: 204
	Edge: 66 <--> 53 	 Freq: 7.0 	 Demand: 510
	Edge: 34 <--> 66 	 Freq: 7.0 	 Demand: 3604
	Edge: 23 <--> 24 	 Freq: 7.0 	 Demand: 3978
	Edge: 23 <--> 63 	 Freq: 7.0 	 Demand: 4998

	Routes:

	Route: 1
	Route length (242.0) and demand (5695)
	Edge: 78 <--> 71 	 Freq: 3.5 	 Demand: 3825
	Edge: 0 <--> 71 	 Freq: 7.0 	 Demand: 1870
	Route: 2
	Route length (848.0) and demand (8976)
	Edge: 23 <--> 24 	 Freq: 7.0 	 Demand: 3978
	Edge: 23 <--> 63 	 Freq: 7.0 	 Demand: 4998
	Route: 3
	Route length (709.0) and demand (11953)
	Edge: 38 <--> 42 	 Freq: 3.5 	 Demand: 4031
	Edge: 42 <--> 16 	 Freq: 7.0 	 Demand: 1173
	Edge: 16 <--> 58 	 Freq: 7.0 	 Demand: 2822
	Edge: 36 <--> 16 	 Freq: 3.5 	 Demand: 3927
	Route: 4
	Route length (769.0) and demand (11760)
	Edge: 27 <--> 8 	 Freq: 3.5 	 Demand: 4182
	Edge: 65 <--> 52 	 Freq: 3.5 	 Demand: 3974
	Edge: 34 <--> 66 	 Freq: 7.0 	 Demand: 3604
	Route: 5
	Route length (1449.0) and demand (9318)
	Edge: 35 <--> 1 	 Freq: 3.5 	 Demand: 4235
	Edge: 43 <--> 70 	 Freq: 3.5 	 Demand: 3060
	Edge: 70 <--> 47 	 Freq: 7.0 	 Demand: 1105
	Edge: 48 <--> 9 	 Freq: 7.0 	 Demand: 918
	Route: 6
	Route length (1305.0) and demand (11846)
	Edge: 61 <--> 62 	 Freq: 3.5 	 Demand: 4080
	Edge: 61 <--> 62 	 Freq: 7.0 	 Demand: 1530
	Edge: 61 <--> 60 	 Freq: 3.5 	 Demand: 2720
	Edge: 40 <--> 41 	 Freq: 3.5 	 Demand: 3516
	Route: 7
	Route length (698.0) and demand (8327)
	Edge: 25 <--> 26 	 Freq: 2.3 	 Demand: 4247
	Edge: 39 <--> 25 	 Freq: 3.5 	 Demand: 4080
	Route: 8
	Route length (1500.0) and demand (11220)
	Edge: 23 <--> 24 	 Freq: 3.5 	 Demand: 4080
	Edge: 37 <--> 23 	 Freq: 3.5 	 Demand: 3060
	Edge: 54 <--> 20 	 Freq: 2.3 	 Demand: 4080
	Route: 9
	Route length (1264.0) and demand (11993)
	Edge: 66 <--> 53 	 Freq: 7.0 	 Demand: 510
	Edge: 67 <--> 68 	 Freq: 3.5 	 Demand: 3656
	Edge: 68 <--> 69 	 Freq: 3.5 	 Demand: 3653
	Edge: 67 <--> 66 	 Freq: 3.5 	 Demand: 3970
	Edge: 30 <--> 67 	 Freq: 7.0 	 Demand: 204
	Route: 10
	Route length (1161.0) and demand (11543)
	Edge: 27 <--> 3 	 Freq: 3.5 	 Demand: 3060
	Edge: 4 <--> 5 	 Freq: 3.5 	 Demand: 2550
	Edge: 3 <--> 49 	 Freq: 2.3 	 Demand: 3570
	Edge: 50 <--> 3 	 Freq: 3.5 	 Demand: 1530
	Edge: 27 <--> 8 	 Freq: 7.0 	 Demand: 833
	Route: 11
	Route length (957.0) and demand (10219)
	Edge: 40 <--> 15 	 Freq: 3.5 	 Demand: 2244
	Edge: 15 <--> 22 	 Freq: 7.0 	 Demand: 4080
	Edge: 14 <--> 15 	 Freq: 3.5 	 Demand: 3895
	Route: 12
	Route length (556.0) and demand (11687)
	Edge: 30 <--> 67 	 Freq: 2.3 	 Demand: 4213
	Edge: 32 <--> 33 	 Freq: 3.5 	 Demand: 3777
	Edge: 34 <--> 0 	 Freq: 3.5 	 Demand: 3697
	Route: 13
	Route length (1093.0) and demand (11731)
	Edge: 34 <--> 66 	 Freq: 3.5 	 Demand: 1700
	Edge: 66 <--> 53 	 Freq: 2.3 	 Demand: 3913
	Edge: 53 <--> 51 	 Freq: 3.5 	 Demand: 3568
	Edge: 28 <--> 7 	 Freq: 2.3 	 Demand: 1020
	Edge: 7 <--> 50 	 Freq: 3.5 	 Demand: 1530

Day 5, number of edges 0, number of routes 0

	Edges:


	Routes:


Day 6, number of edges 0, number of routes 0

	Edges:


	Routes:


Day 7, number of edges 66, number of routes 14

	Edges:

	Edge: 30 <--> 67 	 Freq: 2.3 	 Demand: 4213
	Edge: 25 <--> 26 	 Freq: 2.3 	 Demand: 4247
	Edge: 66 <--> 53 	 Freq: 2.3 	 Demand: 3913
	Edge: 54 <--> 20 	 Freq: 2.3 	 Demand: 4080
	Edge: 28 <--> 7 	 Freq: 2.3 	 Demand: 1020
	Edge: 3 <--> 49 	 Freq: 2.3 	 Demand: 3570
	Edge: 43 <--> 70 	 Freq: 14.0 	 Demand: 1530
	Edge: 38 <--> 42 	 Freq: 14.0 	 Demand: 1870
	Edge: 25 <--> 26 	 Freq: 14.0 	 Demand: 680
	Edge: 23 <--> 24 	 Freq: 14.0 	 Demand: 1870
	Edge: 7 <--> 50 	 Freq: 3.5 	 Demand: 1530
	Edge: 4 <--> 5 	 Freq: 3.5 	 Demand: 2550
	Edge: 53 <--> 51 	 Freq: 3.5 	 Demand: 3568
	Edge: 68 <--> 69 	 Freq: 3.5 	 Demand: 3653
	Edge: 35 <--> 1 	 Freq: 3.5 	 Demand: 4235
	Edge: 14 <--> 15 	 Freq: 3.5 	 Demand: 3895
	Edge: 39 <--> 25 	 Freq: 3.5 	 Demand: 4080
	Edge: 78 <--> 71 	 Freq: 3.5 	 Demand: 3825
	Edge: 32 <--> 33 	 Freq: 3.5 	 Demand: 3777
	Edge: 67 <--> 66 	 Freq: 3.5 	 Demand: 3970
	Edge: 37 <--> 23 	 Freq: 3.5 	 Demand: 3060
	Edge: 34 <--> 0 	 Freq: 3.5 	 Demand: 3697
	Edge: 40 <--> 15 	 Freq: 3.5 	 Demand: 2244
	Edge: 43 <--> 70 	 Freq: 3.5 	 Demand: 3060
	Edge: 38 <--> 42 	 Freq: 3.5 	 Demand: 4031
	Edge: 36 <--> 16 	 Freq: 3.5 	 Demand: 3927
	Edge: 50 <--> 3 	 Freq: 3.5 	 Demand: 1530
	Edge: 61 <--> 60 	 Freq: 3.5 	 Demand: 2720
	Edge: 67 <--> 68 	 Freq: 3.5 	 Demand: 3656
	Edge: 61 <--> 62 	 Freq: 3.5 	 Demand: 4080
	Edge: 27 <--> 8 	 Freq: 3.5 	 Demand: 4182
	Edge: 40 <--> 41 	 Freq: 3.5 	 Demand: 3516
	Edge: 65 <--> 52 	 Freq: 3.5 	 Demand: 3974
	Edge: 34 <--> 66 	 Freq: 3.5 	 Demand: 1700
	Edge: 23 <--> 24 	 Freq: 3.5 	 Demand: 4080
	Edge: 27 <--> 3 	 Freq: 3.5 	 Demand: 3060
	Edge: 65 <--> 6 	 Freq: 7.0 	 Demand: 306
	Edge: 7 <--> 50 	 Freq: 7.0 	 Demand: 238
	Edge: 28 <--> 29 	 Freq: 7.0 	 Demand: 510
	Edge: 77 <--> 76 	 Freq: 7.0 	 Demand: 578
	Edge: 68 <--> 69 	 Freq: 7.0 	 Demand: 3508
	Edge: 44 <--> 77 	 Freq: 7.0 	 Demand: 612
	Edge: 3 <--> 49 	 Freq: 7.0 	 Demand: 1530
	Edge: 57 <--> 18 	 Freq: 7.0 	 Demand: 1394
	Edge: 78 <--> 71 	 Freq: 7.0 	 Demand: 238
	Edge: 76 <--> 75 	 Freq: 7.0 	 Demand: 510
	Edge: 12 <--> 73 	 Freq: 7.0 	 Demand: 935
	Edge: 0 <--> 27 	 Freq: 7.0 	 Demand: 306
	Edge: 37 <--> 23 	 Freq: 7.0 	 Demand: 1683
	Edge: 11 <--> 73 	 Freq: 7.0 	 Demand: 357
	Edge: 73 <--> 74 	 Freq: 7.0 	 Demand: 663
	Edge: 43 <--> 70 	 Freq: 7.0 	 Demand: 204
	Edge: 38 <--> 42 	 Freq: 7.0 	 Demand: 510
	Edge: 75 <--> 12 	 Freq: 7.0 	 Demand: 1207
	Edge: 46 <--> 56 	 Freq: 7.0 	 Demand: 408
	Edge: 45 <--> 74 	 Freq: 7.0 	 Demand: 119
	Edge: 36 <--> 24 	 Freq: 7.0 	 Demand: 765
	Edge: 13 <--> 9 	 Freq: 7.0 	 Demand: 816
	Edge: 10 <--> 44 	 Freq: 7.0 	 Demand: 646
	Edge: 42 <--> 57 	 Freq: 7.0 	 Demand: 1989
	Edge: 61 <--> 60 	 Freq: 7.0 	 Demand: 510
	Edge: 9 <--> 47 	 Freq: 7.0 	 Demand: 561
	Edge: 18 <--> 58 	 Freq: 7.0 	 Demand: 578
	Edge: 70 <--> 13 	 Freq: 7.0 	 Demand: 2278
	Edge: 71 <--> 72 	 Freq: 7.0 	 Demand: 1836
	Edge: 58 <--> 21 	 Freq: 7.0 	 Demand: 306

	Routes:

	Route: 1
	Route length (1265.0) and demand (10797)
	Edge: 38 <--> 42 	 Freq: 7.0 	 Demand: 510
	Edge: 57 <--> 18 	 Freq: 7.0 	 Demand: 1394
	Edge: 18 <--> 58 	 Freq: 7.0 	 Demand: 578
	Edge: 58 <--> 21 	 Freq: 7.0 	 Demand: 306
	Edge: 14 <--> 15 	 Freq: 3.5 	 Demand: 3895
	Edge: 40 <--> 15 	 Freq: 3.5 	 Demand: 2244
	Edge: 23 <--> 24 	 Freq: 14.0 	 Demand: 1870
	Route: 2
	Route length (1156.0) and demand (11497)
	Edge: 68 <--> 69 	 Freq: 3.5 	 Demand: 3653
	Edge: 68 <--> 69 	 Freq: 7.0 	 Demand: 3508
	Edge: 67 <--> 68 	 Freq: 3.5 	 Demand: 3656
	Edge: 25 <--> 26 	 Freq: 14.0 	 Demand: 680
	Route: 3
	Route length (827.0) and demand (8315)
	Edge: 35 <--> 1 	 Freq: 3.5 	 Demand: 4235
	Edge: 39 <--> 25 	 Freq: 3.5 	 Demand: 4080
	Route: 4
	Route length (564.0) and demand (7958)
	Edge: 38 <--> 42 	 Freq: 3.5 	 Demand: 4031
	Edge: 36 <--> 16 	 Freq: 3.5 	 Demand: 3927
	Route: 5
	Route length (1107.0) and demand (10711)
	Edge: 28 <--> 7 	 Freq: 2.3 	 Demand: 1020
	Edge: 28 <--> 29 	 Freq: 7.0 	 Demand: 510
	Edge: 53 <--> 51 	 Freq: 3.5 	 Demand: 3568
	Edge: 66 <--> 53 	 Freq: 2.3 	 Demand: 3913
	Edge: 34 <--> 66 	 Freq: 3.5 	 Demand: 1700
	Route: 6
	Route length (1016.0) and demand (11522)
	Edge: 27 <--> 8 	 Freq: 3.5 	 Demand: 4182
	Edge: 65 <--> 6 	 Freq: 7.0 	 Demand: 306
	Edge: 65 <--> 52 	 Freq: 3.5 	 Demand: 3974
	Edge: 27 <--> 3 	 Freq: 3.5 	 Demand: 3060
	Route: 7
	Route length (489.0) and demand (5661)
	Edge: 78 <--> 71 	 Freq: 3.5 	 Demand: 3825
	Edge: 71 <--> 72 	 Freq: 7.0 	 Demand: 1836
	Route: 8
	Route length (715.0) and demand (11880)
	Edge: 30 <--> 67 	 Freq: 2.3 	 Demand: 4213
	Edge: 67 <--> 66 	 Freq: 3.5 	 Demand: 3970
	Edge: 34 <--> 0 	 Freq: 3.5 	 Demand: 3697
	Route: 9
	Route length (1294.0) and demand (11591)
	Edge: 61 <--> 62 	 Freq: 3.5 	 Demand: 4080
	Edge: 61 <--> 60 	 Freq: 7.0 	 Demand: 510
	Edge: 61 <--> 60 	 Freq: 3.5 	 Demand: 2720
	Edge: 40 <--> 41 	 Freq: 3.5 	 Demand: 3516
	Edge: 36 <--> 24 	 Freq: 7.0 	 Demand: 765
	Route: 10
	Route length (641.0) and demand (8024)
	Edge: 25 <--> 26 	 Freq: 2.3 	 Demand: 4247
	Edge: 32 <--> 33 	 Freq: 3.5 	 Demand: 3777
	Route: 11
	Route length (1409.0) and demand (11628)
	Edge: 75 <--> 12 	 Freq: 7.0 	 Demand: 1207
	Edge: 12 <--> 73 	 Freq: 7.0 	 Demand: 935
	Edge: 11 <--> 73 	 Freq: 7.0 	 Demand: 357
	Edge: 73 <--> 74 	 Freq: 7.0 	 Demand: 663
	Edge: 45 <--> 74 	 Freq: 7.0 	 Demand: 119
	Edge: 46 <--> 56 	 Freq: 7.0 	 Demand: 408
	Edge: 54 <--> 20 	 Freq: 2.3 	 Demand: 4080
	Edge: 42 <--> 57 	 Freq: 7.0 	 Demand: 1989
	Edge: 38 <--> 42 	 Freq: 14.0 	 Demand: 1870
	Route: 12
	Route length (1664.0) and demand (11033)
	Edge: 78 <--> 71 	 Freq: 7.0 	 Demand: 238
	Edge: 76 <--> 75 	 Freq: 7.0 	 Demand: 510
	Edge: 10 <--> 44 	 Freq: 7.0 	 Demand: 646
	Edge: 13 <--> 9 	 Freq: 7.0 	 Demand: 816
	Edge: 9 <--> 47 	 Freq: 7.0 	 Demand: 561
	Edge: 70 <--> 13 	 Freq: 7.0 	 Demand: 2278
	Edge: 43 <--> 70 	 Freq: 14.0 	 Demand: 1530
	Edge: 43 <--> 70 	 Freq: 3.5 	 Demand: 3060
	Edge: 43 <--> 70 	 Freq: 7.0 	 Demand: 204
	Edge: 44 <--> 77 	 Freq: 7.0 	 Demand: 612
	Edge: 77 <--> 76 	 Freq: 7.0 	 Demand: 578
	Route: 13
	Route length (598.0) and demand (8823)
	Edge: 37 <--> 23 	 Freq: 7.0 	 Demand: 1683
	Edge: 23 <--> 24 	 Freq: 3.5 	 Demand: 4080
	Edge: 37 <--> 23 	 Freq: 3.5 	 Demand: 3060
	Route: 14
	Route length (1236.0) and demand (11254)
	Edge: 3 <--> 49 	 Freq: 7.0 	 Demand: 1530
	Edge: 4 <--> 5 	 Freq: 3.5 	 Demand: 2550
	Edge: 3 <--> 49 	 Freq: 2.3 	 Demand: 3570
	Edge: 50 <--> 3 	 Freq: 3.5 	 Demand: 1530
	Edge: 7 <--> 50 	 Freq: 3.5 	 Demand: 1530
	Edge: 7 <--> 50 	 Freq: 7.0 	 Demand: 238
	Edge: 0 <--> 27 	 Freq: 7.0 	 Demand: 306

Day 8, number of edges 3, number of routes 1

	Edges:

	Edge: 55 <--> 19 	 Freq: 7.0 	 Demand: 782
	Edge: 57 <--> 55 	 Freq: 7.0 	 Demand: 2992
	Edge: 18 <--> 19 	 Freq: 7.0 	 Demand: 2686

	Routes:

	Route: 1
	Route length (1136.0) and demand (6460)
	Edge: 57 <--> 55 	 Freq: 7.0 	 Demand: 2992
	Edge: 55 <--> 19 	 Freq: 7.0 	 Demand: 782
	Edge: 18 <--> 19 	 Freq: 7.0 	 Demand: 2686

Day 9, number of edges 6, number of routes 3

	Edges:

	Edge: 3 <--> 49 	 Freq: 2.3 	 Demand: 3570
	Edge: 28 <--> 7 	 Freq: 2.3 	 Demand: 1020
	Edge: 25 <--> 26 	 Freq: 2.3 	 Demand: 4247
	Edge: 54 <--> 20 	 Freq: 2.3 	 Demand: 4080
	Edge: 30 <--> 67 	 Freq: 2.3 	 Demand: 4213
	Edge: 66 <--> 53 	 Freq: 2.3 	 Demand: 3913

	Routes:

	Route: 1
	Route length (1076.0) and demand (4080)
	Edge: 54 <--> 20 	 Freq: 2.3 	 Demand: 4080
	Route: 2
	Route length (1277.0) and demand (8503)
	Edge: 3 <--> 49 	 Freq: 2.3 	 Demand: 3570
	Edge: 28 <--> 7 	 Freq: 2.3 	 Demand: 1020
	Edge: 66 <--> 53 	 Freq: 2.3 	 Demand: 3913
	Route: 3
	Route length (801.0) and demand (8460)
	Edge: 25 <--> 26 	 Freq: 2.3 	 Demand: 4247
	Edge: 30 <--> 67 	 Freq: 2.3 	 Demand: 4213

Day 10, number of edges 39, number of routes 9

	Edges:

	Edge: 7 <--> 50 	 Freq: 3.5 	 Demand: 1530
	Edge: 4 <--> 5 	 Freq: 3.5 	 Demand: 2550
	Edge: 53 <--> 51 	 Freq: 3.5 	 Demand: 3568
	Edge: 68 <--> 69 	 Freq: 3.5 	 Demand: 3653
	Edge: 35 <--> 1 	 Freq: 3.5 	 Demand: 4235
	Edge: 14 <--> 15 	 Freq: 3.5 	 Demand: 3895
	Edge: 39 <--> 25 	 Freq: 3.5 	 Demand: 4080
	Edge: 78 <--> 71 	 Freq: 3.5 	 Demand: 3825
	Edge: 32 <--> 33 	 Freq: 3.5 	 Demand: 3777
	Edge: 67 <--> 66 	 Freq: 3.5 	 Demand: 3970
	Edge: 37 <--> 23 	 Freq: 3.5 	 Demand: 3060
	Edge: 34 <--> 0 	 Freq: 3.5 	 Demand: 3697
	Edge: 40 <--> 15 	 Freq: 3.5 	 Demand: 2244
	Edge: 43 <--> 70 	 Freq: 3.5 	 Demand: 3060
	Edge: 38 <--> 42 	 Freq: 3.5 	 Demand: 4031
	Edge: 36 <--> 16 	 Freq: 3.5 	 Demand: 3927
	Edge: 50 <--> 3 	 Freq: 3.5 	 Demand: 1530
	Edge: 61 <--> 60 	 Freq: 3.5 	 Demand: 2720
	Edge: 67 <--> 68 	 Freq: 3.5 	 Demand: 3656
	Edge: 61 <--> 62 	 Freq: 3.5 	 Demand: 4080
	Edge: 27 <--> 8 	 Freq: 3.5 	 Demand: 4182
	Edge: 40 <--> 41 	 Freq: 3.5 	 Demand: 3516
	Edge: 65 <--> 52 	 Freq: 3.5 	 Demand: 3974
	Edge: 34 <--> 66 	 Freq: 3.5 	 Demand: 1700
	Edge: 23 <--> 24 	 Freq: 3.5 	 Demand: 4080
	Edge: 27 <--> 3 	 Freq: 3.5 	 Demand: 3060
	Edge: 28 <--> 29 	 Freq: 7.0 	 Demand: 510
	Edge: 77 <--> 76 	 Freq: 7.0 	 Demand: 578
	Edge: 74 <--> 72 	 Freq: 7.0 	 Demand: 153
	Edge: 3 <--> 49 	 Freq: 7.0 	 Demand: 1530
	Edge: 76 <--> 75 	 Freq: 7.0 	 Demand: 510
	Edge: 31 <--> 77 	 Freq: 7.0 	 Demand: 1020
	Edge: 36 <--> 24 	 Freq: 7.0 	 Demand: 765
	Edge: 10 <--> 11 	 Freq: 7.0 	 Demand: 663
	Edge: 61 <--> 60 	 Freq: 7.0 	 Demand: 510
	Edge: 21 <--> 22 	 Freq: 7.0 	 Demand: 1020
	Edge: 25 <--> 26 	 Freq: 7.0 	 Demand: 510
	Edge: 66 <--> 53 	 Freq: 2.3 	 Demand: 3913
	Edge: 21 <--> 59 	 Freq: 7.0 	 Demand: 578

	Routes:

	Route: 1
	Route length (684.0) and demand (11171)
	Edge: 38 <--> 42 	 Freq: 3.5 	 Demand: 4031
	Edge: 37 <--> 23 	 Freq: 3.5 	 Demand: 3060
	Edge: 23 <--> 24 	 Freq: 3.5 	 Demand: 4080
	Route: 2
	Route length (1107.0) and demand (11516)
	Edge: 34 <--> 0 	 Freq: 3.5 	 Demand: 3697
	Edge: 25 <--> 26 	 Freq: 7.0 	 Demand: 510
	Edge: 67 <--> 68 	 Freq: 3.5 	 Demand: 3656
	Edge: 68 <--> 69 	 Freq: 3.5 	 Demand: 3653
	Route: 3
	Route length (1548.0) and demand (11888)
	Edge: 32 <--> 33 	 Freq: 3.5 	 Demand: 3777
	Edge: 35 <--> 1 	 Freq: 3.5 	 Demand: 4235
	Edge: 43 <--> 70 	 Freq: 3.5 	 Demand: 3060
	Edge: 10 <--> 11 	 Freq: 7.0 	 Demand: 663
	Edge: 74 <--> 72 	 Freq: 7.0 	 Demand: 153
	Route: 4
	Route length (1294.0) and demand (11591)
	Edge: 61 <--> 62 	 Freq: 3.5 	 Demand: 4080
	Edge: 61 <--> 60 	 Freq: 7.0 	 Demand: 510
	Edge: 61 <--> 60 	 Freq: 3.5 	 Demand: 2720
	Edge: 40 <--> 41 	 Freq: 3.5 	 Demand: 3516
	Edge: 36 <--> 24 	 Freq: 7.0 	 Demand: 765
	Route: 5
	Route length (1161.0) and demand (10200)
	Edge: 27 <--> 3 	 Freq: 3.5 	 Demand: 3060
	Edge: 3 <--> 49 	 Freq: 7.0 	 Demand: 1530
	Edge: 4 <--> 5 	 Freq: 3.5 	 Demand: 2550
	Edge: 50 <--> 3 	 Freq: 3.5 	 Demand: 1530
	Edge: 7 <--> 50 	 Freq: 3.5 	 Demand: 1530
	Route: 6
	Route length (1038.0) and demand (11965)
	Edge: 65 <--> 52 	 Freq: 3.5 	 Demand: 3974
	Edge: 28 <--> 29 	 Freq: 7.0 	 Demand: 510
	Edge: 53 <--> 51 	 Freq: 3.5 	 Demand: 3568
	Edge: 66 <--> 53 	 Freq: 2.3 	 Demand: 3913
	Route: 7
	Route length (1303.0) and demand (11664)
	Edge: 36 <--> 16 	 Freq: 3.5 	 Demand: 3927
	Edge: 40 <--> 15 	 Freq: 3.5 	 Demand: 2244
	Edge: 14 <--> 15 	 Freq: 3.5 	 Demand: 3895
	Edge: 21 <--> 22 	 Freq: 7.0 	 Demand: 1020
	Edge: 21 <--> 59 	 Freq: 7.0 	 Demand: 578
	Route: 8
	Route length (653.0) and demand (9852)
	Edge: 27 <--> 8 	 Freq: 3.5 	 Demand: 4182
	Edge: 67 <--> 66 	 Freq: 3.5 	 Demand: 3970
	Edge: 34 <--> 66 	 Freq: 3.5 	 Demand: 1700
	Route: 9
	Route length (725.0) and demand (10013)
	Edge: 39 <--> 25 	 Freq: 3.5 	 Demand: 4080
	Edge: 31 <--> 77 	 Freq: 7.0 	 Demand: 1020
	Edge: 77 <--> 76 	 Freq: 7.0 	 Demand: 578
	Edge: 76 <--> 75 	 Freq: 7.0 	 Demand: 510
	Edge: 78 <--> 71 	 Freq: 3.5 	 Demand: 3825

Day 11, number of edges 23, number of routes 6

	Edges:

	Edge: 66 <--> 53 	 Freq: 2.3 	 Demand: 3913
	Edge: 3 <--> 49 	 Freq: 2.3 	 Demand: 3570
	Edge: 28 <--> 7 	 Freq: 2.3 	 Demand: 1020
	Edge: 25 <--> 26 	 Freq: 2.3 	 Demand: 4247
	Edge: 54 <--> 20 	 Freq: 2.3 	 Demand: 4080
	Edge: 30 <--> 67 	 Freq: 2.3 	 Demand: 4213
	Edge: 0 <--> 71 	 Freq: 7.0 	 Demand: 1870
	Edge: 70 <--> 47 	 Freq: 7.0 	 Demand: 1105
	Edge: 50 <--> 3 	 Freq: 7.0 	 Demand: 3060
	Edge: 16 <--> 58 	 Freq: 7.0 	 Demand: 2822
	Edge: 61 <--> 62 	 Freq: 7.0 	 Demand: 1530
	Edge: 27 <--> 8 	 Freq: 7.0 	 Demand: 833
	Edge: 42 <--> 16 	 Freq: 7.0 	 Demand: 1173
	Edge: 48 <--> 9 	 Freq: 7.0 	 Demand: 918
	Edge: 15 <--> 22 	 Freq: 7.0 	 Demand: 4080
	Edge: 45 <--> 10 	 Freq: 7.0 	 Demand: 765
	Edge: 30 <--> 67 	 Freq: 7.0 	 Demand: 204
	Edge: 6 <--> 7 	 Freq: 7.0 	 Demand: 1955
	Edge: 66 <--> 53 	 Freq: 7.0 	 Demand: 510
	Edge: 34 <--> 66 	 Freq: 7.0 	 Demand: 3604
	Edge: 23 <--> 24 	 Freq: 7.0 	 Demand: 3978
	Edge: 23 <--> 63 	 Freq: 7.0 	 Demand: 4998
	Edge: 27 <--> 3 	 Freq: 7.0 	 Demand: 4751

	Routes:

	Route: 1
	Route length (848.0) and demand (8976)
	Edge: 23 <--> 24 	 Freq: 7.0 	 Demand: 3978
	Edge: 23 <--> 63 	 Freq: 7.0 	 Demand: 4998
	Route: 2
	Route length (1392.0) and demand (9605)
	Edge: 61 <--> 62 	 Freq: 7.0 	 Demand: 1530
	Edge: 15 <--> 22 	 Freq: 7.0 	 Demand: 4080
	Edge: 16 <--> 58 	 Freq: 7.0 	 Demand: 2822
	Edge: 42 <--> 16 	 Freq: 7.0 	 Demand: 1173
	Route: 3
	Route length (969.0) and demand (9766)
	Edge: 27 <--> 3 	 Freq: 7.0 	 Demand: 4751
	Edge: 50 <--> 3 	 Freq: 7.0 	 Demand: 3060
	Edge: 6 <--> 7 	 Freq: 7.0 	 Demand: 1955
	Route: 4
	Route length (1971.0) and demand (11115)
	Edge: 54 <--> 20 	 Freq: 2.3 	 Demand: 4080
	Edge: 45 <--> 10 	 Freq: 7.0 	 Demand: 765
	Edge: 48 <--> 9 	 Freq: 7.0 	 Demand: 918
	Edge: 70 <--> 47 	 Freq: 7.0 	 Demand: 1105
	Edge: 25 <--> 26 	 Freq: 2.3 	 Demand: 4247
	Route: 5
	Route length (800.0) and demand (9687)
	Edge: 30 <--> 67 	 Freq: 2.3 	 Demand: 4213
	Edge: 34 <--> 66 	 Freq: 7.0 	 Demand: 3604
	Edge: 0 <--> 71 	 Freq: 7.0 	 Demand: 1870
	Route: 6
	Route length (1728.0) and demand (10050)
	Edge: 27 <--> 8 	 Freq: 7.0 	 Demand: 833
	Edge: 3 <--> 49 	 Freq: 2.3 	 Demand: 3570
	Edge: 28 <--> 7 	 Freq: 2.3 	 Demand: 1020
	Edge: 66 <--> 53 	 Freq: 2.3 	 Demand: 3913
	Edge: 66 <--> 53 	 Freq: 7.0 	 Demand: 510
	Edge: 30 <--> 67 	 Freq: 7.0 	 Demand: 204

Day 12, number of edges 0, number of routes 0

	Edges:


	Routes:


Day 13, number of edges 0, number of routes 0

	Edges:


	Routes:


Day 14, number of edges 48, number of routes 12

	Edges:

	Edge: 30 <--> 67 	 Freq: 2.3 	 Demand: 4213
	Edge: 25 <--> 26 	 Freq: 2.3 	 Demand: 4247
	Edge: 66 <--> 53 	 Freq: 2.3 	 Demand: 3913
	Edge: 54 <--> 20 	 Freq: 2.3 	 Demand: 4080
	Edge: 28 <--> 7 	 Freq: 2.3 	 Demand: 1020
	Edge: 3 <--> 49 	 Freq: 2.3 	 Demand: 3570
	Edge: 7 <--> 50 	 Freq: 3.5 	 Demand: 1530
	Edge: 4 <--> 5 	 Freq: 3.5 	 Demand: 2550
	Edge: 53 <--> 51 	 Freq: 3.5 	 Demand: 3568
	Edge: 68 <--> 69 	 Freq: 3.5 	 Demand: 3653
	Edge: 35 <--> 1 	 Freq: 3.5 	 Demand: 4235
	Edge: 14 <--> 15 	 Freq: 3.5 	 Demand: 3895
	Edge: 39 <--> 25 	 Freq: 3.5 	 Demand: 4080
	Edge: 78 <--> 71 	 Freq: 3.5 	 Demand: 3825
	Edge: 32 <--> 33 	 Freq: 3.5 	 Demand: 3777
	Edge: 67 <--> 66 	 Freq: 3.5 	 Demand: 3970
	Edge: 37 <--> 23 	 Freq: 3.5 	 Demand: 3060
	Edge: 34 <--> 0 	 Freq: 3.5 	 Demand: 3697
	Edge: 40 <--> 15 	 Freq: 3.5 	 Demand: 2244
	Edge: 43 <--> 70 	 Freq: 3.5 	 Demand: 3060
	Edge: 38 <--> 42 	 Freq: 3.5 	 Demand: 4031
	Edge: 36 <--> 16 	 Freq: 3.5 	 Demand: 3927
	Edge: 50 <--> 3 	 Freq: 3.5 	 Demand: 1530
	Edge: 61 <--> 60 	 Freq: 3.5 	 Demand: 2720
	Edge: 67 <--> 68 	 Freq: 3.5 	 Demand: 3656
	Edge: 61 <--> 62 	 Freq: 3.5 	 Demand: 4080
	Edge: 27 <--> 8 	 Freq: 3.5 	 Demand: 4182
	Edge: 40 <--> 41 	 Freq: 3.5 	 Demand: 3516
	Edge: 65 <--> 52 	 Freq: 3.5 	 Demand: 3974
	Edge: 34 <--> 66 	 Freq: 3.5 	 Demand: 1700
	Edge: 23 <--> 24 	 Freq: 3.5 	 Demand: 4080
	Edge: 27 <--> 3 	 Freq: 3.5 	 Demand: 3060
	Edge: 7 <--> 50 	 Freq: 7.0 	 Demand: 238
	Edge: 44 <--> 77 	 Freq: 7.0 	 Demand: 612
	Edge: 57 <--> 18 	 Freq: 7.0 	 Demand: 1394
	Edge: 78 <--> 71 	 Freq: 7.0 	 Demand: 238
	Edge: 12 <--> 73 	 Freq: 7.0 	 Demand: 935
	Edge: 0 <--> 27 	 Freq: 7.0 	 Demand: 306
	Edge: 37 <--> 23 	 Freq: 7.0 	 Demand: 1683
	Edge: 43 <--> 70 	 Freq: 7.0 	 Demand: 204
	Edge: 38 <--> 42 	 Freq: 7.0 	 Demand: 510
	Edge: 75 <--> 12 	 Freq: 7.0 	 Demand: 1207
	Edge: 46 <--> 56 	 Freq: 7.0 	 Demand: 408
	Edge: 45 <--> 74 	 Freq: 7.0 	 Demand: 119
	Edge: 10 <--> 44 	 Freq: 7.0 	 Demand: 646
	Edge: 42 <--> 57 	 Freq: 7.0 	 Demand: 1989
	Edge: 18 <--> 58 	 Freq: 7.0 	 Demand: 578
	Edge: 58 <--> 21 	 Freq: 7.0 	 Demand: 306

	Routes:

	Route: 1
	Route length (1093.0) and demand (11731)
	Edge: 7 <--> 50 	 Freq: 3.5 	 Demand: 1530
	Edge: 28 <--> 7 	 Freq: 2.3 	 Demand: 1020
	Edge: 53 <--> 51 	 Freq: 3.5 	 Demand: 3568
	Edge: 66 <--> 53 	 Freq: 2.3 	 Demand: 3913
	Edge: 34 <--> 66 	 Freq: 3.5 	 Demand: 1700
	Route: 2
	Route length (1189.0) and demand (10316)
	Edge: 40 <--> 41 	 Freq: 3.5 	 Demand: 3516
	Edge: 61 <--> 60 	 Freq: 3.5 	 Demand: 2720
	Edge: 61 <--> 62 	 Freq: 3.5 	 Demand: 4080
	Route: 3
	Route length (659.0) and demand (8462)
	Edge: 65 <--> 52 	 Freq: 3.5 	 Demand: 3974
	Edge: 27 <--> 8 	 Freq: 3.5 	 Demand: 4182
	Edge: 0 <--> 27 	 Freq: 7.0 	 Demand: 306
	Route: 4
	Route length (556.0) and demand (11687)
	Edge: 30 <--> 67 	 Freq: 2.3 	 Demand: 4213
	Edge: 32 <--> 33 	 Freq: 3.5 	 Demand: 3777
	Edge: 34 <--> 0 	 Freq: 3.5 	 Demand: 3697
	Route: 5
	Route length (936.0) and demand (11902)
	Edge: 14 <--> 15 	 Freq: 3.5 	 Demand: 3895
	Edge: 40 <--> 15 	 Freq: 3.5 	 Demand: 2244
	Edge: 23 <--> 24 	 Freq: 3.5 	 Demand: 4080
	Edge: 37 <--> 23 	 Freq: 7.0 	 Demand: 1683
	Route: 6
	Route length (1467.0) and demand (8995)
	Edge: 78 <--> 71 	 Freq: 7.0 	 Demand: 238
	Edge: 10 <--> 44 	 Freq: 7.0 	 Demand: 646
	Edge: 35 <--> 1 	 Freq: 3.5 	 Demand: 4235
	Edge: 43 <--> 70 	 Freq: 7.0 	 Demand: 204
	Edge: 43 <--> 70 	 Freq: 3.5 	 Demand: 3060
	Edge: 44 <--> 77 	 Freq: 7.0 	 Demand: 612
	Route: 7
	Route length (895.0) and demand (8704)
	Edge: 38 <--> 42 	 Freq: 7.0 	 Demand: 510
	Edge: 42 <--> 57 	 Freq: 7.0 	 Demand: 1989
	Edge: 57 <--> 18 	 Freq: 7.0 	 Demand: 1394
	Edge: 18 <--> 58 	 Freq: 7.0 	 Demand: 578
	Edge: 58 <--> 21 	 Freq: 7.0 	 Demand: 306
	Edge: 36 <--> 16 	 Freq: 3.5 	 Demand: 3927
	Route: 8
	Route length (1161.0) and demand (10948)
	Edge: 27 <--> 3 	 Freq: 3.5 	 Demand: 3060
	Edge: 3 <--> 49 	 Freq: 2.3 	 Demand: 3570
	Edge: 4 <--> 5 	 Freq: 3.5 	 Demand: 2550
	Edge: 50 <--> 3 	 Freq: 3.5 	 Demand: 1530
	Edge: 7 <--> 50 	 Freq: 7.0 	 Demand: 238
	Route: 9
	Route length (367.0) and demand (7091)
	Edge: 38 <--> 42 	 Freq: 3.5 	 Demand: 4031
	Edge: 37 <--> 23 	 Freq: 3.5 	 Demand: 3060
	Route: 10
	Route length (993.0) and demand (11279)
	Edge: 67 <--> 66 	 Freq: 3.5 	 Demand: 3970
	Edge: 67 <--> 68 	 Freq: 3.5 	 Demand: 3656
	Edge: 68 <--> 69 	 Freq: 3.5 	 Demand: 3653
	Route: 11
	Route length (1324.0) and demand (10574)
	Edge: 54 <--> 20 	 Freq: 2.3 	 Demand: 4080
	Edge: 46 <--> 56 	 Freq: 7.0 	 Demand: 408
	Edge: 45 <--> 74 	 Freq: 7.0 	 Demand: 119
	Edge: 12 <--> 73 	 Freq: 7.0 	 Demand: 935
	Edge: 75 <--> 12 	 Freq: 7.0 	 Demand: 1207
	Edge: 78 <--> 71 	 Freq: 3.5 	 Demand: 3825
	Route: 12
	Route length (698.0) and demand (8327)
	Edge: 39 <--> 25 	 Freq: 3.5 	 Demand: 4080
	Edge: 25 <--> 26 	 Freq: 2.3 	 Demand: 4247

Day 15, number of edges 3, number of routes 1

	Edges:

	Edge: 55 <--> 19 	 Freq: 7.0 	 Demand: 782
	Edge: 57 <--> 55 	 Freq: 7.0 	 Demand: 2992
	Edge: 18 <--> 19 	 Freq: 7.0 	 Demand: 2686

	Routes:

	Route: 1
	Route length (1136.0) and demand (6460)
	Edge: 57 <--> 55 	 Freq: 7.0 	 Demand: 2992
	Edge: 55 <--> 19 	 Freq: 7.0 	 Demand: 782
	Edge: 18 <--> 19 	 Freq: 7.0 	 Demand: 2686

Day 16, number of edges 6, number of routes 3

	Edges:

	Edge: 3 <--> 49 	 Freq: 2.3 	 Demand: 3570
	Edge: 28 <--> 7 	 Freq: 2.3 	 Demand: 1020
	Edge: 25 <--> 26 	 Freq: 2.3 	 Demand: 4247
	Edge: 54 <--> 20 	 Freq: 2.3 	 Demand: 4080
	Edge: 30 <--> 67 	 Freq: 2.3 	 Demand: 4213
	Edge: 66 <--> 53 	 Freq: 2.3 	 Demand: 3913

	Routes:

	Route: 1
	Route length (1076.0) and demand (4080)
	Edge: 54 <--> 20 	 Freq: 2.3 	 Demand: 4080
	Route: 2
	Route length (1277.0) and demand (8503)
	Edge: 3 <--> 49 	 Freq: 2.3 	 Demand: 3570
	Edge: 28 <--> 7 	 Freq: 2.3 	 Demand: 1020
	Edge: 66 <--> 53 	 Freq: 2.3 	 Demand: 3913
	Route: 3
	Route length (801.0) and demand (8460)
	Edge: 25 <--> 26 	 Freq: 2.3 	 Demand: 4247
	Edge: 30 <--> 67 	 Freq: 2.3 	 Demand: 4213

Day 17, number of edges 52, number of routes 11

	Edges:

	Edge: 7 <--> 50 	 Freq: 3.5 	 Demand: 1530
	Edge: 4 <--> 5 	 Freq: 3.5 	 Demand: 2550
	Edge: 53 <--> 51 	 Freq: 3.5 	 Demand: 3568
	Edge: 68 <--> 69 	 Freq: 3.5 	 Demand: 3653
	Edge: 35 <--> 1 	 Freq: 3.5 	 Demand: 4235
	Edge: 14 <--> 15 	 Freq: 3.5 	 Demand: 3895
	Edge: 39 <--> 25 	 Freq: 3.5 	 Demand: 4080
	Edge: 78 <--> 71 	 Freq: 3.5 	 Demand: 3825
	Edge: 32 <--> 33 	 Freq: 3.5 	 Demand: 3777
	Edge: 67 <--> 66 	 Freq: 3.5 	 Demand: 3970
	Edge: 37 <--> 23 	 Freq: 3.5 	 Demand: 3060
	Edge: 34 <--> 0 	 Freq: 3.5 	 Demand: 3697
	Edge: 40 <--> 15 	 Freq: 3.5 	 Demand: 2244
	Edge: 43 <--> 70 	 Freq: 3.5 	 Demand: 3060
	Edge: 38 <--> 42 	 Freq: 3.5 	 Demand: 4031
	Edge: 36 <--> 16 	 Freq: 3.5 	 Demand: 3927
	Edge: 50 <--> 3 	 Freq: 3.5 	 Demand: 1530
	Edge: 61 <--> 60 	 Freq: 3.5 	 Demand: 2720
	Edge: 67 <--> 68 	 Freq: 3.5 	 Demand: 3656
	Edge: 61 <--> 62 	 Freq: 3.5 	 Demand: 4080
	Edge: 27 <--> 8 	 Freq: 3.5 	 Demand: 4182
	Edge: 40 <--> 41 	 Freq: 3.5 	 Demand: 3516
	Edge: 65 <--> 52 	 Freq: 3.5 	 Demand: 3974
	Edge: 34 <--> 66 	 Freq: 3.5 	 Demand: 1700
	Edge: 23 <--> 24 	 Freq: 3.5 	 Demand: 4080
	Edge: 27 <--> 3 	 Freq: 3.5 	 Demand: 3060
	Edge: 65 <--> 6 	 Freq: 7.0 	 Demand: 306
	Edge: 28 <--> 29 	 Freq: 7.0 	 Demand: 510
	Edge: 77 <--> 76 	 Freq: 7.0 	 Demand: 578
	Edge: 68 <--> 69 	 Freq: 7.0 	 Demand: 3508
	Edge: 74 <--> 72 	 Freq: 7.0 	 Demand: 153
	Edge: 3 <--> 49 	 Freq: 7.0 	 Demand: 1530
	Edge: 57 <--> 18 	 Freq: 7.0 	 Demand: 1394
	Edge: 76 <--> 75 	 Freq: 7.0 	 Demand: 510
	Edge: 11 <--> 73 	 Freq: 7.0 	 Demand: 357
	Edge: 73 <--> 74 	 Freq: 7.0 	 Demand: 663
	Edge: 31 <--> 77 	 Freq: 7.0 	 Demand: 1020
	Edge: 38 <--> 42 	 Freq: 7.0 	 Demand: 510
	Edge: 46 <--> 56 	 Freq: 7.0 	 Demand: 408
	Edge: 45 <--> 74 	 Freq: 7.0 	 Demand: 119
	Edge: 36 <--> 24 	 Freq: 7.0 	 Demand: 765
	Edge: 13 <--> 9 	 Freq: 7.0 	 Demand: 816
	Edge: 10 <--> 11 	 Freq: 7.0 	 Demand: 663
	Edge: 61 <--> 60 	 Freq: 7.0 	 Demand: 510
	Edge: 9 <--> 47 	 Freq: 7.0 	 Demand: 561
	Edge: 21 <--> 22 	 Freq: 7.0 	 Demand: 1020
	Edge: 18 <--> 58 	 Freq: 7.0 	 Demand: 578
	Edge: 25 <--> 26 	 Freq: 7.0 	 Demand: 510
	Edge: 27 <--> 8 	 Freq: 7.0 	 Demand: 833
	Edge: 70 <--> 13 	 Freq: 7.0 	 Demand: 2278
	Edge: 71 <--> 72 	 Freq: 7.0 	 Demand: 1836
	Edge: 21 <--> 59 	 Freq: 7.0 	 Demand: 578

	Routes:

	Route: 1
	Route length (1294.0) and demand (11591)
	Edge: 61 <--> 62 	 Freq: 3.5 	 Demand: 4080
	Edge: 61 <--> 60 	 Freq: 7.0 	 Demand: 510
	Edge: 61 <--> 60 	 Freq: 3.5 	 Demand: 2720
	Edge: 40 <--> 41 	 Freq: 3.5 	 Demand: 3516
	Edge: 36 <--> 24 	 Freq: 7.0 	 Demand: 765
	Route: 2
	Route length (1308.0) and demand (10219)
	Edge: 40 <--> 15 	 Freq: 3.5 	 Demand: 2244
	Edge: 14 <--> 15 	 Freq: 3.5 	 Demand: 3895
	Edge: 21 <--> 22 	 Freq: 7.0 	 Demand: 1020
	Edge: 21 <--> 59 	 Freq: 7.0 	 Demand: 578
	Edge: 18 <--> 58 	 Freq: 7.0 	 Demand: 578
	Edge: 57 <--> 18 	 Freq: 7.0 	 Demand: 1394
	Edge: 38 <--> 42 	 Freq: 7.0 	 Demand: 510
	Route: 3
	Route length (795.0) and demand (11067)
	Edge: 37 <--> 23 	 Freq: 3.5 	 Demand: 3060
	Edge: 23 <--> 24 	 Freq: 3.5 	 Demand: 4080
	Edge: 36 <--> 16 	 Freq: 3.5 	 Demand: 3927
	Route: 4
	Route length (652.0) and demand (7242)
	Edge: 27 <--> 8 	 Freq: 3.5 	 Demand: 4182
	Edge: 27 <--> 3 	 Freq: 3.5 	 Demand: 3060
	Route: 5
	Route length (1156.0) and demand (11327)
	Edge: 68 <--> 69 	 Freq: 3.5 	 Demand: 3653
	Edge: 68 <--> 69 	 Freq: 7.0 	 Demand: 3508
	Edge: 67 <--> 68 	 Freq: 3.5 	 Demand: 3656
	Edge: 25 <--> 26 	 Freq: 7.0 	 Demand: 510
	Route: 6
	Route length (1542.0) and demand (11613)
	Edge: 10 <--> 11 	 Freq: 7.0 	 Demand: 663
	Edge: 13 <--> 9 	 Freq: 7.0 	 Demand: 816
	Edge: 9 <--> 47 	 Freq: 7.0 	 Demand: 561
	Edge: 70 <--> 13 	 Freq: 7.0 	 Demand: 2278
	Edge: 43 <--> 70 	 Freq: 3.5 	 Demand: 3060
	Edge: 35 <--> 1 	 Freq: 3.5 	 Demand: 4235
	Route: 7
	Route length (725.0) and demand (9965)
	Edge: 32 <--> 33 	 Freq: 3.5 	 Demand: 3777
	Edge: 39 <--> 25 	 Freq: 3.5 	 Demand: 4080
	Edge: 31 <--> 77 	 Freq: 7.0 	 Demand: 1020
	Edge: 77 <--> 76 	 Freq: 7.0 	 Demand: 578
	Edge: 76 <--> 75 	 Freq: 7.0 	 Demand: 510
	Route: 8
	Route length (849.0) and demand (10783)
	Edge: 27 <--> 8 	 Freq: 7.0 	 Demand: 833
	Edge: 65 <--> 6 	 Freq: 7.0 	 Demand: 306
	Edge: 65 <--> 52 	 Freq: 3.5 	 Demand: 3974
	Edge: 67 <--> 66 	 Freq: 3.5 	 Demand: 3970
	Edge: 34 <--> 66 	 Freq: 3.5 	 Demand: 1700
	Route: 9
	Route length (1205.0) and demand (11058)
	Edge: 34 <--> 0 	 Freq: 3.5 	 Demand: 3697
	Edge: 11 <--> 73 	 Freq: 7.0 	 Demand: 357
	Edge: 73 <--> 74 	 Freq: 7.0 	 Demand: 663
	Edge: 45 <--> 74 	 Freq: 7.0 	 Demand: 119
	Edge: 74 <--> 72 	 Freq: 7.0 	 Demand: 153
	Edge: 46 <--> 56 	 Freq: 7.0 	 Demand: 408
	Edge: 71 <--> 72 	 Freq: 7.0 	 Demand: 1836
	Edge: 78 <--> 71 	 Freq: 3.5 	 Demand: 3825
	Route: 10
	Route length (1411.0) and demand (11218)
	Edge: 53 <--> 51 	 Freq: 3.5 	 Demand: 3568
	Edge: 28 <--> 29 	 Freq: 7.0 	 Demand: 510
	Edge: 7 <--> 50 	 Freq: 3.5 	 Demand: 1530
	Edge: 50 <--> 3 	 Freq: 3.5 	 Demand: 1530
	Edge: 4 <--> 5 	 Freq: 3.5 	 Demand: 2550
	Edge: 3 <--> 49 	 Freq: 7.0 	 Demand: 1530
	Route: 11
	Route length (264.0) and demand (4031)
	Edge: 38 <--> 42 	 Freq: 3.5 	 Demand: 4031

Day 18, number of edges 15, number of routes 4

	Edges:

	Edge: 3 <--> 49 	 Freq: 2.3 	 Demand: 3570
	Edge: 28 <--> 7 	 Freq: 2.3 	 Demand: 1020
	Edge: 25 <--> 26 	 Freq: 2.3 	 Demand: 4247
	Edge: 54 <--> 20 	 Freq: 2.3 	 Demand: 4080
	Edge: 30 <--> 67 	 Freq: 2.3 	 Demand: 4213
	Edge: 66 <--> 53 	 Freq: 2.3 	 Demand: 3913
	Edge: 70 <--> 47 	 Freq: 7.0 	 Demand: 1105
	Edge: 50 <--> 3 	 Freq: 7.0 	 Demand: 3060
	Edge: 42 <--> 16 	 Freq: 7.0 	 Demand: 1173
	Edge: 48 <--> 9 	 Freq: 7.0 	 Demand: 918
	Edge: 45 <--> 10 	 Freq: 7.0 	 Demand: 765
	Edge: 30 <--> 67 	 Freq: 7.0 	 Demand: 204
	Edge: 6 <--> 7 	 Freq: 7.0 	 Demand: 1955
	Edge: 66 <--> 53 	 Freq: 7.0 	 Demand: 510
	Edge: 27 <--> 3 	 Freq: 7.0 	 Demand: 4751

	Routes:

	Route: 1
	Route length (1916.0) and demand (11815)
	Edge: 66 <--> 53 	 Freq: 2.3 	 Demand: 3913
	Edge: 30 <--> 67 	 Freq: 2.3 	 Demand: 4213
	Edge: 30 <--> 67 	 Freq: 7.0 	 Demand: 204
	Edge: 66 <--> 53 	 Freq: 7.0 	 Demand: 510
	Edge: 6 <--> 7 	 Freq: 7.0 	 Demand: 1955
	Edge: 28 <--> 7 	 Freq: 2.3 	 Demand: 1020
	Route: 2
	Route length (492.0) and demand (1173)
	Edge: 42 <--> 16 	 Freq: 7.0 	 Demand: 1173
	Route: 3
	Route length (1971.0) and demand (11115)
	Edge: 54 <--> 20 	 Freq: 2.3 	 Demand: 4080
	Edge: 45 <--> 10 	 Freq: 7.0 	 Demand: 765
	Edge: 48 <--> 9 	 Freq: 7.0 	 Demand: 918
	Edge: 70 <--> 47 	 Freq: 7.0 	 Demand: 1105
	Edge: 25 <--> 26 	 Freq: 2.3 	 Demand: 4247
	Route: 4
	Route length (1040.0) and demand (11381)
	Edge: 3 <--> 49 	 Freq: 2.3 	 Demand: 3570
	Edge: 50 <--> 3 	 Freq: 7.0 	 Demand: 3060
	Edge: 27 <--> 3 	 Freq: 7.0 	 Demand: 4751

Day 19, number of edges 0, number of routes 0

	Edges:


	Routes:


Day 20, number of edges 0, number of routes 0

	Edges:


	Routes:


Day 21, number of edges 47, number of routes 13

	Edges:

	Edge: 30 <--> 67 	 Freq: 2.3 	 Demand: 4213
	Edge: 25 <--> 26 	 Freq: 2.3 	 Demand: 4247
	Edge: 66 <--> 53 	 Freq: 2.3 	 Demand: 3913
	Edge: 54 <--> 20 	 Freq: 2.3 	 Demand: 4080
	Edge: 28 <--> 7 	 Freq: 2.3 	 Demand: 1020
	Edge: 3 <--> 49 	 Freq: 2.3 	 Demand: 3570
	Edge: 43 <--> 70 	 Freq: 14.0 	 Demand: 1530
	Edge: 38 <--> 42 	 Freq: 14.0 	 Demand: 1870
	Edge: 25 <--> 26 	 Freq: 14.0 	 Demand: 680
	Edge: 23 <--> 24 	 Freq: 14.0 	 Demand: 1870
	Edge: 7 <--> 50 	 Freq: 3.5 	 Demand: 1530
	Edge: 4 <--> 5 	 Freq: 3.5 	 Demand: 2550
	Edge: 53 <--> 51 	 Freq: 3.5 	 Demand: 3568
	Edge: 68 <--> 69 	 Freq: 3.5 	 Demand: 3653
	Edge: 35 <--> 1 	 Freq: 3.5 	 Demand: 4235
	Edge: 14 <--> 15 	 Freq: 3.5 	 Demand: 3895
	Edge: 39 <--> 25 	 Freq: 3.5 	 Demand: 4080
	Edge: 78 <--> 71 	 Freq: 3.5 	 Demand: 3825
	Edge: 32 <--> 33 	 Freq: 3.5 	 Demand: 3777
	Edge: 67 <--> 66 	 Freq: 3.5 	 Demand: 3970
	Edge: 37 <--> 23 	 Freq: 3.5 	 Demand: 3060
	Edge: 34 <--> 0 	 Freq: 3.5 	 Demand: 3697
	Edge: 40 <--> 15 	 Freq: 3.5 	 Demand: 2244
	Edge: 43 <--> 70 	 Freq: 3.5 	 Demand: 3060
	Edge: 38 <--> 42 	 Freq: 3.5 	 Demand: 4031
	Edge: 36 <--> 16 	 Freq: 3.5 	 Demand: 3927
	Edge: 50 <--> 3 	 Freq: 3.5 	 Demand: 1530
	Edge: 61 <--> 60 	 Freq: 3.5 	 Demand: 2720
	Edge: 67 <--> 68 	 Freq: 3.5 	 Demand: 3656
	Edge: 61 <--> 62 	 Freq: 3.5 	 Demand: 4080
	Edge: 27 <--> 8 	 Freq: 3.5 	 Demand: 4182
	Edge: 40 <--> 41 	 Freq: 3.5 	 Demand: 3516
	Edge: 65 <--> 52 	 Freq: 3.5 	 Demand: 3974
	Edge: 34 <--> 66 	 Freq: 3.5 	 Demand: 1700
	Edge: 23 <--> 24 	 Freq: 3.5 	 Demand: 4080
	Edge: 27 <--> 3 	 Freq: 3.5 	 Demand: 3060
	Edge: 7 <--> 50 	 Freq: 7.0 	 Demand: 238
	Edge: 44 <--> 77 	 Freq: 7.0 	 Demand: 612
	Edge: 78 <--> 71 	 Freq: 7.0 	 Demand: 238
	Edge: 12 <--> 73 	 Freq: 7.0 	 Demand: 935
	Edge: 0 <--> 27 	 Freq: 7.0 	 Demand: 306
	Edge: 37 <--> 23 	 Freq: 7.0 	 Demand: 1683
	Edge: 43 <--> 70 	 Freq: 7.0 	 Demand: 204
	Edge: 75 <--> 12 	 Freq: 7.0 	 Demand: 1207
	Edge: 10 <--> 44 	 Freq: 7.0 	 Demand: 646
	Edge: 42 <--> 57 	 Freq: 7.0 	 Demand: 1989
	Edge: 58 <--> 21 	 Freq: 7.0 	 Demand: 306

	Routes:

	Route: 1
	Route length (836.0) and demand (10693)
	Edge: 37 <--> 23 	 Freq: 7.0 	 Demand: 1683
	Edge: 23 <--> 24 	 Freq: 14.0 	 Demand: 1870
	Edge: 23 <--> 24 	 Freq: 3.5 	 Demand: 4080
	Edge: 37 <--> 23 	 Freq: 3.5 	 Demand: 3060
	Route: 2
	Route length (801.0) and demand (11849)
	Edge: 78 <--> 71 	 Freq: 3.5 	 Demand: 3825
	Edge: 25 <--> 26 	 Freq: 2.3 	 Demand: 4247
	Edge: 32 <--> 33 	 Freq: 3.5 	 Demand: 3777
	Route: 3
	Route length (1235.0) and demand (10081)
	Edge: 75 <--> 12 	 Freq: 7.0 	 Demand: 1207
	Edge: 12 <--> 73 	 Freq: 7.0 	 Demand: 935
	Edge: 54 <--> 20 	 Freq: 2.3 	 Demand: 4080
	Edge: 42 <--> 57 	 Freq: 7.0 	 Demand: 1989
	Edge: 38 <--> 42 	 Freq: 14.0 	 Demand: 1870
	Route: 4
	Route length (1484.0) and demand (10503)
	Edge: 30 <--> 67 	 Freq: 2.3 	 Demand: 4213
	Edge: 44 <--> 77 	 Freq: 7.0 	 Demand: 612
	Edge: 43 <--> 70 	 Freq: 7.0 	 Demand: 204
	Edge: 43 <--> 70 	 Freq: 3.5 	 Demand: 3060
	Edge: 43 <--> 70 	 Freq: 14.0 	 Demand: 1530
	Edge: 10 <--> 44 	 Freq: 7.0 	 Demand: 646
	Edge: 78 <--> 71 	 Freq: 7.0 	 Demand: 238
	Route: 5
	Route length (1015.0) and demand (11216)
	Edge: 27 <--> 8 	 Freq: 3.5 	 Demand: 4182
	Edge: 65 <--> 52 	 Freq: 3.5 	 Demand: 3974
	Edge: 27 <--> 3 	 Freq: 3.5 	 Demand: 3060
	Route: 6
	Route length (1189.0) and demand (10316)
	Edge: 61 <--> 62 	 Freq: 3.5 	 Demand: 4080
	Edge: 61 <--> 60 	 Freq: 3.5 	 Demand: 2720
	Edge: 40 <--> 41 	 Freq: 3.5 	 Demand: 3516
	Route: 7
	Route length (1065.0) and demand (10372)
	Edge: 40 <--> 15 	 Freq: 3.5 	 Demand: 2244
	Edge: 14 <--> 15 	 Freq: 3.5 	 Demand: 3895
	Edge: 58 <--> 21 	 Freq: 7.0 	 Demand: 306
	Edge: 36 <--> 16 	 Freq: 3.5 	 Demand: 3927
	Route: 8
	Route length (1107.0) and demand (11959)
	Edge: 67 <--> 66 	 Freq: 3.5 	 Demand: 3970
	Edge: 68 <--> 69 	 Freq: 3.5 	 Demand: 3653
	Edge: 67 <--> 68 	 Freq: 3.5 	 Demand: 3656
	Edge: 25 <--> 26 	 Freq: 14.0 	 Demand: 680
	Route: 9
	Route length (827.0) and demand (8315)
	Edge: 35 <--> 1 	 Freq: 3.5 	 Demand: 4235
	Edge: 39 <--> 25 	 Freq: 3.5 	 Demand: 4080
	Route: 10
	Route length (960.0) and demand (9181)
	Edge: 53 <--> 51 	 Freq: 3.5 	 Demand: 3568
	Edge: 66 <--> 53 	 Freq: 2.3 	 Demand: 3913
	Edge: 34 <--> 66 	 Freq: 3.5 	 Demand: 1700
	Route: 11
	Route length (81.0) and demand (3697)
	Edge: 34 <--> 0 	 Freq: 3.5 	 Demand: 3697
	Route: 12
	Route length (1256.0) and demand (10744)
	Edge: 4 <--> 5 	 Freq: 3.5 	 Demand: 2550
	Edge: 3 <--> 49 	 Freq: 2.3 	 Demand: 3570
	Edge: 50 <--> 3 	 Freq: 3.5 	 Demand: 1530
	Edge: 7 <--> 50 	 Freq: 3.5 	 Demand: 1530
	Edge: 28 <--> 7 	 Freq: 2.3 	 Demand: 1020
	Edge: 7 <--> 50 	 Freq: 7.0 	 Demand: 238
	Edge: 0 <--> 27 	 Freq: 7.0 	 Demand: 306
	Route: 13
	Route length (264.0) and demand (4031)
	Edge: 38 <--> 42 	 Freq: 3.5 	 Demand: 4031

Day 22, number of edges 11, number of routes 4

	Edges:

	Edge: 0 <--> 71 	 Freq: 7.0 	 Demand: 1870
	Edge: 16 <--> 58 	 Freq: 7.0 	 Demand: 2822
	Edge: 61 <--> 62 	 Freq: 7.0 	 Demand: 1530
	Edge: 55 <--> 19 	 Freq: 7.0 	 Demand: 782
	Edge: 42 <--> 16 	 Freq: 7.0 	 Demand: 1173
	Edge: 15 <--> 22 	 Freq: 7.0 	 Demand: 4080
	Edge: 57 <--> 55 	 Freq: 7.0 	 Demand: 2992
	Edge: 18 <--> 19 	 Freq: 7.0 	 Demand: 2686
	Edge: 34 <--> 66 	 Freq: 7.0 	 Demand: 3604
	Edge: 23 <--> 24 	 Freq: 7.0 	 Demand: 3978
	Edge: 23 <--> 63 	 Freq: 7.0 	 Demand: 4998

	Routes:

	Route: 1
	Route length (848.0) and demand (8976)
	Edge: 23 <--> 24 	 Freq: 7.0 	 Demand: 3978
	Edge: 23 <--> 63 	 Freq: 7.0 	 Demand: 4998
	Route: 2
	Route length (444.0) and demand (5474)
	Edge: 34 <--> 66 	 Freq: 7.0 	 Demand: 3604
	Edge: 0 <--> 71 	 Freq: 7.0 	 Demand: 1870
	Route: 3
	Route length (1392.0) and demand (9605)
	Edge: 61 <--> 62 	 Freq: 7.0 	 Demand: 1530
	Edge: 15 <--> 22 	 Freq: 7.0 	 Demand: 4080
	Edge: 16 <--> 58 	 Freq: 7.0 	 Demand: 2822
	Edge: 42 <--> 16 	 Freq: 7.0 	 Demand: 1173
	Route: 4
	Route length (1136.0) and demand (6460)
	Edge: 57 <--> 55 	 Freq: 7.0 	 Demand: 2992
	Edge: 55 <--> 19 	 Freq: 7.0 	 Demand: 782
	Edge: 18 <--> 19 	 Freq: 7.0 	 Demand: 2686

Day 23, number of edges 6, number of routes 3

	Edges:

	Edge: 3 <--> 49 	 Freq: 2.3 	 Demand: 3570
	Edge: 28 <--> 7 	 Freq: 2.3 	 Demand: 1020
	Edge: 25 <--> 26 	 Freq: 2.3 	 Demand: 4247
	Edge: 54 <--> 20 	 Freq: 2.3 	 Demand: 4080
	Edge: 30 <--> 67 	 Freq: 2.3 	 Demand: 4213
	Edge: 66 <--> 53 	 Freq: 2.3 	 Demand: 3913

	Routes:

	Route: 1
	Route length (1076.0) and demand (4080)
	Edge: 54 <--> 20 	 Freq: 2.3 	 Demand: 4080
	Route: 2
	Route length (1277.0) and demand (8503)
	Edge: 3 <--> 49 	 Freq: 2.3 	 Demand: 3570
	Edge: 28 <--> 7 	 Freq: 2.3 	 Demand: 1020
	Edge: 66 <--> 53 	 Freq: 2.3 	 Demand: 3913
	Route: 3
	Route length (801.0) and demand (8460)
	Edge: 25 <--> 26 	 Freq: 2.3 	 Demand: 4247
	Edge: 30 <--> 67 	 Freq: 2.3 	 Demand: 4213

Day 24, number of edges 56, number of routes 12

	Edges:

	Edge: 7 <--> 50 	 Freq: 3.5 	 Demand: 1530
	Edge: 4 <--> 5 	 Freq: 3.5 	 Demand: 2550
	Edge: 53 <--> 51 	 Freq: 3.5 	 Demand: 3568
	Edge: 68 <--> 69 	 Freq: 3.5 	 Demand: 3653
	Edge: 35 <--> 1 	 Freq: 3.5 	 Demand: 4235
	Edge: 14 <--> 15 	 Freq: 3.5 	 Demand: 3895
	Edge: 39 <--> 25 	 Freq: 3.5 	 Demand: 4080
	Edge: 78 <--> 71 	 Freq: 3.5 	 Demand: 3825
	Edge: 32 <--> 33 	 Freq: 3.5 	 Demand: 3777
	Edge: 67 <--> 66 	 Freq: 3.5 	 Demand: 3970
	Edge: 37 <--> 23 	 Freq: 3.5 	 Demand: 3060
	Edge: 34 <--> 0 	 Freq: 3.5 	 Demand: 3697
	Edge: 40 <--> 15 	 Freq: 3.5 	 Demand: 2244
	Edge: 43 <--> 70 	 Freq: 3.5 	 Demand: 3060
	Edge: 38 <--> 42 	 Freq: 3.5 	 Demand: 4031
	Edge: 36 <--> 16 	 Freq: 3.5 	 Demand: 3927
	Edge: 50 <--> 3 	 Freq: 3.5 	 Demand: 1530
	Edge: 61 <--> 60 	 Freq: 3.5 	 Demand: 2720
	Edge: 67 <--> 68 	 Freq: 3.5 	 Demand: 3656
	Edge: 61 <--> 62 	 Freq: 3.5 	 Demand: 4080
	Edge: 27 <--> 8 	 Freq: 3.5 	 Demand: 4182
	Edge: 40 <--> 41 	 Freq: 3.5 	 Demand: 3516
	Edge: 65 <--> 52 	 Freq: 3.5 	 Demand: 3974
	Edge: 34 <--> 66 	 Freq: 3.5 	 Demand: 1700
	Edge: 23 <--> 24 	 Freq: 3.5 	 Demand: 4080
	Edge: 27 <--> 3 	 Freq: 3.5 	 Demand: 3060
	Edge: 65 <--> 6 	 Freq: 7.0 	 Demand: 306
	Edge: 7 <--> 50 	 Freq: 7.0 	 Demand: 238
	Edge: 28 <--> 29 	 Freq: 7.0 	 Demand: 510
	Edge: 77 <--> 76 	 Freq: 7.0 	 Demand: 578
	Edge: 68 <--> 69 	 Freq: 7.0 	 Demand: 3508
	Edge: 74 <--> 72 	 Freq: 7.0 	 Demand: 153
	Edge: 3 <--> 49 	 Freq: 7.0 	 Demand: 1530
	Edge: 57 <--> 18 	 Freq: 7.0 	 Demand: 1394
	Edge: 78 <--> 71 	 Freq: 7.0 	 Demand: 238
	Edge: 76 <--> 75 	 Freq: 7.0 	 Demand: 510
	Edge: 12 <--> 73 	 Freq: 7.0 	 Demand: 935
	Edge: 11 <--> 73 	 Freq: 7.0 	 Demand: 357
	Edge: 73 <--> 74 	 Freq: 7.0 	 Demand: 663
	Edge: 31 <--> 77 	 Freq: 7.0 	 Demand: 1020
	Edge: 38 <--> 42 	 Freq: 7.0 	 Demand: 510
	Edge: 75 <--> 12 	 Freq: 7.0 	 Demand: 1207
	Edge: 46 <--> 56 	 Freq: 7.0 	 Demand: 408
	Edge: 45 <--> 74 	 Freq: 7.0 	 Demand: 119
	Edge: 36 <--> 24 	 Freq: 7.0 	 Demand: 765
	Edge: 13 <--> 9 	 Freq: 7.0 	 Demand: 816
	Edge: 10 <--> 11 	 Freq: 7.0 	 Demand: 663
	Edge: 61 <--> 60 	 Freq: 7.0 	 Demand: 510
	Edge: 9 <--> 47 	 Freq: 7.0 	 Demand: 561
	Edge: 21 <--> 22 	 Freq: 7.0 	 Demand: 1020
	Edge: 18 <--> 58 	 Freq: 7.0 	 Demand: 578
	Edge: 25 <--> 26 	 Freq: 7.0 	 Demand: 510
	Edge: 70 <--> 13 	 Freq: 7.0 	 Demand: 2278
	Edge: 6 <--> 7 	 Freq: 7.0 	 Demand: 1955
	Edge: 71 <--> 72 	 Freq: 7.0 	 Demand: 1836
	Edge: 21 <--> 59 	 Freq: 7.0 	 Demand: 578

	Routes:

	Route: 1
	Route length (1156.0) and demand (11327)
	Edge: 68 <--> 69 	 Freq: 3.5 	 Demand: 3653
	Edge: 68 <--> 69 	 Freq: 7.0 	 Demand: 3508
	Edge: 67 <--> 68 	 Freq: 3.5 	 Demand: 3656
	Edge: 25 <--> 26 	 Freq: 7.0 	 Demand: 510
	Route: 2
	Route length (1233.0) and demand (9503)
	Edge: 78 <--> 71 	 Freq: 3.5 	 Demand: 3825
	Edge: 71 <--> 72 	 Freq: 7.0 	 Demand: 1836
	Edge: 46 <--> 56 	 Freq: 7.0 	 Demand: 408
	Edge: 74 <--> 72 	 Freq: 7.0 	 Demand: 153
	Edge: 45 <--> 74 	 Freq: 7.0 	 Demand: 119
	Edge: 73 <--> 74 	 Freq: 7.0 	 Demand: 663
	Edge: 11 <--> 73 	 Freq: 7.0 	 Demand: 357
	Edge: 12 <--> 73 	 Freq: 7.0 	 Demand: 935
	Edge: 75 <--> 12 	 Freq: 7.0 	 Demand: 1207
	Route: 3
	Route length (652.0) and demand (7242)
	Edge: 27 <--> 8 	 Freq: 3.5 	 Demand: 4182
	Edge: 27 <--> 3 	 Freq: 3.5 	 Demand: 3060
	Route: 4
	Route length (1031.0) and demand (11905)
	Edge: 6 <--> 7 	 Freq: 7.0 	 Demand: 1955
	Edge: 65 <--> 6 	 Freq: 7.0 	 Demand: 306
	Edge: 65 <--> 52 	 Freq: 3.5 	 Demand: 3974
	Edge: 67 <--> 66 	 Freq: 3.5 	 Demand: 3970
	Edge: 34 <--> 66 	 Freq: 3.5 	 Demand: 1700
	Route: 5
	Route length (725.0) and demand (9965)
	Edge: 32 <--> 33 	 Freq: 3.5 	 Demand: 3777
	Edge: 39 <--> 25 	 Freq: 3.5 	 Demand: 4080
	Edge: 31 <--> 77 	 Freq: 7.0 	 Demand: 1020
	Edge: 77 <--> 76 	 Freq: 7.0 	 Demand: 578
	Edge: 76 <--> 75 	 Freq: 7.0 	 Demand: 510
	Route: 6
	Route length (264.0) and demand (4031)
	Edge: 38 <--> 42 	 Freq: 3.5 	 Demand: 4031
	Route: 7
	Route length (1419.0) and demand (11456)
	Edge: 53 <--> 51 	 Freq: 3.5 	 Demand: 3568
	Edge: 28 <--> 29 	 Freq: 7.0 	 Demand: 510
	Edge: 7 <--> 50 	 Freq: 7.0 	 Demand: 238
	Edge: 7 <--> 50 	 Freq: 3.5 	 Demand: 1530
	Edge: 50 <--> 3 	 Freq: 3.5 	 Demand: 1530
	Edge: 4 <--> 5 	 Freq: 3.5 	 Demand: 2550
	Edge: 3 <--> 49 	 Freq: 7.0 	 Demand: 1530
	Route: 8
	Route length (795.0) and demand (11067)
	Edge: 37 <--> 23 	 Freq: 3.5 	 Demand: 3060
	Edge: 23 <--> 24 	 Freq: 3.5 	 Demand: 4080
	Edge: 36 <--> 16 	 Freq: 3.5 	 Demand: 3927
	Route: 9
	Route length (1542.0) and demand (11851)
	Edge: 78 <--> 71 	 Freq: 7.0 	 Demand: 238
	Edge: 10 <--> 11 	 Freq: 7.0 	 Demand: 663
	Edge: 13 <--> 9 	 Freq: 7.0 	 Demand: 816
	Edge: 9 <--> 47 	 Freq: 7.0 	 Demand: 561
	Edge: 70 <--> 13 	 Freq: 7.0 	 Demand: 2278
	Edge: 43 <--> 70 	 Freq: 3.5 	 Demand: 3060
	Edge: 35 <--> 1 	 Freq: 3.5 	 Demand: 4235
	Route: 10
	Route length (1294.0) and demand (11591)
	Edge: 61 <--> 62 	 Freq: 3.5 	 Demand: 4080
	Edge: 61 <--> 60 	 Freq: 7.0 	 Demand: 510
	Edge: 61 <--> 60 	 Freq: 3.5 	 Demand: 2720
	Edge: 40 <--> 41 	 Freq: 3.5 	 Demand: 3516
	Edge: 36 <--> 24 	 Freq: 7.0 	 Demand: 765
	Route: 11
	Route length (1308.0) and demand (10219)
	Edge: 40 <--> 15 	 Freq: 3.5 	 Demand: 2244
	Edge: 14 <--> 15 	 Freq: 3.5 	 Demand: 3895
	Edge: 21 <--> 22 	 Freq: 7.0 	 Demand: 1020
	Edge: 21 <--> 59 	 Freq: 7.0 	 Demand: 578
	Edge: 18 <--> 58 	 Freq: 7.0 	 Demand: 578
	Edge: 57 <--> 18 	 Freq: 7.0 	 Demand: 1394
	Edge: 38 <--> 42 	 Freq: 7.0 	 Demand: 510
	Route: 12
	Route length (81.0) and demand (3697)
	Edge: 34 <--> 0 	 Freq: 3.5 	 Demand: 3697

Day 25, number of edges 16, number of routes 4

	Edges:

	Edge: 3 <--> 49 	 Freq: 2.3 	 Demand: 3570
	Edge: 28 <--> 7 	 Freq: 2.3 	 Demand: 1020
	Edge: 25 <--> 26 	 Freq: 2.3 	 Demand: 4247
	Edge: 54 <--> 20 	 Freq: 2.3 	 Demand: 4080
	Edge: 30 <--> 67 	 Freq: 2.3 	 Demand: 4213
	Edge: 66 <--> 53 	 Freq: 2.3 	 Demand: 3913
	Edge: 70 <--> 47 	 Freq: 7.0 	 Demand: 1105
	Edge: 50 <--> 3 	 Freq: 7.0 	 Demand: 3060
	Edge: 27 <--> 8 	 Freq: 7.0 	 Demand: 833
	Edge: 55 <--> 19 	 Freq: 7.0 	 Demand: 782
	Edge: 48 <--> 9 	 Freq: 7.0 	 Demand: 918
	Edge: 45 <--> 10 	 Freq: 7.0 	 Demand: 765
	Edge: 30 <--> 67 	 Freq: 7.0 	 Demand: 204
	Edge: 18 <--> 19 	 Freq: 7.0 	 Demand: 2686
	Edge: 66 <--> 53 	 Freq: 7.0 	 Demand: 510
	Edge: 27 <--> 3 	 Freq: 7.0 	 Demand: 4751

	Routes:

	Route: 1
	Route length (1509.0) and demand (10378)
	Edge: 30 <--> 67 	 Freq: 7.0 	 Demand: 204
	Edge: 66 <--> 53 	 Freq: 7.0 	 Demand: 510
	Edge: 28 <--> 7 	 Freq: 2.3 	 Demand: 1020
	Edge: 50 <--> 3 	 Freq: 7.0 	 Demand: 3060
	Edge: 27 <--> 3 	 Freq: 7.0 	 Demand: 4751
	Edge: 27 <--> 8 	 Freq: 7.0 	 Demand: 833
	Route: 2
	Route length (641.0) and demand (4247)
	Edge: 25 <--> 26 	 Freq: 2.3 	 Demand: 4247
	Route: 3
	Route length (2021.0) and demand (10336)
	Edge: 70 <--> 47 	 Freq: 7.0 	 Demand: 1105
	Edge: 48 <--> 9 	 Freq: 7.0 	 Demand: 918
	Edge: 45 <--> 10 	 Freq: 7.0 	 Demand: 765
	Edge: 54 <--> 20 	 Freq: 2.3 	 Demand: 4080
	Edge: 55 <--> 19 	 Freq: 7.0 	 Demand: 782
	Edge: 18 <--> 19 	 Freq: 7.0 	 Demand: 2686
	Route: 4
	Route length (1436.0) and demand (11696)
	Edge: 3 <--> 49 	 Freq: 2.3 	 Demand: 3570
	Edge: 66 <--> 53 	 Freq: 2.3 	 Demand: 3913
	Edge: 30 <--> 67 	 Freq: 2.3 	 Demand: 4213

Day 26, number of edges 0, number of routes 0

	Edges:


	Routes:


Day 27, number of edges 0, number of routes 0

	Edges:


	Routes:


Day 28, number of edges 63, number of routes 15

	Edges:

	Edge: 30 <--> 67 	 Freq: 2.3 	 Demand: 4213
	Edge: 25 <--> 26 	 Freq: 2.3 	 Demand: 4247
	Edge: 66 <--> 53 	 Freq: 2.3 	 Demand: 3913
	Edge: 54 <--> 20 	 Freq: 2.3 	 Demand: 4080
	Edge: 28 <--> 7 	 Freq: 2.3 	 Demand: 1020
	Edge: 3 <--> 49 	 Freq: 2.3 	 Demand: 3570
	Edge: 7 <--> 50 	 Freq: 3.5 	 Demand: 1530
	Edge: 4 <--> 5 	 Freq: 3.5 	 Demand: 2550
	Edge: 53 <--> 51 	 Freq: 3.5 	 Demand: 3568
	Edge: 68 <--> 69 	 Freq: 3.5 	 Demand: 3653
	Edge: 35 <--> 1 	 Freq: 3.5 	 Demand: 4235
	Edge: 14 <--> 15 	 Freq: 3.5 	 Demand: 3895
	Edge: 39 <--> 25 	 Freq: 3.5 	 Demand: 4080
	Edge: 78 <--> 71 	 Freq: 3.5 	 Demand: 3825
	Edge: 32 <--> 33 	 Freq: 3.5 	 Demand: 3777
	Edge: 67 <--> 66 	 Freq: 3.5 	 Demand: 3970
	Edge: 37 <--> 23 	 Freq: 3.5 	 Demand: 3060
	Edge: 34 <--> 0 	 Freq: 3.5 	 Demand: 3697
	Edge: 40 <--> 15 	 Freq: 3.5 	 Demand: 2244
	Edge: 43 <--> 70 	 Freq: 3.5 	 Demand: 3060
	Edge: 38 <--> 42 	 Freq: 3.5 	 Demand: 4031
	Edge: 36 <--> 16 	 Freq: 3.5 	 Demand: 3927
	Edge: 50 <--> 3 	 Freq: 3.5 	 Demand: 1530
	Edge: 61 <--> 60 	 Freq: 3.5 	 Demand: 2720
	Edge: 67 <--> 68 	 Freq: 3.5 	 Demand: 3656
	Edge: 61 <--> 62 	 Freq: 3.5 	 Demand: 4080
	Edge: 27 <--> 8 	 Freq: 3.5 	 Demand: 4182
	Edge: 40 <--> 41 	 Freq: 3.5 	 Demand: 3516
	Edge: 65 <--> 52 	 Freq: 3.5 	 Demand: 3974
	Edge: 34 <--> 66 	 Freq: 3.5 	 Demand: 1700
	Edge: 23 <--> 24 	 Freq: 3.5 	 Demand: 4080
	Edge: 27 <--> 3 	 Freq: 3.5 	 Demand: 3060
	Edge: 65 <--> 6 	 Freq: 28.0 	 Demand: 408
	Edge: 7 <--> 50 	 Freq: 28.0 	 Demand: 322
	Edge: 53 <--> 51 	 Freq: 28.0 	 Demand: 1632
	Edge: 77 <--> 76 	 Freq: 28.0 	 Demand: 612
	Edge: 15 <--> 17 	 Freq: 28.0 	 Demand: 1530
	Edge: 68 <--> 69 	 Freq: 28.0 	 Demand: 4760
	Edge: 35 <--> 1 	 Freq: 28.0 	 Demand: 4590
	Edge: 14 <--> 15 	 Freq: 28.0 	 Demand: 2040
	Edge: 39 <--> 25 	 Freq: 28.0 	 Demand: 1870
	Edge: 74 <--> 72 	 Freq: 28.0 	 Demand: 204
	Edge: 3 <--> 49 	 Freq: 28.0 	 Demand: 544
	Edge: 78 <--> 71 	 Freq: 28.0 	 Demand: 2788
	Edge: 76 <--> 75 	 Freq: 28.0 	 Demand: 612
	Edge: 32 <--> 33 	 Freq: 28.0 	 Demand: 1530
	Edge: 0 <--> 27 	 Freq: 28.0 	 Demand: 408
	Edge: 11 <--> 73 	 Freq: 28.0 	 Demand: 408
	Edge: 34 <--> 0 	 Freq: 28.0 	 Demand: 3060
	Edge: 73 <--> 74 	 Freq: 28.0 	 Demand: 816
	Edge: 45 <--> 74 	 Freq: 28.0 	 Demand: 204
	Edge: 0 <--> 27 	 Freq: 7.0 	 Demand: 306
	Edge: 10 <--> 44 	 Freq: 7.0 	 Demand: 646
	Edge: 42 <--> 57 	 Freq: 7.0 	 Demand: 1989
	Edge: 58 <--> 21 	 Freq: 28.0 	 Demand: 408
	Edge: 12 <--> 73 	 Freq: 28.0 	 Demand: 1020
	Edge: 43 <--> 70 	 Freq: 28.0 	 Demand: 1224
	Edge: 58 <--> 21 	 Freq: 7.0 	 Demand: 306
	Edge: 21 <--> 59 	 Freq: 28.0 	 Demand: 816
	Edge: 57 <--> 18 	 Freq: 28.0 	 Demand: 1836
	Edge: 44 <--> 77 	 Freq: 28.0 	 Demand: 408
	Edge: 37 <--> 23 	 Freq: 28.0 	 Demand: 1462
	Edge: 67 <--> 66 	 Freq: 28.0 	 Demand: 850

	Routes:

	Route: 1
	Route length (1229.0) and demand (10387)
	Edge: 78 <--> 71 	 Freq: 3.5 	 Demand: 3825
	Edge: 76 <--> 75 	 Freq: 28.0 	 Demand: 612
	Edge: 77 <--> 76 	 Freq: 28.0 	 Demand: 612
	Edge: 44 <--> 77 	 Freq: 28.0 	 Demand: 408
	Edge: 43 <--> 70 	 Freq: 3.5 	 Demand: 3060
	Edge: 43 <--> 70 	 Freq: 28.0 	 Demand: 1224
	Edge: 10 <--> 44 	 Freq: 7.0 	 Demand: 646
	Route: 2
	Route length (660.0) and demand (8870)
	Edge: 0 <--> 27 	 Freq: 7.0 	 Demand: 306
	Edge: 27 <--> 8 	 Freq: 3.5 	 Demand: 4182
	Edge: 65 <--> 6 	 Freq: 28.0 	 Demand: 408
	Edge: 65 <--> 52 	 Freq: 3.5 	 Demand: 3974
	Route: 3
	Route length (1042.0) and demand (10113)
	Edge: 34 <--> 66 	 Freq: 3.5 	 Demand: 1700
	Edge: 68 <--> 69 	 Freq: 3.5 	 Demand: 3653
	Edge: 68 <--> 69 	 Freq: 28.0 	 Demand: 4760
	Route: 4
	Route length (1228.0) and demand (11984)
	Edge: 7 <--> 50 	 Freq: 28.0 	 Demand: 322
	Edge: 50 <--> 3 	 Freq: 3.5 	 Demand: 1530
	Edge: 3 <--> 49 	 Freq: 28.0 	 Demand: 544
	Edge: 4 <--> 5 	 Freq: 3.5 	 Demand: 2550
	Edge: 3 <--> 49 	 Freq: 2.3 	 Demand: 3570
	Edge: 27 <--> 3 	 Freq: 3.5 	 Demand: 3060
	Edge: 0 <--> 27 	 Freq: 28.0 	 Demand: 408
	Route: 5
	Route length (911.0) and demand (9709)
	Edge: 14 <--> 15 	 Freq: 3.5 	 Demand: 3895
	Edge: 15 <--> 17 	 Freq: 28.0 	 Demand: 1530
	Edge: 14 <--> 15 	 Freq: 28.0 	 Demand: 2040
	Edge: 40 <--> 15 	 Freq: 3.5 	 Demand: 2244
	Route: 6
	Route length (1189.0) and demand (10316)
	Edge: 40 <--> 41 	 Freq: 3.5 	 Demand: 3516
	Edge: 61 <--> 60 	 Freq: 3.5 	 Demand: 2720
	Edge: 61 <--> 62 	 Freq: 3.5 	 Demand: 4080
	Route: 7
	Route length (1010.0) and demand (11324)
	Edge: 36 <--> 16 	 Freq: 3.5 	 Demand: 3927
	Edge: 58 <--> 21 	 Freq: 28.0 	 Demand: 408
	Edge: 21 <--> 59 	 Freq: 28.0 	 Demand: 816
	Edge: 58 <--> 21 	 Freq: 7.0 	 Demand: 306
	Edge: 57 <--> 18 	 Freq: 28.0 	 Demand: 1836
	Edge: 38 <--> 42 	 Freq: 3.5 	 Demand: 4031
	Route: 8
	Route length (882.0) and demand (10695)
	Edge: 35 <--> 1 	 Freq: 28.0 	 Demand: 4590
	Edge: 35 <--> 1 	 Freq: 3.5 	 Demand: 4235
	Edge: 39 <--> 25 	 Freq: 28.0 	 Demand: 1870
	Route: 9
	Route length (1128.0) and demand (11663)
	Edge: 7 <--> 50 	 Freq: 3.5 	 Demand: 1530
	Edge: 28 <--> 7 	 Freq: 2.3 	 Demand: 1020
	Edge: 53 <--> 51 	 Freq: 28.0 	 Demand: 1632
	Edge: 53 <--> 51 	 Freq: 3.5 	 Demand: 3568
	Edge: 66 <--> 53 	 Freq: 2.3 	 Demand: 3913
	Route: 10
	Route length (556.0) and demand (9520)
	Edge: 32 <--> 33 	 Freq: 28.0 	 Demand: 1530
	Edge: 30 <--> 67 	 Freq: 2.3 	 Demand: 4213
	Edge: 32 <--> 33 	 Freq: 3.5 	 Demand: 3777
	Route: 11
	Route length (1409.0) and demand (11509)
	Edge: 42 <--> 57 	 Freq: 7.0 	 Demand: 1989
	Edge: 54 <--> 20 	 Freq: 2.3 	 Demand: 4080
	Edge: 74 <--> 72 	 Freq: 28.0 	 Demand: 204
	Edge: 45 <--> 74 	 Freq: 28.0 	 Demand: 204
	Edge: 73 <--> 74 	 Freq: 28.0 	 Demand: 816
	Edge: 11 <--> 73 	 Freq: 28.0 	 Demand: 408
	Edge: 12 <--> 73 	 Freq: 28.0 	 Demand: 1020
	Edge: 78 <--> 71 	 Freq: 28.0 	 Demand: 2788
	Route: 12
	Route length (829.0) and demand (11536)
	Edge: 67 <--> 66 	 Freq: 28.0 	 Demand: 850
	Edge: 67 <--> 68 	 Freq: 3.5 	 Demand: 3656
	Edge: 67 <--> 66 	 Freq: 3.5 	 Demand: 3970
	Edge: 34 <--> 0 	 Freq: 28.0 	 Demand: 3060
	Route: 13
	Route length (698.0) and demand (8327)
	Edge: 39 <--> 25 	 Freq: 3.5 	 Demand: 4080
	Edge: 25 <--> 26 	 Freq: 2.3 	 Demand: 4247
	Route: 14
	Route length (598.0) and demand (8602)
	Edge: 37 <--> 23 	 Freq: 28.0 	 Demand: 1462
	Edge: 23 <--> 24 	 Freq: 3.5 	 Demand: 4080
	Edge: 37 <--> 23 	 Freq: 3.5 	 Demand: 3060
	Route: 15
	Route length (81.0) and demand (3697)
	Edge: 34 <--> 0 	 Freq: 3.5 	 Demand: 3697

Day 29, number of edges 49, number of routes 11

	Edges:

	Edge: 38 <--> 42 	 Freq: 28.0 	 Demand: 850
	Edge: 36 <--> 16 	 Freq: 28.0 	 Demand: 2482
	Edge: 46 <--> 56 	 Freq: 28.0 	 Demand: 408
	Edge: 36 <--> 24 	 Freq: 28.0 	 Demand: 408
	Edge: 13 <--> 9 	 Freq: 28.0 	 Demand: 612
	Edge: 10 <--> 11 	 Freq: 28.0 	 Demand: 816
	Edge: 10 <--> 44 	 Freq: 28.0 	 Demand: 408
	Edge: 61 <--> 60 	 Freq: 28.0 	 Demand: 680
	Edge: 50 <--> 3 	 Freq: 28.0 	 Demand: 1360
	Edge: 16 <--> 58 	 Freq: 28.0 	 Demand: 2448
	Edge: 9 <--> 47 	 Freq: 28.0 	 Demand: 1020
	Edge: 21 <--> 22 	 Freq: 28.0 	 Demand: 1836
	Edge: 67 <--> 68 	 Freq: 28.0 	 Demand: 1190
	Edge: 61 <--> 62 	 Freq: 28.0 	 Demand: 3264
	Edge: 25 <--> 26 	 Freq: 28.0 	 Demand: 4760
	Edge: 27 <--> 8 	 Freq: 28.0 	 Demand: 2312
	Edge: 40 <--> 41 	 Freq: 28.0 	 Demand: 4080
	Edge: 55 <--> 19 	 Freq: 28.0 	 Demand: 1020
	Edge: 42 <--> 16 	 Freq: 28.0 	 Demand: 1428
	Edge: 70 <--> 13 	 Freq: 28.0 	 Demand: 2652
	Edge: 48 <--> 9 	 Freq: 28.0 	 Demand: 612
	Edge: 45 <--> 10 	 Freq: 28.0 	 Demand: 1020
	Edge: 30 <--> 67 	 Freq: 28.0 	 Demand: 2788
	Edge: 65 <--> 52 	 Freq: 28.0 	 Demand: 4250
	Edge: 57 <--> 55 	 Freq: 28.0 	 Demand: 3468
	Edge: 6 <--> 7 	 Freq: 28.0 	 Demand: 3910
	Edge: 18 <--> 19 	 Freq: 28.0 	 Demand: 3468
	Edge: 66 <--> 53 	 Freq: 28.0 	 Demand: 2890
	Edge: 71 <--> 72 	 Freq: 28.0 	 Demand: 2040
	Edge: 27 <--> 3 	 Freq: 28.0 	 Demand: 5398
	Edge: 44 <--> 77 	 Freq: 7.0 	 Demand: 612
	Edge: 37 <--> 23 	 Freq: 7.0 	 Demand: 1683
	Edge: 43 <--> 70 	 Freq: 7.0 	 Demand: 204
	Edge: 0 <--> 71 	 Freq: 7.0 	 Demand: 1870
	Edge: 16 <--> 58 	 Freq: 7.0 	 Demand: 2822
	Edge: 61 <--> 62 	 Freq: 7.0 	 Demand: 1530
	Edge: 42 <--> 16 	 Freq: 7.0 	 Demand: 1173
	Edge: 15 <--> 22 	 Freq: 7.0 	 Demand: 4080
	Edge: 57 <--> 55 	 Freq: 7.0 	 Demand: 2992
	Edge: 34 <--> 66 	 Freq: 7.0 	 Demand: 3604
	Edge: 23 <--> 24 	 Freq: 7.0 	 Demand: 3978
	Edge: 23 <--> 63 	 Freq: 7.0 	 Demand: 4998
	Edge: 23 <--> 63 	 Freq: 28.0 	 Demand: 3864
	Edge: 75 <--> 12 	 Freq: 28.0 	 Demand: 612
	Edge: 18 <--> 58 	 Freq: 28.0 	 Demand: 1020
	Edge: 42 <--> 57 	 Freq: 28.0 	 Demand: 1836
	Edge: 70 <--> 47 	 Freq: 28.0 	 Demand: 612
	Edge: 23 <--> 24 	 Freq: 28.0 	 Demand: 4148
	Edge: 34 <--> 66 	 Freq: 28.0 	 Demand: 1292

	Routes:

	Route: 1
	Route length (1266.0) and demand (11628)
	Edge: 25 <--> 26 	 Freq: 28.0 	 Demand: 4760
	Edge: 30 <--> 67 	 Freq: 28.0 	 Demand: 2788
	Edge: 67 <--> 68 	 Freq: 28.0 	 Demand: 1190
	Edge: 66 <--> 53 	 Freq: 28.0 	 Demand: 2890
	Route: 2
	Route length (1305.0) and demand (9962)
	Edge: 36 <--> 24 	 Freq: 28.0 	 Demand: 408
	Edge: 40 <--> 41 	 Freq: 28.0 	 Demand: 4080
	Edge: 61 <--> 60 	 Freq: 28.0 	 Demand: 680
	Edge: 61 <--> 62 	 Freq: 28.0 	 Demand: 3264
	Edge: 61 <--> 62 	 Freq: 7.0 	 Demand: 1530
	Route: 3
	Route length (813.0) and demand (8194)
	Edge: 36 <--> 16 	 Freq: 28.0 	 Demand: 2482
	Edge: 16 <--> 58 	 Freq: 28.0 	 Demand: 2448
	Edge: 42 <--> 16 	 Freq: 28.0 	 Demand: 1428
	Edge: 42 <--> 57 	 Freq: 28.0 	 Demand: 1836
	Route: 4
	Route length (1094.0) and demand (11960)
	Edge: 34 <--> 66 	 Freq: 28.0 	 Demand: 1292
	Edge: 6 <--> 7 	 Freq: 28.0 	 Demand: 3910
	Edge: 50 <--> 3 	 Freq: 28.0 	 Demand: 1360
	Edge: 27 <--> 3 	 Freq: 28.0 	 Demand: 5398
	Route: 5
	Route length (836.0) and demand (9809)
	Edge: 23 <--> 24 	 Freq: 7.0 	 Demand: 3978
	Edge: 23 <--> 24 	 Freq: 28.0 	 Demand: 4148
	Edge: 37 <--> 23 	 Freq: 7.0 	 Demand: 1683
	Route: 6
	Route length (1238.0) and demand (11781)
	Edge: 15 <--> 22 	 Freq: 7.0 	 Demand: 4080
	Edge: 21 <--> 22 	 Freq: 28.0 	 Demand: 1836
	Edge: 18 <--> 58 	 Freq: 28.0 	 Demand: 1020
	Edge: 16 <--> 58 	 Freq: 7.0 	 Demand: 2822
	Edge: 42 <--> 16 	 Freq: 7.0 	 Demand: 1173
	Edge: 38 <--> 42 	 Freq: 28.0 	 Demand: 850
	Route: 7
	Route length (860.0) and demand (8862)
	Edge: 23 <--> 63 	 Freq: 7.0 	 Demand: 4998
	Edge: 23 <--> 63 	 Freq: 28.0 	 Demand: 3864
	Route: 8
	Route length (1996.0) and demand (11220)
	Edge: 44 <--> 77 	 Freq: 7.0 	 Demand: 612
	Edge: 70 <--> 47 	 Freq: 28.0 	 Demand: 612
	Edge: 43 <--> 70 	 Freq: 7.0 	 Demand: 204
	Edge: 70 <--> 13 	 Freq: 28.0 	 Demand: 2652
	Edge: 13 <--> 9 	 Freq: 28.0 	 Demand: 612
	Edge: 48 <--> 9 	 Freq: 28.0 	 Demand: 612
	Edge: 9 <--> 47 	 Freq: 28.0 	 Demand: 1020
	Edge: 45 <--> 10 	 Freq: 28.0 	 Demand: 1020
	Edge: 10 <--> 44 	 Freq: 28.0 	 Demand: 408
	Edge: 10 <--> 11 	 Freq: 28.0 	 Demand: 816
	Edge: 75 <--> 12 	 Freq: 28.0 	 Demand: 612
	Edge: 71 <--> 72 	 Freq: 28.0 	 Demand: 2040
	Route: 9
	Route length (1418.0) and demand (11356)
	Edge: 57 <--> 55 	 Freq: 28.0 	 Demand: 3468
	Edge: 57 <--> 55 	 Freq: 7.0 	 Demand: 2992
	Edge: 46 <--> 56 	 Freq: 28.0 	 Demand: 408
	Edge: 55 <--> 19 	 Freq: 28.0 	 Demand: 1020
	Edge: 18 <--> 19 	 Freq: 28.0 	 Demand: 3468
	Route: 10
	Route length (937.0) and demand (10166)
	Edge: 34 <--> 66 	 Freq: 7.0 	 Demand: 3604
	Edge: 27 <--> 8 	 Freq: 28.0 	 Demand: 2312
	Edge: 65 <--> 52 	 Freq: 28.0 	 Demand: 4250
	Route: 11
	Route length (85.0) and demand (1870)
	Edge: 0 <--> 71 	 Freq: 7.0 	 Demand: 1870

Day 30, number of edges 6, number of routes 3

	Edges:

	Edge: 3 <--> 49 	 Freq: 2.3 	 Demand: 3570
	Edge: 28 <--> 7 	 Freq: 2.3 	 Demand: 1020
	Edge: 25 <--> 26 	 Freq: 2.3 	 Demand: 4247
	Edge: 54 <--> 20 	 Freq: 2.3 	 Demand: 4080
	Edge: 30 <--> 67 	 Freq: 2.3 	 Demand: 4213
	Edge: 66 <--> 53 	 Freq: 2.3 	 Demand: 3913

	Routes:

	Route: 1
	Route length (1076.0) and demand (4080)
	Edge: 54 <--> 20 	 Freq: 2.3 	 Demand: 4080
	Route: 2
	Route length (1277.0) and demand (8503)
	Edge: 3 <--> 49 	 Freq: 2.3 	 Demand: 3570
	Edge: 28 <--> 7 	 Freq: 2.3 	 Demand: 1020
	Edge: 66 <--> 53 	 Freq: 2.3 	 Demand: 3913
	Route: 3
	Route length (801.0) and demand (8460)
	Edge: 25 <--> 26 	 Freq: 2.3 	 Demand: 4247
	Edge: 30 <--> 67 	 Freq: 2.3 	 Demand: 4213

Day 31, number of edges 59, number of routes 12

	Edges:

	Edge: 7 <--> 50 	 Freq: 3.5 	 Demand: 1530
	Edge: 4 <--> 5 	 Freq: 3.5 	 Demand: 2550
	Edge: 53 <--> 51 	 Freq: 3.5 	 Demand: 3568
	Edge: 68 <--> 69 	 Freq: 3.5 	 Demand: 3653
	Edge: 35 <--> 1 	 Freq: 3.5 	 Demand: 4235
	Edge: 14 <--> 15 	 Freq: 3.5 	 Demand: 3895
	Edge: 39 <--> 25 	 Freq: 3.5 	 Demand: 4080
	Edge: 78 <--> 71 	 Freq: 3.5 	 Demand: 3825
	Edge: 32 <--> 33 	 Freq: 3.5 	 Demand: 3777
	Edge: 67 <--> 66 	 Freq: 3.5 	 Demand: 3970
	Edge: 37 <--> 23 	 Freq: 3.5 	 Demand: 3060
	Edge: 34 <--> 0 	 Freq: 3.5 	 Demand: 3697
	Edge: 40 <--> 15 	 Freq: 3.5 	 Demand: 2244
	Edge: 43 <--> 70 	 Freq: 3.5 	 Demand: 3060
	Edge: 38 <--> 42 	 Freq: 3.5 	 Demand: 4031
	Edge: 36 <--> 16 	 Freq: 3.5 	 Demand: 3927
	Edge: 50 <--> 3 	 Freq: 3.5 	 Demand: 1530
	Edge: 61 <--> 60 	 Freq: 3.5 	 Demand: 2720
	Edge: 67 <--> 68 	 Freq: 3.5 	 Demand: 3656
	Edge: 61 <--> 62 	 Freq: 3.5 	 Demand: 4080
	Edge: 27 <--> 8 	 Freq: 3.5 	 Demand: 4182
	Edge: 40 <--> 41 	 Freq: 3.5 	 Demand: 3516
	Edge: 65 <--> 52 	 Freq: 3.5 	 Demand: 3974
	Edge: 34 <--> 66 	 Freq: 3.5 	 Demand: 1700
	Edge: 23 <--> 24 	 Freq: 3.5 	 Demand: 4080
	Edge: 27 <--> 3 	 Freq: 3.5 	 Demand: 3060
	Edge: 65 <--> 6 	 Freq: 7.0 	 Demand: 306
	Edge: 7 <--> 50 	 Freq: 7.0 	 Demand: 238
	Edge: 28 <--> 29 	 Freq: 7.0 	 Demand: 510
	Edge: 77 <--> 76 	 Freq: 7.0 	 Demand: 578
	Edge: 68 <--> 69 	 Freq: 7.0 	 Demand: 3508
	Edge: 74 <--> 72 	 Freq: 7.0 	 Demand: 153
	Edge: 3 <--> 49 	 Freq: 7.0 	 Demand: 1530
	Edge: 57 <--> 18 	 Freq: 7.0 	 Demand: 1394
	Edge: 78 <--> 71 	 Freq: 7.0 	 Demand: 238
	Edge: 76 <--> 75 	 Freq: 7.0 	 Demand: 510
	Edge: 12 <--> 73 	 Freq: 7.0 	 Demand: 935
	Edge: 11 <--> 73 	 Freq: 7.0 	 Demand: 357
	Edge: 73 <--> 74 	 Freq: 7.0 	 Demand: 663
	Edge: 31 <--> 77 	 Freq: 7.0 	 Demand: 1020
	Edge: 38 <--> 42 	 Freq: 7.0 	 Demand: 510
	Edge: 75 <--> 12 	 Freq: 7.0 	 Demand: 1207
	Edge: 46 <--> 56 	 Freq: 7.0 	 Demand: 408
	Edge: 70 <--> 47 	 Freq: 7.0 	 Demand: 1105
	Edge: 45 <--> 74 	 Freq: 7.0 	 Demand: 119
	Edge: 36 <--> 24 	 Freq: 7.0 	 Demand: 765
	Edge: 13 <--> 9 	 Freq: 7.0 	 Demand: 816
	Edge: 10 <--> 11 	 Freq: 7.0 	 Demand: 663
	Edge: 61 <--> 60 	 Freq: 7.0 	 Demand: 510
	Edge: 9 <--> 47 	 Freq: 7.0 	 Demand: 561
	Edge: 21 <--> 22 	 Freq: 7.0 	 Demand: 1020
	Edge: 18 <--> 58 	 Freq: 7.0 	 Demand: 578
	Edge: 25 <--> 26 	 Freq: 7.0 	 Demand: 510
	Edge: 70 <--> 13 	 Freq: 7.0 	 Demand: 2278
	Edge: 48 <--> 9 	 Freq: 7.0 	 Demand: 918
	Edge: 45 <--> 10 	 Freq: 7.0 	 Demand: 765
	Edge: 71 <--> 72 	 Freq: 7.0 	 Demand: 1836
	Edge: 28 <--> 7 	 Freq: 2.3 	 Demand: 1020
	Edge: 21 <--> 59 	 Freq: 7.0 	 Demand: 578

	Routes:

	Route: 1
	Route length (1099.0) and demand (11631)
	Edge: 76 <--> 75 	 Freq: 7.0 	 Demand: 510
	Edge: 77 <--> 76 	 Freq: 7.0 	 Demand: 578
	Edge: 9 <--> 47 	 Freq: 7.0 	 Demand: 561
	Edge: 70 <--> 47 	 Freq: 7.0 	 Demand: 1105
	Edge: 39 <--> 25 	 Freq: 3.5 	 Demand: 4080
	Edge: 31 <--> 77 	 Freq: 7.0 	 Demand: 1020
	Edge: 32 <--> 33 	 Freq: 3.5 	 Demand: 3777
	Route: 2
	Route length (1308.0) and demand (10219)
	Edge: 40 <--> 15 	 Freq: 3.5 	 Demand: 2244
	Edge: 14 <--> 15 	 Freq: 3.5 	 Demand: 3895
	Edge: 21 <--> 22 	 Freq: 7.0 	 Demand: 1020
	Edge: 21 <--> 59 	 Freq: 7.0 	 Demand: 578
	Edge: 18 <--> 58 	 Freq: 7.0 	 Demand: 578
	Edge: 57 <--> 18 	 Freq: 7.0 	 Demand: 1394
	Edge: 38 <--> 42 	 Freq: 7.0 	 Demand: 510
	Route: 3
	Route length (653.0) and demand (9852)
	Edge: 27 <--> 8 	 Freq: 3.5 	 Demand: 4182
	Edge: 67 <--> 66 	 Freq: 3.5 	 Demand: 3970
	Edge: 34 <--> 66 	 Freq: 3.5 	 Demand: 1700
	Route: 4
	Route length (1337.0) and demand (11290)
	Edge: 78 <--> 71 	 Freq: 7.0 	 Demand: 238
	Edge: 10 <--> 11 	 Freq: 7.0 	 Demand: 663
	Edge: 13 <--> 9 	 Freq: 7.0 	 Demand: 816
	Edge: 70 <--> 13 	 Freq: 7.0 	 Demand: 2278
	Edge: 43 <--> 70 	 Freq: 3.5 	 Demand: 3060
	Edge: 35 <--> 1 	 Freq: 3.5 	 Demand: 4235
	Route: 5
	Route length (1296.0) and demand (11968)
	Edge: 27 <--> 3 	 Freq: 3.5 	 Demand: 3060
	Edge: 3 <--> 49 	 Freq: 7.0 	 Demand: 1530
	Edge: 4 <--> 5 	 Freq: 3.5 	 Demand: 2550
	Edge: 50 <--> 3 	 Freq: 3.5 	 Demand: 1530
	Edge: 7 <--> 50 	 Freq: 3.5 	 Demand: 1530
	Edge: 7 <--> 50 	 Freq: 7.0 	 Demand: 238
	Edge: 28 <--> 7 	 Freq: 2.3 	 Demand: 1020
	Edge: 28 <--> 29 	 Freq: 7.0 	 Demand: 510
	Route: 6
	Route length (81.0) and demand (3697)
	Edge: 34 <--> 0 	 Freq: 3.5 	 Demand: 3697
	Route: 7
	Route length (1156.0) and demand (11327)
	Edge: 68 <--> 69 	 Freq: 3.5 	 Demand: 3653
	Edge: 68 <--> 69 	 Freq: 7.0 	 Demand: 3508
	Edge: 67 <--> 68 	 Freq: 3.5 	 Demand: 3656
	Edge: 25 <--> 26 	 Freq: 7.0 	 Demand: 510
	Route: 8
	Route length (264.0) and demand (4031)
	Edge: 38 <--> 42 	 Freq: 3.5 	 Demand: 4031
	Route: 9
	Route length (948.0) and demand (7848)
	Edge: 65 <--> 6 	 Freq: 7.0 	 Demand: 306
	Edge: 65 <--> 52 	 Freq: 3.5 	 Demand: 3974
	Edge: 53 <--> 51 	 Freq: 3.5 	 Demand: 3568
	Route: 10
	Route length (1294.0) and demand (11591)
	Edge: 61 <--> 62 	 Freq: 3.5 	 Demand: 4080
	Edge: 61 <--> 60 	 Freq: 7.0 	 Demand: 510
	Edge: 61 <--> 60 	 Freq: 3.5 	 Demand: 2720
	Edge: 40 <--> 41 	 Freq: 3.5 	 Demand: 3516
	Edge: 36 <--> 24 	 Freq: 7.0 	 Demand: 765
	Route: 11
	Route length (1678.0) and demand (11186)
	Edge: 78 <--> 71 	 Freq: 3.5 	 Demand: 3825
	Edge: 71 <--> 72 	 Freq: 7.0 	 Demand: 1836
	Edge: 46 <--> 56 	 Freq: 7.0 	 Demand: 408
	Edge: 74 <--> 72 	 Freq: 7.0 	 Demand: 153
	Edge: 48 <--> 9 	 Freq: 7.0 	 Demand: 918
	Edge: 45 <--> 10 	 Freq: 7.0 	 Demand: 765
	Edge: 45 <--> 74 	 Freq: 7.0 	 Demand: 119
	Edge: 73 <--> 74 	 Freq: 7.0 	 Demand: 663
	Edge: 11 <--> 73 	 Freq: 7.0 	 Demand: 357
	Edge: 12 <--> 73 	 Freq: 7.0 	 Demand: 935
	Edge: 75 <--> 12 	 Freq: 7.0 	 Demand: 1207
	Route: 12
	Route length (795.0) and demand (11067)
	Edge: 36 <--> 16 	 Freq: 3.5 	 Demand: 3927
	Edge: 23 <--> 24 	 Freq: 3.5 	 Demand: 4080
	Edge: 37 <--> 23 	 Freq: 3.5 	 Demand: 3060

Day 32, number of edges 15, number of routes 4

	Edges:

	Edge: 28 <--> 7 	 Freq: 2.3 	 Demand: 1020
	Edge: 3 <--> 49 	 Freq: 2.3 	 Demand: 3570
	Edge: 25 <--> 26 	 Freq: 2.3 	 Demand: 4247
	Edge: 54 <--> 20 	 Freq: 2.3 	 Demand: 4080
	Edge: 30 <--> 67 	 Freq: 2.3 	 Demand: 4213
	Edge: 66 <--> 53 	 Freq: 2.3 	 Demand: 3913
	Edge: 0 <--> 71 	 Freq: 7.0 	 Demand: 1870
	Edge: 50 <--> 3 	 Freq: 7.0 	 Demand: 3060
	Edge: 27 <--> 8 	 Freq: 7.0 	 Demand: 833
	Edge: 55 <--> 19 	 Freq: 7.0 	 Demand: 782
	Edge: 6 <--> 7 	 Freq: 7.0 	 Demand: 1955
	Edge: 18 <--> 19 	 Freq: 7.0 	 Demand: 2686
	Edge: 66 <--> 53 	 Freq: 7.0 	 Demand: 510
	Edge: 34 <--> 66 	 Freq: 7.0 	 Demand: 3604
	Edge: 27 <--> 3 	 Freq: 7.0 	 Demand: 4751

	Routes:

	Route: 1
	Route length (801.0) and demand (8460)
	Edge: 30 <--> 67 	 Freq: 2.3 	 Demand: 4213
	Edge: 25 <--> 26 	 Freq: 2.3 	 Demand: 4247
	Route: 2
	Route length (1276.0) and demand (11835)
	Edge: 34 <--> 66 	 Freq: 7.0 	 Demand: 3604
	Edge: 66 <--> 53 	 Freq: 7.0 	 Demand: 510
	Edge: 66 <--> 53 	 Freq: 2.3 	 Demand: 3913
	Edge: 28 <--> 7 	 Freq: 2.3 	 Demand: 1020
	Edge: 6 <--> 7 	 Freq: 7.0 	 Demand: 1955
	Edge: 27 <--> 8 	 Freq: 7.0 	 Demand: 833
	Route: 3
	Route length (1298.0) and demand (9418)
	Edge: 0 <--> 71 	 Freq: 7.0 	 Demand: 1870
	Edge: 54 <--> 20 	 Freq: 2.3 	 Demand: 4080
	Edge: 55 <--> 19 	 Freq: 7.0 	 Demand: 782
	Edge: 18 <--> 19 	 Freq: 7.0 	 Demand: 2686
	Route: 4
	Route length (1040.0) and demand (11381)
	Edge: 3 <--> 49 	 Freq: 2.3 	 Demand: 3570
	Edge: 50 <--> 3 	 Freq: 7.0 	 Demand: 3060
	Edge: 27 <--> 3 	 Freq: 7.0 	 Demand: 4751

Day 33, number of edges 0, number of routes 0

	Edges:


	Routes:


Day 34, number of edges 0, number of routes 0

	Edges:


	Routes:


Day 35, number of edges 48, number of routes 13

	Edges:

	Edge: 30 <--> 67 	 Freq: 2.3 	 Demand: 4213
	Edge: 25 <--> 26 	 Freq: 2.3 	 Demand: 4247
	Edge: 66 <--> 53 	 Freq: 2.3 	 Demand: 3913
	Edge: 54 <--> 20 	 Freq: 2.3 	 Demand: 4080
	Edge: 28 <--> 7 	 Freq: 2.3 	 Demand: 1020
	Edge: 3 <--> 49 	 Freq: 2.3 	 Demand: 3570
	Edge: 7 <--> 50 	 Freq: 3.5 	 Demand: 1530
	Edge: 4 <--> 5 	 Freq: 3.5 	 Demand: 2550
	Edge: 53 <--> 51 	 Freq: 3.5 	 Demand: 3568
	Edge: 68 <--> 69 	 Freq: 3.5 	 Demand: 3653
	Edge: 35 <--> 1 	 Freq: 3.5 	 Demand: 4235
	Edge: 14 <--> 15 	 Freq: 3.5 	 Demand: 3895
	Edge: 39 <--> 25 	 Freq: 3.5 	 Demand: 4080
	Edge: 78 <--> 71 	 Freq: 3.5 	 Demand: 3825
	Edge: 32 <--> 33 	 Freq: 3.5 	 Demand: 3777
	Edge: 67 <--> 66 	 Freq: 3.5 	 Demand: 3970
	Edge: 37 <--> 23 	 Freq: 3.5 	 Demand: 3060
	Edge: 34 <--> 0 	 Freq: 3.5 	 Demand: 3697
	Edge: 40 <--> 15 	 Freq: 3.5 	 Demand: 2244
	Edge: 43 <--> 70 	 Freq: 3.5 	 Demand: 3060
	Edge: 38 <--> 42 	 Freq: 3.5 	 Demand: 4031
	Edge: 36 <--> 16 	 Freq: 3.5 	 Demand: 3927
	Edge: 50 <--> 3 	 Freq: 3.5 	 Demand: 1530
	Edge: 61 <--> 60 	 Freq: 3.5 	 Demand: 2720
	Edge: 67 <--> 68 	 Freq: 3.5 	 Demand: 3656
	Edge: 61 <--> 62 	 Freq: 3.5 	 Demand: 4080
	Edge: 27 <--> 8 	 Freq: 3.5 	 Demand: 4182
	Edge: 40 <--> 41 	 Freq: 3.5 	 Demand: 3516
	Edge: 65 <--> 52 	 Freq: 3.5 	 Demand: 3974
	Edge: 34 <--> 66 	 Freq: 3.5 	 Demand: 1700
	Edge: 23 <--> 24 	 Freq: 3.5 	 Demand: 4080
	Edge: 27 <--> 3 	 Freq: 3.5 	 Demand: 3060
	Edge: 38 <--> 42 	 Freq: 14.0 	 Demand: 1870
	Edge: 25 <--> 26 	 Freq: 14.0 	 Demand: 680
	Edge: 23 <--> 24 	 Freq: 14.0 	 Demand: 1870
	Edge: 65 <--> 6 	 Freq: 7.0 	 Demand: 306
	Edge: 68 <--> 69 	 Freq: 7.0 	 Demand: 3508
	Edge: 44 <--> 77 	 Freq: 7.0 	 Demand: 612
	Edge: 0 <--> 27 	 Freq: 7.0 	 Demand: 306
	Edge: 37 <--> 23 	 Freq: 7.0 	 Demand: 1683
	Edge: 43 <--> 70 	 Freq: 7.0 	 Demand: 204
	Edge: 13 <--> 9 	 Freq: 7.0 	 Demand: 816
	Edge: 10 <--> 44 	 Freq: 7.0 	 Demand: 646
	Edge: 42 <--> 57 	 Freq: 7.0 	 Demand: 1989
	Edge: 9 <--> 47 	 Freq: 7.0 	 Demand: 561
	Edge: 70 <--> 13 	 Freq: 7.0 	 Demand: 2278
	Edge: 71 <--> 72 	 Freq: 7.0 	 Demand: 1836
	Edge: 58 <--> 21 	 Freq: 7.0 	 Demand: 306

	Routes:

	Route: 1
	Route length (836.0) and demand (10693)
	Edge: 37 <--> 23 	 Freq: 7.0 	 Demand: 1683
	Edge: 23 <--> 24 	 Freq: 14.0 	 Demand: 1870
	Edge: 23 <--> 24 	 Freq: 3.5 	 Demand: 4080
	Edge: 37 <--> 23 	 Freq: 3.5 	 Demand: 3060
	Route: 2
	Route length (827.0) and demand (8315)
	Edge: 35 <--> 1 	 Freq: 3.5 	 Demand: 4235
	Edge: 39 <--> 25 	 Freq: 3.5 	 Demand: 4080
	Route: 3
	Route length (1189.0) and demand (10316)
	Edge: 61 <--> 62 	 Freq: 3.5 	 Demand: 4080
	Edge: 61 <--> 60 	 Freq: 3.5 	 Demand: 2720
	Edge: 40 <--> 41 	 Freq: 3.5 	 Demand: 3516
	Route: 4
	Route length (1016.0) and demand (11522)
	Edge: 27 <--> 8 	 Freq: 3.5 	 Demand: 4182
	Edge: 65 <--> 6 	 Freq: 7.0 	 Demand: 306
	Edge: 65 <--> 52 	 Freq: 3.5 	 Demand: 3974
	Edge: 27 <--> 3 	 Freq: 3.5 	 Demand: 3060
	Route: 5
	Route length (1579.0) and demand (8177)
	Edge: 10 <--> 44 	 Freq: 7.0 	 Demand: 646
	Edge: 13 <--> 9 	 Freq: 7.0 	 Demand: 816
	Edge: 9 <--> 47 	 Freq: 7.0 	 Demand: 561
	Edge: 70 <--> 13 	 Freq: 7.0 	 Demand: 2278
	Edge: 43 <--> 70 	 Freq: 3.5 	 Demand: 3060
	Edge: 43 <--> 70 	 Freq: 7.0 	 Demand: 204
	Edge: 44 <--> 77 	 Freq: 7.0 	 Demand: 612
	Route: 6
	Route length (1080.0) and demand (9775)
	Edge: 38 <--> 42 	 Freq: 14.0 	 Demand: 1870
	Edge: 42 <--> 57 	 Freq: 7.0 	 Demand: 1989
	Edge: 54 <--> 20 	 Freq: 2.3 	 Demand: 4080
	Edge: 71 <--> 72 	 Freq: 7.0 	 Demand: 1836
	Route: 7
	Route length (715.0) and demand (11880)
	Edge: 30 <--> 67 	 Freq: 2.3 	 Demand: 4213
	Edge: 67 <--> 66 	 Freq: 3.5 	 Demand: 3970
	Edge: 34 <--> 0 	 Freq: 3.5 	 Demand: 3697
	Route: 8
	Route length (1065.0) and demand (10372)
	Edge: 40 <--> 15 	 Freq: 3.5 	 Demand: 2244
	Edge: 14 <--> 15 	 Freq: 3.5 	 Demand: 3895
	Edge: 58 <--> 21 	 Freq: 7.0 	 Demand: 306
	Edge: 36 <--> 16 	 Freq: 3.5 	 Demand: 3927
	Route: 9
	Route length (1156.0) and demand (11497)
	Edge: 68 <--> 69 	 Freq: 3.5 	 Demand: 3653
	Edge: 68 <--> 69 	 Freq: 7.0 	 Demand: 3508
	Edge: 67 <--> 68 	 Freq: 3.5 	 Demand: 3656
	Edge: 25 <--> 26 	 Freq: 14.0 	 Demand: 680
	Route: 10
	Route length (1248.0) and demand (10506)
	Edge: 4 <--> 5 	 Freq: 3.5 	 Demand: 2550
	Edge: 3 <--> 49 	 Freq: 2.3 	 Demand: 3570
	Edge: 50 <--> 3 	 Freq: 3.5 	 Demand: 1530
	Edge: 7 <--> 50 	 Freq: 3.5 	 Demand: 1530
	Edge: 28 <--> 7 	 Freq: 2.3 	 Demand: 1020
	Edge: 0 <--> 27 	 Freq: 7.0 	 Demand: 306
	Route: 11
	Route length (960.0) and demand (9181)
	Edge: 53 <--> 51 	 Freq: 3.5 	 Demand: 3568
	Edge: 66 <--> 53 	 Freq: 2.3 	 Demand: 3913
	Edge: 34 <--> 66 	 Freq: 3.5 	 Demand: 1700
	Route: 12
	Route length (801.0) and demand (11849)
	Edge: 78 <--> 71 	 Freq: 3.5 	 Demand: 3825
	Edge: 25 <--> 26 	 Freq: 2.3 	 Demand: 4247
	Edge: 32 <--> 33 	 Freq: 3.5 	 Demand: 3777
	Route: 13
	Route length (264.0) and demand (4031)
	Edge: 38 <--> 42 	 Freq: 3.5 	 Demand: 4031

Day 36, number of edges 7, number of routes 3

	Edges:

	Edge: 16 <--> 58 	 Freq: 7.0 	 Demand: 2822
	Edge: 61 <--> 62 	 Freq: 7.0 	 Demand: 1530
	Edge: 15 <--> 22 	 Freq: 7.0 	 Demand: 4080
	Edge: 30 <--> 67 	 Freq: 7.0 	 Demand: 204
	Edge: 57 <--> 55 	 Freq: 7.0 	 Demand: 2992
	Edge: 23 <--> 24 	 Freq: 7.0 	 Demand: 3978
	Edge: 23 <--> 63 	 Freq: 7.0 	 Demand: 4998

	Routes:

	Route: 1
	Route length (556.0) and demand (204)
	Edge: 30 <--> 67 	 Freq: 7.0 	 Demand: 204
	Route: 2
	Route length (1718.0) and demand (11424)
	Edge: 61 <--> 62 	 Freq: 7.0 	 Demand: 1530
	Edge: 15 <--> 22 	 Freq: 7.0 	 Demand: 4080
	Edge: 16 <--> 58 	 Freq: 7.0 	 Demand: 2822
	Edge: 57 <--> 55 	 Freq: 7.0 	 Demand: 2992
	Route: 3
	Route length (848.0) and demand (8976)
	Edge: 23 <--> 24 	 Freq: 7.0 	 Demand: 3978
	Edge: 23 <--> 63 	 Freq: 7.0 	 Demand: 4998

Day 37, number of edges 7, number of routes 3

	Edges:

	Edge: 3 <--> 49 	 Freq: 2.3 	 Demand: 3570
	Edge: 28 <--> 7 	 Freq: 2.3 	 Demand: 1020
	Edge: 25 <--> 26 	 Freq: 2.3 	 Demand: 4247
	Edge: 54 <--> 20 	 Freq: 2.3 	 Demand: 4080
	Edge: 30 <--> 67 	 Freq: 2.3 	 Demand: 4213
	Edge: 66 <--> 53 	 Freq: 2.3 	 Demand: 3913
	Edge: 42 <--> 16 	 Freq: 7.0 	 Demand: 1173

	Routes:

	Route: 1
	Route length (801.0) and demand (8460)
	Edge: 25 <--> 26 	 Freq: 2.3 	 Demand: 4247
	Edge: 30 <--> 67 	 Freq: 2.3 	 Demand: 4213
	Route: 2
	Route length (1277.0) and demand (8503)
	Edge: 3 <--> 49 	 Freq: 2.3 	 Demand: 3570
	Edge: 28 <--> 7 	 Freq: 2.3 	 Demand: 1020
	Edge: 66 <--> 53 	 Freq: 2.3 	 Demand: 3913
	Route: 3
	Route length (1222.0) and demand (5253)
	Edge: 54 <--> 20 	 Freq: 2.3 	 Demand: 4080
	Edge: 42 <--> 16 	 Freq: 7.0 	 Demand: 1173

Day 38, number of edges 44, number of routes 10

	Edges:

	Edge: 7 <--> 50 	 Freq: 3.5 	 Demand: 1530
	Edge: 4 <--> 5 	 Freq: 3.5 	 Demand: 2550
	Edge: 53 <--> 51 	 Freq: 3.5 	 Demand: 3568
	Edge: 68 <--> 69 	 Freq: 3.5 	 Demand: 3653
	Edge: 35 <--> 1 	 Freq: 3.5 	 Demand: 4235
	Edge: 14 <--> 15 	 Freq: 3.5 	 Demand: 3895
	Edge: 39 <--> 25 	 Freq: 3.5 	 Demand: 4080
	Edge: 78 <--> 71 	 Freq: 3.5 	 Demand: 3825
	Edge: 32 <--> 33 	 Freq: 3.5 	 Demand: 3777
	Edge: 67 <--> 66 	 Freq: 3.5 	 Demand: 3970
	Edge: 37 <--> 23 	 Freq: 3.5 	 Demand: 3060
	Edge: 34 <--> 0 	 Freq: 3.5 	 Demand: 3697
	Edge: 40 <--> 15 	 Freq: 3.5 	 Demand: 2244
	Edge: 43 <--> 70 	 Freq: 3.5 	 Demand: 3060
	Edge: 38 <--> 42 	 Freq: 3.5 	 Demand: 4031
	Edge: 36 <--> 16 	 Freq: 3.5 	 Demand: 3927
	Edge: 50 <--> 3 	 Freq: 3.5 	 Demand: 1530
	Edge: 61 <--> 60 	 Freq: 3.5 	 Demand: 2720
	Edge: 67 <--> 68 	 Freq: 3.5 	 Demand: 3656
	Edge: 61 <--> 62 	 Freq: 3.5 	 Demand: 4080
	Edge: 27 <--> 8 	 Freq: 3.5 	 Demand: 4182
	Edge: 40 <--> 41 	 Freq: 3.5 	 Demand: 3516
	Edge: 65 <--> 52 	 Freq: 3.5 	 Demand: 3974
	Edge: 34 <--> 66 	 Freq: 3.5 	 Demand: 1700
	Edge: 23 <--> 24 	 Freq: 3.5 	 Demand: 4080
	Edge: 27 <--> 3 	 Freq: 3.5 	 Demand: 3060
	Edge: 28 <--> 29 	 Freq: 7.0 	 Demand: 510
	Edge: 77 <--> 76 	 Freq: 7.0 	 Demand: 578
	Edge: 74 <--> 72 	 Freq: 7.0 	 Demand: 153
	Edge: 3 <--> 49 	 Freq: 7.0 	 Demand: 1530
	Edge: 78 <--> 71 	 Freq: 7.0 	 Demand: 238
	Edge: 76 <--> 75 	 Freq: 7.0 	 Demand: 510
	Edge: 0 <--> 27 	 Freq: 7.0 	 Demand: 306
	Edge: 11 <--> 73 	 Freq: 7.0 	 Demand: 357
	Edge: 73 <--> 74 	 Freq: 7.0 	 Demand: 663
	Edge: 31 <--> 77 	 Freq: 7.0 	 Demand: 1020
	Edge: 38 <--> 42 	 Freq: 7.0 	 Demand: 510
	Edge: 46 <--> 56 	 Freq: 7.0 	 Demand: 408
	Edge: 36 <--> 24 	 Freq: 7.0 	 Demand: 765
	Edge: 10 <--> 11 	 Freq: 7.0 	 Demand: 663
	Edge: 10 <--> 44 	 Freq: 7.0 	 Demand: 646
	Edge: 21 <--> 22 	 Freq: 7.0 	 Demand: 1020
	Edge: 25 <--> 26 	 Freq: 7.0 	 Demand: 510
	Edge: 21 <--> 59 	 Freq: 7.0 	 Demand: 578

	Routes:

	Route: 1
	Route length (922.0) and demand (11903)
	Edge: 78 <--> 71 	 Freq: 7.0 	 Demand: 238
	Edge: 76 <--> 75 	 Freq: 7.0 	 Demand: 510
	Edge: 77 <--> 76 	 Freq: 7.0 	 Demand: 578
	Edge: 31 <--> 77 	 Freq: 7.0 	 Demand: 1020
	Edge: 39 <--> 25 	 Freq: 3.5 	 Demand: 4080
	Edge: 32 <--> 33 	 Freq: 3.5 	 Demand: 3777
	Edge: 34 <--> 66 	 Freq: 3.5 	 Demand: 1700
	Route: 2
	Route length (770.0) and demand (11681)
	Edge: 38 <--> 42 	 Freq: 7.0 	 Demand: 510
	Edge: 38 <--> 42 	 Freq: 3.5 	 Demand: 4031
	Edge: 37 <--> 23 	 Freq: 3.5 	 Demand: 3060
	Edge: 23 <--> 24 	 Freq: 3.5 	 Demand: 4080
	Route: 3
	Route length (1189.0) and demand (11081)
	Edge: 61 <--> 62 	 Freq: 3.5 	 Demand: 4080
	Edge: 61 <--> 60 	 Freq: 3.5 	 Demand: 2720
	Edge: 40 <--> 41 	 Freq: 3.5 	 Demand: 3516
	Edge: 36 <--> 24 	 Freq: 7.0 	 Demand: 765
	Route: 4
	Route length (1015.0) and demand (11216)
	Edge: 27 <--> 8 	 Freq: 3.5 	 Demand: 4182
	Edge: 65 <--> 52 	 Freq: 3.5 	 Demand: 3974
	Edge: 27 <--> 3 	 Freq: 3.5 	 Demand: 3060
	Route: 5
	Route length (1107.0) and demand (11789)
	Edge: 67 <--> 66 	 Freq: 3.5 	 Demand: 3970
	Edge: 68 <--> 69 	 Freq: 3.5 	 Demand: 3653
	Edge: 67 <--> 68 	 Freq: 3.5 	 Demand: 3656
	Edge: 25 <--> 26 	 Freq: 7.0 	 Demand: 510
	Route: 6
	Route length (242.0) and demand (3825)
	Edge: 78 <--> 71 	 Freq: 3.5 	 Demand: 3825
	Route: 7
	Route length (1716.0) and demand (10185)
	Edge: 46 <--> 56 	 Freq: 7.0 	 Demand: 408
	Edge: 74 <--> 72 	 Freq: 7.0 	 Demand: 153
	Edge: 73 <--> 74 	 Freq: 7.0 	 Demand: 663
	Edge: 11 <--> 73 	 Freq: 7.0 	 Demand: 357
	Edge: 10 <--> 11 	 Freq: 7.0 	 Demand: 663
	Edge: 10 <--> 44 	 Freq: 7.0 	 Demand: 646
	Edge: 43 <--> 70 	 Freq: 3.5 	 Demand: 3060
	Edge: 35 <--> 1 	 Freq: 3.5 	 Demand: 4235
	Route: 8
	Route length (81.0) and demand (3697)
	Edge: 34 <--> 0 	 Freq: 3.5 	 Demand: 3697
	Route: 9
	Route length (1303.0) and demand (11664)
	Edge: 21 <--> 59 	 Freq: 7.0 	 Demand: 578
	Edge: 21 <--> 22 	 Freq: 7.0 	 Demand: 1020
	Edge: 14 <--> 15 	 Freq: 3.5 	 Demand: 3895
	Edge: 40 <--> 15 	 Freq: 3.5 	 Demand: 2244
	Edge: 36 <--> 16 	 Freq: 3.5 	 Demand: 3927
	Route: 10
	Route length (1411.0) and demand (11524)
	Edge: 53 <--> 51 	 Freq: 3.5 	 Demand: 3568
	Edge: 28 <--> 29 	 Freq: 7.0 	 Demand: 510
	Edge: 7 <--> 50 	 Freq: 3.5 	 Demand: 1530
	Edge: 50 <--> 3 	 Freq: 3.5 	 Demand: 1530
	Edge: 4 <--> 5 	 Freq: 3.5 	 Demand: 2550
	Edge: 3 <--> 49 	 Freq: 7.0 	 Demand: 1530
	Edge: 0 <--> 27 	 Freq: 7.0 	 Demand: 306

Day 39, number of edges 16, number of routes 5

	Edges:

	Edge: 3 <--> 49 	 Freq: 2.3 	 Demand: 3570
	Edge: 28 <--> 7 	 Freq: 2.3 	 Demand: 1020
	Edge: 25 <--> 26 	 Freq: 2.3 	 Demand: 4247
	Edge: 54 <--> 20 	 Freq: 2.3 	 Demand: 4080
	Edge: 30 <--> 67 	 Freq: 2.3 	 Demand: 4213
	Edge: 66 <--> 53 	 Freq: 2.3 	 Demand: 3913
	Edge: 0 <--> 71 	 Freq: 7.0 	 Demand: 1870
	Edge: 70 <--> 47 	 Freq: 7.0 	 Demand: 1105
	Edge: 50 <--> 3 	 Freq: 7.0 	 Demand: 3060
	Edge: 48 <--> 9 	 Freq: 7.0 	 Demand: 918
	Edge: 45 <--> 10 	 Freq: 7.0 	 Demand: 765
	Edge: 6 <--> 7 	 Freq: 7.0 	 Demand: 1955
	Edge: 34 <--> 66 	 Freq: 7.0 	 Demand: 3604
	Edge: 23 <--> 24 	 Freq: 7.0 	 Demand: 3978
	Edge: 23 <--> 63 	 Freq: 7.0 	 Demand: 4998
	Edge: 27 <--> 3 	 Freq: 7.0 	 Demand: 4751

	Routes:

	Route: 1
	Route length (848.0) and demand (8976)
	Edge: 23 <--> 24 	 Freq: 7.0 	 Demand: 3978
	Edge: 23 <--> 63 	 Freq: 7.0 	 Demand: 4998
	Route: 2
	Route length (1040.0) and demand (11381)
	Edge: 3 <--> 49 	 Freq: 2.3 	 Demand: 3570
	Edge: 50 <--> 3 	 Freq: 7.0 	 Demand: 3060
	Edge: 27 <--> 3 	 Freq: 7.0 	 Demand: 4751
	Route: 3
	Route length (1971.0) and demand (11115)
	Edge: 54 <--> 20 	 Freq: 2.3 	 Demand: 4080
	Edge: 45 <--> 10 	 Freq: 7.0 	 Demand: 765
	Edge: 48 <--> 9 	 Freq: 7.0 	 Demand: 918
	Edge: 70 <--> 47 	 Freq: 7.0 	 Demand: 1105
	Edge: 25 <--> 26 	 Freq: 2.3 	 Demand: 4247
	Route: 4
	Route length (1406.0) and demand (11101)
	Edge: 30 <--> 67 	 Freq: 2.3 	 Demand: 4213
	Edge: 66 <--> 53 	 Freq: 2.3 	 Demand: 3913
	Edge: 6 <--> 7 	 Freq: 7.0 	 Demand: 1955
	Edge: 28 <--> 7 	 Freq: 2.3 	 Demand: 1020
	Route: 5
	Route length (444.0) and demand (5474)
	Edge: 34 <--> 66 	 Freq: 7.0 	 Demand: 3604
	Edge: 0 <--> 71 	 Freq: 7.0 	 Demand: 1870

Day 40, number of edges 0, number of routes 0

	Edges:


	Routes:


Day 41, number of edges 0, number of routes 0

	Edges:


	Routes:


Day 42, number of edges 53, number of routes 13

	Edges:

	Edge: 30 <--> 67 	 Freq: 2.3 	 Demand: 4213
	Edge: 25 <--> 26 	 Freq: 2.3 	 Demand: 4247
	Edge: 66 <--> 53 	 Freq: 2.3 	 Demand: 3913
	Edge: 54 <--> 20 	 Freq: 2.3 	 Demand: 4080
	Edge: 28 <--> 7 	 Freq: 2.3 	 Demand: 1020
	Edge: 3 <--> 49 	 Freq: 2.3 	 Demand: 3570
	Edge: 7 <--> 50 	 Freq: 3.5 	 Demand: 1530
	Edge: 4 <--> 5 	 Freq: 3.5 	 Demand: 2550
	Edge: 53 <--> 51 	 Freq: 3.5 	 Demand: 3568
	Edge: 68 <--> 69 	 Freq: 3.5 	 Demand: 3653
	Edge: 35 <--> 1 	 Freq: 3.5 	 Demand: 4235
	Edge: 14 <--> 15 	 Freq: 3.5 	 Demand: 3895
	Edge: 39 <--> 25 	 Freq: 3.5 	 Demand: 4080
	Edge: 78 <--> 71 	 Freq: 3.5 	 Demand: 3825
	Edge: 32 <--> 33 	 Freq: 3.5 	 Demand: 3777
	Edge: 67 <--> 66 	 Freq: 3.5 	 Demand: 3970
	Edge: 37 <--> 23 	 Freq: 3.5 	 Demand: 3060
	Edge: 34 <--> 0 	 Freq: 3.5 	 Demand: 3697
	Edge: 40 <--> 15 	 Freq: 3.5 	 Demand: 2244
	Edge: 43 <--> 70 	 Freq: 3.5 	 Demand: 3060
	Edge: 38 <--> 42 	 Freq: 3.5 	 Demand: 4031
	Edge: 36 <--> 16 	 Freq: 3.5 	 Demand: 3927
	Edge: 50 <--> 3 	 Freq: 3.5 	 Demand: 1530
	Edge: 61 <--> 60 	 Freq: 3.5 	 Demand: 2720
	Edge: 67 <--> 68 	 Freq: 3.5 	 Demand: 3656
	Edge: 61 <--> 62 	 Freq: 3.5 	 Demand: 4080
	Edge: 27 <--> 8 	 Freq: 3.5 	 Demand: 4182
	Edge: 40 <--> 41 	 Freq: 3.5 	 Demand: 3516
	Edge: 65 <--> 52 	 Freq: 3.5 	 Demand: 3974
	Edge: 34 <--> 66 	 Freq: 3.5 	 Demand: 1700
	Edge: 23 <--> 24 	 Freq: 3.5 	 Demand: 4080
	Edge: 27 <--> 3 	 Freq: 3.5 	 Demand: 3060
	Edge: 43 <--> 70 	 Freq: 14.0 	 Demand: 1530
	Edge: 65 <--> 6 	 Freq: 7.0 	 Demand: 306
	Edge: 7 <--> 50 	 Freq: 7.0 	 Demand: 238
	Edge: 68 <--> 69 	 Freq: 7.0 	 Demand: 3508
	Edge: 44 <--> 77 	 Freq: 7.0 	 Demand: 612
	Edge: 57 <--> 18 	 Freq: 7.0 	 Demand: 1394
	Edge: 12 <--> 73 	 Freq: 7.0 	 Demand: 935
	Edge: 37 <--> 23 	 Freq: 7.0 	 Demand: 1683
	Edge: 43 <--> 70 	 Freq: 7.0 	 Demand: 204
	Edge: 75 <--> 12 	 Freq: 7.0 	 Demand: 1207
	Edge: 45 <--> 74 	 Freq: 7.0 	 Demand: 119
	Edge: 13 <--> 9 	 Freq: 7.0 	 Demand: 816
	Edge: 10 <--> 11 	 Freq: 7.0 	 Demand: 663
	Edge: 42 <--> 57 	 Freq: 7.0 	 Demand: 1989
	Edge: 61 <--> 60 	 Freq: 7.0 	 Demand: 510
	Edge: 9 <--> 47 	 Freq: 7.0 	 Demand: 561
	Edge: 21 <--> 22 	 Freq: 7.0 	 Demand: 1020
	Edge: 18 <--> 58 	 Freq: 7.0 	 Demand: 578
	Edge: 70 <--> 13 	 Freq: 7.0 	 Demand: 2278
	Edge: 71 <--> 72 	 Freq: 7.0 	 Demand: 1836
	Edge: 58 <--> 21 	 Freq: 7.0 	 Demand: 306

	Routes:

	Route: 1
	Route length (715.0) and demand (9883)
	Edge: 30 <--> 67 	 Freq: 2.3 	 Demand: 4213
	Edge: 67 <--> 66 	 Freq: 3.5 	 Demand: 3970
	Edge: 34 <--> 66 	 Freq: 3.5 	 Demand: 1700
	Route: 2
	Route length (1610.0) and demand (9724)
	Edge: 10 <--> 11 	 Freq: 7.0 	 Demand: 663
	Edge: 13 <--> 9 	 Freq: 7.0 	 Demand: 816
	Edge: 9 <--> 47 	 Freq: 7.0 	 Demand: 561
	Edge: 70 <--> 13 	 Freq: 7.0 	 Demand: 2278
	Edge: 43 <--> 70 	 Freq: 14.0 	 Demand: 1530
	Edge: 43 <--> 70 	 Freq: 3.5 	 Demand: 3060
	Edge: 43 <--> 70 	 Freq: 7.0 	 Demand: 204
	Edge: 44 <--> 77 	 Freq: 7.0 	 Demand: 612
	Route: 3
	Route length (489.0) and demand (5661)
	Edge: 78 <--> 71 	 Freq: 3.5 	 Demand: 3825
	Edge: 71 <--> 72 	 Freq: 7.0 	 Demand: 1836
	Route: 4
	Route length (641.0) and demand (11721)
	Edge: 25 <--> 26 	 Freq: 2.3 	 Demand: 4247
	Edge: 32 <--> 33 	 Freq: 3.5 	 Demand: 3777
	Edge: 34 <--> 0 	 Freq: 3.5 	 Demand: 3697
	Route: 5
	Route length (1101.0) and demand (10269)
	Edge: 66 <--> 53 	 Freq: 2.3 	 Demand: 3913
	Edge: 53 <--> 51 	 Freq: 3.5 	 Demand: 3568
	Edge: 28 <--> 7 	 Freq: 2.3 	 Demand: 1020
	Edge: 7 <--> 50 	 Freq: 7.0 	 Demand: 238
	Edge: 7 <--> 50 	 Freq: 3.5 	 Demand: 1530
	Route: 6
	Route length (1042.0) and demand (10817)
	Edge: 68 <--> 69 	 Freq: 3.5 	 Demand: 3653
	Edge: 68 <--> 69 	 Freq: 7.0 	 Demand: 3508
	Edge: 67 <--> 68 	 Freq: 3.5 	 Demand: 3656
	Route: 7
	Route length (827.0) and demand (8315)
	Edge: 35 <--> 1 	 Freq: 3.5 	 Demand: 4235
	Edge: 39 <--> 25 	 Freq: 3.5 	 Demand: 4080
	Route: 8
	Route length (936.0) and demand (11902)
	Edge: 14 <--> 15 	 Freq: 3.5 	 Demand: 3895
	Edge: 40 <--> 15 	 Freq: 3.5 	 Demand: 2244
	Edge: 23 <--> 24 	 Freq: 3.5 	 Demand: 4080
	Edge: 37 <--> 23 	 Freq: 7.0 	 Demand: 1683
	Route: 9
	Route length (1294.0) and demand (10826)
	Edge: 61 <--> 62 	 Freq: 3.5 	 Demand: 4080
	Edge: 61 <--> 60 	 Freq: 7.0 	 Demand: 510
	Edge: 61 <--> 60 	 Freq: 3.5 	 Demand: 2720
	Edge: 40 <--> 41 	 Freq: 3.5 	 Demand: 3516
	Route: 10
	Route length (1165.0) and demand (10710)
	Edge: 27 <--> 3 	 Freq: 3.5 	 Demand: 3060
	Edge: 50 <--> 3 	 Freq: 3.5 	 Demand: 1530
	Edge: 3 <--> 49 	 Freq: 2.3 	 Demand: 3570
	Edge: 4 <--> 5 	 Freq: 3.5 	 Demand: 2550
	Route: 11
	Route length (660.0) and demand (8462)
	Edge: 27 <--> 8 	 Freq: 3.5 	 Demand: 4182
	Edge: 65 <--> 6 	 Freq: 7.0 	 Demand: 306
	Edge: 65 <--> 52 	 Freq: 3.5 	 Demand: 3974
	Route: 12
	Route length (1431.0) and demand (11390)
	Edge: 37 <--> 23 	 Freq: 3.5 	 Demand: 3060
	Edge: 42 <--> 57 	 Freq: 7.0 	 Demand: 1989
	Edge: 54 <--> 20 	 Freq: 2.3 	 Demand: 4080
	Edge: 45 <--> 74 	 Freq: 7.0 	 Demand: 119
	Edge: 12 <--> 73 	 Freq: 7.0 	 Demand: 935
	Edge: 75 <--> 12 	 Freq: 7.0 	 Demand: 1207
	Route: 13
	Route length (1047.0) and demand (11256)
	Edge: 36 <--> 16 	 Freq: 3.5 	 Demand: 3927
	Edge: 21 <--> 22 	 Freq: 7.0 	 Demand: 1020
	Edge: 58 <--> 21 	 Freq: 7.0 	 Demand: 306
	Edge: 18 <--> 58 	 Freq: 7.0 	 Demand: 578
	Edge: 57 <--> 18 	 Freq: 7.0 	 Demand: 1394
	Edge: 38 <--> 42 	 Freq: 3.5 	 Demand: 4031

Day 43, number of edges 10, number of routes 3

	Edges:

	Edge: 16 <--> 58 	 Freq: 7.0 	 Demand: 2822
	Edge: 61 <--> 62 	 Freq: 7.0 	 Demand: 1530
	Edge: 27 <--> 8 	 Freq: 7.0 	 Demand: 833
	Edge: 55 <--> 19 	 Freq: 7.0 	 Demand: 782
	Edge: 42 <--> 16 	 Freq: 7.0 	 Demand: 1173
	Edge: 15 <--> 22 	 Freq: 7.0 	 Demand: 4080
	Edge: 30 <--> 67 	 Freq: 7.0 	 Demand: 204
	Edge: 57 <--> 55 	 Freq: 7.0 	 Demand: 2992
	Edge: 18 <--> 19 	 Freq: 7.0 	 Demand: 2686
	Edge: 66 <--> 53 	 Freq: 7.0 	 Demand: 510

	Routes:

	Route: 1
	Route length (1392.0) and demand (9605)
	Edge: 61 <--> 62 	 Freq: 7.0 	 Demand: 1530
	Edge: 15 <--> 22 	 Freq: 7.0 	 Demand: 4080
	Edge: 16 <--> 58 	 Freq: 7.0 	 Demand: 2822
	Edge: 42 <--> 16 	 Freq: 7.0 	 Demand: 1173
	Route: 2
	Route length (1136.0) and demand (6460)
	Edge: 57 <--> 55 	 Freq: 7.0 	 Demand: 2992
	Edge: 55 <--> 19 	 Freq: 7.0 	 Demand: 782
	Edge: 18 <--> 19 	 Freq: 7.0 	 Demand: 2686
	Route: 3
	Route length (924.0) and demand (1547)
	Edge: 27 <--> 8 	 Freq: 7.0 	 Demand: 833
	Edge: 66 <--> 53 	 Freq: 7.0 	 Demand: 510
	Edge: 30 <--> 67 	 Freq: 7.0 	 Demand: 204

Day 44, number of edges 6, number of routes 3

	Edges:

	Edge: 3 <--> 49 	 Freq: 2.3 	 Demand: 3570
	Edge: 28 <--> 7 	 Freq: 2.3 	 Demand: 1020
	Edge: 25 <--> 26 	 Freq: 2.3 	 Demand: 4247
	Edge: 54 <--> 20 	 Freq: 2.3 	 Demand: 4080
	Edge: 30 <--> 67 	 Freq: 2.3 	 Demand: 4213
	Edge: 66 <--> 53 	 Freq: 2.3 	 Demand: 3913

	Routes:

	Route: 1
	Route length (1076.0) and demand (4080)
	Edge: 54 <--> 20 	 Freq: 2.3 	 Demand: 4080
	Route: 2
	Route length (1277.0) and demand (8503)
	Edge: 3 <--> 49 	 Freq: 2.3 	 Demand: 3570
	Edge: 28 <--> 7 	 Freq: 2.3 	 Demand: 1020
	Edge: 66 <--> 53 	 Freq: 2.3 	 Demand: 3913
	Route: 3
	Route length (801.0) and demand (8460)
	Edge: 25 <--> 26 	 Freq: 2.3 	 Demand: 4247
	Edge: 30 <--> 67 	 Freq: 2.3 	 Demand: 4213

Day 45, number of edges 45, number of routes 12

	Edges:

	Edge: 7 <--> 50 	 Freq: 3.5 	 Demand: 1530
	Edge: 4 <--> 5 	 Freq: 3.5 	 Demand: 2550
	Edge: 53 <--> 51 	 Freq: 3.5 	 Demand: 3568
	Edge: 68 <--> 69 	 Freq: 3.5 	 Demand: 3653
	Edge: 35 <--> 1 	 Freq: 3.5 	 Demand: 4235
	Edge: 14 <--> 15 	 Freq: 3.5 	 Demand: 3895
	Edge: 39 <--> 25 	 Freq: 3.5 	 Demand: 4080
	Edge: 78 <--> 71 	 Freq: 3.5 	 Demand: 3825
	Edge: 32 <--> 33 	 Freq: 3.5 	 Demand: 3777
	Edge: 67 <--> 66 	 Freq: 3.5 	 Demand: 3970
	Edge: 37 <--> 23 	 Freq: 3.5 	 Demand: 3060
	Edge: 34 <--> 0 	 Freq: 3.5 	 Demand: 3697
	Edge: 40 <--> 15 	 Freq: 3.5 	 Demand: 2244
	Edge: 43 <--> 70 	 Freq: 3.5 	 Demand: 3060
	Edge: 38 <--> 42 	 Freq: 3.5 	 Demand: 4031
	Edge: 36 <--> 16 	 Freq: 3.5 	 Demand: 3927
	Edge: 50 <--> 3 	 Freq: 3.5 	 Demand: 1530
	Edge: 61 <--> 60 	 Freq: 3.5 	 Demand: 2720
	Edge: 67 <--> 68 	 Freq: 3.5 	 Demand: 3656
	Edge: 61 <--> 62 	 Freq: 3.5 	 Demand: 4080
	Edge: 27 <--> 8 	 Freq: 3.5 	 Demand: 4182
	Edge: 40 <--> 41 	 Freq: 3.5 	 Demand: 3516
	Edge: 65 <--> 52 	 Freq: 3.5 	 Demand: 3974
	Edge: 34 <--> 66 	 Freq: 3.5 	 Demand: 1700
	Edge: 23 <--> 24 	 Freq: 3.5 	 Demand: 4080
	Edge: 27 <--> 3 	 Freq: 3.5 	 Demand: 3060
	Edge: 28 <--> 29 	 Freq: 7.0 	 Demand: 510
	Edge: 77 <--> 76 	 Freq: 7.0 	 Demand: 578
	Edge: 74 <--> 72 	 Freq: 7.0 	 Demand: 153
	Edge: 3 <--> 49 	 Freq: 7.0 	 Demand: 1530
	Edge: 78 <--> 71 	 Freq: 7.0 	 Demand: 238
	Edge: 76 <--> 75 	 Freq: 7.0 	 Demand: 510
	Edge: 0 <--> 27 	 Freq: 7.0 	 Demand: 306
	Edge: 11 <--> 73 	 Freq: 7.0 	 Demand: 357
	Edge: 73 <--> 74 	 Freq: 7.0 	 Demand: 663
	Edge: 31 <--> 77 	 Freq: 7.0 	 Demand: 1020
	Edge: 46 <--> 56 	 Freq: 7.0 	 Demand: 408
	Edge: 36 <--> 24 	 Freq: 7.0 	 Demand: 765
	Edge: 10 <--> 44 	 Freq: 7.0 	 Demand: 646
	Edge: 25 <--> 26 	 Freq: 7.0 	 Demand: 510
	Edge: 3 <--> 49 	 Freq: 2.3 	 Demand: 3570
	Edge: 25 <--> 26 	 Freq: 2.3 	 Demand: 4247
	Edge: 54 <--> 20 	 Freq: 2.3 	 Demand: 4080
	Edge: 30 <--> 67 	 Freq: 2.3 	 Demand: 4213
	Edge: 21 <--> 59 	 Freq: 7.0 	 Demand: 578

	Routes:

	Route: 1
	Route length (858.0) and demand (10435)
	Edge: 25 <--> 26 	 Freq: 2.3 	 Demand: 4247
	Edge: 39 <--> 25 	 Freq: 3.5 	 Demand: 4080
	Edge: 31 <--> 77 	 Freq: 7.0 	 Demand: 1020
	Edge: 77 <--> 76 	 Freq: 7.0 	 Demand: 578
	Edge: 76 <--> 75 	 Freq: 7.0 	 Demand: 510
	Route: 2
	Route length (715.0) and demand (9883)
	Edge: 30 <--> 67 	 Freq: 2.3 	 Demand: 4213
	Edge: 67 <--> 66 	 Freq: 3.5 	 Demand: 3970
	Edge: 34 <--> 66 	 Freq: 3.5 	 Demand: 1700
	Route: 3
	Route length (1381.0) and demand (11112)
	Edge: 53 <--> 51 	 Freq: 3.5 	 Demand: 3568
	Edge: 28 <--> 29 	 Freq: 7.0 	 Demand: 510
	Edge: 65 <--> 52 	 Freq: 3.5 	 Demand: 3974
	Edge: 27 <--> 3 	 Freq: 3.5 	 Demand: 3060
	Route: 4
	Route length (1246.0) and demand (10644)
	Edge: 21 <--> 59 	 Freq: 7.0 	 Demand: 578
	Edge: 14 <--> 15 	 Freq: 3.5 	 Demand: 3895
	Edge: 40 <--> 15 	 Freq: 3.5 	 Demand: 2244
	Edge: 36 <--> 16 	 Freq: 3.5 	 Demand: 3927
	Route: 5
	Route length (81.0) and demand (3697)
	Edge: 34 <--> 0 	 Freq: 3.5 	 Demand: 3697
	Route: 6
	Route length (1228.0) and demand (11016)
	Edge: 7 <--> 50 	 Freq: 3.5 	 Demand: 1530
	Edge: 50 <--> 3 	 Freq: 3.5 	 Demand: 1530
	Edge: 3 <--> 49 	 Freq: 2.3 	 Demand: 3570
	Edge: 4 <--> 5 	 Freq: 3.5 	 Demand: 2550
	Edge: 3 <--> 49 	 Freq: 7.0 	 Demand: 1530
	Edge: 0 <--> 27 	 Freq: 7.0 	 Demand: 306
	Route: 7
	Route length (296.0) and demand (4182)
	Edge: 27 <--> 8 	 Freq: 3.5 	 Demand: 4182
	Route: 8
	Route length (1189.0) and demand (11081)
	Edge: 61 <--> 62 	 Freq: 3.5 	 Demand: 4080
	Edge: 61 <--> 60 	 Freq: 3.5 	 Demand: 2720
	Edge: 40 <--> 41 	 Freq: 3.5 	 Demand: 3516
	Edge: 36 <--> 24 	 Freq: 7.0 	 Demand: 765
	Route: 9
	Route length (684.0) and demand (11171)
	Edge: 38 <--> 42 	 Freq: 3.5 	 Demand: 4031
	Edge: 37 <--> 23 	 Freq: 3.5 	 Demand: 3060
	Edge: 23 <--> 24 	 Freq: 3.5 	 Demand: 4080
	Route: 10
	Route length (1275.0) and demand (9486)
	Edge: 54 <--> 20 	 Freq: 2.3 	 Demand: 4080
	Edge: 46 <--> 56 	 Freq: 7.0 	 Demand: 408
	Edge: 74 <--> 72 	 Freq: 7.0 	 Demand: 153
	Edge: 73 <--> 74 	 Freq: 7.0 	 Demand: 663
	Edge: 11 <--> 73 	 Freq: 7.0 	 Demand: 357
	Edge: 78 <--> 71 	 Freq: 3.5 	 Demand: 3825
	Route: 11
	Route length (1246.0) and demand (8179)
	Edge: 78 <--> 71 	 Freq: 7.0 	 Demand: 238
	Edge: 10 <--> 44 	 Freq: 7.0 	 Demand: 646
	Edge: 43 <--> 70 	 Freq: 3.5 	 Demand: 3060
	Edge: 35 <--> 1 	 Freq: 3.5 	 Demand: 4235
	Route: 12
	Route length (1107.0) and demand (11596)
	Edge: 68 <--> 69 	 Freq: 3.5 	 Demand: 3653
	Edge: 67 <--> 68 	 Freq: 3.5 	 Demand: 3656
	Edge: 25 <--> 26 	 Freq: 7.0 	 Demand: 510
	Edge: 32 <--> 33 	 Freq: 3.5 	 Demand: 3777

Day 46, number of edges 16, number of routes 5

	Edges:

	Edge: 30 <--> 67 	 Freq: 2.3 	 Demand: 4213
	Edge: 25 <--> 26 	 Freq: 2.3 	 Demand: 4247
	Edge: 54 <--> 20 	 Freq: 2.3 	 Demand: 4080
	Edge: 3 <--> 49 	 Freq: 2.3 	 Demand: 3570
	Edge: 28 <--> 7 	 Freq: 2.3 	 Demand: 1020
	Edge: 66 <--> 53 	 Freq: 2.3 	 Demand: 3913
	Edge: 0 <--> 71 	 Freq: 7.0 	 Demand: 1870
	Edge: 70 <--> 47 	 Freq: 7.0 	 Demand: 1105
	Edge: 50 <--> 3 	 Freq: 7.0 	 Demand: 3060
	Edge: 48 <--> 9 	 Freq: 7.0 	 Demand: 918
	Edge: 45 <--> 10 	 Freq: 7.0 	 Demand: 765
	Edge: 6 <--> 7 	 Freq: 7.0 	 Demand: 1955
	Edge: 34 <--> 66 	 Freq: 7.0 	 Demand: 3604
	Edge: 23 <--> 24 	 Freq: 7.0 	 Demand: 3978
	Edge: 23 <--> 63 	 Freq: 7.0 	 Demand: 4998
	Edge: 27 <--> 3 	 Freq: 7.0 	 Demand: 4751

	Routes:

	Route: 1
	Route length (848.0) and demand (8976)
	Edge: 23 <--> 24 	 Freq: 7.0 	 Demand: 3978
	Edge: 23 <--> 63 	 Freq: 7.0 	 Demand: 4998
	Route: 2
	Route length (1040.0) and demand (11381)
	Edge: 3 <--> 49 	 Freq: 2.3 	 Demand: 3570
	Edge: 50 <--> 3 	 Freq: 7.0 	 Demand: 3060
	Edge: 27 <--> 3 	 Freq: 7.0 	 Demand: 4751
	Route: 3
	Route length (1971.0) and demand (11115)
	Edge: 54 <--> 20 	 Freq: 2.3 	 Demand: 4080
	Edge: 45 <--> 10 	 Freq: 7.0 	 Demand: 765
	Edge: 48 <--> 9 	 Freq: 7.0 	 Demand: 918
	Edge: 70 <--> 47 	 Freq: 7.0 	 Demand: 1105
	Edge: 25 <--> 26 	 Freq: 2.3 	 Demand: 4247
	Route: 4
	Route length (1406.0) and demand (11101)
	Edge: 30 <--> 67 	 Freq: 2.3 	 Demand: 4213
	Edge: 66 <--> 53 	 Freq: 2.3 	 Demand: 3913
	Edge: 6 <--> 7 	 Freq: 7.0 	 Demand: 1955
	Edge: 28 <--> 7 	 Freq: 2.3 	 Demand: 1020
	Route: 5
	Route length (444.0) and demand (5474)
	Edge: 34 <--> 66 	 Freq: 7.0 	 Demand: 3604
	Edge: 0 <--> 71 	 Freq: 7.0 	 Demand: 1870

Day 47, number of edges 0, number of routes 0

	Edges:


	Routes:


Day 48, number of edges 0, number of routes 0

	Edges:


	Routes:


Day 49, number of edges 58, number of routes 14

	Edges:

	Edge: 30 <--> 67 	 Freq: 2.3 	 Demand: 4213
	Edge: 25 <--> 26 	 Freq: 2.3 	 Demand: 4247
	Edge: 66 <--> 53 	 Freq: 2.3 	 Demand: 3913
	Edge: 54 <--> 20 	 Freq: 2.3 	 Demand: 4080
	Edge: 28 <--> 7 	 Freq: 2.3 	 Demand: 1020
	Edge: 3 <--> 49 	 Freq: 2.3 	 Demand: 3570
	Edge: 7 <--> 50 	 Freq: 3.5 	 Demand: 1530
	Edge: 4 <--> 5 	 Freq: 3.5 	 Demand: 2550
	Edge: 53 <--> 51 	 Freq: 3.5 	 Demand: 3568
	Edge: 68 <--> 69 	 Freq: 3.5 	 Demand: 3653
	Edge: 35 <--> 1 	 Freq: 3.5 	 Demand: 4235
	Edge: 14 <--> 15 	 Freq: 3.5 	 Demand: 3895
	Edge: 39 <--> 25 	 Freq: 3.5 	 Demand: 4080
	Edge: 78 <--> 71 	 Freq: 3.5 	 Demand: 3825
	Edge: 32 <--> 33 	 Freq: 3.5 	 Demand: 3777
	Edge: 67 <--> 66 	 Freq: 3.5 	 Demand: 3970
	Edge: 37 <--> 23 	 Freq: 3.5 	 Demand: 3060
	Edge: 34 <--> 0 	 Freq: 3.5 	 Demand: 3697
	Edge: 40 <--> 15 	 Freq: 3.5 	 Demand: 2244
	Edge: 43 <--> 70 	 Freq: 3.5 	 Demand: 3060
	Edge: 38 <--> 42 	 Freq: 3.5 	 Demand: 4031
	Edge: 36 <--> 16 	 Freq: 3.5 	 Demand: 3927
	Edge: 50 <--> 3 	 Freq: 3.5 	 Demand: 1530
	Edge: 61 <--> 60 	 Freq: 3.5 	 Demand: 2720
	Edge: 67 <--> 68 	 Freq: 3.5 	 Demand: 3656
	Edge: 61 <--> 62 	 Freq: 3.5 	 Demand: 4080
	Edge: 27 <--> 8 	 Freq: 3.5 	 Demand: 4182
	Edge: 40 <--> 41 	 Freq: 3.5 	 Demand: 3516
	Edge: 65 <--> 52 	 Freq: 3.5 	 Demand: 3974
	Edge: 34 <--> 66 	 Freq: 3.5 	 Demand: 1700
	Edge: 23 <--> 24 	 Freq: 3.5 	 Demand: 4080
	Edge: 27 <--> 3 	 Freq: 3.5 	 Demand: 3060
	Edge: 65 <--> 6 	 Freq: 7.0 	 Demand: 306
	Edge: 7 <--> 50 	 Freq: 7.0 	 Demand: 238
	Edge: 58 <--> 21 	 Freq: 7.0 	 Demand: 306
	Edge: 68 <--> 69 	 Freq: 7.0 	 Demand: 3508
	Edge: 44 <--> 77 	 Freq: 7.0 	 Demand: 612
	Edge: 74 <--> 72 	 Freq: 7.0 	 Demand: 153
	Edge: 57 <--> 18 	 Freq: 7.0 	 Demand: 1394
	Edge: 21 <--> 59 	 Freq: 7.0 	 Demand: 578
	Edge: 12 <--> 73 	 Freq: 7.0 	 Demand: 935
	Edge: 37 <--> 23 	 Freq: 7.0 	 Demand: 1683
	Edge: 11 <--> 73 	 Freq: 7.0 	 Demand: 357
	Edge: 73 <--> 74 	 Freq: 7.0 	 Demand: 663
	Edge: 43 <--> 70 	 Freq: 7.0 	 Demand: 204
	Edge: 38 <--> 42 	 Freq: 7.0 	 Demand: 510
	Edge: 75 <--> 12 	 Freq: 7.0 	 Demand: 1207
	Edge: 45 <--> 74 	 Freq: 7.0 	 Demand: 119
	Edge: 13 <--> 9 	 Freq: 7.0 	 Demand: 816
	Edge: 10 <--> 11 	 Freq: 7.0 	 Demand: 663
	Edge: 42 <--> 57 	 Freq: 7.0 	 Demand: 1989
	Edge: 61 <--> 60 	 Freq: 7.0 	 Demand: 510
	Edge: 9 <--> 47 	 Freq: 7.0 	 Demand: 561
	Edge: 21 <--> 22 	 Freq: 7.0 	 Demand: 1020
	Edge: 18 <--> 58 	 Freq: 7.0 	 Demand: 578
	Edge: 25 <--> 26 	 Freq: 7.0 	 Demand: 510
	Edge: 70 <--> 13 	 Freq: 7.0 	 Demand: 2278
	Edge: 71 <--> 72 	 Freq: 7.0 	 Demand: 1836

	Routes:

	Route: 1
	Route length (891.0) and demand (8939)
	Edge: 25 <--> 26 	 Freq: 2.3 	 Demand: 4247
	Edge: 39 <--> 25 	 Freq: 3.5 	 Demand: 4080
	Edge: 44 <--> 77 	 Freq: 7.0 	 Demand: 612
	Route: 2
	Route length (1165.0) and demand (10710)
	Edge: 27 <--> 3 	 Freq: 3.5 	 Demand: 3060
	Edge: 50 <--> 3 	 Freq: 3.5 	 Demand: 1530
	Edge: 3 <--> 49 	 Freq: 2.3 	 Demand: 3570
	Edge: 4 <--> 5 	 Freq: 3.5 	 Demand: 2550
	Route: 3
	Route length (1363.0) and demand (10525)
	Edge: 40 <--> 15 	 Freq: 3.5 	 Demand: 2244
	Edge: 14 <--> 15 	 Freq: 3.5 	 Demand: 3895
	Edge: 58 <--> 21 	 Freq: 7.0 	 Demand: 306
	Edge: 21 <--> 22 	 Freq: 7.0 	 Demand: 1020
	Edge: 21 <--> 59 	 Freq: 7.0 	 Demand: 578
	Edge: 18 <--> 58 	 Freq: 7.0 	 Demand: 578
	Edge: 57 <--> 18 	 Freq: 7.0 	 Demand: 1394
	Edge: 38 <--> 42 	 Freq: 7.0 	 Demand: 510
	Route: 4
	Route length (1156.0) and demand (11327)
	Edge: 68 <--> 69 	 Freq: 3.5 	 Demand: 3653
	Edge: 68 <--> 69 	 Freq: 7.0 	 Demand: 3508
	Edge: 67 <--> 68 	 Freq: 3.5 	 Demand: 3656
	Edge: 25 <--> 26 	 Freq: 7.0 	 Demand: 510
	Route: 5
	Route length (489.0) and demand (5661)
	Edge: 78 <--> 71 	 Freq: 3.5 	 Demand: 3825
	Edge: 71 <--> 72 	 Freq: 7.0 	 Demand: 1836
	Route: 6
	Route length (1294.0) and demand (10826)
	Edge: 61 <--> 62 	 Freq: 3.5 	 Demand: 4080
	Edge: 61 <--> 60 	 Freq: 7.0 	 Demand: 510
	Edge: 61 <--> 60 	 Freq: 3.5 	 Demand: 2720
	Edge: 40 <--> 41 	 Freq: 3.5 	 Demand: 3516
	Route: 7
	Route length (1409.0) and demand (9503)
	Edge: 42 <--> 57 	 Freq: 7.0 	 Demand: 1989
	Edge: 54 <--> 20 	 Freq: 2.3 	 Demand: 4080
	Edge: 74 <--> 72 	 Freq: 7.0 	 Demand: 153
	Edge: 45 <--> 74 	 Freq: 7.0 	 Demand: 119
	Edge: 73 <--> 74 	 Freq: 7.0 	 Demand: 663
	Edge: 11 <--> 73 	 Freq: 7.0 	 Demand: 357
	Edge: 12 <--> 73 	 Freq: 7.0 	 Demand: 935
	Edge: 75 <--> 12 	 Freq: 7.0 	 Demand: 1207
	Route: 8
	Route length (715.0) and demand (9883)
	Edge: 30 <--> 67 	 Freq: 2.3 	 Demand: 4213
	Edge: 67 <--> 66 	 Freq: 3.5 	 Demand: 3970
	Edge: 34 <--> 66 	 Freq: 3.5 	 Demand: 1700
	Route: 9
	Route length (564.0) and demand (7958)
	Edge: 38 <--> 42 	 Freq: 3.5 	 Demand: 4031
	Edge: 36 <--> 16 	 Freq: 3.5 	 Demand: 3927
	Route: 10
	Route length (598.0) and demand (8823)
	Edge: 37 <--> 23 	 Freq: 3.5 	 Demand: 3060
	Edge: 23 <--> 24 	 Freq: 3.5 	 Demand: 4080
	Edge: 37 <--> 23 	 Freq: 7.0 	 Demand: 1683
	Route: 11
	Route length (1101.0) and demand (10269)
	Edge: 66 <--> 53 	 Freq: 2.3 	 Demand: 3913
	Edge: 53 <--> 51 	 Freq: 3.5 	 Demand: 3568
	Edge: 28 <--> 7 	 Freq: 2.3 	 Demand: 1020
	Edge: 7 <--> 50 	 Freq: 3.5 	 Demand: 1530
	Edge: 7 <--> 50 	 Freq: 7.0 	 Demand: 238
	Route: 12
	Route length (660.0) and demand (8462)
	Edge: 27 <--> 8 	 Freq: 3.5 	 Demand: 4182
	Edge: 65 <--> 6 	 Freq: 7.0 	 Demand: 306
	Edge: 65 <--> 52 	 Freq: 3.5 	 Demand: 3974
	Route: 13
	Route length (1534.0) and demand (11817)
	Edge: 10 <--> 11 	 Freq: 7.0 	 Demand: 663
	Edge: 9 <--> 47 	 Freq: 7.0 	 Demand: 561
	Edge: 13 <--> 9 	 Freq: 7.0 	 Demand: 816
	Edge: 70 <--> 13 	 Freq: 7.0 	 Demand: 2278
	Edge: 43 <--> 70 	 Freq: 3.5 	 Demand: 3060
	Edge: 43 <--> 70 	 Freq: 7.0 	 Demand: 204
	Edge: 35 <--> 1 	 Freq: 3.5 	 Demand: 4235
	Route: 14
	Route length (275.0) and demand (7474)
	Edge: 32 <--> 33 	 Freq: 3.5 	 Demand: 3777
	Edge: 34 <--> 0 	 Freq: 3.5 	 Demand: 3697

Day 50, number of edges 15, number of routes 3

	Edges:

	Edge: 23 <--> 24 	 Freq: 14.0 	 Demand: 1870
	Edge: 50 <--> 3 	 Freq: 7.0 	 Demand: 3060
	Edge: 16 <--> 58 	 Freq: 7.0 	 Demand: 2822
	Edge: 61 <--> 62 	 Freq: 7.0 	 Demand: 1530
	Edge: 27 <--> 8 	 Freq: 7.0 	 Demand: 833
	Edge: 55 <--> 19 	 Freq: 7.0 	 Demand: 782
	Edge: 42 <--> 16 	 Freq: 7.0 	 Demand: 1173
	Edge: 15 <--> 22 	 Freq: 7.0 	 Demand: 4080
	Edge: 45 <--> 10 	 Freq: 7.0 	 Demand: 765
	Edge: 30 <--> 67 	 Freq: 7.0 	 Demand: 204
	Edge: 57 <--> 55 	 Freq: 7.0 	 Demand: 2992
	Edge: 6 <--> 7 	 Freq: 7.0 	 Demand: 1955
	Edge: 18 <--> 19 	 Freq: 7.0 	 Demand: 2686
	Edge: 66 <--> 53 	 Freq: 7.0 	 Demand: 510
	Edge: 27 <--> 3 	 Freq: 7.0 	 Demand: 4751

	Routes:

	Route: 1
	Route length (1692.0) and demand (7225)
	Edge: 45 <--> 10 	 Freq: 7.0 	 Demand: 765
	Edge: 57 <--> 55 	 Freq: 7.0 	 Demand: 2992
	Edge: 55 <--> 19 	 Freq: 7.0 	 Demand: 782
	Edge: 18 <--> 19 	 Freq: 7.0 	 Demand: 2686
	Route: 2
	Route length (1584.0) and demand (11313)
	Edge: 27 <--> 8 	 Freq: 7.0 	 Demand: 833
	Edge: 27 <--> 3 	 Freq: 7.0 	 Demand: 4751
	Edge: 50 <--> 3 	 Freq: 7.0 	 Demand: 3060
	Edge: 6 <--> 7 	 Freq: 7.0 	 Demand: 1955
	Edge: 66 <--> 53 	 Freq: 7.0 	 Demand: 510
	Edge: 30 <--> 67 	 Freq: 7.0 	 Demand: 204
	Route: 3
	Route length (1521.0) and demand (11475)
	Edge: 42 <--> 16 	 Freq: 7.0 	 Demand: 1173
	Edge: 16 <--> 58 	 Freq: 7.0 	 Demand: 2822
	Edge: 15 <--> 22 	 Freq: 7.0 	 Demand: 4080
	Edge: 61 <--> 62 	 Freq: 7.0 	 Demand: 1530
	Edge: 23 <--> 24 	 Freq: 14.0 	 Demand: 1870

Day 51, number of edges 8, number of routes 3

	Edges:

	Edge: 3 <--> 49 	 Freq: 2.3 	 Demand: 3570
	Edge: 28 <--> 7 	 Freq: 2.3 	 Demand: 1020
	Edge: 25 <--> 26 	 Freq: 2.3 	 Demand: 4247
	Edge: 54 <--> 20 	 Freq: 2.3 	 Demand: 4080
	Edge: 30 <--> 67 	 Freq: 2.3 	 Demand: 4213
	Edge: 66 <--> 53 	 Freq: 2.3 	 Demand: 3913
	Edge: 38 <--> 42 	 Freq: 14.0 	 Demand: 1870
	Edge: 25 <--> 26 	 Freq: 14.0 	 Demand: 680

	Routes:

	Route: 1
	Route length (1277.0) and demand (8503)
	Edge: 3 <--> 49 	 Freq: 2.3 	 Demand: 3570
	Edge: 28 <--> 7 	 Freq: 2.3 	 Demand: 1020
	Edge: 66 <--> 53 	 Freq: 2.3 	 Demand: 3913
	Route: 2
	Route length (934.0) and demand (9140)
	Edge: 30 <--> 67 	 Freq: 2.3 	 Demand: 4213
	Edge: 25 <--> 26 	 Freq: 2.3 	 Demand: 4247
	Edge: 25 <--> 26 	 Freq: 14.0 	 Demand: 680
	Route: 3
	Route length (1080.0) and demand (5950)
	Edge: 54 <--> 20 	 Freq: 2.3 	 Demand: 4080
	Edge: 38 <--> 42 	 Freq: 14.0 	 Demand: 1870

Day 52, number of edges 5, number of routes 1

	Edges:

	Edge: 31 <--> 77 	 Freq: 7.0 	 Demand: 1020
	Edge: 0 <--> 71 	 Freq: 7.0 	 Demand: 1870
	Edge: 70 <--> 47 	 Freq: 7.0 	 Demand: 1105
	Edge: 48 <--> 9 	 Freq: 7.0 	 Demand: 918
	Edge: 34 <--> 66 	 Freq: 7.0 	 Demand: 3604

	Routes:

	Route: 1
	Route length (1376.0) and demand (8517)
	Edge: 0 <--> 71 	 Freq: 7.0 	 Demand: 1870
	Edge: 48 <--> 9 	 Freq: 7.0 	 Demand: 918
	Edge: 70 <--> 47 	 Freq: 7.0 	 Demand: 1105
	Edge: 31 <--> 77 	 Freq: 7.0 	 Demand: 1020
	Edge: 34 <--> 66 	 Freq: 7.0 	 Demand: 3604

Day 53, number of edges 34, number of routes 12

	Edges:

	Edge: 7 <--> 50 	 Freq: 3.5 	 Demand: 1530
	Edge: 4 <--> 5 	 Freq: 3.5 	 Demand: 2550
	Edge: 53 <--> 51 	 Freq: 3.5 	 Demand: 3568
	Edge: 68 <--> 69 	 Freq: 3.5 	 Demand: 3653
	Edge: 35 <--> 1 	 Freq: 3.5 	 Demand: 4235
	Edge: 14 <--> 15 	 Freq: 3.5 	 Demand: 3895
	Edge: 39 <--> 25 	 Freq: 3.5 	 Demand: 4080
	Edge: 78 <--> 71 	 Freq: 3.5 	 Demand: 3825
	Edge: 32 <--> 33 	 Freq: 3.5 	 Demand: 3777
	Edge: 67 <--> 66 	 Freq: 3.5 	 Demand: 3970
	Edge: 37 <--> 23 	 Freq: 3.5 	 Demand: 3060
	Edge: 34 <--> 0 	 Freq: 3.5 	 Demand: 3697
	Edge: 40 <--> 15 	 Freq: 3.5 	 Demand: 2244
	Edge: 43 <--> 70 	 Freq: 3.5 	 Demand: 3060
	Edge: 38 <--> 42 	 Freq: 3.5 	 Demand: 4031
	Edge: 36 <--> 16 	 Freq: 3.5 	 Demand: 3927
	Edge: 50 <--> 3 	 Freq: 3.5 	 Demand: 1530
	Edge: 61 <--> 60 	 Freq: 3.5 	 Demand: 2720
	Edge: 67 <--> 68 	 Freq: 3.5 	 Demand: 3656
	Edge: 61 <--> 62 	 Freq: 3.5 	 Demand: 4080
	Edge: 27 <--> 8 	 Freq: 3.5 	 Demand: 4182
	Edge: 40 <--> 41 	 Freq: 3.5 	 Demand: 3516
	Edge: 65 <--> 52 	 Freq: 3.5 	 Demand: 3974
	Edge: 34 <--> 66 	 Freq: 3.5 	 Demand: 1700
	Edge: 23 <--> 24 	 Freq: 3.5 	 Demand: 4080
	Edge: 27 <--> 3 	 Freq: 3.5 	 Demand: 3060
	Edge: 3 <--> 49 	 Freq: 2.3 	 Demand: 3570
	Edge: 28 <--> 7 	 Freq: 2.3 	 Demand: 1020
	Edge: 25 <--> 26 	 Freq: 2.3 	 Demand: 4247
	Edge: 54 <--> 20 	 Freq: 2.3 	 Demand: 4080
	Edge: 30 <--> 67 	 Freq: 2.3 	 Demand: 4213
	Edge: 66 <--> 53 	 Freq: 2.3 	 Demand: 3913
	Edge: 23 <--> 24 	 Freq: 7.0 	 Demand: 3978
	Edge: 23 <--> 63 	 Freq: 7.0 	 Demand: 4998

	Routes:

	Route: 1
	Route length (1189.0) and demand (10316)
	Edge: 61 <--> 62 	 Freq: 3.5 	 Demand: 4080
	Edge: 61 <--> 60 	 Freq: 3.5 	 Demand: 2720
	Edge: 40 <--> 41 	 Freq: 3.5 	 Demand: 3516
	Route: 2
	Route length (960.0) and demand (11455)
	Edge: 66 <--> 53 	 Freq: 2.3 	 Demand: 3913
	Edge: 53 <--> 51 	 Freq: 3.5 	 Demand: 3568
	Edge: 65 <--> 52 	 Freq: 3.5 	 Demand: 3974
	Route: 3
	Route length (993.0) and demand (11279)
	Edge: 67 <--> 68 	 Freq: 3.5 	 Demand: 3656
	Edge: 68 <--> 69 	 Freq: 3.5 	 Demand: 3653
	Edge: 67 <--> 66 	 Freq: 3.5 	 Demand: 3970
	Route: 4
	Route length (1090.0) and demand (11375)
	Edge: 39 <--> 25 	 Freq: 3.5 	 Demand: 4080
	Edge: 43 <--> 70 	 Freq: 3.5 	 Demand: 3060
	Edge: 35 <--> 1 	 Freq: 3.5 	 Demand: 4235
	Route: 5
	Route length (801.0) and demand (8460)
	Edge: 25 <--> 26 	 Freq: 2.3 	 Demand: 4247
	Edge: 30 <--> 67 	 Freq: 2.3 	 Demand: 4213
	Route: 6
	Route length (1152.0) and demand (11936)
	Edge: 38 <--> 42 	 Freq: 3.5 	 Demand: 4031
	Edge: 54 <--> 20 	 Freq: 2.3 	 Demand: 4080
	Edge: 78 <--> 71 	 Freq: 3.5 	 Demand: 3825
	Route: 7
	Route length (652.0) and demand (7242)
	Edge: 27 <--> 8 	 Freq: 3.5 	 Demand: 4182
	Edge: 27 <--> 3 	 Freq: 3.5 	 Demand: 3060
	Route: 8
	Route length (836.0) and demand (11118)
	Edge: 37 <--> 23 	 Freq: 3.5 	 Demand: 3060
	Edge: 23 <--> 24 	 Freq: 3.5 	 Demand: 4080
	Edge: 23 <--> 24 	 Freq: 7.0 	 Demand: 3978
	Route: 9
	Route length (275.0) and demand (7474)
	Edge: 32 <--> 33 	 Freq: 3.5 	 Demand: 3777
	Edge: 34 <--> 0 	 Freq: 3.5 	 Demand: 3697
	Route: 10
	Route length (1373.0) and demand (11900)
	Edge: 3 <--> 49 	 Freq: 2.3 	 Demand: 3570
	Edge: 4 <--> 5 	 Freq: 3.5 	 Demand: 2550
	Edge: 50 <--> 3 	 Freq: 3.5 	 Demand: 1530
	Edge: 7 <--> 50 	 Freq: 3.5 	 Demand: 1530
	Edge: 28 <--> 7 	 Freq: 2.3 	 Demand: 1020
	Edge: 34 <--> 66 	 Freq: 3.5 	 Demand: 1700
	Route: 11
	Route length (807.0) and demand (10066)
	Edge: 40 <--> 15 	 Freq: 3.5 	 Demand: 2244
	Edge: 14 <--> 15 	 Freq: 3.5 	 Demand: 3895
	Edge: 36 <--> 16 	 Freq: 3.5 	 Demand: 3927
	Route: 12
	Route length (610.0) and demand (4998)
	Edge: 23 <--> 63 	 Freq: 7.0 	 Demand: 4998

Day 54, number of edges 0, number of routes 0

	Edges:


	Routes:


Day 55, number of edges 0, number of routes 0

	Edges:


	Routes:


----- MARKER - SOLUTION PRINTED ABOVE -------

Printing greedy algorithm time to avoid scrolling or ctrl+f
Greedy algorithm time: 0:00:00.012774 seconds
LS time: 0:04:01.632308
Greedy algorithm score: 786311108.0
LS return score: 76303871.0
Final solution score: 76303871.0
Maximum routes among all days: 16
Minimum routes among all days: 1

Penalties count:
Overloaded route count: 0
Irregular services count: 0
Irregular spacing count: 120
