Using greedy dynamic clusters algorithm with cluster limit == infinity!
Graph Data file used: SP-CARP_N17_g_graph.dat
Vehicle Data file used: SP-CARP_1-2.veh

Program starting at: 2026-08-09 05:47:35.740655
Greedy algorithm time: 0.349109 seconds
Cost of initial solution: 15270286.0
Total number of edges: 327
Number of unsatisfied edges: 3
0 edges were not serviced at all!
Running Local Search with top 50 operations according to estimation


Phase 1 mid-report:
Iteration count: 1
Last iteration time: 0.015633583068847656
Average iteration time: 0.015633583068847656
Current score: 14069822.0

Phase 1 ended! Current time: 2026-08-09 05:47:36.537511
Phase 1 Report:
Iteration count: 2
Last iteration time: 0.0
Average iteration time: 0.007816791534423828
Current score: 14069822.0


Phase 2 (only move_services) mid-report:
Iteration count: 1
Last iteration time: 1.2499499320983887
Average iteration time: 1.2499499320983887
Current score: 13069822.0


Phase 2 (only move_services) ended! Current time: 2026-08-09 05:47:42.052927
Phase 2 (only move_services) Report:
Iteration count: 5
Last iteration time: 0.14062023162841797
Average iteration time: 0.8843429088592529
Current score: 11070046.0


Phase 3 (using only swap_services) mid-report:
Iteration count: 1
Last iteration time: 0.5781083106994629
Average iteration time: 0.5781083106994629
Current score: 11069821.0


Phase 3 (using only swap_services) ended! Current time: 2026-08-09 05:48:13.145546
Phase 3 (using only swap_services) Report:
Iteration count: 10
Last iteration time: 0.1250011920928955
Average iteration time: 0.4062357425689697
Current score: 11069394.0


Phase 4 (routing operators) mid-report:
Current day: 0
Iteration count: 1
Last iteration time: 0.07812356948852539
Average iteration time: 0.07812356948852539
Current score: 11069394.0


Phase 4 (routing operators) day 0 ended!
Phase 4 (routing operators) day report:
Current Iteration count: 1
Last iteration time: 0.07812356948852539
Average iteration time: 0.07812356948852539
Current score: 11069394.0


Phase 4 (routing operators) day 1 ended!
Phase 4 (routing operators) day report:
Current Iteration count: 6
Last iteration time: 0.04687976837158203
Average iteration time: 5.184708078702291
Current score: 11069111.0


Phase 4 (routing operators) day 2 ended!
Phase 4 (routing operators) day report:
Current Iteration count: 7
Last iteration time: 0.0
Average iteration time: 4.444035496030535
Current score: 11069111.0


Phase 4 (routing operators) day 3 ended!
Phase 4 (routing operators) day report:
Current Iteration count: 8
Last iteration time: 0.0
Average iteration time: 3.888531059026718
Current score: 11069111.0


Phase 4 (routing operators) day 4 ended!
Phase 4 (routing operators) day report:
Current Iteration count: 10
Last iteration time: 0.0
Average iteration time: 3.1108248472213744
Current score: 11068717.0


Phase 4 (routing operators) day 7 ended!
Phase 4 (routing operators) day report:
Current Iteration count: 13
Last iteration time: 0.0624995231628418
Average iteration time: 3.3772813356839695
Current score: 11068602.0


Phase 4 (routing operators) day 8 ended!
Phase 4 (routing operators) day report:
Current Iteration count: 14
Last iteration time: 0.015631437301635742
Average iteration time: 3.1371634857995168
Current score: 11068602.0


Phase 4 (routing operators) day 9 ended!
Phase 4 (routing operators) day report:
Current Iteration count: 15
Last iteration time: 0.0
Average iteration time: 2.9280192534128826
Current score: 11068602.0


Phase 4 (routing operators) day 10 ended!
Phase 4 (routing operators) day report:
Current Iteration count: 16
Last iteration time: 0.0
Average iteration time: 2.7450180500745773
Current score: 11068602.0


Phase 4 (routing operators) day 11 ended!
Phase 4 (routing operators) day report:
Current Iteration count: 18
Last iteration time: 0.0
Average iteration time: 2.4400160445107355
Current score: 11068208.0


Phase 4 (routing operators) ended! Current time: 2026-08-09 05:49:54.360612
Phase 4 (routing operators) Report:
Iteration count: 18
Last iteration time: 0.0
Average iteration time: 2.4400160445107355
Current score: 11068208.0


Local search report:
Iteration count: 1 iterations
Last iteration time: 137.83873462677002 seconds
Iteration average time: 137.83873462677002 seconds
Current score: 11068208.0

Solution after going through each phase once:


Day 0, number of edges 162, number of routes 10

	Edges:

	Edge: 131 <--> 237 	 Freq: 14.0 	 Demand: 204
	Edge: 100 <--> 131 	 Freq: 14.0 	 Demand: 510
	Edge: 99 <--> 100 	 Freq: 14.0 	 Demand: 408
	Edge: 187 <--> 128 	 Freq: 14.0 	 Demand: 1641
	Edge: 187 <--> 188 	 Freq: 14.0 	 Demand: 510
	Edge: 50 <--> 99 	 Freq: 14.0 	 Demand: 519
	Edge: 189 <--> 50 	 Freq: 14.0 	 Demand: 204
	Edge: 50 <--> 48 	 Freq: 14.0 	 Demand: 604
	Edge: 23 <--> 48 	 Freq: 14.0 	 Demand: 1649
	Edge: 127 <--> 23 	 Freq: 14.0 	 Demand: 485
	Edge: 113 <--> 127 	 Freq: 14.0 	 Demand: 697
	Edge: 81 <--> 113 	 Freq: 14.0 	 Demand: 612
	Edge: 81 <--> 82 	 Freq: 14.0 	 Demand: 595
	Edge: 129 <--> 132 	 Freq: 14.0 	 Demand: 408
	Edge: 132 <--> 133 	 Freq: 14.0 	 Demand: 281
	Edge: 124 <--> 125 	 Freq: 14.0 	 Demand: 323
	Edge: 202 <--> 124 	 Freq: 14.0 	 Demand: 391
	Edge: 125 <--> 126 	 Freq: 14.0 	 Demand: 1386
	Edge: 167 <--> 14 	 Freq: 14.0 	 Demand: 876
	Edge: 166 <--> 167 	 Freq: 14.0 	 Demand: 94
	Edge: 168 <--> 166 	 Freq: 14.0 	 Demand: 340
	Edge: 168 <--> 169 	 Freq: 14.0 	 Demand: 510
	Edge: 21 <--> 22 	 Freq: 14.0 	 Demand: 1088
	Edge: 69 <--> 21 	 Freq: 14.0 	 Demand: 204
	Edge: 152 <--> 69 	 Freq: 14.0 	 Demand: 94
	Edge: 137 <--> 152 	 Freq: 14.0 	 Demand: 527
	Edge: 137 <--> 138 	 Freq: 14.0 	 Demand: 1029
	Edge: 244 <--> 152 	 Freq: 14.0 	 Demand: 204
	Edge: 151 <--> 137 	 Freq: 14.0 	 Demand: 893
	Edge: 150 <--> 151 	 Freq: 14.0 	 Demand: 119
	Edge: 151 <--> 206 	 Freq: 14.0 	 Demand: 485
	Edge: 163 <--> 150 	 Freq: 14.0 	 Demand: 213
	Edge: 53 <--> 163 	 Freq: 14.0 	 Demand: 298
	Edge: 52 <--> 53 	 Freq: 14.0 	 Demand: 408
	Edge: 163 <--> 159 	 Freq: 14.0 	 Demand: 706
	Edge: 101 <--> 51 	 Freq: 14.0 	 Demand: 765
	Edge: 195 <--> 101 	 Freq: 14.0 	 Demand: 187
	Edge: 194 <--> 25 	 Freq: 14.0 	 Demand: 340
	Edge: 134 <--> 194 	 Freq: 14.0 	 Demand: 1420
	Edge: 84 <--> 134 	 Freq: 14.0 	 Demand: 94
	Edge: 92 <--> 134 	 Freq: 14.0 	 Demand: 791
	Edge: 92 <--> 33 	 Freq: 14.0 	 Demand: 298
	Edge: 33 <--> 34 	 Freq: 14.0 	 Demand: 714
	Edge: 250 <--> 251 	 Freq: 14.0 	 Demand: 510
	Edge: 147 <--> 117 	 Freq: 14.0 	 Demand: 298
	Edge: 117 <--> 118 	 Freq: 14.0 	 Demand: 204
	Edge: 67 <--> 68 	 Freq: 14.0 	 Demand: 714
	Edge: 66 <--> 67 	 Freq: 14.0 	 Demand: 1420
	Edge: 66 <--> 61 	 Freq: 14.0 	 Demand: 706
	Edge: 88 <--> 35 	 Freq: 14.0 	 Demand: 94
	Edge: 88 <--> 228 	 Freq: 14.0 	 Demand: 714
	Edge: 87 <--> 88 	 Freq: 14.0 	 Demand: 298
	Edge: 39 <--> 87 	 Freq: 14.0 	 Demand: 723
	Edge: 38 <--> 39 	 Freq: 14.0 	 Demand: 204
	Edge: 37 <--> 38 	 Freq: 14.0 	 Demand: 374
	Edge: 86 <--> 37 	 Freq: 14.0 	 Demand: 510
	Edge: 85 <--> 37 	 Freq: 14.0 	 Demand: 94
	Edge: 95 <--> 85 	 Freq: 14.0 	 Demand: 391
	Edge: 95 <--> 142 	 Freq: 14.0 	 Demand: 417
	Edge: 116 <--> 142 	 Freq: 14.0 	 Demand: 187
	Edge: 115 <--> 116 	 Freq: 14.0 	 Demand: 298
	Edge: 199 <--> 116 	 Freq: 14.0 	 Demand: 204
	Edge: 93 <--> 87 	 Freq: 14.0 	 Demand: 94
	Edge: 142 <--> 109 	 Freq: 14.0 	 Demand: 298
	Edge: 109 <--> 255 	 Freq: 14.0 	 Demand: 94
	Edge: 255 <--> 232 	 Freq: 14.0 	 Demand: 502
	Edge: 232 <--> 233 	 Freq: 14.0 	 Demand: 94
	Edge: 94 <--> 95 	 Freq: 14.0 	 Demand: 213
	Edge: 148 <--> 149 	 Freq: 14.0 	 Demand: 510
	Edge: 243 <--> 149 	 Freq: 14.0 	 Demand: 94
	Edge: 119 <--> 175 	 Freq: 14.0 	 Demand: 94
	Edge: 128 <--> 99 	 Freq: 14.0 	 Demand: 391
	Edge: 127 <--> 23 	 Freq: 7.0 	 Demand: 714
	Edge: 128 <--> 129 	 Freq: 7.0 	 Demand: 204
	Edge: 82 <--> 247 	 Freq: 7.0 	 Demand: 510
	Edge: 189 <--> 50 	 Freq: 7.0 	 Demand: 187
	Edge: 247 <--> 248 	 Freq: 7.0 	 Demand: 510
	Edge: 50 <--> 48 	 Freq: 7.0 	 Demand: 94
	Edge: 113 <--> 127 	 Freq: 7.0 	 Demand: 468
	Edge: 81 <--> 113 	 Freq: 7.0 	 Demand: 901
	Edge: 202 <--> 124 	 Freq: 7.0 	 Demand: 238
	Edge: 124 <--> 125 	 Freq: 7.0 	 Demand: 510
	Edge: 126 <--> 14 	 Freq: 7.0 	 Demand: 697
	Edge: 168 <--> 166 	 Freq: 7.0 	 Demand: 391
	Edge: 168 <--> 169 	 Freq: 7.0 	 Demand: 629
	Edge: 0 <--> 81 	 Freq: 7.0 	 Demand: 119
	Edge: 167 <--> 14 	 Freq: 7.0 	 Demand: 374
	Edge: 128 <--> 99 	 Freq: 7.0 	 Demand: 612
	Edge: 22 <--> 128 	 Freq: 7.0 	 Demand: 1828
	Edge: 152 <--> 69 	 Freq: 7.0 	 Demand: 94
	Edge: 137 <--> 138 	 Freq: 7.0 	 Demand: 417
	Edge: 151 <--> 206 	 Freq: 7.0 	 Demand: 1046
	Edge: 52 <--> 53 	 Freq: 7.0 	 Demand: 94
	Edge: 137 <--> 152 	 Freq: 7.0 	 Demand: 502
	Edge: 163 <--> 159 	 Freq: 7.0 	 Demand: 94
	Edge: 244 <--> 152 	 Freq: 7.0 	 Demand: 281
	Edge: 51 <--> 52 	 Freq: 7.0 	 Demand: 204
	Edge: 163 <--> 150 	 Freq: 7.0 	 Demand: 485
	Edge: 195 <--> 101 	 Freq: 7.0 	 Demand: 94
	Edge: 21 <--> 22 	 Freq: 7.0 	 Demand: 3290
	Edge: 69 <--> 21 	 Freq: 7.0 	 Demand: 94
	Edge: 151 <--> 137 	 Freq: 7.0 	 Demand: 374
	Edge: 112 <--> 76 	 Freq: 7.0 	 Demand: 2040
	Edge: 76 <--> 25 	 Freq: 7.0 	 Demand: 2924
	Edge: 92 <--> 33 	 Freq: 7.0 	 Demand: 510
	Edge: 34 <--> 250 	 Freq: 7.0 	 Demand: 374
	Edge: 34 <--> 31 	 Freq: 7.0 	 Demand: 1411
	Edge: 33 <--> 34 	 Freq: 7.0 	 Demand: 1921
	Edge: 123 <--> 76 	 Freq: 7.0 	 Demand: 1165
	Edge: 147 <--> 123 	 Freq: 7.0 	 Demand: 204
	Edge: 146 <--> 147 	 Freq: 7.0 	 Demand: 1564
	Edge: 145 <--> 146 	 Freq: 7.0 	 Demand: 187
	Edge: 144 <--> 145 	 Freq: 7.0 	 Demand: 2142
	Edge: 68 <--> 144 	 Freq: 7.0 	 Demand: 2329
	Edge: 35 <--> 36 	 Freq: 7.0 	 Demand: 340
	Edge: 114 <--> 115 	 Freq: 7.0 	 Demand: 1020
	Edge: 38 <--> 39 	 Freq: 7.0 	 Demand: 281
	Edge: 232 <--> 143 	 Freq: 7.0 	 Demand: 485
	Edge: 60 <--> 256 	 Freq: 7.0 	 Demand: 298
	Edge: 32 <--> 93 	 Freq: 7.0 	 Demand: 1318
	Edge: 88 <--> 35 	 Freq: 7.0 	 Demand: 187
	Edge: 66 <--> 61 	 Freq: 7.0 	 Demand: 510
	Edge: 35 <--> 246 	 Freq: 7.0 	 Demand: 510
	Edge: 67 <--> 68 	 Freq: 7.0 	 Demand: 612
	Edge: 110 <--> 94 	 Freq: 7.0 	 Demand: 1020
	Edge: 77 <--> 86 	 Freq: 7.0 	 Demand: 281
	Edge: 255 <--> 232 	 Freq: 7.0 	 Demand: 510
	Edge: 115 <--> 116 	 Freq: 7.0 	 Demand: 94
	Edge: 36 <--> 135 	 Freq: 7.0 	 Demand: 1020
	Edge: 135 <--> 148 	 Freq: 7.0 	 Demand: 1020
	Edge: 143 <--> 140 	 Freq: 7.0 	 Demand: 1020
	Edge: 60 <--> 61 	 Freq: 7.0 	 Demand: 187
	Edge: 95 <--> 85 	 Freq: 7.0 	 Demand: 808
	Edge: 37 <--> 38 	 Freq: 7.0 	 Demand: 298
	Edge: 66 <--> 67 	 Freq: 7.0 	 Demand: 697
	Edge: 87 <--> 88 	 Freq: 7.0 	 Demand: 808
	Edge: 36 <--> 61 	 Freq: 7.0 	 Demand: 1139
	Edge: 199 <--> 116 	 Freq: 7.0 	 Demand: 204
	Edge: 85 <--> 37 	 Freq: 7.0 	 Demand: 1003
	Edge: 109 <--> 255 	 Freq: 7.0 	 Demand: 1547
	Edge: 39 <--> 87 	 Freq: 7.0 	 Demand: 961
	Edge: 116 <--> 142 	 Freq: 7.0 	 Demand: 842
	Edge: 93 <--> 87 	 Freq: 7.0 	 Demand: 731
	Edge: 142 <--> 109 	 Freq: 7.0 	 Demand: 400
	Edge: 148 <--> 149 	 Freq: 7.0 	 Demand: 502
	Edge: 94 <--> 95 	 Freq: 7.0 	 Demand: 1318
	Edge: 243 <--> 149 	 Freq: 7.0 	 Demand: 94
	Edge: 0 <--> 112 	 Freq: 7.0 	 Demand: 298
	Edge: 101 <--> 104 	 Freq: 7.0 	 Demand: 281
	Edge: 60 <--> 61 	 Freq: 14.0 	 Demand: 298
	Edge: 36 <--> 61 	 Freq: 14.0 	 Demand: 391
	Edge: 99 <--> 100 	 Freq: 7.0 	 Demand: 94
	Edge: 99 <--> 125 	 Freq: 7.0 	 Demand: 468
	Edge: 0 <--> 112 	 Freq: 14.0 	 Demand: 842
	Edge: 29 <--> 0 	 Freq: 14.0 	 Demand: 952
	Edge: 56 <--> 57 	 Freq: 14.0 	 Demand: 323
	Edge: 159 <--> 208 	 Freq: 7.0 	 Demand: 204
	Edge: 185 <--> 267 	 Freq: 7.0 	 Demand: 510
	Edge: 132 <--> 133 	 Freq: 7.0 	 Demand: 748
	Edge: 29 <--> 0 	 Freq: 7.0 	 Demand: 204
	Edge: 104 <--> 105 	 Freq: 14.0 	 Demand: 119
	Edge: 185 <--> 267 	 Freq: 14.0 	 Demand: 204

	Routes:

	Route: 1
	Route length (1399.0) and demand (11699)
	Edge: 127 <--> 23 	 Freq: 7.0 	 Demand: 714
	Edge: 23 <--> 48 	 Freq: 14.0 	 Demand: 1649
	Edge: 50 <--> 48 	 Freq: 7.0 	 Demand: 94
	Edge: 189 <--> 50 	 Freq: 14.0 	 Demand: 204
	Edge: 189 <--> 50 	 Freq: 7.0 	 Demand: 187
	Edge: 50 <--> 99 	 Freq: 14.0 	 Demand: 519
	Edge: 22 <--> 128 	 Freq: 7.0 	 Demand: 1828
	Edge: 21 <--> 22 	 Freq: 7.0 	 Demand: 3290
	Edge: 21 <--> 22 	 Freq: 14.0 	 Demand: 1088
	Edge: 187 <--> 128 	 Freq: 14.0 	 Demand: 1641
	Edge: 127 <--> 23 	 Freq: 14.0 	 Demand: 485
	Route: 2
	Route length (2967.0) and demand (11552)
	Edge: 56 <--> 57 	 Freq: 14.0 	 Demand: 323
	Edge: 185 <--> 267 	 Freq: 14.0 	 Demand: 204
	Edge: 185 <--> 267 	 Freq: 7.0 	 Demand: 510
	Edge: 104 <--> 105 	 Freq: 14.0 	 Demand: 119
	Edge: 101 <--> 104 	 Freq: 7.0 	 Demand: 281
	Edge: 195 <--> 101 	 Freq: 14.0 	 Demand: 187
	Edge: 195 <--> 101 	 Freq: 7.0 	 Demand: 94
	Edge: 101 <--> 51 	 Freq: 14.0 	 Demand: 765
	Edge: 51 <--> 52 	 Freq: 7.0 	 Demand: 204
	Edge: 52 <--> 53 	 Freq: 14.0 	 Demand: 408
	Edge: 163 <--> 150 	 Freq: 14.0 	 Demand: 213
	Edge: 151 <--> 137 	 Freq: 14.0 	 Demand: 893
	Edge: 137 <--> 152 	 Freq: 14.0 	 Demand: 527
	Edge: 152 <--> 69 	 Freq: 14.0 	 Demand: 94
	Edge: 69 <--> 21 	 Freq: 14.0 	 Demand: 204
	Edge: 69 <--> 21 	 Freq: 7.0 	 Demand: 94
	Edge: 152 <--> 69 	 Freq: 7.0 	 Demand: 94
	Edge: 244 <--> 152 	 Freq: 7.0 	 Demand: 281
	Edge: 244 <--> 152 	 Freq: 14.0 	 Demand: 204
	Edge: 137 <--> 152 	 Freq: 7.0 	 Demand: 502
	Edge: 137 <--> 138 	 Freq: 7.0 	 Demand: 417
	Edge: 137 <--> 138 	 Freq: 14.0 	 Demand: 1029
	Edge: 151 <--> 137 	 Freq: 7.0 	 Demand: 374
	Edge: 151 <--> 206 	 Freq: 7.0 	 Demand: 1046
	Edge: 151 <--> 206 	 Freq: 14.0 	 Demand: 485
	Edge: 150 <--> 151 	 Freq: 14.0 	 Demand: 119
	Edge: 163 <--> 150 	 Freq: 7.0 	 Demand: 485
	Edge: 163 <--> 159 	 Freq: 14.0 	 Demand: 706
	Edge: 159 <--> 208 	 Freq: 7.0 	 Demand: 204
	Edge: 163 <--> 159 	 Freq: 7.0 	 Demand: 94
	Edge: 53 <--> 163 	 Freq: 14.0 	 Demand: 298
	Edge: 52 <--> 53 	 Freq: 7.0 	 Demand: 94
	Route: 3
	Route length (1772.0) and demand (11885)
	Edge: 81 <--> 113 	 Freq: 7.0 	 Demand: 901
	Edge: 113 <--> 127 	 Freq: 7.0 	 Demand: 468
	Edge: 113 <--> 127 	 Freq: 14.0 	 Demand: 697
	Edge: 81 <--> 113 	 Freq: 14.0 	 Demand: 612
	Edge: 81 <--> 82 	 Freq: 14.0 	 Demand: 595
	Edge: 82 <--> 247 	 Freq: 7.0 	 Demand: 510
	Edge: 168 <--> 169 	 Freq: 14.0 	 Demand: 510
	Edge: 247 <--> 248 	 Freq: 7.0 	 Demand: 510
	Edge: 76 <--> 25 	 Freq: 7.0 	 Demand: 2924
	Edge: 143 <--> 140 	 Freq: 7.0 	 Demand: 1020
	Edge: 232 <--> 143 	 Freq: 7.0 	 Demand: 485
	Edge: 255 <--> 232 	 Freq: 7.0 	 Demand: 510
	Edge: 109 <--> 255 	 Freq: 7.0 	 Demand: 1547
	Edge: 255 <--> 232 	 Freq: 14.0 	 Demand: 502
	Edge: 232 <--> 233 	 Freq: 14.0 	 Demand: 94
	Route: 4
	Route length (1350.0) and demand (11945)
	Edge: 112 <--> 76 	 Freq: 7.0 	 Demand: 2040
	Edge: 123 <--> 76 	 Freq: 7.0 	 Demand: 1165
	Edge: 147 <--> 123 	 Freq: 7.0 	 Demand: 204
	Edge: 147 <--> 117 	 Freq: 14.0 	 Demand: 298
	Edge: 119 <--> 175 	 Freq: 14.0 	 Demand: 94
	Edge: 117 <--> 118 	 Freq: 14.0 	 Demand: 204
	Edge: 146 <--> 147 	 Freq: 7.0 	 Demand: 1564
	Edge: 145 <--> 146 	 Freq: 7.0 	 Demand: 187
	Edge: 144 <--> 145 	 Freq: 7.0 	 Demand: 2142
	Edge: 68 <--> 144 	 Freq: 7.0 	 Demand: 2329
	Edge: 134 <--> 194 	 Freq: 14.0 	 Demand: 1420
	Edge: 0 <--> 112 	 Freq: 7.0 	 Demand: 298
	Route: 5
	Route length (2179.0) and demand (11252)
	Edge: 29 <--> 0 	 Freq: 7.0 	 Demand: 204
	Edge: 109 <--> 255 	 Freq: 14.0 	 Demand: 94
	Edge: 110 <--> 94 	 Freq: 7.0 	 Demand: 1020
	Edge: 32 <--> 93 	 Freq: 7.0 	 Demand: 1318
	Edge: 94 <--> 95 	 Freq: 14.0 	 Demand: 213
	Edge: 93 <--> 87 	 Freq: 14.0 	 Demand: 94
	Edge: 93 <--> 87 	 Freq: 7.0 	 Demand: 731
	Edge: 94 <--> 95 	 Freq: 7.0 	 Demand: 1318
	Edge: 95 <--> 142 	 Freq: 14.0 	 Demand: 417
	Edge: 95 <--> 85 	 Freq: 14.0 	 Demand: 391
	Edge: 95 <--> 85 	 Freq: 7.0 	 Demand: 808
	Edge: 85 <--> 37 	 Freq: 14.0 	 Demand: 94
	Edge: 85 <--> 37 	 Freq: 7.0 	 Demand: 1003
	Edge: 114 <--> 115 	 Freq: 7.0 	 Demand: 1020
	Edge: 115 <--> 116 	 Freq: 7.0 	 Demand: 94
	Edge: 199 <--> 116 	 Freq: 7.0 	 Demand: 204
	Edge: 199 <--> 116 	 Freq: 14.0 	 Demand: 204
	Edge: 115 <--> 116 	 Freq: 14.0 	 Demand: 298
	Edge: 116 <--> 142 	 Freq: 7.0 	 Demand: 842
	Edge: 116 <--> 142 	 Freq: 14.0 	 Demand: 187
	Edge: 142 <--> 109 	 Freq: 7.0 	 Demand: 400
	Edge: 142 <--> 109 	 Freq: 14.0 	 Demand: 298
	Route: 6
	Route length (101.0) and demand (842)
	Edge: 0 <--> 112 	 Freq: 14.0 	 Demand: 842
	Route: 7
	Route length (2274.0) and demand (11810)
	Edge: 50 <--> 48 	 Freq: 14.0 	 Demand: 604
	Edge: 187 <--> 188 	 Freq: 14.0 	 Demand: 510
	Edge: 128 <--> 129 	 Freq: 7.0 	 Demand: 204
	Edge: 132 <--> 133 	 Freq: 7.0 	 Demand: 748
	Edge: 132 <--> 133 	 Freq: 14.0 	 Demand: 281
	Edge: 129 <--> 132 	 Freq: 14.0 	 Demand: 408
	Edge: 128 <--> 99 	 Freq: 14.0 	 Demand: 391
	Edge: 99 <--> 100 	 Freq: 7.0 	 Demand: 94
	Edge: 124 <--> 125 	 Freq: 7.0 	 Demand: 510
	Edge: 202 <--> 124 	 Freq: 7.0 	 Demand: 238
	Edge: 202 <--> 124 	 Freq: 14.0 	 Demand: 391
	Edge: 124 <--> 125 	 Freq: 14.0 	 Demand: 323
	Edge: 99 <--> 125 	 Freq: 7.0 	 Demand: 468
	Edge: 131 <--> 237 	 Freq: 14.0 	 Demand: 204
	Edge: 100 <--> 131 	 Freq: 14.0 	 Demand: 510
	Edge: 99 <--> 100 	 Freq: 14.0 	 Demand: 408
	Edge: 128 <--> 99 	 Freq: 7.0 	 Demand: 612
	Edge: 125 <--> 126 	 Freq: 14.0 	 Demand: 1386
	Edge: 126 <--> 14 	 Freq: 7.0 	 Demand: 697
	Edge: 167 <--> 14 	 Freq: 7.0 	 Demand: 374
	Edge: 167 <--> 14 	 Freq: 14.0 	 Demand: 876
	Edge: 166 <--> 167 	 Freq: 14.0 	 Demand: 94
	Edge: 168 <--> 166 	 Freq: 7.0 	 Demand: 391
	Edge: 168 <--> 166 	 Freq: 14.0 	 Demand: 340
	Edge: 168 <--> 169 	 Freq: 7.0 	 Demand: 629
	Edge: 0 <--> 81 	 Freq: 7.0 	 Demand: 119
	Route: 8
	Route length (86.0) and demand (952)
	Edge: 29 <--> 0 	 Freq: 14.0 	 Demand: 952
	Route: 9
	Route length (2231.0) and demand (11864)
	Edge: 84 <--> 134 	 Freq: 14.0 	 Demand: 94
	Edge: 66 <--> 61 	 Freq: 7.0 	 Demand: 510
	Edge: 148 <--> 149 	 Freq: 14.0 	 Demand: 510
	Edge: 243 <--> 149 	 Freq: 14.0 	 Demand: 94
	Edge: 243 <--> 149 	 Freq: 7.0 	 Demand: 94
	Edge: 148 <--> 149 	 Freq: 7.0 	 Demand: 502
	Edge: 135 <--> 148 	 Freq: 7.0 	 Demand: 1020
	Edge: 36 <--> 135 	 Freq: 7.0 	 Demand: 1020
	Edge: 88 <--> 35 	 Freq: 14.0 	 Demand: 94
	Edge: 88 <--> 228 	 Freq: 14.0 	 Demand: 714
	Edge: 87 <--> 88 	 Freq: 7.0 	 Demand: 808
	Edge: 39 <--> 87 	 Freq: 7.0 	 Demand: 961
	Edge: 38 <--> 39 	 Freq: 7.0 	 Demand: 281
	Edge: 37 <--> 38 	 Freq: 7.0 	 Demand: 298
	Edge: 77 <--> 86 	 Freq: 7.0 	 Demand: 281
	Edge: 86 <--> 37 	 Freq: 14.0 	 Demand: 510
	Edge: 37 <--> 38 	 Freq: 14.0 	 Demand: 374
	Edge: 38 <--> 39 	 Freq: 14.0 	 Demand: 204
	Edge: 39 <--> 87 	 Freq: 14.0 	 Demand: 723
	Edge: 87 <--> 88 	 Freq: 14.0 	 Demand: 298
	Edge: 88 <--> 35 	 Freq: 7.0 	 Demand: 187
	Edge: 35 <--> 246 	 Freq: 7.0 	 Demand: 510
	Edge: 35 <--> 36 	 Freq: 7.0 	 Demand: 340
	Edge: 36 <--> 61 	 Freq: 7.0 	 Demand: 1139
	Edge: 60 <--> 61 	 Freq: 14.0 	 Demand: 298
	Route: 10
	Route length (1517.0) and demand (11894)
	Edge: 194 <--> 25 	 Freq: 14.0 	 Demand: 340
	Edge: 67 <--> 68 	 Freq: 14.0 	 Demand: 714
	Edge: 67 <--> 68 	 Freq: 7.0 	 Demand: 612
	Edge: 66 <--> 67 	 Freq: 14.0 	 Demand: 1420
	Edge: 66 <--> 61 	 Freq: 14.0 	 Demand: 706
	Edge: 66 <--> 67 	 Freq: 7.0 	 Demand: 697
	Edge: 36 <--> 61 	 Freq: 14.0 	 Demand: 391
	Edge: 60 <--> 61 	 Freq: 7.0 	 Demand: 187
	Edge: 60 <--> 256 	 Freq: 7.0 	 Demand: 298
	Edge: 92 <--> 33 	 Freq: 7.0 	 Demand: 510
	Edge: 33 <--> 34 	 Freq: 7.0 	 Demand: 1921
	Edge: 34 <--> 31 	 Freq: 7.0 	 Demand: 1411
	Edge: 250 <--> 251 	 Freq: 14.0 	 Demand: 510
	Edge: 34 <--> 250 	 Freq: 7.0 	 Demand: 374
	Edge: 33 <--> 34 	 Freq: 14.0 	 Demand: 714
	Edge: 92 <--> 33 	 Freq: 14.0 	 Demand: 298
	Edge: 92 <--> 134 	 Freq: 14.0 	 Demand: 791

Day 1, number of edges 162, number of routes 10

	Edges:

	Edge: 123 <--> 76 	 Freq: 3.5 	 Demand: 1020
	Edge: 101 <--> 104 	 Freq: 14.0 	 Demand: 204
	Edge: 192 <--> 193 	 Freq: 14.0 	 Demand: 204
	Edge: 240 <--> 192 	 Freq: 14.0 	 Demand: 493
	Edge: 263 <--> 240 	 Freq: 14.0 	 Demand: 1122
	Edge: 161 <--> 263 	 Freq: 14.0 	 Demand: 714
	Edge: 161 <--> 11 	 Freq: 14.0 	 Demand: 323
	Edge: 11 <--> 12 	 Freq: 14.0 	 Demand: 94
	Edge: 11 <--> 10 	 Freq: 14.0 	 Demand: 374
	Edge: 8 <--> 10 	 Freq: 14.0 	 Demand: 213
	Edge: 8 <--> 9 	 Freq: 14.0 	 Demand: 94
	Edge: 10 <--> 4 	 Freq: 14.0 	 Demand: 595
	Edge: 4 <--> 5 	 Freq: 14.0 	 Demand: 187
	Edge: 5 <--> 205 	 Freq: 14.0 	 Demand: 400
	Edge: 4 <--> 216 	 Freq: 14.0 	 Demand: 187
	Edge: 197 <--> 9 	 Freq: 14.0 	 Demand: 281
	Edge: 196 <--> 197 	 Freq: 14.0 	 Demand: 204
	Edge: 13 <--> 196 	 Freq: 14.0 	 Demand: 94
	Edge: 160 <--> 13 	 Freq: 14.0 	 Demand: 94
	Edge: 160 <--> 262 	 Freq: 14.0 	 Demand: 187
	Edge: 262 <--> 63 	 Freq: 14.0 	 Demand: 374
	Edge: 63 <--> 64 	 Freq: 14.0 	 Demand: 587
	Edge: 64 <--> 65 	 Freq: 14.0 	 Demand: 400
	Edge: 13 <--> 6 	 Freq: 14.0 	 Demand: 374
	Edge: 6 <--> 7 	 Freq: 14.0 	 Demand: 306
	Edge: 197 <--> 217 	 Freq: 14.0 	 Demand: 94
	Edge: 264 <--> 160 	 Freq: 14.0 	 Demand: 187
	Edge: 162 <--> 201 	 Freq: 14.0 	 Demand: 298
	Edge: 162 <--> 252 	 Freq: 14.0 	 Demand: 187
	Edge: 70 <--> 71 	 Freq: 14.0 	 Demand: 204
	Edge: 73 <--> 136 	 Freq: 14.0 	 Demand: 204
	Edge: 73 <--> 120 	 Freq: 14.0 	 Demand: 94
	Edge: 120 <--> 245 	 Freq: 14.0 	 Demand: 408
	Edge: 47 <--> 186 	 Freq: 14.0 	 Demand: 94
	Edge: 179 <--> 180 	 Freq: 14.0 	 Demand: 298
	Edge: 254 <--> 179 	 Freq: 14.0 	 Demand: 1505
	Edge: 89 <--> 254 	 Freq: 14.0 	 Demand: 493
	Edge: 44 <--> 45 	 Freq: 14.0 	 Demand: 94
	Edge: 218 <--> 176 	 Freq: 14.0 	 Demand: 94
	Edge: 176 <--> 177 	 Freq: 14.0 	 Demand: 94
	Edge: 177 <--> 178 	 Freq: 14.0 	 Demand: 94
	Edge: 178 <--> 155 	 Freq: 14.0 	 Demand: 323
	Edge: 54 <--> 55 	 Freq: 14.0 	 Demand: 417
	Edge: 55 <--> 62 	 Freq: 14.0 	 Demand: 391
	Edge: 54 <--> 207 	 Freq: 14.0 	 Demand: 298
	Edge: 19 <--> 20 	 Freq: 14.0 	 Demand: 94
	Edge: 173 <--> 238 	 Freq: 14.0 	 Demand: 119
	Edge: 172 <--> 173 	 Freq: 14.0 	 Demand: 408
	Edge: 211 <--> 241 	 Freq: 14.0 	 Demand: 94
	Edge: 18 <--> 184 	 Freq: 14.0 	 Demand: 392
	Edge: 59 <--> 27 	 Freq: 14.0 	 Demand: 340
	Edge: 26 <--> 27 	 Freq: 14.0 	 Demand: 281
	Edge: 42 <--> 43 	 Freq: 14.0 	 Demand: 94
	Edge: 122 <--> 130 	 Freq: 14.0 	 Demand: 94
	Edge: 203 <--> 121 	 Freq: 14.0 	 Demand: 510
	Edge: 164 <--> 165 	 Freq: 14.0 	 Demand: 510
	Edge: 97 <--> 98 	 Freq: 14.0 	 Demand: 740
	Edge: 96 <--> 97 	 Freq: 14.0 	 Demand: 2330
	Edge: 200 <--> 78 	 Freq: 14.0 	 Demand: 1020
	Edge: 75 <--> 154 	 Freq: 14.0 	 Demand: 298
	Edge: 74 <--> 75 	 Freq: 14.0 	 Demand: 612
	Edge: 213 <--> 157 	 Freq: 14.0 	 Demand: 94
	Edge: 213 <--> 214 	 Freq: 14.0 	 Demand: 510
	Edge: 209 <--> 239 	 Freq: 14.0 	 Demand: 94
	Edge: 102 <--> 103 	 Freq: 14.0 	 Demand: 94
	Edge: 102 <--> 111 	 Freq: 14.0 	 Demand: 1658
	Edge: 90 <--> 91 	 Freq: 14.0 	 Demand: 213
	Edge: 190 <--> 28 	 Freq: 14.0 	 Demand: 298
	Edge: 15 <--> 16 	 Freq: 14.0 	 Demand: 94
	Edge: 253 <--> 156 	 Freq: 14.0 	 Demand: 595
	Edge: 219 <--> 253 	 Freq: 14.0 	 Demand: 672
	Edge: 240 <--> 192 	 Freq: 7.0 	 Demand: 94
	Edge: 161 <--> 263 	 Freq: 7.0 	 Demand: 213
	Edge: 8 <--> 9 	 Freq: 7.0 	 Demand: 94
	Edge: 13 <--> 6 	 Freq: 7.0 	 Demand: 94
	Edge: 263 <--> 240 	 Freq: 7.0 	 Demand: 94
	Edge: 11 <--> 10 	 Freq: 7.0 	 Demand: 187
	Edge: 197 <--> 217 	 Freq: 7.0 	 Demand: 94
	Edge: 197 <--> 9 	 Freq: 7.0 	 Demand: 119
	Edge: 160 <--> 161 	 Freq: 7.0 	 Demand: 94
	Edge: 161 <--> 162 	 Freq: 7.0 	 Demand: 204
	Edge: 162 <--> 201 	 Freq: 7.0 	 Demand: 94
	Edge: 136 <--> 70 	 Freq: 7.0 	 Demand: 94
	Edge: 120 <--> 245 	 Freq: 7.0 	 Demand: 94
	Edge: 73 <--> 136 	 Freq: 7.0 	 Demand: 187
	Edge: 89 <--> 254 	 Freq: 7.0 	 Demand: 298
	Edge: 254 <--> 179 	 Freq: 7.0 	 Demand: 213
	Edge: 56 <--> 57 	 Freq: 7.0 	 Demand: 204
	Edge: 45 <--> 57 	 Freq: 7.0 	 Demand: 94
	Edge: 178 <--> 155 	 Freq: 7.0 	 Demand: 604
	Edge: 177 <--> 178 	 Freq: 7.0 	 Demand: 374
	Edge: 54 <--> 207 	 Freq: 7.0 	 Demand: 94
	Edge: 173 <--> 238 	 Freq: 7.0 	 Demand: 468
	Edge: 227 <--> 172 	 Freq: 7.0 	 Demand: 119
	Edge: 172 <--> 173 	 Freq: 7.0 	 Demand: 765
	Edge: 172 <--> 174 	 Freq: 7.0 	 Demand: 527
	Edge: 210 <--> 211 	 Freq: 7.0 	 Demand: 510
	Edge: 59 <--> 27 	 Freq: 7.0 	 Demand: 442
	Edge: 26 <--> 27 	 Freq: 7.0 	 Demand: 1054
	Edge: 42 <--> 182 	 Freq: 7.0 	 Demand: 213
	Edge: 43 <--> 79 	 Freq: 7.0 	 Demand: 94
	Edge: 40 <--> 79 	 Freq: 7.0 	 Demand: 187
	Edge: 42 <--> 43 	 Freq: 7.0 	 Demand: 1122
	Edge: 121 <--> 122 	 Freq: 7.0 	 Demand: 1224
	Edge: 203 <--> 121 	 Freq: 7.0 	 Demand: 94
	Edge: 139 <--> 121 	 Freq: 7.0 	 Demand: 612
	Edge: 165 <--> 261 	 Freq: 7.0 	 Demand: 510
	Edge: 164 <--> 165 	 Freq: 7.0 	 Demand: 1624
	Edge: 97 <--> 98 	 Freq: 7.0 	 Demand: 502
	Edge: 96 <--> 97 	 Freq: 7.0 	 Demand: 1054
	Edge: 200 <--> 78 	 Freq: 7.0 	 Demand: 510
	Edge: 75 <--> 154 	 Freq: 7.0 	 Demand: 94
	Edge: 74 <--> 75 	 Freq: 7.0 	 Demand: 306
	Edge: 213 <--> 157 	 Freq: 7.0 	 Demand: 213
	Edge: 213 <--> 214 	 Freq: 7.0 	 Demand: 680
	Edge: 111 <--> 141 	 Freq: 7.0 	 Demand: 868
	Edge: 102 <--> 103 	 Freq: 7.0 	 Demand: 119
	Edge: 102 <--> 111 	 Freq: 7.0 	 Demand: 791
	Edge: 90 <--> 91 	 Freq: 7.0 	 Demand: 1649
	Edge: 190 <--> 28 	 Freq: 7.0 	 Demand: 119
	Edge: 49 <--> 15 	 Freq: 7.0 	 Demand: 1114
	Edge: 15 <--> 16 	 Freq: 7.0 	 Demand: 2134
	Edge: 253 <--> 156 	 Freq: 7.0 	 Demand: 485
	Edge: 219 <--> 253 	 Freq: 7.0 	 Demand: 391
	Edge: 158 <--> 204 	 Freq: 7.0 	 Demand: 612
	Edge: 158 <--> 215 	 Freq: 7.0 	 Demand: 332
	Edge: 171 <--> 236 	 Freq: 7.0 	 Demand: 94
	Edge: 83 <--> 30 	 Freq: 7.0 	 Demand: 94
	Edge: 80 <--> 181 	 Freq: 7.0 	 Demand: 485
	Edge: 80 <--> 230 	 Freq: 7.0 	 Demand: 2040
	Edge: 234 <--> 235 	 Freq: 7.0 	 Demand: 1020
	Edge: 175 <--> 72 	 Freq: 7.0 	 Demand: 94
	Edge: 198 <--> 265 	 Freq: 7.0 	 Demand: 510
	Edge: 265 <--> 266 	 Freq: 7.0 	 Demand: 298
	Edge: 220 <--> 221 	 Freq: 7.0 	 Demand: 1530
	Edge: 2 <--> 3 	 Freq: 7.0 	 Demand: 3570
	Edge: 191 <--> 231 	 Freq: 7.0 	 Demand: 1020
	Edge: 41 <--> 191 	 Freq: 7.0 	 Demand: 1020
	Edge: 258 <--> 259 	 Freq: 7.0 	 Demand: 748
	Edge: 24 <--> 249 	 Freq: 7.0 	 Demand: 2040
	Edge: 17 <--> 58 	 Freq: 7.0 	 Demand: 697
	Edge: 222 <--> 223 	 Freq: 7.0 	 Demand: 4032
	Edge: 1 <--> 212 	 Freq: 7.0 	 Demand: 1938
	Edge: 257 <--> 225 	 Freq: 7.0 	 Demand: 340
	Edge: 225 <--> 226 	 Freq: 7.0 	 Demand: 1428
	Edge: 147 <--> 117 	 Freq: 7.0 	 Demand: 1938
	Edge: 106 <--> 107 	 Freq: 7.0 	 Demand: 408
	Edge: 81 <--> 82 	 Freq: 7.0 	 Demand: 927
	Edge: 242 <--> 260 	 Freq: 7.0 	 Demand: 2040
	Edge: 23 <--> 48 	 Freq: 7.0 	 Demand: 1879
	Edge: 187 <--> 128 	 Freq: 7.0 	 Demand: 587
	Edge: 76 <--> 229 	 Freq: 7.0 	 Demand: 3460
	Edge: 50 <--> 99 	 Freq: 7.0 	 Demand: 1250
	Edge: 125 <--> 126 	 Freq: 7.0 	 Demand: 391
	Edge: 101 <--> 51 	 Freq: 7.0 	 Demand: 306
	Edge: 134 <--> 194 	 Freq: 7.0 	 Demand: 4251
	Edge: 209 <--> 239 	 Freq: 7.0 	 Demand: 94
	Edge: 185 <--> 104 	 Freq: 7.0 	 Demand: 204
	Edge: 129 <--> 132 	 Freq: 7.0 	 Demand: 918
	Edge: 18 <--> 184 	 Freq: 7.0 	 Demand: 408
	Edge: 45 <--> 57 	 Freq: 14.0 	 Demand: 391
	Edge: 158 <--> 215 	 Freq: 14.0 	 Demand: 1216

	Routes:

	Route: 1
	Route length (521.0) and demand (2040)
	Edge: 24 <--> 249 	 Freq: 7.0 	 Demand: 2040
	Route: 2
	Route length (2073.0) and demand (5097)
	Edge: 47 <--> 186 	 Freq: 14.0 	 Demand: 94
	Edge: 265 <--> 266 	 Freq: 7.0 	 Demand: 298
	Edge: 209 <--> 239 	 Freq: 14.0 	 Demand: 94
	Edge: 54 <--> 55 	 Freq: 14.0 	 Demand: 417
	Edge: 55 <--> 62 	 Freq: 14.0 	 Demand: 391
	Edge: 54 <--> 207 	 Freq: 7.0 	 Demand: 94
	Edge: 54 <--> 207 	 Freq: 14.0 	 Demand: 298
	Edge: 210 <--> 211 	 Freq: 7.0 	 Demand: 510
	Edge: 211 <--> 241 	 Freq: 14.0 	 Demand: 94
	Edge: 209 <--> 239 	 Freq: 7.0 	 Demand: 94
	Edge: 158 <--> 215 	 Freq: 14.0 	 Demand: 1216
	Edge: 213 <--> 157 	 Freq: 7.0 	 Demand: 213
	Edge: 213 <--> 214 	 Freq: 7.0 	 Demand: 680
	Edge: 213 <--> 214 	 Freq: 14.0 	 Demand: 510
	Edge: 213 <--> 157 	 Freq: 14.0 	 Demand: 94
	Route: 3
	Route length (2567.0) and demand (11963)
	Edge: 106 <--> 107 	 Freq: 7.0 	 Demand: 408
	Edge: 173 <--> 238 	 Freq: 7.0 	 Demand: 468
	Edge: 227 <--> 172 	 Freq: 7.0 	 Demand: 119
	Edge: 172 <--> 174 	 Freq: 7.0 	 Demand: 527
	Edge: 73 <--> 136 	 Freq: 14.0 	 Demand: 204
	Edge: 70 <--> 71 	 Freq: 14.0 	 Demand: 204
	Edge: 136 <--> 70 	 Freq: 7.0 	 Demand: 94
	Edge: 73 <--> 136 	 Freq: 7.0 	 Demand: 187
	Edge: 120 <--> 245 	 Freq: 14.0 	 Demand: 408
	Edge: 203 <--> 121 	 Freq: 14.0 	 Demand: 510
	Edge: 122 <--> 130 	 Freq: 14.0 	 Demand: 94
	Edge: 121 <--> 122 	 Freq: 7.0 	 Demand: 1224
	Edge: 139 <--> 121 	 Freq: 7.0 	 Demand: 612
	Edge: 203 <--> 121 	 Freq: 7.0 	 Demand: 94
	Edge: 120 <--> 245 	 Freq: 7.0 	 Demand: 94
	Edge: 73 <--> 120 	 Freq: 14.0 	 Demand: 94
	Edge: 175 <--> 72 	 Freq: 7.0 	 Demand: 94
	Edge: 2 <--> 3 	 Freq: 7.0 	 Demand: 3570
	Edge: 147 <--> 117 	 Freq: 7.0 	 Demand: 1938
	Edge: 123 <--> 76 	 Freq: 3.5 	 Demand: 1020
	Route: 4
	Route length (2355.0) and demand (10493)
	Edge: 23 <--> 48 	 Freq: 7.0 	 Demand: 1879
	Edge: 187 <--> 128 	 Freq: 7.0 	 Demand: 587
	Edge: 50 <--> 99 	 Freq: 7.0 	 Demand: 1250
	Edge: 125 <--> 126 	 Freq: 7.0 	 Demand: 391
	Edge: 83 <--> 30 	 Freq: 7.0 	 Demand: 94
	Edge: 1 <--> 212 	 Freq: 7.0 	 Demand: 1938
	Edge: 19 <--> 20 	 Freq: 14.0 	 Demand: 94
	Edge: 129 <--> 132 	 Freq: 7.0 	 Demand: 918
	Edge: 15 <--> 16 	 Freq: 14.0 	 Demand: 94
	Edge: 15 <--> 16 	 Freq: 7.0 	 Demand: 2134
	Edge: 49 <--> 15 	 Freq: 7.0 	 Demand: 1114
	Route: 5
	Route length (1764.0) and demand (11896)
	Edge: 45 <--> 57 	 Freq: 14.0 	 Demand: 391
	Edge: 56 <--> 57 	 Freq: 7.0 	 Demand: 204
	Edge: 45 <--> 57 	 Freq: 7.0 	 Demand: 94
	Edge: 44 <--> 45 	 Freq: 14.0 	 Demand: 94
	Edge: 102 <--> 103 	 Freq: 14.0 	 Demand: 94
	Edge: 102 <--> 111 	 Freq: 14.0 	 Demand: 1658
	Edge: 102 <--> 103 	 Freq: 7.0 	 Demand: 119
	Edge: 102 <--> 111 	 Freq: 7.0 	 Demand: 791
	Edge: 111 <--> 141 	 Freq: 7.0 	 Demand: 868
	Edge: 90 <--> 91 	 Freq: 7.0 	 Demand: 1649
	Edge: 17 <--> 58 	 Freq: 7.0 	 Demand: 697
	Edge: 59 <--> 27 	 Freq: 7.0 	 Demand: 442
	Edge: 26 <--> 27 	 Freq: 7.0 	 Demand: 1054
	Edge: 26 <--> 27 	 Freq: 14.0 	 Demand: 281
	Edge: 76 <--> 229 	 Freq: 7.0 	 Demand: 3460
	Route: 6
	Route length (2924.0) and demand (11502)
	Edge: 160 <--> 13 	 Freq: 14.0 	 Demand: 94
	Edge: 13 <--> 6 	 Freq: 14.0 	 Demand: 374
	Edge: 6 <--> 7 	 Freq: 14.0 	 Demand: 306
	Edge: 13 <--> 6 	 Freq: 7.0 	 Demand: 94
	Edge: 13 <--> 196 	 Freq: 14.0 	 Demand: 94
	Edge: 196 <--> 197 	 Freq: 14.0 	 Demand: 204
	Edge: 197 <--> 217 	 Freq: 14.0 	 Demand: 94
	Edge: 197 <--> 217 	 Freq: 7.0 	 Demand: 94
	Edge: 197 <--> 9 	 Freq: 14.0 	 Demand: 281
	Edge: 197 <--> 9 	 Freq: 7.0 	 Demand: 119
	Edge: 8 <--> 9 	 Freq: 14.0 	 Demand: 94
	Edge: 8 <--> 9 	 Freq: 7.0 	 Demand: 94
	Edge: 5 <--> 205 	 Freq: 14.0 	 Demand: 400
	Edge: 4 <--> 5 	 Freq: 14.0 	 Demand: 187
	Edge: 4 <--> 216 	 Freq: 14.0 	 Demand: 187
	Edge: 10 <--> 4 	 Freq: 14.0 	 Demand: 595
	Edge: 8 <--> 10 	 Freq: 14.0 	 Demand: 213
	Edge: 11 <--> 10 	 Freq: 14.0 	 Demand: 374
	Edge: 11 <--> 10 	 Freq: 7.0 	 Demand: 187
	Edge: 11 <--> 12 	 Freq: 14.0 	 Demand: 94
	Edge: 161 <--> 11 	 Freq: 14.0 	 Demand: 323
	Edge: 162 <--> 201 	 Freq: 14.0 	 Demand: 298
	Edge: 162 <--> 201 	 Freq: 7.0 	 Demand: 94
	Edge: 162 <--> 252 	 Freq: 14.0 	 Demand: 187
	Edge: 161 <--> 162 	 Freq: 7.0 	 Demand: 204
	Edge: 161 <--> 263 	 Freq: 14.0 	 Demand: 714
	Edge: 263 <--> 240 	 Freq: 7.0 	 Demand: 94
	Edge: 240 <--> 192 	 Freq: 7.0 	 Demand: 94
	Edge: 192 <--> 193 	 Freq: 14.0 	 Demand: 204
	Edge: 240 <--> 192 	 Freq: 14.0 	 Demand: 493
	Edge: 263 <--> 240 	 Freq: 14.0 	 Demand: 1122
	Edge: 161 <--> 263 	 Freq: 7.0 	 Demand: 213
	Edge: 160 <--> 161 	 Freq: 7.0 	 Demand: 94
	Edge: 262 <--> 63 	 Freq: 14.0 	 Demand: 374
	Edge: 64 <--> 65 	 Freq: 14.0 	 Demand: 400
	Edge: 63 <--> 64 	 Freq: 14.0 	 Demand: 587
	Edge: 160 <--> 262 	 Freq: 14.0 	 Demand: 187
	Edge: 264 <--> 160 	 Freq: 14.0 	 Demand: 187
	Edge: 158 <--> 215 	 Freq: 7.0 	 Demand: 332
	Edge: 158 <--> 204 	 Freq: 7.0 	 Demand: 612
	Edge: 198 <--> 265 	 Freq: 7.0 	 Demand: 510
	Route: 7
	Route length (1623.0) and demand (11190)
	Edge: 134 <--> 194 	 Freq: 7.0 	 Demand: 4251
	Edge: 96 <--> 97 	 Freq: 7.0 	 Demand: 1054
	Edge: 97 <--> 98 	 Freq: 7.0 	 Demand: 502
	Edge: 97 <--> 98 	 Freq: 14.0 	 Demand: 740
	Edge: 96 <--> 97 	 Freq: 14.0 	 Demand: 2330
	Edge: 172 <--> 173 	 Freq: 7.0 	 Demand: 765
	Edge: 172 <--> 173 	 Freq: 14.0 	 Demand: 408
	Edge: 173 <--> 238 	 Freq: 14.0 	 Demand: 119
	Edge: 171 <--> 236 	 Freq: 7.0 	 Demand: 94
	Edge: 81 <--> 82 	 Freq: 7.0 	 Demand: 927
	Route: 8
	Route length (3212.0) and demand (8557)
	Edge: 185 <--> 104 	 Freq: 7.0 	 Demand: 204
	Edge: 101 <--> 51 	 Freq: 7.0 	 Demand: 306
	Edge: 179 <--> 180 	 Freq: 14.0 	 Demand: 298
	Edge: 254 <--> 179 	 Freq: 14.0 	 Demand: 1505
	Edge: 89 <--> 254 	 Freq: 7.0 	 Demand: 298
	Edge: 89 <--> 254 	 Freq: 14.0 	 Demand: 493
	Edge: 254 <--> 179 	 Freq: 7.0 	 Demand: 213
	Edge: 75 <--> 154 	 Freq: 14.0 	 Demand: 298
	Edge: 74 <--> 75 	 Freq: 14.0 	 Demand: 612
	Edge: 74 <--> 75 	 Freq: 7.0 	 Demand: 306
	Edge: 75 <--> 154 	 Freq: 7.0 	 Demand: 94
	Edge: 219 <--> 253 	 Freq: 7.0 	 Demand: 391
	Edge: 219 <--> 253 	 Freq: 14.0 	 Demand: 672
	Edge: 253 <--> 156 	 Freq: 7.0 	 Demand: 485
	Edge: 178 <--> 155 	 Freq: 7.0 	 Demand: 604
	Edge: 177 <--> 178 	 Freq: 7.0 	 Demand: 374
	Edge: 176 <--> 177 	 Freq: 14.0 	 Demand: 94
	Edge: 218 <--> 176 	 Freq: 14.0 	 Demand: 94
	Edge: 177 <--> 178 	 Freq: 14.0 	 Demand: 94
	Edge: 178 <--> 155 	 Freq: 14.0 	 Demand: 323
	Edge: 253 <--> 156 	 Freq: 14.0 	 Demand: 595
	Edge: 101 <--> 104 	 Freq: 14.0 	 Demand: 204
	Route: 9
	Route length (2602.0) and demand (11937)
	Edge: 18 <--> 184 	 Freq: 7.0 	 Demand: 408
	Edge: 90 <--> 91 	 Freq: 14.0 	 Demand: 213
	Edge: 42 <--> 43 	 Freq: 14.0 	 Demand: 94
	Edge: 42 <--> 182 	 Freq: 7.0 	 Demand: 213
	Edge: 42 <--> 43 	 Freq: 7.0 	 Demand: 1122
	Edge: 43 <--> 79 	 Freq: 7.0 	 Demand: 94
	Edge: 80 <--> 230 	 Freq: 7.0 	 Demand: 2040
	Edge: 80 <--> 181 	 Freq: 7.0 	 Demand: 485
	Edge: 40 <--> 79 	 Freq: 7.0 	 Demand: 187
	Edge: 41 <--> 191 	 Freq: 7.0 	 Demand: 1020
	Edge: 191 <--> 231 	 Freq: 7.0 	 Demand: 1020
	Edge: 200 <--> 78 	 Freq: 14.0 	 Demand: 1020
	Edge: 258 <--> 259 	 Freq: 7.0 	 Demand: 748
	Edge: 200 <--> 78 	 Freq: 7.0 	 Demand: 510
	Edge: 165 <--> 261 	 Freq: 7.0 	 Demand: 510
	Edge: 164 <--> 165 	 Freq: 7.0 	 Demand: 1624
	Edge: 164 <--> 165 	 Freq: 14.0 	 Demand: 510
	Edge: 190 <--> 28 	 Freq: 7.0 	 Demand: 119
	Route: 10
	Route length (1802.0) and demand (11420)
	Edge: 220 <--> 221 	 Freq: 7.0 	 Demand: 1530
	Edge: 257 <--> 225 	 Freq: 7.0 	 Demand: 340
	Edge: 225 <--> 226 	 Freq: 7.0 	 Demand: 1428
	Edge: 242 <--> 260 	 Freq: 7.0 	 Demand: 2040
	Edge: 222 <--> 223 	 Freq: 7.0 	 Demand: 4032
	Edge: 234 <--> 235 	 Freq: 7.0 	 Demand: 1020
	Edge: 59 <--> 27 	 Freq: 14.0 	 Demand: 340
	Edge: 18 <--> 184 	 Freq: 14.0 	 Demand: 392
	Edge: 190 <--> 28 	 Freq: 14.0 	 Demand: 298

Day 2, number of edges 2, number of routes 1

	Edges:

	Edge: 148 <--> 149 	 Freq: 3.5 	 Demand: 4049
	Edge: 47 <--> 186 	 Freq: 7.0 	 Demand: 94

	Routes:

	Route: 1
	Route length (1222.0) and demand (4143)
	Edge: 47 <--> 186 	 Freq: 7.0 	 Demand: 94
	Edge: 148 <--> 149 	 Freq: 3.5 	 Demand: 4049

Day 3, number of edges 0, number of routes 0

	Edges:


	Routes:


Day 4, number of edges 2, number of routes 1

	Edges:

	Edge: 123 <--> 76 	 Freq: 3.5 	 Demand: 1020
	Edge: 148 <--> 149 	 Freq: 3.5 	 Demand: 4049

	Routes:

	Route: 1
	Route length (1225.0) and demand (5069)
	Edge: 123 <--> 76 	 Freq: 3.5 	 Demand: 1020
	Edge: 148 <--> 149 	 Freq: 3.5 	 Demand: 4049

Day 5, number of edges 0, number of routes 0

	Edges:


	Routes:


Day 6, number of edges 0, number of routes 0

	Edges:


	Routes:


Day 7, number of edges 143, number of routes 9

	Edges:

	Edge: 123 <--> 76 	 Freq: 3.5 	 Demand: 1020
	Edge: 127 <--> 23 	 Freq: 7.0 	 Demand: 714
	Edge: 128 <--> 129 	 Freq: 7.0 	 Demand: 204
	Edge: 82 <--> 247 	 Freq: 7.0 	 Demand: 510
	Edge: 189 <--> 50 	 Freq: 7.0 	 Demand: 187
	Edge: 247 <--> 248 	 Freq: 7.0 	 Demand: 510
	Edge: 50 <--> 48 	 Freq: 7.0 	 Demand: 94
	Edge: 113 <--> 127 	 Freq: 7.0 	 Demand: 468
	Edge: 81 <--> 113 	 Freq: 7.0 	 Demand: 901
	Edge: 202 <--> 124 	 Freq: 7.0 	 Demand: 238
	Edge: 124 <--> 125 	 Freq: 7.0 	 Demand: 510
	Edge: 126 <--> 14 	 Freq: 7.0 	 Demand: 697
	Edge: 168 <--> 166 	 Freq: 7.0 	 Demand: 391
	Edge: 168 <--> 169 	 Freq: 7.0 	 Demand: 629
	Edge: 0 <--> 81 	 Freq: 7.0 	 Demand: 119
	Edge: 167 <--> 14 	 Freq: 7.0 	 Demand: 374
	Edge: 128 <--> 99 	 Freq: 7.0 	 Demand: 612
	Edge: 22 <--> 128 	 Freq: 7.0 	 Demand: 1828
	Edge: 152 <--> 69 	 Freq: 7.0 	 Demand: 94
	Edge: 137 <--> 138 	 Freq: 7.0 	 Demand: 417
	Edge: 151 <--> 206 	 Freq: 7.0 	 Demand: 1046
	Edge: 52 <--> 53 	 Freq: 7.0 	 Demand: 94
	Edge: 137 <--> 152 	 Freq: 7.0 	 Demand: 502
	Edge: 163 <--> 159 	 Freq: 7.0 	 Demand: 94
	Edge: 244 <--> 152 	 Freq: 7.0 	 Demand: 281
	Edge: 51 <--> 52 	 Freq: 7.0 	 Demand: 204
	Edge: 163 <--> 150 	 Freq: 7.0 	 Demand: 485
	Edge: 195 <--> 101 	 Freq: 7.0 	 Demand: 94
	Edge: 21 <--> 22 	 Freq: 7.0 	 Demand: 3290
	Edge: 29 <--> 0 	 Freq: 7.0 	 Demand: 204
	Edge: 69 <--> 21 	 Freq: 7.0 	 Demand: 94
	Edge: 151 <--> 137 	 Freq: 7.0 	 Demand: 374
	Edge: 112 <--> 76 	 Freq: 7.0 	 Demand: 2040
	Edge: 76 <--> 25 	 Freq: 7.0 	 Demand: 2924
	Edge: 92 <--> 33 	 Freq: 7.0 	 Demand: 510
	Edge: 34 <--> 250 	 Freq: 7.0 	 Demand: 374
	Edge: 34 <--> 31 	 Freq: 7.0 	 Demand: 1411
	Edge: 33 <--> 34 	 Freq: 7.0 	 Demand: 1921
	Edge: 123 <--> 76 	 Freq: 7.0 	 Demand: 1165
	Edge: 147 <--> 123 	 Freq: 7.0 	 Demand: 204
	Edge: 146 <--> 147 	 Freq: 7.0 	 Demand: 1564
	Edge: 145 <--> 146 	 Freq: 7.0 	 Demand: 187
	Edge: 144 <--> 145 	 Freq: 7.0 	 Demand: 2142
	Edge: 68 <--> 144 	 Freq: 7.0 	 Demand: 2329
	Edge: 35 <--> 36 	 Freq: 7.0 	 Demand: 340
	Edge: 114 <--> 115 	 Freq: 7.0 	 Demand: 1020
	Edge: 38 <--> 39 	 Freq: 7.0 	 Demand: 281
	Edge: 232 <--> 143 	 Freq: 7.0 	 Demand: 485
	Edge: 60 <--> 256 	 Freq: 7.0 	 Demand: 298
	Edge: 32 <--> 93 	 Freq: 7.0 	 Demand: 1318
	Edge: 88 <--> 35 	 Freq: 7.0 	 Demand: 187
	Edge: 66 <--> 61 	 Freq: 7.0 	 Demand: 510
	Edge: 35 <--> 246 	 Freq: 7.0 	 Demand: 510
	Edge: 67 <--> 68 	 Freq: 7.0 	 Demand: 612
	Edge: 110 <--> 94 	 Freq: 7.0 	 Demand: 1020
	Edge: 77 <--> 86 	 Freq: 7.0 	 Demand: 281
	Edge: 255 <--> 232 	 Freq: 7.0 	 Demand: 510
	Edge: 115 <--> 116 	 Freq: 7.0 	 Demand: 94
	Edge: 36 <--> 135 	 Freq: 7.0 	 Demand: 1020
	Edge: 135 <--> 148 	 Freq: 7.0 	 Demand: 1020
	Edge: 143 <--> 140 	 Freq: 7.0 	 Demand: 1020
	Edge: 60 <--> 61 	 Freq: 7.0 	 Demand: 187
	Edge: 95 <--> 85 	 Freq: 7.0 	 Demand: 808
	Edge: 37 <--> 38 	 Freq: 7.0 	 Demand: 298
	Edge: 66 <--> 67 	 Freq: 7.0 	 Demand: 697
	Edge: 87 <--> 88 	 Freq: 7.0 	 Demand: 808
	Edge: 36 <--> 61 	 Freq: 7.0 	 Demand: 1139
	Edge: 199 <--> 116 	 Freq: 7.0 	 Demand: 204
	Edge: 85 <--> 37 	 Freq: 7.0 	 Demand: 1003
	Edge: 109 <--> 255 	 Freq: 7.0 	 Demand: 1547
	Edge: 39 <--> 87 	 Freq: 7.0 	 Demand: 961
	Edge: 116 <--> 142 	 Freq: 7.0 	 Demand: 842
	Edge: 93 <--> 87 	 Freq: 7.0 	 Demand: 731
	Edge: 142 <--> 109 	 Freq: 7.0 	 Demand: 400
	Edge: 148 <--> 149 	 Freq: 7.0 	 Demand: 502
	Edge: 94 <--> 95 	 Freq: 7.0 	 Demand: 1318
	Edge: 243 <--> 149 	 Freq: 7.0 	 Demand: 94
	Edge: 0 <--> 112 	 Freq: 7.0 	 Demand: 298
	Edge: 101 <--> 104 	 Freq: 7.0 	 Demand: 281
	Edge: 240 <--> 192 	 Freq: 7.0 	 Demand: 94
	Edge: 161 <--> 263 	 Freq: 7.0 	 Demand: 213
	Edge: 8 <--> 9 	 Freq: 7.0 	 Demand: 94
	Edge: 13 <--> 6 	 Freq: 7.0 	 Demand: 94
	Edge: 263 <--> 240 	 Freq: 7.0 	 Demand: 94
	Edge: 11 <--> 10 	 Freq: 7.0 	 Demand: 187
	Edge: 197 <--> 217 	 Freq: 7.0 	 Demand: 94
	Edge: 197 <--> 9 	 Freq: 7.0 	 Demand: 119
	Edge: 160 <--> 161 	 Freq: 7.0 	 Demand: 94
	Edge: 161 <--> 162 	 Freq: 7.0 	 Demand: 204
	Edge: 162 <--> 201 	 Freq: 7.0 	 Demand: 94
	Edge: 120 <--> 245 	 Freq: 7.0 	 Demand: 94
	Edge: 56 <--> 57 	 Freq: 7.0 	 Demand: 204
	Edge: 45 <--> 57 	 Freq: 7.0 	 Demand: 94
	Edge: 54 <--> 207 	 Freq: 7.0 	 Demand: 94
	Edge: 173 <--> 238 	 Freq: 7.0 	 Demand: 468
	Edge: 172 <--> 173 	 Freq: 7.0 	 Demand: 765
	Edge: 210 <--> 211 	 Freq: 7.0 	 Demand: 510
	Edge: 18 <--> 184 	 Freq: 7.0 	 Demand: 408
	Edge: 59 <--> 27 	 Freq: 7.0 	 Demand: 442
	Edge: 26 <--> 27 	 Freq: 7.0 	 Demand: 1054
	Edge: 42 <--> 182 	 Freq: 7.0 	 Demand: 213
	Edge: 43 <--> 79 	 Freq: 7.0 	 Demand: 94
	Edge: 40 <--> 79 	 Freq: 7.0 	 Demand: 187
	Edge: 42 <--> 43 	 Freq: 7.0 	 Demand: 1122
	Edge: 165 <--> 261 	 Freq: 7.0 	 Demand: 510
	Edge: 164 <--> 165 	 Freq: 7.0 	 Demand: 1624
	Edge: 97 <--> 98 	 Freq: 7.0 	 Demand: 502
	Edge: 75 <--> 154 	 Freq: 7.0 	 Demand: 94
	Edge: 74 <--> 75 	 Freq: 7.0 	 Demand: 306
	Edge: 111 <--> 141 	 Freq: 7.0 	 Demand: 868
	Edge: 102 <--> 103 	 Freq: 7.0 	 Demand: 119
	Edge: 102 <--> 111 	 Freq: 7.0 	 Demand: 791
	Edge: 158 <--> 204 	 Freq: 7.0 	 Demand: 612
	Edge: 158 <--> 215 	 Freq: 7.0 	 Demand: 332
	Edge: 171 <--> 236 	 Freq: 7.0 	 Demand: 94
	Edge: 83 <--> 30 	 Freq: 7.0 	 Demand: 94
	Edge: 80 <--> 181 	 Freq: 7.0 	 Demand: 485
	Edge: 80 <--> 230 	 Freq: 7.0 	 Demand: 2040
	Edge: 234 <--> 235 	 Freq: 7.0 	 Demand: 1020
	Edge: 175 <--> 72 	 Freq: 7.0 	 Demand: 94
	Edge: 198 <--> 265 	 Freq: 7.0 	 Demand: 510
	Edge: 265 <--> 266 	 Freq: 7.0 	 Demand: 298
	Edge: 220 <--> 221 	 Freq: 7.0 	 Demand: 1530
	Edge: 2 <--> 3 	 Freq: 7.0 	 Demand: 3570
	Edge: 191 <--> 231 	 Freq: 7.0 	 Demand: 1020
	Edge: 41 <--> 191 	 Freq: 7.0 	 Demand: 1020
	Edge: 147 <--> 117 	 Freq: 7.0 	 Demand: 1938
	Edge: 81 <--> 82 	 Freq: 7.0 	 Demand: 927
	Edge: 23 <--> 48 	 Freq: 7.0 	 Demand: 1879
	Edge: 187 <--> 128 	 Freq: 7.0 	 Demand: 587
	Edge: 76 <--> 229 	 Freq: 7.0 	 Demand: 3460
	Edge: 50 <--> 99 	 Freq: 7.0 	 Demand: 1250
	Edge: 125 <--> 126 	 Freq: 7.0 	 Demand: 391
	Edge: 101 <--> 51 	 Freq: 7.0 	 Demand: 306
	Edge: 227 <--> 172 	 Freq: 7.0 	 Demand: 119
	Edge: 172 <--> 174 	 Freq: 7.0 	 Demand: 527
	Edge: 129 <--> 132 	 Freq: 7.0 	 Demand: 918
	Edge: 132 <--> 133 	 Freq: 7.0 	 Demand: 748
	Edge: 185 <--> 267 	 Freq: 7.0 	 Demand: 510
	Edge: 185 <--> 104 	 Freq: 7.0 	 Demand: 204
	Edge: 99 <--> 100 	 Freq: 7.0 	 Demand: 94
	Edge: 99 <--> 125 	 Freq: 7.0 	 Demand: 468
	Edge: 159 <--> 208 	 Freq: 7.0 	 Demand: 204

	Routes:

	Route: 1
	Route length (2304.0) and demand (11838)
	Edge: 50 <--> 48 	 Freq: 7.0 	 Demand: 94
	Edge: 125 <--> 126 	 Freq: 7.0 	 Demand: 391
	Edge: 99 <--> 125 	 Freq: 7.0 	 Demand: 468
	Edge: 124 <--> 125 	 Freq: 7.0 	 Demand: 510
	Edge: 83 <--> 30 	 Freq: 7.0 	 Demand: 94
	Edge: 202 <--> 124 	 Freq: 7.0 	 Demand: 238
	Edge: 99 <--> 100 	 Freq: 7.0 	 Demand: 94
	Edge: 128 <--> 99 	 Freq: 7.0 	 Demand: 612
	Edge: 187 <--> 128 	 Freq: 7.0 	 Demand: 587
	Edge: 128 <--> 129 	 Freq: 7.0 	 Demand: 204
	Edge: 129 <--> 132 	 Freq: 7.0 	 Demand: 918
	Edge: 132 <--> 133 	 Freq: 7.0 	 Demand: 748
	Edge: 22 <--> 128 	 Freq: 7.0 	 Demand: 1828
	Edge: 21 <--> 22 	 Freq: 7.0 	 Demand: 3290
	Edge: 69 <--> 21 	 Freq: 7.0 	 Demand: 94
	Edge: 152 <--> 69 	 Freq: 7.0 	 Demand: 94
	Edge: 244 <--> 152 	 Freq: 7.0 	 Demand: 281
	Edge: 137 <--> 152 	 Freq: 7.0 	 Demand: 502
	Edge: 137 <--> 138 	 Freq: 7.0 	 Demand: 417
	Edge: 151 <--> 137 	 Freq: 7.0 	 Demand: 374
	Route: 2
	Route length (1446.0) and demand (10999)
	Edge: 123 <--> 76 	 Freq: 3.5 	 Demand: 1020
	Edge: 147 <--> 123 	 Freq: 7.0 	 Demand: 204
	Edge: 147 <--> 117 	 Freq: 7.0 	 Demand: 1938
	Edge: 146 <--> 147 	 Freq: 7.0 	 Demand: 1564
	Edge: 145 <--> 146 	 Freq: 7.0 	 Demand: 187
	Edge: 144 <--> 145 	 Freq: 7.0 	 Demand: 2142
	Edge: 26 <--> 27 	 Freq: 7.0 	 Demand: 1054
	Edge: 59 <--> 27 	 Freq: 7.0 	 Demand: 442
	Edge: 234 <--> 235 	 Freq: 7.0 	 Demand: 1020
	Edge: 143 <--> 140 	 Freq: 7.0 	 Demand: 1020
	Edge: 18 <--> 184 	 Freq: 7.0 	 Demand: 408
	Route: 3
	Route length (1900.0) and demand (11529)
	Edge: 81 <--> 82 	 Freq: 7.0 	 Demand: 927
	Edge: 247 <--> 248 	 Freq: 7.0 	 Demand: 510
	Edge: 171 <--> 236 	 Freq: 7.0 	 Demand: 94
	Edge: 173 <--> 238 	 Freq: 7.0 	 Demand: 468
	Edge: 172 <--> 173 	 Freq: 7.0 	 Demand: 765
	Edge: 227 <--> 172 	 Freq: 7.0 	 Demand: 119
	Edge: 172 <--> 174 	 Freq: 7.0 	 Demand: 527
	Edge: 175 <--> 72 	 Freq: 7.0 	 Demand: 94
	Edge: 120 <--> 245 	 Freq: 7.0 	 Demand: 94
	Edge: 2 <--> 3 	 Freq: 7.0 	 Demand: 3570
	Edge: 97 <--> 98 	 Freq: 7.0 	 Demand: 502
	Edge: 220 <--> 221 	 Freq: 7.0 	 Demand: 1530
	Edge: 68 <--> 144 	 Freq: 7.0 	 Demand: 2329
	Route: 4
	Route length (625.0) and demand (9887)
	Edge: 123 <--> 76 	 Freq: 7.0 	 Demand: 1165
	Edge: 76 <--> 25 	 Freq: 7.0 	 Demand: 2924
	Edge: 76 <--> 229 	 Freq: 7.0 	 Demand: 3460
	Edge: 112 <--> 76 	 Freq: 7.0 	 Demand: 2040
	Edge: 0 <--> 112 	 Freq: 7.0 	 Demand: 298
	Route: 5
	Route length (2348.0) and demand (11437)
	Edge: 29 <--> 0 	 Freq: 7.0 	 Demand: 204
	Edge: 232 <--> 143 	 Freq: 7.0 	 Demand: 485
	Edge: 255 <--> 232 	 Freq: 7.0 	 Demand: 510
	Edge: 109 <--> 255 	 Freq: 7.0 	 Demand: 1547
	Edge: 142 <--> 109 	 Freq: 7.0 	 Demand: 400
	Edge: 116 <--> 142 	 Freq: 7.0 	 Demand: 842
	Edge: 191 <--> 231 	 Freq: 7.0 	 Demand: 1020
	Edge: 41 <--> 191 	 Freq: 7.0 	 Demand: 1020
	Edge: 74 <--> 75 	 Freq: 7.0 	 Demand: 306
	Edge: 75 <--> 154 	 Freq: 7.0 	 Demand: 94
	Edge: 40 <--> 79 	 Freq: 7.0 	 Demand: 187
	Edge: 80 <--> 181 	 Freq: 7.0 	 Demand: 485
	Edge: 80 <--> 230 	 Freq: 7.0 	 Demand: 2040
	Edge: 43 <--> 79 	 Freq: 7.0 	 Demand: 94
	Edge: 42 <--> 43 	 Freq: 7.0 	 Demand: 1122
	Edge: 42 <--> 182 	 Freq: 7.0 	 Demand: 213
	Edge: 111 <--> 141 	 Freq: 7.0 	 Demand: 868
	Route: 6
	Route length (3820.0) and demand (8467)
	Edge: 198 <--> 265 	 Freq: 7.0 	 Demand: 510
	Edge: 265 <--> 266 	 Freq: 7.0 	 Demand: 298
	Edge: 151 <--> 206 	 Freq: 7.0 	 Demand: 1046
	Edge: 163 <--> 150 	 Freq: 7.0 	 Demand: 485
	Edge: 160 <--> 161 	 Freq: 7.0 	 Demand: 94
	Edge: 240 <--> 192 	 Freq: 7.0 	 Demand: 94
	Edge: 263 <--> 240 	 Freq: 7.0 	 Demand: 94
	Edge: 161 <--> 263 	 Freq: 7.0 	 Demand: 213
	Edge: 161 <--> 162 	 Freq: 7.0 	 Demand: 204
	Edge: 162 <--> 201 	 Freq: 7.0 	 Demand: 94
	Edge: 11 <--> 10 	 Freq: 7.0 	 Demand: 187
	Edge: 8 <--> 9 	 Freq: 7.0 	 Demand: 94
	Edge: 197 <--> 9 	 Freq: 7.0 	 Demand: 119
	Edge: 197 <--> 217 	 Freq: 7.0 	 Demand: 94
	Edge: 13 <--> 6 	 Freq: 7.0 	 Demand: 94
	Edge: 158 <--> 215 	 Freq: 7.0 	 Demand: 332
	Edge: 158 <--> 204 	 Freq: 7.0 	 Demand: 612
	Edge: 159 <--> 208 	 Freq: 7.0 	 Demand: 204
	Edge: 210 <--> 211 	 Freq: 7.0 	 Demand: 510
	Edge: 54 <--> 207 	 Freq: 7.0 	 Demand: 94
	Edge: 163 <--> 159 	 Freq: 7.0 	 Demand: 94
	Edge: 52 <--> 53 	 Freq: 7.0 	 Demand: 94
	Edge: 51 <--> 52 	 Freq: 7.0 	 Demand: 204
	Edge: 101 <--> 51 	 Freq: 7.0 	 Demand: 306
	Edge: 195 <--> 101 	 Freq: 7.0 	 Demand: 94
	Edge: 101 <--> 104 	 Freq: 7.0 	 Demand: 281
	Edge: 56 <--> 57 	 Freq: 7.0 	 Demand: 204
	Edge: 102 <--> 111 	 Freq: 7.0 	 Demand: 791
	Edge: 102 <--> 103 	 Freq: 7.0 	 Demand: 119
	Edge: 45 <--> 57 	 Freq: 7.0 	 Demand: 94
	Edge: 185 <--> 267 	 Freq: 7.0 	 Demand: 510
	Edge: 185 <--> 104 	 Freq: 7.0 	 Demand: 204
	Route: 7
	Route length (998.0) and demand (8119)
	Edge: 0 <--> 81 	 Freq: 7.0 	 Demand: 119
	Edge: 82 <--> 247 	 Freq: 7.0 	 Demand: 510
	Edge: 168 <--> 169 	 Freq: 7.0 	 Demand: 629
	Edge: 168 <--> 166 	 Freq: 7.0 	 Demand: 391
	Edge: 167 <--> 14 	 Freq: 7.0 	 Demand: 374
	Edge: 126 <--> 14 	 Freq: 7.0 	 Demand: 697
	Edge: 189 <--> 50 	 Freq: 7.0 	 Demand: 187
	Edge: 50 <--> 99 	 Freq: 7.0 	 Demand: 1250
	Edge: 23 <--> 48 	 Freq: 7.0 	 Demand: 1879
	Edge: 127 <--> 23 	 Freq: 7.0 	 Demand: 714
	Edge: 113 <--> 127 	 Freq: 7.0 	 Demand: 468
	Edge: 81 <--> 113 	 Freq: 7.0 	 Demand: 901
	Route: 8
	Route length (2061.0) and demand (11998)
	Edge: 35 <--> 36 	 Freq: 7.0 	 Demand: 340
	Edge: 35 <--> 246 	 Freq: 7.0 	 Demand: 510
	Edge: 88 <--> 35 	 Freq: 7.0 	 Demand: 187
	Edge: 87 <--> 88 	 Freq: 7.0 	 Demand: 808
	Edge: 39 <--> 87 	 Freq: 7.0 	 Demand: 961
	Edge: 38 <--> 39 	 Freq: 7.0 	 Demand: 281
	Edge: 37 <--> 38 	 Freq: 7.0 	 Demand: 298
	Edge: 77 <--> 86 	 Freq: 7.0 	 Demand: 281
	Edge: 164 <--> 165 	 Freq: 7.0 	 Demand: 1624
	Edge: 165 <--> 261 	 Freq: 7.0 	 Demand: 510
	Edge: 199 <--> 116 	 Freq: 7.0 	 Demand: 204
	Edge: 115 <--> 116 	 Freq: 7.0 	 Demand: 94
	Edge: 114 <--> 115 	 Freq: 7.0 	 Demand: 1020
	Edge: 85 <--> 37 	 Freq: 7.0 	 Demand: 1003
	Edge: 95 <--> 85 	 Freq: 7.0 	 Demand: 808
	Edge: 94 <--> 95 	 Freq: 7.0 	 Demand: 1318
	Edge: 93 <--> 87 	 Freq: 7.0 	 Demand: 731
	Edge: 110 <--> 94 	 Freq: 7.0 	 Demand: 1020
	Route: 9
	Route length (1670.0) and demand (11613)
	Edge: 67 <--> 68 	 Freq: 7.0 	 Demand: 612
	Edge: 66 <--> 67 	 Freq: 7.0 	 Demand: 697
	Edge: 66 <--> 61 	 Freq: 7.0 	 Demand: 510
	Edge: 243 <--> 149 	 Freq: 7.0 	 Demand: 94
	Edge: 148 <--> 149 	 Freq: 7.0 	 Demand: 502
	Edge: 135 <--> 148 	 Freq: 7.0 	 Demand: 1020
	Edge: 36 <--> 135 	 Freq: 7.0 	 Demand: 1020
	Edge: 36 <--> 61 	 Freq: 7.0 	 Demand: 1139
	Edge: 60 <--> 61 	 Freq: 7.0 	 Demand: 187
	Edge: 60 <--> 256 	 Freq: 7.0 	 Demand: 298
	Edge: 92 <--> 33 	 Freq: 7.0 	 Demand: 510
	Edge: 34 <--> 250 	 Freq: 7.0 	 Demand: 374
	Edge: 32 <--> 93 	 Freq: 7.0 	 Demand: 1318
	Edge: 34 <--> 31 	 Freq: 7.0 	 Demand: 1411
	Edge: 33 <--> 34 	 Freq: 7.0 	 Demand: 1921

Day 8, number of edges 31, number of routes 4

	Edges:

	Edge: 148 <--> 149 	 Freq: 3.5 	 Demand: 4049
	Edge: 136 <--> 70 	 Freq: 7.0 	 Demand: 94
	Edge: 73 <--> 136 	 Freq: 7.0 	 Demand: 187
	Edge: 89 <--> 254 	 Freq: 7.0 	 Demand: 298
	Edge: 254 <--> 179 	 Freq: 7.0 	 Demand: 213
	Edge: 178 <--> 155 	 Freq: 7.0 	 Demand: 604
	Edge: 177 <--> 178 	 Freq: 7.0 	 Demand: 374
	Edge: 121 <--> 122 	 Freq: 7.0 	 Demand: 1224
	Edge: 203 <--> 121 	 Freq: 7.0 	 Demand: 94
	Edge: 139 <--> 121 	 Freq: 7.0 	 Demand: 612
	Edge: 96 <--> 97 	 Freq: 7.0 	 Demand: 1054
	Edge: 200 <--> 78 	 Freq: 7.0 	 Demand: 510
	Edge: 213 <--> 157 	 Freq: 7.0 	 Demand: 213
	Edge: 213 <--> 214 	 Freq: 7.0 	 Demand: 680
	Edge: 90 <--> 91 	 Freq: 7.0 	 Demand: 1649
	Edge: 190 <--> 28 	 Freq: 7.0 	 Demand: 119
	Edge: 49 <--> 15 	 Freq: 7.0 	 Demand: 1114
	Edge: 15 <--> 16 	 Freq: 7.0 	 Demand: 2134
	Edge: 253 <--> 156 	 Freq: 7.0 	 Demand: 485
	Edge: 219 <--> 253 	 Freq: 7.0 	 Demand: 391
	Edge: 258 <--> 259 	 Freq: 7.0 	 Demand: 748
	Edge: 24 <--> 249 	 Freq: 7.0 	 Demand: 2040
	Edge: 17 <--> 58 	 Freq: 7.0 	 Demand: 697
	Edge: 222 <--> 223 	 Freq: 7.0 	 Demand: 4032
	Edge: 1 <--> 212 	 Freq: 7.0 	 Demand: 1938
	Edge: 257 <--> 225 	 Freq: 7.0 	 Demand: 340
	Edge: 225 <--> 226 	 Freq: 7.0 	 Demand: 1428
	Edge: 106 <--> 107 	 Freq: 7.0 	 Demand: 408
	Edge: 242 <--> 260 	 Freq: 7.0 	 Demand: 2040
	Edge: 134 <--> 194 	 Freq: 7.0 	 Demand: 4251
	Edge: 209 <--> 239 	 Freq: 7.0 	 Demand: 94

	Routes:

	Route: 1
	Route length (2210.0) and demand (7634)
	Edge: 24 <--> 249 	 Freq: 7.0 	 Demand: 2040
	Edge: 49 <--> 15 	 Freq: 7.0 	 Demand: 1114
	Edge: 15 <--> 16 	 Freq: 7.0 	 Demand: 2134
	Edge: 1 <--> 212 	 Freq: 7.0 	 Demand: 1938
	Edge: 106 <--> 107 	 Freq: 7.0 	 Demand: 408
	Route: 2
	Route length (3943.0) and demand (7075)
	Edge: 209 <--> 239 	 Freq: 7.0 	 Demand: 94
	Edge: 213 <--> 214 	 Freq: 7.0 	 Demand: 680
	Edge: 213 <--> 157 	 Freq: 7.0 	 Demand: 213
	Edge: 178 <--> 155 	 Freq: 7.0 	 Demand: 604
	Edge: 177 <--> 178 	 Freq: 7.0 	 Demand: 374
	Edge: 219 <--> 253 	 Freq: 7.0 	 Demand: 391
	Edge: 253 <--> 156 	 Freq: 7.0 	 Demand: 485
	Edge: 254 <--> 179 	 Freq: 7.0 	 Demand: 213
	Edge: 89 <--> 254 	 Freq: 7.0 	 Demand: 298
	Edge: 200 <--> 78 	 Freq: 7.0 	 Demand: 510
	Edge: 258 <--> 259 	 Freq: 7.0 	 Demand: 748
	Edge: 90 <--> 91 	 Freq: 7.0 	 Demand: 1649
	Edge: 17 <--> 58 	 Freq: 7.0 	 Demand: 697
	Edge: 190 <--> 28 	 Freq: 7.0 	 Demand: 119
	Route: 3
	Route length (1643.0) and demand (11889)
	Edge: 148 <--> 149 	 Freq: 3.5 	 Demand: 4049
	Edge: 222 <--> 223 	 Freq: 7.0 	 Demand: 4032
	Edge: 242 <--> 260 	 Freq: 7.0 	 Demand: 2040
	Edge: 225 <--> 226 	 Freq: 7.0 	 Demand: 1428
	Edge: 257 <--> 225 	 Freq: 7.0 	 Demand: 340
	Route: 4
	Route length (2118.0) and demand (7516)
	Edge: 136 <--> 70 	 Freq: 7.0 	 Demand: 94
	Edge: 73 <--> 136 	 Freq: 7.0 	 Demand: 187
	Edge: 121 <--> 122 	 Freq: 7.0 	 Demand: 1224
	Edge: 139 <--> 121 	 Freq: 7.0 	 Demand: 612
	Edge: 203 <--> 121 	 Freq: 7.0 	 Demand: 94
	Edge: 96 <--> 97 	 Freq: 7.0 	 Demand: 1054
	Edge: 134 <--> 194 	 Freq: 7.0 	 Demand: 4251

Day 9, number of edges 2, number of routes 2

	Edges:

	Edge: 47 <--> 186 	 Freq: 7.0 	 Demand: 94
	Edge: 0 <--> 81 	 Freq: 14.0 	 Demand: 527

	Routes:

	Route: 1
	Route length (64.0) and demand (527)
	Edge: 0 <--> 81 	 Freq: 14.0 	 Demand: 527
	Route: 2
	Route length (67.0) and demand (94)
	Edge: 47 <--> 186 	 Freq: 7.0 	 Demand: 94

Day 10, number of edges 0, number of routes 0

	Edges:


	Routes:


Day 11, number of edges 2, number of routes 1

	Edges:

	Edge: 123 <--> 76 	 Freq: 3.5 	 Demand: 1020
	Edge: 148 <--> 149 	 Freq: 3.5 	 Demand: 4049

	Routes:

	Route: 1
	Route length (1225.0) and demand (5069)
	Edge: 123 <--> 76 	 Freq: 3.5 	 Demand: 1020
	Edge: 148 <--> 149 	 Freq: 3.5 	 Demand: 4049

Day 12, number of edges 0, number of routes 0

	Edges:


	Routes:


Day 13, number of edges 0, number of routes 0

	Edges:


	Routes:





Phase 1 ended! Current time: 2026-08-09 05:49:54.360612
Phase 1 Report:
Iteration count: 1
Last iteration time: 0.0
Average iteration time: 0.0
Current score: 11068208.0


Phase 2 (only move_services) mid-report:
Iteration count: 1
Last iteration time: 0.12499332427978516
Average iteration time: 0.12499332427978516
Current score: 11068208.0


Phase 2 (only move_services) ended! Current time: 2026-08-09 05:49:55.329323
Phase 2 (only move_services) Report:
Iteration count: 1
Last iteration time: 0.12499332427978516
Average iteration time: 0.12499332427978516
Current score: 11068208.0


Phase 3 (using only swap_services) mid-report:
Iteration count: 1
Last iteration time: 0.10936737060546875
Average iteration time: 0.10936737060546875
Current score: 11068208.0


Phase 3 (using only swap_services) ended! Current time: 2026-08-09 05:50:22.875192
Phase 3 (using only swap_services) Report:
Iteration count: 1
Last iteration time: 0.10936737060546875
Average iteration time: 0.10936737060546875
Current score: 11068208.0


Phase 4 (routing operators) mid-report:
Current day: 0
Iteration count: 1
Last iteration time: 0.046868085861206055
Average iteration time: 0.046868085861206055
Current score: 11068208.0


Phase 4 (routing operators) day 0 ended!
Phase 4 (routing operators) day report:
Current Iteration count: 1
Last iteration time: 0.046868085861206055
Average iteration time: 0.046868085861206055
Current score: 11068208.0


Phase 4 (routing operators) day 1 ended!
Phase 4 (routing operators) day report:
Current Iteration count: 2
Last iteration time: 0.07812023162841797
Average iteration time: 0.06249415874481201
Current score: 11068208.0


Phase 4 (routing operators) day 2 ended!
Phase 4 (routing operators) day report:
Current Iteration count: 3
Last iteration time: 0.0
Average iteration time: 0.04166277249654134
Current score: 11068208.0


Phase 4 (routing operators) day 3 ended!
Phase 4 (routing operators) day report:
Current Iteration count: 4
Last iteration time: 0.0
Average iteration time: 0.031247079372406006
Current score: 11068208.0


Phase 4 (routing operators) day 4 ended!
Phase 4 (routing operators) day report:
Current Iteration count: 5
Last iteration time: 0.0
Average iteration time: 0.024997663497924805
Current score: 11068208.0


Phase 4 (routing operators) day 7 ended!
Phase 4 (routing operators) day report:
Current Iteration count: 6
Last iteration time: 0.062499284744262695
Average iteration time: 0.03124793370564779
Current score: 11068208.0


Phase 4 (routing operators) day 8 ended!
Phase 4 (routing operators) day report:
Current Iteration count: 7
Last iteration time: 0.0
Average iteration time: 0.02678394317626953
Current score: 11068208.0


Phase 4 (routing operators) day 9 ended!
Phase 4 (routing operators) day report:
Current Iteration count: 8
Last iteration time: 0.0
Average iteration time: 0.02343595027923584
Current score: 11068208.0


Phase 4 (routing operators) day 10 ended!
Phase 4 (routing operators) day report:
Current Iteration count: 9
Last iteration time: 0.0
Average iteration time: 0.020831955803765193
Current score: 11068208.0


Phase 4 (routing operators) day 11 ended!
Phase 4 (routing operators) day report:
Current Iteration count: 10
Last iteration time: 0.0
Average iteration time: 0.018748760223388672
Current score: 11068208.0


Phase 4 (routing operators) ended! Current time: 2026-08-09 05:51:21.139005
Phase 4 (routing operators) Report:
Iteration count: 10
Last iteration time: 0.0
Average iteration time: 0.018748760223388672
Current score: 11068208.0


Local search report:
Iteration count: 2 iterations
Last iteration time: 86.7783932685852 seconds
Iteration average time: 112.30856394767761 seconds
Current score: 11068208.0

Local search ended after 2 iterations.
Last iteration time: 86.7783932685852 seconds
Iteration average time: 112.30856394767761 seconds
Original score: 15270286.0
Current score: 11068208.0

----- MARKER - SOLUTION PRINTED BELOW -------

Day 0, number of edges 162, number of routes 10

	Edges:

	Edge: 131 <--> 237 	 Freq: 14.0 	 Demand: 204
	Edge: 100 <--> 131 	 Freq: 14.0 	 Demand: 510
	Edge: 99 <--> 100 	 Freq: 14.0 	 Demand: 408
	Edge: 128 <--> 99 	 Freq: 14.0 	 Demand: 391
	Edge: 187 <--> 128 	 Freq: 14.0 	 Demand: 1641
	Edge: 187 <--> 188 	 Freq: 14.0 	 Demand: 510
	Edge: 50 <--> 99 	 Freq: 14.0 	 Demand: 519
	Edge: 189 <--> 50 	 Freq: 14.0 	 Demand: 204
	Edge: 50 <--> 48 	 Freq: 14.0 	 Demand: 604
	Edge: 23 <--> 48 	 Freq: 14.0 	 Demand: 1649
	Edge: 127 <--> 23 	 Freq: 14.0 	 Demand: 485
	Edge: 113 <--> 127 	 Freq: 14.0 	 Demand: 697
	Edge: 81 <--> 113 	 Freq: 14.0 	 Demand: 612
	Edge: 81 <--> 82 	 Freq: 14.0 	 Demand: 595
	Edge: 129 <--> 132 	 Freq: 14.0 	 Demand: 408
	Edge: 132 <--> 133 	 Freq: 14.0 	 Demand: 281
	Edge: 124 <--> 125 	 Freq: 14.0 	 Demand: 323
	Edge: 202 <--> 124 	 Freq: 14.0 	 Demand: 391
	Edge: 125 <--> 126 	 Freq: 14.0 	 Demand: 1386
	Edge: 167 <--> 14 	 Freq: 14.0 	 Demand: 876
	Edge: 166 <--> 167 	 Freq: 14.0 	 Demand: 94
	Edge: 168 <--> 166 	 Freq: 14.0 	 Demand: 340
	Edge: 168 <--> 169 	 Freq: 14.0 	 Demand: 510
	Edge: 21 <--> 22 	 Freq: 14.0 	 Demand: 1088
	Edge: 69 <--> 21 	 Freq: 14.0 	 Demand: 204
	Edge: 152 <--> 69 	 Freq: 14.0 	 Demand: 94
	Edge: 137 <--> 152 	 Freq: 14.0 	 Demand: 527
	Edge: 137 <--> 138 	 Freq: 14.0 	 Demand: 1029
	Edge: 244 <--> 152 	 Freq: 14.0 	 Demand: 204
	Edge: 151 <--> 137 	 Freq: 14.0 	 Demand: 893
	Edge: 150 <--> 151 	 Freq: 14.0 	 Demand: 119
	Edge: 151 <--> 206 	 Freq: 14.0 	 Demand: 485
	Edge: 163 <--> 150 	 Freq: 14.0 	 Demand: 213
	Edge: 53 <--> 163 	 Freq: 14.0 	 Demand: 298
	Edge: 52 <--> 53 	 Freq: 14.0 	 Demand: 408
	Edge: 163 <--> 159 	 Freq: 14.0 	 Demand: 706
	Edge: 101 <--> 51 	 Freq: 14.0 	 Demand: 765
	Edge: 195 <--> 101 	 Freq: 14.0 	 Demand: 187
	Edge: 104 <--> 105 	 Freq: 14.0 	 Demand: 119
	Edge: 194 <--> 25 	 Freq: 14.0 	 Demand: 340
	Edge: 134 <--> 194 	 Freq: 14.0 	 Demand: 1420
	Edge: 84 <--> 134 	 Freq: 14.0 	 Demand: 94
	Edge: 92 <--> 33 	 Freq: 14.0 	 Demand: 298
	Edge: 33 <--> 34 	 Freq: 14.0 	 Demand: 714
	Edge: 250 <--> 251 	 Freq: 14.0 	 Demand: 510
	Edge: 147 <--> 117 	 Freq: 14.0 	 Demand: 298
	Edge: 117 <--> 118 	 Freq: 14.0 	 Demand: 204
	Edge: 67 <--> 68 	 Freq: 14.0 	 Demand: 714
	Edge: 66 <--> 67 	 Freq: 14.0 	 Demand: 1420
	Edge: 66 <--> 61 	 Freq: 14.0 	 Demand: 706
	Edge: 60 <--> 61 	 Freq: 14.0 	 Demand: 298
	Edge: 36 <--> 61 	 Freq: 14.0 	 Demand: 391
	Edge: 88 <--> 35 	 Freq: 14.0 	 Demand: 94
	Edge: 88 <--> 228 	 Freq: 14.0 	 Demand: 714
	Edge: 87 <--> 88 	 Freq: 14.0 	 Demand: 298
	Edge: 39 <--> 87 	 Freq: 14.0 	 Demand: 723
	Edge: 38 <--> 39 	 Freq: 14.0 	 Demand: 204
	Edge: 37 <--> 38 	 Freq: 14.0 	 Demand: 374
	Edge: 86 <--> 37 	 Freq: 14.0 	 Demand: 510
	Edge: 85 <--> 37 	 Freq: 14.0 	 Demand: 94
	Edge: 95 <--> 85 	 Freq: 14.0 	 Demand: 391
	Edge: 95 <--> 142 	 Freq: 14.0 	 Demand: 417
	Edge: 116 <--> 142 	 Freq: 14.0 	 Demand: 187
	Edge: 115 <--> 116 	 Freq: 14.0 	 Demand: 298
	Edge: 199 <--> 116 	 Freq: 14.0 	 Demand: 204
	Edge: 93 <--> 87 	 Freq: 14.0 	 Demand: 94
	Edge: 142 <--> 109 	 Freq: 14.0 	 Demand: 298
	Edge: 109 <--> 255 	 Freq: 14.0 	 Demand: 94
	Edge: 255 <--> 232 	 Freq: 14.0 	 Demand: 502
	Edge: 232 <--> 233 	 Freq: 14.0 	 Demand: 94
	Edge: 94 <--> 95 	 Freq: 14.0 	 Demand: 213
	Edge: 148 <--> 149 	 Freq: 14.0 	 Demand: 510
	Edge: 243 <--> 149 	 Freq: 14.0 	 Demand: 94
	Edge: 119 <--> 175 	 Freq: 14.0 	 Demand: 94
	Edge: 127 <--> 23 	 Freq: 7.0 	 Demand: 714
	Edge: 128 <--> 129 	 Freq: 7.0 	 Demand: 204
	Edge: 82 <--> 247 	 Freq: 7.0 	 Demand: 510
	Edge: 189 <--> 50 	 Freq: 7.0 	 Demand: 187
	Edge: 247 <--> 248 	 Freq: 7.0 	 Demand: 510
	Edge: 50 <--> 48 	 Freq: 7.0 	 Demand: 94
	Edge: 99 <--> 100 	 Freq: 7.0 	 Demand: 94
	Edge: 113 <--> 127 	 Freq: 7.0 	 Demand: 468
	Edge: 81 <--> 113 	 Freq: 7.0 	 Demand: 901
	Edge: 99 <--> 125 	 Freq: 7.0 	 Demand: 468
	Edge: 202 <--> 124 	 Freq: 7.0 	 Demand: 238
	Edge: 124 <--> 125 	 Freq: 7.0 	 Demand: 510
	Edge: 126 <--> 14 	 Freq: 7.0 	 Demand: 697
	Edge: 168 <--> 166 	 Freq: 7.0 	 Demand: 391
	Edge: 168 <--> 169 	 Freq: 7.0 	 Demand: 629
	Edge: 0 <--> 81 	 Freq: 7.0 	 Demand: 119
	Edge: 167 <--> 14 	 Freq: 7.0 	 Demand: 374
	Edge: 128 <--> 99 	 Freq: 7.0 	 Demand: 612
	Edge: 22 <--> 128 	 Freq: 7.0 	 Demand: 1828
	Edge: 152 <--> 69 	 Freq: 7.0 	 Demand: 94
	Edge: 137 <--> 138 	 Freq: 7.0 	 Demand: 417
	Edge: 151 <--> 206 	 Freq: 7.0 	 Demand: 1046
	Edge: 52 <--> 53 	 Freq: 7.0 	 Demand: 94
	Edge: 137 <--> 152 	 Freq: 7.0 	 Demand: 502
	Edge: 163 <--> 159 	 Freq: 7.0 	 Demand: 94
	Edge: 244 <--> 152 	 Freq: 7.0 	 Demand: 281
	Edge: 51 <--> 52 	 Freq: 7.0 	 Demand: 204
	Edge: 163 <--> 150 	 Freq: 7.0 	 Demand: 485
	Edge: 195 <--> 101 	 Freq: 7.0 	 Demand: 94
	Edge: 21 <--> 22 	 Freq: 7.0 	 Demand: 3290
	Edge: 29 <--> 0 	 Freq: 7.0 	 Demand: 204
	Edge: 69 <--> 21 	 Freq: 7.0 	 Demand: 94
	Edge: 151 <--> 137 	 Freq: 7.0 	 Demand: 374
	Edge: 112 <--> 76 	 Freq: 7.0 	 Demand: 2040
	Edge: 76 <--> 25 	 Freq: 7.0 	 Demand: 2924
	Edge: 92 <--> 33 	 Freq: 7.0 	 Demand: 510
	Edge: 34 <--> 250 	 Freq: 7.0 	 Demand: 374
	Edge: 34 <--> 31 	 Freq: 7.0 	 Demand: 1411
	Edge: 33 <--> 34 	 Freq: 7.0 	 Demand: 1921
	Edge: 123 <--> 76 	 Freq: 7.0 	 Demand: 1165
	Edge: 147 <--> 123 	 Freq: 7.0 	 Demand: 204
	Edge: 146 <--> 147 	 Freq: 7.0 	 Demand: 1564
	Edge: 145 <--> 146 	 Freq: 7.0 	 Demand: 187
	Edge: 144 <--> 145 	 Freq: 7.0 	 Demand: 2142
	Edge: 68 <--> 144 	 Freq: 7.0 	 Demand: 2329
	Edge: 35 <--> 36 	 Freq: 7.0 	 Demand: 340
	Edge: 114 <--> 115 	 Freq: 7.0 	 Demand: 1020
	Edge: 38 <--> 39 	 Freq: 7.0 	 Demand: 281
	Edge: 232 <--> 143 	 Freq: 7.0 	 Demand: 485
	Edge: 60 <--> 256 	 Freq: 7.0 	 Demand: 298
	Edge: 32 <--> 93 	 Freq: 7.0 	 Demand: 1318
	Edge: 88 <--> 35 	 Freq: 7.0 	 Demand: 187
	Edge: 66 <--> 61 	 Freq: 7.0 	 Demand: 510
	Edge: 35 <--> 246 	 Freq: 7.0 	 Demand: 510
	Edge: 67 <--> 68 	 Freq: 7.0 	 Demand: 612
	Edge: 110 <--> 94 	 Freq: 7.0 	 Demand: 1020
	Edge: 77 <--> 86 	 Freq: 7.0 	 Demand: 281
	Edge: 255 <--> 232 	 Freq: 7.0 	 Demand: 510
	Edge: 115 <--> 116 	 Freq: 7.0 	 Demand: 94
	Edge: 36 <--> 135 	 Freq: 7.0 	 Demand: 1020
	Edge: 135 <--> 148 	 Freq: 7.0 	 Demand: 1020
	Edge: 143 <--> 140 	 Freq: 7.0 	 Demand: 1020
	Edge: 60 <--> 61 	 Freq: 7.0 	 Demand: 187
	Edge: 95 <--> 85 	 Freq: 7.0 	 Demand: 808
	Edge: 37 <--> 38 	 Freq: 7.0 	 Demand: 298
	Edge: 66 <--> 67 	 Freq: 7.0 	 Demand: 697
	Edge: 87 <--> 88 	 Freq: 7.0 	 Demand: 808
	Edge: 36 <--> 61 	 Freq: 7.0 	 Demand: 1139
	Edge: 199 <--> 116 	 Freq: 7.0 	 Demand: 204
	Edge: 85 <--> 37 	 Freq: 7.0 	 Demand: 1003
	Edge: 109 <--> 255 	 Freq: 7.0 	 Demand: 1547
	Edge: 39 <--> 87 	 Freq: 7.0 	 Demand: 961
	Edge: 116 <--> 142 	 Freq: 7.0 	 Demand: 842
	Edge: 93 <--> 87 	 Freq: 7.0 	 Demand: 731
	Edge: 142 <--> 109 	 Freq: 7.0 	 Demand: 400
	Edge: 148 <--> 149 	 Freq: 7.0 	 Demand: 502
	Edge: 94 <--> 95 	 Freq: 7.0 	 Demand: 1318
	Edge: 243 <--> 149 	 Freq: 7.0 	 Demand: 94
	Edge: 0 <--> 112 	 Freq: 7.0 	 Demand: 298
	Edge: 101 <--> 104 	 Freq: 7.0 	 Demand: 281
	Edge: 132 <--> 133 	 Freq: 7.0 	 Demand: 748
	Edge: 185 <--> 267 	 Freq: 14.0 	 Demand: 204
	Edge: 56 <--> 57 	 Freq: 14.0 	 Demand: 323
	Edge: 159 <--> 208 	 Freq: 7.0 	 Demand: 204
	Edge: 92 <--> 134 	 Freq: 14.0 	 Demand: 791
	Edge: 185 <--> 267 	 Freq: 7.0 	 Demand: 510
	Edge: 29 <--> 0 	 Freq: 14.0 	 Demand: 952
	Edge: 0 <--> 112 	 Freq: 14.0 	 Demand: 842

	Routes:

	Route: 1
	Route length (1772.0) and demand (11885)
	Edge: 81 <--> 113 	 Freq: 7.0 	 Demand: 901
	Edge: 113 <--> 127 	 Freq: 7.0 	 Demand: 468
	Edge: 113 <--> 127 	 Freq: 14.0 	 Demand: 697
	Edge: 81 <--> 113 	 Freq: 14.0 	 Demand: 612
	Edge: 81 <--> 82 	 Freq: 14.0 	 Demand: 595
	Edge: 82 <--> 247 	 Freq: 7.0 	 Demand: 510
	Edge: 168 <--> 169 	 Freq: 14.0 	 Demand: 510
	Edge: 247 <--> 248 	 Freq: 7.0 	 Demand: 510
	Edge: 76 <--> 25 	 Freq: 7.0 	 Demand: 2924
	Edge: 143 <--> 140 	 Freq: 7.0 	 Demand: 1020
	Edge: 232 <--> 143 	 Freq: 7.0 	 Demand: 485
	Edge: 255 <--> 232 	 Freq: 7.0 	 Demand: 510
	Edge: 109 <--> 255 	 Freq: 7.0 	 Demand: 1547
	Edge: 255 <--> 232 	 Freq: 14.0 	 Demand: 502
	Edge: 232 <--> 233 	 Freq: 14.0 	 Demand: 94
	Route: 2
	Route length (1350.0) and demand (11945)
	Edge: 112 <--> 76 	 Freq: 7.0 	 Demand: 2040
	Edge: 123 <--> 76 	 Freq: 7.0 	 Demand: 1165
	Edge: 147 <--> 123 	 Freq: 7.0 	 Demand: 204
	Edge: 147 <--> 117 	 Freq: 14.0 	 Demand: 298
	Edge: 119 <--> 175 	 Freq: 14.0 	 Demand: 94
	Edge: 117 <--> 118 	 Freq: 14.0 	 Demand: 204
	Edge: 146 <--> 147 	 Freq: 7.0 	 Demand: 1564
	Edge: 145 <--> 146 	 Freq: 7.0 	 Demand: 187
	Edge: 144 <--> 145 	 Freq: 7.0 	 Demand: 2142
	Edge: 68 <--> 144 	 Freq: 7.0 	 Demand: 2329
	Edge: 134 <--> 194 	 Freq: 14.0 	 Demand: 1420
	Edge: 0 <--> 112 	 Freq: 7.0 	 Demand: 298
	Route: 3
	Route length (2179.0) and demand (11252)
	Edge: 29 <--> 0 	 Freq: 7.0 	 Demand: 204
	Edge: 109 <--> 255 	 Freq: 14.0 	 Demand: 94
	Edge: 110 <--> 94 	 Freq: 7.0 	 Demand: 1020
	Edge: 32 <--> 93 	 Freq: 7.0 	 Demand: 1318
	Edge: 94 <--> 95 	 Freq: 14.0 	 Demand: 213
	Edge: 93 <--> 87 	 Freq: 14.0 	 Demand: 94
	Edge: 93 <--> 87 	 Freq: 7.0 	 Demand: 731
	Edge: 94 <--> 95 	 Freq: 7.0 	 Demand: 1318
	Edge: 95 <--> 142 	 Freq: 14.0 	 Demand: 417
	Edge: 95 <--> 85 	 Freq: 14.0 	 Demand: 391
	Edge: 95 <--> 85 	 Freq: 7.0 	 Demand: 808
	Edge: 85 <--> 37 	 Freq: 14.0 	 Demand: 94
	Edge: 85 <--> 37 	 Freq: 7.0 	 Demand: 1003
	Edge: 114 <--> 115 	 Freq: 7.0 	 Demand: 1020
	Edge: 115 <--> 116 	 Freq: 7.0 	 Demand: 94
	Edge: 199 <--> 116 	 Freq: 7.0 	 Demand: 204
	Edge: 199 <--> 116 	 Freq: 14.0 	 Demand: 204
	Edge: 115 <--> 116 	 Freq: 14.0 	 Demand: 298
	Edge: 116 <--> 142 	 Freq: 7.0 	 Demand: 842
	Edge: 116 <--> 142 	 Freq: 14.0 	 Demand: 187
	Edge: 142 <--> 109 	 Freq: 7.0 	 Demand: 400
	Edge: 142 <--> 109 	 Freq: 14.0 	 Demand: 298
	Route: 4
	Route length (2274.0) and demand (11810)
	Edge: 50 <--> 48 	 Freq: 14.0 	 Demand: 604
	Edge: 187 <--> 188 	 Freq: 14.0 	 Demand: 510
	Edge: 128 <--> 129 	 Freq: 7.0 	 Demand: 204
	Edge: 132 <--> 133 	 Freq: 7.0 	 Demand: 748
	Edge: 132 <--> 133 	 Freq: 14.0 	 Demand: 281
	Edge: 129 <--> 132 	 Freq: 14.0 	 Demand: 408
	Edge: 128 <--> 99 	 Freq: 14.0 	 Demand: 391
	Edge: 99 <--> 100 	 Freq: 7.0 	 Demand: 94
	Edge: 124 <--> 125 	 Freq: 7.0 	 Demand: 510
	Edge: 202 <--> 124 	 Freq: 7.0 	 Demand: 238
	Edge: 202 <--> 124 	 Freq: 14.0 	 Demand: 391
	Edge: 124 <--> 125 	 Freq: 14.0 	 Demand: 323
	Edge: 99 <--> 125 	 Freq: 7.0 	 Demand: 468
	Edge: 131 <--> 237 	 Freq: 14.0 	 Demand: 204
	Edge: 100 <--> 131 	 Freq: 14.0 	 Demand: 510
	Edge: 99 <--> 100 	 Freq: 14.0 	 Demand: 408
	Edge: 128 <--> 99 	 Freq: 7.0 	 Demand: 612
	Edge: 125 <--> 126 	 Freq: 14.0 	 Demand: 1386
	Edge: 126 <--> 14 	 Freq: 7.0 	 Demand: 697
	Edge: 167 <--> 14 	 Freq: 7.0 	 Demand: 374
	Edge: 167 <--> 14 	 Freq: 14.0 	 Demand: 876
	Edge: 166 <--> 167 	 Freq: 14.0 	 Demand: 94
	Edge: 168 <--> 166 	 Freq: 7.0 	 Demand: 391
	Edge: 168 <--> 166 	 Freq: 14.0 	 Demand: 340
	Edge: 168 <--> 169 	 Freq: 7.0 	 Demand: 629
	Edge: 0 <--> 81 	 Freq: 7.0 	 Demand: 119
	Route: 5
	Route length (2231.0) and demand (11864)
	Edge: 84 <--> 134 	 Freq: 14.0 	 Demand: 94
	Edge: 66 <--> 61 	 Freq: 7.0 	 Demand: 510
	Edge: 148 <--> 149 	 Freq: 14.0 	 Demand: 510
	Edge: 243 <--> 149 	 Freq: 14.0 	 Demand: 94
	Edge: 243 <--> 149 	 Freq: 7.0 	 Demand: 94
	Edge: 148 <--> 149 	 Freq: 7.0 	 Demand: 502
	Edge: 135 <--> 148 	 Freq: 7.0 	 Demand: 1020
	Edge: 36 <--> 135 	 Freq: 7.0 	 Demand: 1020
	Edge: 88 <--> 35 	 Freq: 14.0 	 Demand: 94
	Edge: 88 <--> 228 	 Freq: 14.0 	 Demand: 714
	Edge: 87 <--> 88 	 Freq: 7.0 	 Demand: 808
	Edge: 39 <--> 87 	 Freq: 7.0 	 Demand: 961
	Edge: 38 <--> 39 	 Freq: 7.0 	 Demand: 281
	Edge: 37 <--> 38 	 Freq: 7.0 	 Demand: 298
	Edge: 77 <--> 86 	 Freq: 7.0 	 Demand: 281
	Edge: 86 <--> 37 	 Freq: 14.0 	 Demand: 510
	Edge: 37 <--> 38 	 Freq: 14.0 	 Demand: 374
	Edge: 38 <--> 39 	 Freq: 14.0 	 Demand: 204
	Edge: 39 <--> 87 	 Freq: 14.0 	 Demand: 723
	Edge: 87 <--> 88 	 Freq: 14.0 	 Demand: 298
	Edge: 88 <--> 35 	 Freq: 7.0 	 Demand: 187
	Edge: 35 <--> 246 	 Freq: 7.0 	 Demand: 510
	Edge: 35 <--> 36 	 Freq: 7.0 	 Demand: 340
	Edge: 36 <--> 61 	 Freq: 7.0 	 Demand: 1139
	Edge: 60 <--> 61 	 Freq: 14.0 	 Demand: 298
	Route: 6
	Route length (86.0) and demand (952)
	Edge: 29 <--> 0 	 Freq: 14.0 	 Demand: 952
	Route: 7
	Route length (1517.0) and demand (11894)
	Edge: 194 <--> 25 	 Freq: 14.0 	 Demand: 340
	Edge: 67 <--> 68 	 Freq: 14.0 	 Demand: 714
	Edge: 67 <--> 68 	 Freq: 7.0 	 Demand: 612
	Edge: 66 <--> 67 	 Freq: 14.0 	 Demand: 1420
	Edge: 66 <--> 61 	 Freq: 14.0 	 Demand: 706
	Edge: 66 <--> 67 	 Freq: 7.0 	 Demand: 697
	Edge: 36 <--> 61 	 Freq: 14.0 	 Demand: 391
	Edge: 60 <--> 61 	 Freq: 7.0 	 Demand: 187
	Edge: 60 <--> 256 	 Freq: 7.0 	 Demand: 298
	Edge: 92 <--> 33 	 Freq: 7.0 	 Demand: 510
	Edge: 33 <--> 34 	 Freq: 7.0 	 Demand: 1921
	Edge: 34 <--> 31 	 Freq: 7.0 	 Demand: 1411
	Edge: 250 <--> 251 	 Freq: 14.0 	 Demand: 510
	Edge: 34 <--> 250 	 Freq: 7.0 	 Demand: 374
	Edge: 33 <--> 34 	 Freq: 14.0 	 Demand: 714
	Edge: 92 <--> 33 	 Freq: 14.0 	 Demand: 298
	Edge: 92 <--> 134 	 Freq: 14.0 	 Demand: 791
	Route: 8
	Route length (101.0) and demand (842)
	Edge: 0 <--> 112 	 Freq: 14.0 	 Demand: 842
	Route: 9
	Route length (1399.0) and demand (11699)
	Edge: 127 <--> 23 	 Freq: 7.0 	 Demand: 714
	Edge: 23 <--> 48 	 Freq: 14.0 	 Demand: 1649
	Edge: 50 <--> 48 	 Freq: 7.0 	 Demand: 94
	Edge: 189 <--> 50 	 Freq: 14.0 	 Demand: 204
	Edge: 189 <--> 50 	 Freq: 7.0 	 Demand: 187
	Edge: 50 <--> 99 	 Freq: 14.0 	 Demand: 519
	Edge: 22 <--> 128 	 Freq: 7.0 	 Demand: 1828
	Edge: 21 <--> 22 	 Freq: 7.0 	 Demand: 3290
	Edge: 21 <--> 22 	 Freq: 14.0 	 Demand: 1088
	Edge: 187 <--> 128 	 Freq: 14.0 	 Demand: 1641
	Edge: 127 <--> 23 	 Freq: 14.0 	 Demand: 485
	Route: 10
	Route length (2967.0) and demand (11552)
	Edge: 56 <--> 57 	 Freq: 14.0 	 Demand: 323
	Edge: 185 <--> 267 	 Freq: 14.0 	 Demand: 204
	Edge: 185 <--> 267 	 Freq: 7.0 	 Demand: 510
	Edge: 104 <--> 105 	 Freq: 14.0 	 Demand: 119
	Edge: 101 <--> 104 	 Freq: 7.0 	 Demand: 281
	Edge: 195 <--> 101 	 Freq: 14.0 	 Demand: 187
	Edge: 195 <--> 101 	 Freq: 7.0 	 Demand: 94
	Edge: 101 <--> 51 	 Freq: 14.0 	 Demand: 765
	Edge: 51 <--> 52 	 Freq: 7.0 	 Demand: 204
	Edge: 52 <--> 53 	 Freq: 14.0 	 Demand: 408
	Edge: 163 <--> 150 	 Freq: 14.0 	 Demand: 213
	Edge: 151 <--> 137 	 Freq: 14.0 	 Demand: 893
	Edge: 137 <--> 152 	 Freq: 14.0 	 Demand: 527
	Edge: 152 <--> 69 	 Freq: 14.0 	 Demand: 94
	Edge: 69 <--> 21 	 Freq: 14.0 	 Demand: 204
	Edge: 69 <--> 21 	 Freq: 7.0 	 Demand: 94
	Edge: 152 <--> 69 	 Freq: 7.0 	 Demand: 94
	Edge: 244 <--> 152 	 Freq: 7.0 	 Demand: 281
	Edge: 244 <--> 152 	 Freq: 14.0 	 Demand: 204
	Edge: 137 <--> 152 	 Freq: 7.0 	 Demand: 502
	Edge: 137 <--> 138 	 Freq: 7.0 	 Demand: 417
	Edge: 137 <--> 138 	 Freq: 14.0 	 Demand: 1029
	Edge: 151 <--> 137 	 Freq: 7.0 	 Demand: 374
	Edge: 151 <--> 206 	 Freq: 7.0 	 Demand: 1046
	Edge: 151 <--> 206 	 Freq: 14.0 	 Demand: 485
	Edge: 150 <--> 151 	 Freq: 14.0 	 Demand: 119
	Edge: 163 <--> 150 	 Freq: 7.0 	 Demand: 485
	Edge: 163 <--> 159 	 Freq: 14.0 	 Demand: 706
	Edge: 159 <--> 208 	 Freq: 7.0 	 Demand: 204
	Edge: 163 <--> 159 	 Freq: 7.0 	 Demand: 94
	Edge: 53 <--> 163 	 Freq: 14.0 	 Demand: 298
	Edge: 52 <--> 53 	 Freq: 7.0 	 Demand: 94

Day 1, number of edges 162, number of routes 10

	Edges:

	Edge: 101 <--> 104 	 Freq: 14.0 	 Demand: 204
	Edge: 192 <--> 193 	 Freq: 14.0 	 Demand: 204
	Edge: 240 <--> 192 	 Freq: 14.0 	 Demand: 493
	Edge: 263 <--> 240 	 Freq: 14.0 	 Demand: 1122
	Edge: 161 <--> 263 	 Freq: 14.0 	 Demand: 714
	Edge: 161 <--> 11 	 Freq: 14.0 	 Demand: 323
	Edge: 11 <--> 12 	 Freq: 14.0 	 Demand: 94
	Edge: 11 <--> 10 	 Freq: 14.0 	 Demand: 374
	Edge: 8 <--> 10 	 Freq: 14.0 	 Demand: 213
	Edge: 8 <--> 9 	 Freq: 14.0 	 Demand: 94
	Edge: 10 <--> 4 	 Freq: 14.0 	 Demand: 595
	Edge: 4 <--> 5 	 Freq: 14.0 	 Demand: 187
	Edge: 5 <--> 205 	 Freq: 14.0 	 Demand: 400
	Edge: 4 <--> 216 	 Freq: 14.0 	 Demand: 187
	Edge: 197 <--> 9 	 Freq: 14.0 	 Demand: 281
	Edge: 196 <--> 197 	 Freq: 14.0 	 Demand: 204
	Edge: 13 <--> 196 	 Freq: 14.0 	 Demand: 94
	Edge: 160 <--> 13 	 Freq: 14.0 	 Demand: 94
	Edge: 160 <--> 262 	 Freq: 14.0 	 Demand: 187
	Edge: 262 <--> 63 	 Freq: 14.0 	 Demand: 374
	Edge: 63 <--> 64 	 Freq: 14.0 	 Demand: 587
	Edge: 64 <--> 65 	 Freq: 14.0 	 Demand: 400
	Edge: 13 <--> 6 	 Freq: 14.0 	 Demand: 374
	Edge: 6 <--> 7 	 Freq: 14.0 	 Demand: 306
	Edge: 197 <--> 217 	 Freq: 14.0 	 Demand: 94
	Edge: 264 <--> 160 	 Freq: 14.0 	 Demand: 187
	Edge: 162 <--> 201 	 Freq: 14.0 	 Demand: 298
	Edge: 162 <--> 252 	 Freq: 14.0 	 Demand: 187
	Edge: 70 <--> 71 	 Freq: 14.0 	 Demand: 204
	Edge: 73 <--> 136 	 Freq: 14.0 	 Demand: 204
	Edge: 73 <--> 120 	 Freq: 14.0 	 Demand: 94
	Edge: 120 <--> 245 	 Freq: 14.0 	 Demand: 408
	Edge: 179 <--> 180 	 Freq: 14.0 	 Demand: 298
	Edge: 254 <--> 179 	 Freq: 14.0 	 Demand: 1505
	Edge: 89 <--> 254 	 Freq: 14.0 	 Demand: 493
	Edge: 44 <--> 45 	 Freq: 14.0 	 Demand: 94
	Edge: 218 <--> 176 	 Freq: 14.0 	 Demand: 94
	Edge: 176 <--> 177 	 Freq: 14.0 	 Demand: 94
	Edge: 177 <--> 178 	 Freq: 14.0 	 Demand: 94
	Edge: 178 <--> 155 	 Freq: 14.0 	 Demand: 323
	Edge: 54 <--> 55 	 Freq: 14.0 	 Demand: 417
	Edge: 55 <--> 62 	 Freq: 14.0 	 Demand: 391
	Edge: 54 <--> 207 	 Freq: 14.0 	 Demand: 298
	Edge: 19 <--> 20 	 Freq: 14.0 	 Demand: 94
	Edge: 173 <--> 238 	 Freq: 14.0 	 Demand: 119
	Edge: 172 <--> 173 	 Freq: 14.0 	 Demand: 408
	Edge: 211 <--> 241 	 Freq: 14.0 	 Demand: 94
	Edge: 18 <--> 184 	 Freq: 14.0 	 Demand: 392
	Edge: 26 <--> 27 	 Freq: 14.0 	 Demand: 281
	Edge: 42 <--> 43 	 Freq: 14.0 	 Demand: 94
	Edge: 122 <--> 130 	 Freq: 14.0 	 Demand: 94
	Edge: 203 <--> 121 	 Freq: 14.0 	 Demand: 510
	Edge: 164 <--> 165 	 Freq: 14.0 	 Demand: 510
	Edge: 97 <--> 98 	 Freq: 14.0 	 Demand: 740
	Edge: 96 <--> 97 	 Freq: 14.0 	 Demand: 2330
	Edge: 200 <--> 78 	 Freq: 14.0 	 Demand: 1020
	Edge: 75 <--> 154 	 Freq: 14.0 	 Demand: 298
	Edge: 74 <--> 75 	 Freq: 14.0 	 Demand: 612
	Edge: 213 <--> 157 	 Freq: 14.0 	 Demand: 94
	Edge: 213 <--> 214 	 Freq: 14.0 	 Demand: 510
	Edge: 209 <--> 239 	 Freq: 14.0 	 Demand: 94
	Edge: 102 <--> 103 	 Freq: 14.0 	 Demand: 94
	Edge: 102 <--> 111 	 Freq: 14.0 	 Demand: 1658
	Edge: 90 <--> 91 	 Freq: 14.0 	 Demand: 213
	Edge: 190 <--> 28 	 Freq: 14.0 	 Demand: 298
	Edge: 15 <--> 16 	 Freq: 14.0 	 Demand: 94
	Edge: 253 <--> 156 	 Freq: 14.0 	 Demand: 595
	Edge: 219 <--> 253 	 Freq: 14.0 	 Demand: 672
	Edge: 158 <--> 215 	 Freq: 14.0 	 Demand: 1216
	Edge: 129 <--> 132 	 Freq: 7.0 	 Demand: 918
	Edge: 240 <--> 192 	 Freq: 7.0 	 Demand: 94
	Edge: 161 <--> 263 	 Freq: 7.0 	 Demand: 213
	Edge: 8 <--> 9 	 Freq: 7.0 	 Demand: 94
	Edge: 13 <--> 6 	 Freq: 7.0 	 Demand: 94
	Edge: 263 <--> 240 	 Freq: 7.0 	 Demand: 94
	Edge: 11 <--> 10 	 Freq: 7.0 	 Demand: 187
	Edge: 197 <--> 217 	 Freq: 7.0 	 Demand: 94
	Edge: 197 <--> 9 	 Freq: 7.0 	 Demand: 119
	Edge: 160 <--> 161 	 Freq: 7.0 	 Demand: 94
	Edge: 161 <--> 162 	 Freq: 7.0 	 Demand: 204
	Edge: 162 <--> 201 	 Freq: 7.0 	 Demand: 94
	Edge: 136 <--> 70 	 Freq: 7.0 	 Demand: 94
	Edge: 120 <--> 245 	 Freq: 7.0 	 Demand: 94
	Edge: 73 <--> 136 	 Freq: 7.0 	 Demand: 187
	Edge: 89 <--> 254 	 Freq: 7.0 	 Demand: 298
	Edge: 254 <--> 179 	 Freq: 7.0 	 Demand: 213
	Edge: 56 <--> 57 	 Freq: 7.0 	 Demand: 204
	Edge: 45 <--> 57 	 Freq: 7.0 	 Demand: 94
	Edge: 178 <--> 155 	 Freq: 7.0 	 Demand: 604
	Edge: 177 <--> 178 	 Freq: 7.0 	 Demand: 374
	Edge: 54 <--> 207 	 Freq: 7.0 	 Demand: 94
	Edge: 173 <--> 238 	 Freq: 7.0 	 Demand: 468
	Edge: 227 <--> 172 	 Freq: 7.0 	 Demand: 119
	Edge: 172 <--> 173 	 Freq: 7.0 	 Demand: 765
	Edge: 172 <--> 174 	 Freq: 7.0 	 Demand: 527
	Edge: 210 <--> 211 	 Freq: 7.0 	 Demand: 510
	Edge: 18 <--> 184 	 Freq: 7.0 	 Demand: 408
	Edge: 59 <--> 27 	 Freq: 7.0 	 Demand: 442
	Edge: 26 <--> 27 	 Freq: 7.0 	 Demand: 1054
	Edge: 42 <--> 182 	 Freq: 7.0 	 Demand: 213
	Edge: 43 <--> 79 	 Freq: 7.0 	 Demand: 94
	Edge: 40 <--> 79 	 Freq: 7.0 	 Demand: 187
	Edge: 42 <--> 43 	 Freq: 7.0 	 Demand: 1122
	Edge: 121 <--> 122 	 Freq: 7.0 	 Demand: 1224
	Edge: 203 <--> 121 	 Freq: 7.0 	 Demand: 94
	Edge: 139 <--> 121 	 Freq: 7.0 	 Demand: 612
	Edge: 165 <--> 261 	 Freq: 7.0 	 Demand: 510
	Edge: 164 <--> 165 	 Freq: 7.0 	 Demand: 1624
	Edge: 97 <--> 98 	 Freq: 7.0 	 Demand: 502
	Edge: 96 <--> 97 	 Freq: 7.0 	 Demand: 1054
	Edge: 200 <--> 78 	 Freq: 7.0 	 Demand: 510
	Edge: 75 <--> 154 	 Freq: 7.0 	 Demand: 94
	Edge: 74 <--> 75 	 Freq: 7.0 	 Demand: 306
	Edge: 213 <--> 157 	 Freq: 7.0 	 Demand: 213
	Edge: 213 <--> 214 	 Freq: 7.0 	 Demand: 680
	Edge: 111 <--> 141 	 Freq: 7.0 	 Demand: 868
	Edge: 102 <--> 103 	 Freq: 7.0 	 Demand: 119
	Edge: 102 <--> 111 	 Freq: 7.0 	 Demand: 791
	Edge: 90 <--> 91 	 Freq: 7.0 	 Demand: 1649
	Edge: 190 <--> 28 	 Freq: 7.0 	 Demand: 119
	Edge: 49 <--> 15 	 Freq: 7.0 	 Demand: 1114
	Edge: 15 <--> 16 	 Freq: 7.0 	 Demand: 2134
	Edge: 253 <--> 156 	 Freq: 7.0 	 Demand: 485
	Edge: 219 <--> 253 	 Freq: 7.0 	 Demand: 391
	Edge: 158 <--> 204 	 Freq: 7.0 	 Demand: 612
	Edge: 158 <--> 215 	 Freq: 7.0 	 Demand: 332
	Edge: 171 <--> 236 	 Freq: 7.0 	 Demand: 94
	Edge: 83 <--> 30 	 Freq: 7.0 	 Demand: 94
	Edge: 80 <--> 181 	 Freq: 7.0 	 Demand: 485
	Edge: 80 <--> 230 	 Freq: 7.0 	 Demand: 2040
	Edge: 234 <--> 235 	 Freq: 7.0 	 Demand: 1020
	Edge: 175 <--> 72 	 Freq: 7.0 	 Demand: 94
	Edge: 198 <--> 265 	 Freq: 7.0 	 Demand: 510
	Edge: 265 <--> 266 	 Freq: 7.0 	 Demand: 298
	Edge: 220 <--> 221 	 Freq: 7.0 	 Demand: 1530
	Edge: 2 <--> 3 	 Freq: 7.0 	 Demand: 3570
	Edge: 191 <--> 231 	 Freq: 7.0 	 Demand: 1020
	Edge: 41 <--> 191 	 Freq: 7.0 	 Demand: 1020
	Edge: 258 <--> 259 	 Freq: 7.0 	 Demand: 748
	Edge: 24 <--> 249 	 Freq: 7.0 	 Demand: 2040
	Edge: 17 <--> 58 	 Freq: 7.0 	 Demand: 697
	Edge: 222 <--> 223 	 Freq: 7.0 	 Demand: 4032
	Edge: 1 <--> 212 	 Freq: 7.0 	 Demand: 1938
	Edge: 257 <--> 225 	 Freq: 7.0 	 Demand: 340
	Edge: 225 <--> 226 	 Freq: 7.0 	 Demand: 1428
	Edge: 147 <--> 117 	 Freq: 7.0 	 Demand: 1938
	Edge: 106 <--> 107 	 Freq: 7.0 	 Demand: 408
	Edge: 81 <--> 82 	 Freq: 7.0 	 Demand: 927
	Edge: 242 <--> 260 	 Freq: 7.0 	 Demand: 2040
	Edge: 23 <--> 48 	 Freq: 7.0 	 Demand: 1879
	Edge: 187 <--> 128 	 Freq: 7.0 	 Demand: 587
	Edge: 76 <--> 229 	 Freq: 7.0 	 Demand: 3460
	Edge: 50 <--> 99 	 Freq: 7.0 	 Demand: 1250
	Edge: 125 <--> 126 	 Freq: 7.0 	 Demand: 391
	Edge: 101 <--> 51 	 Freq: 7.0 	 Demand: 306
	Edge: 134 <--> 194 	 Freq: 7.0 	 Demand: 4251
	Edge: 123 <--> 76 	 Freq: 3.5 	 Demand: 1020
	Edge: 45 <--> 57 	 Freq: 14.0 	 Demand: 391
	Edge: 209 <--> 239 	 Freq: 7.0 	 Demand: 94
	Edge: 59 <--> 27 	 Freq: 14.0 	 Demand: 340
	Edge: 185 <--> 104 	 Freq: 7.0 	 Demand: 204
	Edge: 47 <--> 186 	 Freq: 14.0 	 Demand: 94

	Routes:

	Route: 1
	Route length (2355.0) and demand (10493)
	Edge: 23 <--> 48 	 Freq: 7.0 	 Demand: 1879
	Edge: 187 <--> 128 	 Freq: 7.0 	 Demand: 587
	Edge: 50 <--> 99 	 Freq: 7.0 	 Demand: 1250
	Edge: 125 <--> 126 	 Freq: 7.0 	 Demand: 391
	Edge: 83 <--> 30 	 Freq: 7.0 	 Demand: 94
	Edge: 1 <--> 212 	 Freq: 7.0 	 Demand: 1938
	Edge: 19 <--> 20 	 Freq: 14.0 	 Demand: 94
	Edge: 129 <--> 132 	 Freq: 7.0 	 Demand: 918
	Edge: 15 <--> 16 	 Freq: 14.0 	 Demand: 94
	Edge: 15 <--> 16 	 Freq: 7.0 	 Demand: 2134
	Edge: 49 <--> 15 	 Freq: 7.0 	 Demand: 1114
	Route: 2
	Route length (1764.0) and demand (11896)
	Edge: 45 <--> 57 	 Freq: 14.0 	 Demand: 391
	Edge: 56 <--> 57 	 Freq: 7.0 	 Demand: 204
	Edge: 45 <--> 57 	 Freq: 7.0 	 Demand: 94
	Edge: 44 <--> 45 	 Freq: 14.0 	 Demand: 94
	Edge: 102 <--> 103 	 Freq: 14.0 	 Demand: 94
	Edge: 102 <--> 111 	 Freq: 14.0 	 Demand: 1658
	Edge: 102 <--> 103 	 Freq: 7.0 	 Demand: 119
	Edge: 102 <--> 111 	 Freq: 7.0 	 Demand: 791
	Edge: 111 <--> 141 	 Freq: 7.0 	 Demand: 868
	Edge: 90 <--> 91 	 Freq: 7.0 	 Demand: 1649
	Edge: 17 <--> 58 	 Freq: 7.0 	 Demand: 697
	Edge: 59 <--> 27 	 Freq: 7.0 	 Demand: 442
	Edge: 26 <--> 27 	 Freq: 7.0 	 Demand: 1054
	Edge: 26 <--> 27 	 Freq: 14.0 	 Demand: 281
	Edge: 76 <--> 229 	 Freq: 7.0 	 Demand: 3460
	Route: 3
	Route length (2924.0) and demand (11502)
	Edge: 160 <--> 13 	 Freq: 14.0 	 Demand: 94
	Edge: 13 <--> 6 	 Freq: 14.0 	 Demand: 374
	Edge: 6 <--> 7 	 Freq: 14.0 	 Demand: 306
	Edge: 13 <--> 6 	 Freq: 7.0 	 Demand: 94
	Edge: 13 <--> 196 	 Freq: 14.0 	 Demand: 94
	Edge: 196 <--> 197 	 Freq: 14.0 	 Demand: 204
	Edge: 197 <--> 217 	 Freq: 14.0 	 Demand: 94
	Edge: 197 <--> 217 	 Freq: 7.0 	 Demand: 94
	Edge: 197 <--> 9 	 Freq: 14.0 	 Demand: 281
	Edge: 197 <--> 9 	 Freq: 7.0 	 Demand: 119
	Edge: 8 <--> 9 	 Freq: 14.0 	 Demand: 94
	Edge: 8 <--> 9 	 Freq: 7.0 	 Demand: 94
	Edge: 5 <--> 205 	 Freq: 14.0 	 Demand: 400
	Edge: 4 <--> 5 	 Freq: 14.0 	 Demand: 187
	Edge: 4 <--> 216 	 Freq: 14.0 	 Demand: 187
	Edge: 10 <--> 4 	 Freq: 14.0 	 Demand: 595
	Edge: 8 <--> 10 	 Freq: 14.0 	 Demand: 213
	Edge: 11 <--> 10 	 Freq: 14.0 	 Demand: 374
	Edge: 11 <--> 10 	 Freq: 7.0 	 Demand: 187
	Edge: 11 <--> 12 	 Freq: 14.0 	 Demand: 94
	Edge: 161 <--> 11 	 Freq: 14.0 	 Demand: 323
	Edge: 162 <--> 201 	 Freq: 14.0 	 Demand: 298
	Edge: 162 <--> 201 	 Freq: 7.0 	 Demand: 94
	Edge: 162 <--> 252 	 Freq: 14.0 	 Demand: 187
	Edge: 161 <--> 162 	 Freq: 7.0 	 Demand: 204
	Edge: 161 <--> 263 	 Freq: 14.0 	 Demand: 714
	Edge: 263 <--> 240 	 Freq: 7.0 	 Demand: 94
	Edge: 240 <--> 192 	 Freq: 7.0 	 Demand: 94
	Edge: 192 <--> 193 	 Freq: 14.0 	 Demand: 204
	Edge: 240 <--> 192 	 Freq: 14.0 	 Demand: 493
	Edge: 263 <--> 240 	 Freq: 14.0 	 Demand: 1122
	Edge: 161 <--> 263 	 Freq: 7.0 	 Demand: 213
	Edge: 160 <--> 161 	 Freq: 7.0 	 Demand: 94
	Edge: 262 <--> 63 	 Freq: 14.0 	 Demand: 374
	Edge: 64 <--> 65 	 Freq: 14.0 	 Demand: 400
	Edge: 63 <--> 64 	 Freq: 14.0 	 Demand: 587
	Edge: 160 <--> 262 	 Freq: 14.0 	 Demand: 187
	Edge: 264 <--> 160 	 Freq: 14.0 	 Demand: 187
	Edge: 158 <--> 215 	 Freq: 7.0 	 Demand: 332
	Edge: 158 <--> 204 	 Freq: 7.0 	 Demand: 612
	Edge: 198 <--> 265 	 Freq: 7.0 	 Demand: 510
	Route: 4
	Route length (1623.0) and demand (11190)
	Edge: 134 <--> 194 	 Freq: 7.0 	 Demand: 4251
	Edge: 96 <--> 97 	 Freq: 7.0 	 Demand: 1054
	Edge: 97 <--> 98 	 Freq: 7.0 	 Demand: 502
	Edge: 97 <--> 98 	 Freq: 14.0 	 Demand: 740
	Edge: 96 <--> 97 	 Freq: 14.0 	 Demand: 2330
	Edge: 172 <--> 173 	 Freq: 7.0 	 Demand: 765
	Edge: 172 <--> 173 	 Freq: 14.0 	 Demand: 408
	Edge: 173 <--> 238 	 Freq: 14.0 	 Demand: 119
	Edge: 171 <--> 236 	 Freq: 7.0 	 Demand: 94
	Edge: 81 <--> 82 	 Freq: 7.0 	 Demand: 927
	Route: 5
	Route length (3212.0) and demand (8557)
	Edge: 185 <--> 104 	 Freq: 7.0 	 Demand: 204
	Edge: 101 <--> 51 	 Freq: 7.0 	 Demand: 306
	Edge: 179 <--> 180 	 Freq: 14.0 	 Demand: 298
	Edge: 254 <--> 179 	 Freq: 14.0 	 Demand: 1505
	Edge: 89 <--> 254 	 Freq: 7.0 	 Demand: 298
	Edge: 89 <--> 254 	 Freq: 14.0 	 Demand: 493
	Edge: 254 <--> 179 	 Freq: 7.0 	 Demand: 213
	Edge: 75 <--> 154 	 Freq: 14.0 	 Demand: 298
	Edge: 74 <--> 75 	 Freq: 14.0 	 Demand: 612
	Edge: 74 <--> 75 	 Freq: 7.0 	 Demand: 306
	Edge: 75 <--> 154 	 Freq: 7.0 	 Demand: 94
	Edge: 219 <--> 253 	 Freq: 7.0 	 Demand: 391
	Edge: 219 <--> 253 	 Freq: 14.0 	 Demand: 672
	Edge: 253 <--> 156 	 Freq: 7.0 	 Demand: 485
	Edge: 178 <--> 155 	 Freq: 7.0 	 Demand: 604
	Edge: 177 <--> 178 	 Freq: 7.0 	 Demand: 374
	Edge: 176 <--> 177 	 Freq: 14.0 	 Demand: 94
	Edge: 218 <--> 176 	 Freq: 14.0 	 Demand: 94
	Edge: 177 <--> 178 	 Freq: 14.0 	 Demand: 94
	Edge: 178 <--> 155 	 Freq: 14.0 	 Demand: 323
	Edge: 253 <--> 156 	 Freq: 14.0 	 Demand: 595
	Edge: 101 <--> 104 	 Freq: 14.0 	 Demand: 204
	Route: 6
	Route length (2602.0) and demand (11937)
	Edge: 18 <--> 184 	 Freq: 7.0 	 Demand: 408
	Edge: 90 <--> 91 	 Freq: 14.0 	 Demand: 213
	Edge: 42 <--> 43 	 Freq: 14.0 	 Demand: 94
	Edge: 42 <--> 182 	 Freq: 7.0 	 Demand: 213
	Edge: 42 <--> 43 	 Freq: 7.0 	 Demand: 1122
	Edge: 43 <--> 79 	 Freq: 7.0 	 Demand: 94
	Edge: 80 <--> 230 	 Freq: 7.0 	 Demand: 2040
	Edge: 80 <--> 181 	 Freq: 7.0 	 Demand: 485
	Edge: 40 <--> 79 	 Freq: 7.0 	 Demand: 187
	Edge: 41 <--> 191 	 Freq: 7.0 	 Demand: 1020
	Edge: 191 <--> 231 	 Freq: 7.0 	 Demand: 1020
	Edge: 200 <--> 78 	 Freq: 14.0 	 Demand: 1020
	Edge: 258 <--> 259 	 Freq: 7.0 	 Demand: 748
	Edge: 200 <--> 78 	 Freq: 7.0 	 Demand: 510
	Edge: 165 <--> 261 	 Freq: 7.0 	 Demand: 510
	Edge: 164 <--> 165 	 Freq: 7.0 	 Demand: 1624
	Edge: 164 <--> 165 	 Freq: 14.0 	 Demand: 510
	Edge: 190 <--> 28 	 Freq: 7.0 	 Demand: 119
	Route: 7
	Route length (1802.0) and demand (11420)
	Edge: 220 <--> 221 	 Freq: 7.0 	 Demand: 1530
	Edge: 257 <--> 225 	 Freq: 7.0 	 Demand: 340
	Edge: 225 <--> 226 	 Freq: 7.0 	 Demand: 1428
	Edge: 242 <--> 260 	 Freq: 7.0 	 Demand: 2040
	Edge: 222 <--> 223 	 Freq: 7.0 	 Demand: 4032
	Edge: 234 <--> 235 	 Freq: 7.0 	 Demand: 1020
	Edge: 59 <--> 27 	 Freq: 14.0 	 Demand: 340
	Edge: 18 <--> 184 	 Freq: 14.0 	 Demand: 392
	Edge: 190 <--> 28 	 Freq: 14.0 	 Demand: 298
	Route: 8
	Route length (521.0) and demand (2040)
	Edge: 24 <--> 249 	 Freq: 7.0 	 Demand: 2040
	Route: 9
	Route length (2073.0) and demand (5097)
	Edge: 47 <--> 186 	 Freq: 14.0 	 Demand: 94
	Edge: 265 <--> 266 	 Freq: 7.0 	 Demand: 298
	Edge: 209 <--> 239 	 Freq: 14.0 	 Demand: 94
	Edge: 54 <--> 55 	 Freq: 14.0 	 Demand: 417
	Edge: 55 <--> 62 	 Freq: 14.0 	 Demand: 391
	Edge: 54 <--> 207 	 Freq: 7.0 	 Demand: 94
	Edge: 54 <--> 207 	 Freq: 14.0 	 Demand: 298
	Edge: 210 <--> 211 	 Freq: 7.0 	 Demand: 510
	Edge: 211 <--> 241 	 Freq: 14.0 	 Demand: 94
	Edge: 209 <--> 239 	 Freq: 7.0 	 Demand: 94
	Edge: 158 <--> 215 	 Freq: 14.0 	 Demand: 1216
	Edge: 213 <--> 157 	 Freq: 7.0 	 Demand: 213
	Edge: 213 <--> 214 	 Freq: 7.0 	 Demand: 680
	Edge: 213 <--> 214 	 Freq: 14.0 	 Demand: 510
	Edge: 213 <--> 157 	 Freq: 14.0 	 Demand: 94
	Route: 10
	Route length (2567.0) and demand (11963)
	Edge: 106 <--> 107 	 Freq: 7.0 	 Demand: 408
	Edge: 173 <--> 238 	 Freq: 7.0 	 Demand: 468
	Edge: 227 <--> 172 	 Freq: 7.0 	 Demand: 119
	Edge: 172 <--> 174 	 Freq: 7.0 	 Demand: 527
	Edge: 73 <--> 136 	 Freq: 14.0 	 Demand: 204
	Edge: 70 <--> 71 	 Freq: 14.0 	 Demand: 204
	Edge: 136 <--> 70 	 Freq: 7.0 	 Demand: 94
	Edge: 73 <--> 136 	 Freq: 7.0 	 Demand: 187
	Edge: 120 <--> 245 	 Freq: 14.0 	 Demand: 408
	Edge: 203 <--> 121 	 Freq: 14.0 	 Demand: 510
	Edge: 122 <--> 130 	 Freq: 14.0 	 Demand: 94
	Edge: 121 <--> 122 	 Freq: 7.0 	 Demand: 1224
	Edge: 139 <--> 121 	 Freq: 7.0 	 Demand: 612
	Edge: 203 <--> 121 	 Freq: 7.0 	 Demand: 94
	Edge: 120 <--> 245 	 Freq: 7.0 	 Demand: 94
	Edge: 73 <--> 120 	 Freq: 14.0 	 Demand: 94
	Edge: 175 <--> 72 	 Freq: 7.0 	 Demand: 94
	Edge: 2 <--> 3 	 Freq: 7.0 	 Demand: 3570
	Edge: 147 <--> 117 	 Freq: 7.0 	 Demand: 1938
	Edge: 123 <--> 76 	 Freq: 3.5 	 Demand: 1020

Day 2, number of edges 2, number of routes 1

	Edges:

	Edge: 47 <--> 186 	 Freq: 7.0 	 Demand: 94
	Edge: 148 <--> 149 	 Freq: 3.5 	 Demand: 4049

	Routes:

	Route: 1
	Route length (1222.0) and demand (4143)
	Edge: 47 <--> 186 	 Freq: 7.0 	 Demand: 94
	Edge: 148 <--> 149 	 Freq: 3.5 	 Demand: 4049

Day 3, number of edges 0, number of routes 0

	Edges:


	Routes:


Day 4, number of edges 2, number of routes 1

	Edges:

	Edge: 123 <--> 76 	 Freq: 3.5 	 Demand: 1020
	Edge: 148 <--> 149 	 Freq: 3.5 	 Demand: 4049

	Routes:

	Route: 1
	Route length (1225.0) and demand (5069)
	Edge: 123 <--> 76 	 Freq: 3.5 	 Demand: 1020
	Edge: 148 <--> 149 	 Freq: 3.5 	 Demand: 4049

Day 5, number of edges 0, number of routes 0

	Edges:


	Routes:


Day 6, number of edges 0, number of routes 0

	Edges:


	Routes:


Day 7, number of edges 143, number of routes 9

	Edges:

	Edge: 127 <--> 23 	 Freq: 7.0 	 Demand: 714
	Edge: 128 <--> 129 	 Freq: 7.0 	 Demand: 204
	Edge: 129 <--> 132 	 Freq: 7.0 	 Demand: 918
	Edge: 82 <--> 247 	 Freq: 7.0 	 Demand: 510
	Edge: 189 <--> 50 	 Freq: 7.0 	 Demand: 187
	Edge: 247 <--> 248 	 Freq: 7.0 	 Demand: 510
	Edge: 50 <--> 48 	 Freq: 7.0 	 Demand: 94
	Edge: 99 <--> 100 	 Freq: 7.0 	 Demand: 94
	Edge: 113 <--> 127 	 Freq: 7.0 	 Demand: 468
	Edge: 81 <--> 113 	 Freq: 7.0 	 Demand: 901
	Edge: 99 <--> 125 	 Freq: 7.0 	 Demand: 468
	Edge: 202 <--> 124 	 Freq: 7.0 	 Demand: 238
	Edge: 124 <--> 125 	 Freq: 7.0 	 Demand: 510
	Edge: 126 <--> 14 	 Freq: 7.0 	 Demand: 697
	Edge: 168 <--> 166 	 Freq: 7.0 	 Demand: 391
	Edge: 168 <--> 169 	 Freq: 7.0 	 Demand: 629
	Edge: 0 <--> 81 	 Freq: 7.0 	 Demand: 119
	Edge: 167 <--> 14 	 Freq: 7.0 	 Demand: 374
	Edge: 128 <--> 99 	 Freq: 7.0 	 Demand: 612
	Edge: 22 <--> 128 	 Freq: 7.0 	 Demand: 1828
	Edge: 152 <--> 69 	 Freq: 7.0 	 Demand: 94
	Edge: 137 <--> 138 	 Freq: 7.0 	 Demand: 417
	Edge: 151 <--> 206 	 Freq: 7.0 	 Demand: 1046
	Edge: 52 <--> 53 	 Freq: 7.0 	 Demand: 94
	Edge: 137 <--> 152 	 Freq: 7.0 	 Demand: 502
	Edge: 163 <--> 159 	 Freq: 7.0 	 Demand: 94
	Edge: 244 <--> 152 	 Freq: 7.0 	 Demand: 281
	Edge: 51 <--> 52 	 Freq: 7.0 	 Demand: 204
	Edge: 185 <--> 104 	 Freq: 7.0 	 Demand: 204
	Edge: 163 <--> 150 	 Freq: 7.0 	 Demand: 485
	Edge: 195 <--> 101 	 Freq: 7.0 	 Demand: 94
	Edge: 21 <--> 22 	 Freq: 7.0 	 Demand: 3290
	Edge: 29 <--> 0 	 Freq: 7.0 	 Demand: 204
	Edge: 69 <--> 21 	 Freq: 7.0 	 Demand: 94
	Edge: 151 <--> 137 	 Freq: 7.0 	 Demand: 374
	Edge: 112 <--> 76 	 Freq: 7.0 	 Demand: 2040
	Edge: 76 <--> 25 	 Freq: 7.0 	 Demand: 2924
	Edge: 92 <--> 33 	 Freq: 7.0 	 Demand: 510
	Edge: 34 <--> 250 	 Freq: 7.0 	 Demand: 374
	Edge: 34 <--> 31 	 Freq: 7.0 	 Demand: 1411
	Edge: 33 <--> 34 	 Freq: 7.0 	 Demand: 1921
	Edge: 123 <--> 76 	 Freq: 7.0 	 Demand: 1165
	Edge: 147 <--> 123 	 Freq: 7.0 	 Demand: 204
	Edge: 146 <--> 147 	 Freq: 7.0 	 Demand: 1564
	Edge: 145 <--> 146 	 Freq: 7.0 	 Demand: 187
	Edge: 144 <--> 145 	 Freq: 7.0 	 Demand: 2142
	Edge: 68 <--> 144 	 Freq: 7.0 	 Demand: 2329
	Edge: 35 <--> 36 	 Freq: 7.0 	 Demand: 340
	Edge: 114 <--> 115 	 Freq: 7.0 	 Demand: 1020
	Edge: 38 <--> 39 	 Freq: 7.0 	 Demand: 281
	Edge: 232 <--> 143 	 Freq: 7.0 	 Demand: 485
	Edge: 60 <--> 256 	 Freq: 7.0 	 Demand: 298
	Edge: 32 <--> 93 	 Freq: 7.0 	 Demand: 1318
	Edge: 88 <--> 35 	 Freq: 7.0 	 Demand: 187
	Edge: 66 <--> 61 	 Freq: 7.0 	 Demand: 510
	Edge: 35 <--> 246 	 Freq: 7.0 	 Demand: 510
	Edge: 67 <--> 68 	 Freq: 7.0 	 Demand: 612
	Edge: 110 <--> 94 	 Freq: 7.0 	 Demand: 1020
	Edge: 77 <--> 86 	 Freq: 7.0 	 Demand: 281
	Edge: 255 <--> 232 	 Freq: 7.0 	 Demand: 510
	Edge: 115 <--> 116 	 Freq: 7.0 	 Demand: 94
	Edge: 36 <--> 135 	 Freq: 7.0 	 Demand: 1020
	Edge: 135 <--> 148 	 Freq: 7.0 	 Demand: 1020
	Edge: 143 <--> 140 	 Freq: 7.0 	 Demand: 1020
	Edge: 60 <--> 61 	 Freq: 7.0 	 Demand: 187
	Edge: 95 <--> 85 	 Freq: 7.0 	 Demand: 808
	Edge: 37 <--> 38 	 Freq: 7.0 	 Demand: 298
	Edge: 66 <--> 67 	 Freq: 7.0 	 Demand: 697
	Edge: 87 <--> 88 	 Freq: 7.0 	 Demand: 808
	Edge: 36 <--> 61 	 Freq: 7.0 	 Demand: 1139
	Edge: 199 <--> 116 	 Freq: 7.0 	 Demand: 204
	Edge: 85 <--> 37 	 Freq: 7.0 	 Demand: 1003
	Edge: 109 <--> 255 	 Freq: 7.0 	 Demand: 1547
	Edge: 39 <--> 87 	 Freq: 7.0 	 Demand: 961
	Edge: 116 <--> 142 	 Freq: 7.0 	 Demand: 842
	Edge: 93 <--> 87 	 Freq: 7.0 	 Demand: 731
	Edge: 142 <--> 109 	 Freq: 7.0 	 Demand: 400
	Edge: 148 <--> 149 	 Freq: 7.0 	 Demand: 502
	Edge: 94 <--> 95 	 Freq: 7.0 	 Demand: 1318
	Edge: 243 <--> 149 	 Freq: 7.0 	 Demand: 94
	Edge: 0 <--> 112 	 Freq: 7.0 	 Demand: 298
	Edge: 101 <--> 104 	 Freq: 7.0 	 Demand: 281
	Edge: 240 <--> 192 	 Freq: 7.0 	 Demand: 94
	Edge: 161 <--> 263 	 Freq: 7.0 	 Demand: 213
	Edge: 8 <--> 9 	 Freq: 7.0 	 Demand: 94
	Edge: 13 <--> 6 	 Freq: 7.0 	 Demand: 94
	Edge: 263 <--> 240 	 Freq: 7.0 	 Demand: 94
	Edge: 11 <--> 10 	 Freq: 7.0 	 Demand: 187
	Edge: 197 <--> 217 	 Freq: 7.0 	 Demand: 94
	Edge: 197 <--> 9 	 Freq: 7.0 	 Demand: 119
	Edge: 160 <--> 161 	 Freq: 7.0 	 Demand: 94
	Edge: 161 <--> 162 	 Freq: 7.0 	 Demand: 204
	Edge: 162 <--> 201 	 Freq: 7.0 	 Demand: 94
	Edge: 120 <--> 245 	 Freq: 7.0 	 Demand: 94
	Edge: 56 <--> 57 	 Freq: 7.0 	 Demand: 204
	Edge: 45 <--> 57 	 Freq: 7.0 	 Demand: 94
	Edge: 54 <--> 207 	 Freq: 7.0 	 Demand: 94
	Edge: 173 <--> 238 	 Freq: 7.0 	 Demand: 468
	Edge: 227 <--> 172 	 Freq: 7.0 	 Demand: 119
	Edge: 172 <--> 173 	 Freq: 7.0 	 Demand: 765
	Edge: 172 <--> 174 	 Freq: 7.0 	 Demand: 527
	Edge: 210 <--> 211 	 Freq: 7.0 	 Demand: 510
	Edge: 18 <--> 184 	 Freq: 7.0 	 Demand: 408
	Edge: 59 <--> 27 	 Freq: 7.0 	 Demand: 442
	Edge: 26 <--> 27 	 Freq: 7.0 	 Demand: 1054
	Edge: 42 <--> 182 	 Freq: 7.0 	 Demand: 213
	Edge: 43 <--> 79 	 Freq: 7.0 	 Demand: 94
	Edge: 40 <--> 79 	 Freq: 7.0 	 Demand: 187
	Edge: 42 <--> 43 	 Freq: 7.0 	 Demand: 1122
	Edge: 165 <--> 261 	 Freq: 7.0 	 Demand: 510
	Edge: 97 <--> 98 	 Freq: 7.0 	 Demand: 502
	Edge: 75 <--> 154 	 Freq: 7.0 	 Demand: 94
	Edge: 74 <--> 75 	 Freq: 7.0 	 Demand: 306
	Edge: 111 <--> 141 	 Freq: 7.0 	 Demand: 868
	Edge: 102 <--> 103 	 Freq: 7.0 	 Demand: 119
	Edge: 102 <--> 111 	 Freq: 7.0 	 Demand: 791
	Edge: 158 <--> 204 	 Freq: 7.0 	 Demand: 612
	Edge: 158 <--> 215 	 Freq: 7.0 	 Demand: 332
	Edge: 83 <--> 30 	 Freq: 7.0 	 Demand: 94
	Edge: 80 <--> 181 	 Freq: 7.0 	 Demand: 485
	Edge: 80 <--> 230 	 Freq: 7.0 	 Demand: 2040
	Edge: 234 <--> 235 	 Freq: 7.0 	 Demand: 1020
	Edge: 175 <--> 72 	 Freq: 7.0 	 Demand: 94
	Edge: 198 <--> 265 	 Freq: 7.0 	 Demand: 510
	Edge: 265 <--> 266 	 Freq: 7.0 	 Demand: 298
	Edge: 220 <--> 221 	 Freq: 7.0 	 Demand: 1530
	Edge: 2 <--> 3 	 Freq: 7.0 	 Demand: 3570
	Edge: 191 <--> 231 	 Freq: 7.0 	 Demand: 1020
	Edge: 41 <--> 191 	 Freq: 7.0 	 Demand: 1020
	Edge: 147 <--> 117 	 Freq: 7.0 	 Demand: 1938
	Edge: 81 <--> 82 	 Freq: 7.0 	 Demand: 927
	Edge: 23 <--> 48 	 Freq: 7.0 	 Demand: 1879
	Edge: 187 <--> 128 	 Freq: 7.0 	 Demand: 587
	Edge: 132 <--> 133 	 Freq: 7.0 	 Demand: 748
	Edge: 76 <--> 229 	 Freq: 7.0 	 Demand: 3460
	Edge: 50 <--> 99 	 Freq: 7.0 	 Demand: 1250
	Edge: 125 <--> 126 	 Freq: 7.0 	 Demand: 391
	Edge: 101 <--> 51 	 Freq: 7.0 	 Demand: 306
	Edge: 185 <--> 267 	 Freq: 7.0 	 Demand: 510
	Edge: 123 <--> 76 	 Freq: 3.5 	 Demand: 1020
	Edge: 159 <--> 208 	 Freq: 7.0 	 Demand: 204
	Edge: 171 <--> 236 	 Freq: 7.0 	 Demand: 94
	Edge: 164 <--> 165 	 Freq: 7.0 	 Demand: 1624

	Routes:

	Route: 1
	Route length (1900.0) and demand (11529)
	Edge: 81 <--> 82 	 Freq: 7.0 	 Demand: 927
	Edge: 247 <--> 248 	 Freq: 7.0 	 Demand: 510
	Edge: 171 <--> 236 	 Freq: 7.0 	 Demand: 94
	Edge: 173 <--> 238 	 Freq: 7.0 	 Demand: 468
	Edge: 172 <--> 173 	 Freq: 7.0 	 Demand: 765
	Edge: 227 <--> 172 	 Freq: 7.0 	 Demand: 119
	Edge: 172 <--> 174 	 Freq: 7.0 	 Demand: 527
	Edge: 175 <--> 72 	 Freq: 7.0 	 Demand: 94
	Edge: 120 <--> 245 	 Freq: 7.0 	 Demand: 94
	Edge: 2 <--> 3 	 Freq: 7.0 	 Demand: 3570
	Edge: 97 <--> 98 	 Freq: 7.0 	 Demand: 502
	Edge: 220 <--> 221 	 Freq: 7.0 	 Demand: 1530
	Edge: 68 <--> 144 	 Freq: 7.0 	 Demand: 2329
	Route: 2
	Route length (625.0) and demand (9887)
	Edge: 123 <--> 76 	 Freq: 7.0 	 Demand: 1165
	Edge: 76 <--> 25 	 Freq: 7.0 	 Demand: 2924
	Edge: 76 <--> 229 	 Freq: 7.0 	 Demand: 3460
	Edge: 112 <--> 76 	 Freq: 7.0 	 Demand: 2040
	Edge: 0 <--> 112 	 Freq: 7.0 	 Demand: 298
	Route: 3
	Route length (2348.0) and demand (11437)
	Edge: 29 <--> 0 	 Freq: 7.0 	 Demand: 204
	Edge: 232 <--> 143 	 Freq: 7.0 	 Demand: 485
	Edge: 255 <--> 232 	 Freq: 7.0 	 Demand: 510
	Edge: 109 <--> 255 	 Freq: 7.0 	 Demand: 1547
	Edge: 142 <--> 109 	 Freq: 7.0 	 Demand: 400
	Edge: 116 <--> 142 	 Freq: 7.0 	 Demand: 842
	Edge: 191 <--> 231 	 Freq: 7.0 	 Demand: 1020
	Edge: 41 <--> 191 	 Freq: 7.0 	 Demand: 1020
	Edge: 74 <--> 75 	 Freq: 7.0 	 Demand: 306
	Edge: 75 <--> 154 	 Freq: 7.0 	 Demand: 94
	Edge: 40 <--> 79 	 Freq: 7.0 	 Demand: 187
	Edge: 80 <--> 181 	 Freq: 7.0 	 Demand: 485
	Edge: 80 <--> 230 	 Freq: 7.0 	 Demand: 2040
	Edge: 43 <--> 79 	 Freq: 7.0 	 Demand: 94
	Edge: 42 <--> 43 	 Freq: 7.0 	 Demand: 1122
	Edge: 42 <--> 182 	 Freq: 7.0 	 Demand: 213
	Edge: 111 <--> 141 	 Freq: 7.0 	 Demand: 868
	Route: 4
	Route length (3820.0) and demand (8467)
	Edge: 198 <--> 265 	 Freq: 7.0 	 Demand: 510
	Edge: 265 <--> 266 	 Freq: 7.0 	 Demand: 298
	Edge: 151 <--> 206 	 Freq: 7.0 	 Demand: 1046
	Edge: 163 <--> 150 	 Freq: 7.0 	 Demand: 485
	Edge: 160 <--> 161 	 Freq: 7.0 	 Demand: 94
	Edge: 240 <--> 192 	 Freq: 7.0 	 Demand: 94
	Edge: 263 <--> 240 	 Freq: 7.0 	 Demand: 94
	Edge: 161 <--> 263 	 Freq: 7.0 	 Demand: 213
	Edge: 161 <--> 162 	 Freq: 7.0 	 Demand: 204
	Edge: 162 <--> 201 	 Freq: 7.0 	 Demand: 94
	Edge: 11 <--> 10 	 Freq: 7.0 	 Demand: 187
	Edge: 8 <--> 9 	 Freq: 7.0 	 Demand: 94
	Edge: 197 <--> 9 	 Freq: 7.0 	 Demand: 119
	Edge: 197 <--> 217 	 Freq: 7.0 	 Demand: 94
	Edge: 13 <--> 6 	 Freq: 7.0 	 Demand: 94
	Edge: 158 <--> 215 	 Freq: 7.0 	 Demand: 332
	Edge: 158 <--> 204 	 Freq: 7.0 	 Demand: 612
	Edge: 159 <--> 208 	 Freq: 7.0 	 Demand: 204
	Edge: 210 <--> 211 	 Freq: 7.0 	 Demand: 510
	Edge: 54 <--> 207 	 Freq: 7.0 	 Demand: 94
	Edge: 163 <--> 159 	 Freq: 7.0 	 Demand: 94
	Edge: 52 <--> 53 	 Freq: 7.0 	 Demand: 94
	Edge: 51 <--> 52 	 Freq: 7.0 	 Demand: 204
	Edge: 101 <--> 51 	 Freq: 7.0 	 Demand: 306
	Edge: 195 <--> 101 	 Freq: 7.0 	 Demand: 94
	Edge: 101 <--> 104 	 Freq: 7.0 	 Demand: 281
	Edge: 56 <--> 57 	 Freq: 7.0 	 Demand: 204
	Edge: 102 <--> 111 	 Freq: 7.0 	 Demand: 791
	Edge: 102 <--> 103 	 Freq: 7.0 	 Demand: 119
	Edge: 45 <--> 57 	 Freq: 7.0 	 Demand: 94
	Edge: 185 <--> 267 	 Freq: 7.0 	 Demand: 510
	Edge: 185 <--> 104 	 Freq: 7.0 	 Demand: 204
	Route: 5
	Route length (998.0) and demand (8119)
	Edge: 0 <--> 81 	 Freq: 7.0 	 Demand: 119
	Edge: 82 <--> 247 	 Freq: 7.0 	 Demand: 510
	Edge: 168 <--> 169 	 Freq: 7.0 	 Demand: 629
	Edge: 168 <--> 166 	 Freq: 7.0 	 Demand: 391
	Edge: 167 <--> 14 	 Freq: 7.0 	 Demand: 374
	Edge: 126 <--> 14 	 Freq: 7.0 	 Demand: 697
	Edge: 189 <--> 50 	 Freq: 7.0 	 Demand: 187
	Edge: 50 <--> 99 	 Freq: 7.0 	 Demand: 1250
	Edge: 23 <--> 48 	 Freq: 7.0 	 Demand: 1879
	Edge: 127 <--> 23 	 Freq: 7.0 	 Demand: 714
	Edge: 113 <--> 127 	 Freq: 7.0 	 Demand: 468
	Edge: 81 <--> 113 	 Freq: 7.0 	 Demand: 901
	Route: 6
	Route length (2061.0) and demand (11998)
	Edge: 35 <--> 36 	 Freq: 7.0 	 Demand: 340
	Edge: 35 <--> 246 	 Freq: 7.0 	 Demand: 510
	Edge: 88 <--> 35 	 Freq: 7.0 	 Demand: 187
	Edge: 87 <--> 88 	 Freq: 7.0 	 Demand: 808
	Edge: 39 <--> 87 	 Freq: 7.0 	 Demand: 961
	Edge: 38 <--> 39 	 Freq: 7.0 	 Demand: 281
	Edge: 37 <--> 38 	 Freq: 7.0 	 Demand: 298
	Edge: 77 <--> 86 	 Freq: 7.0 	 Demand: 281
	Edge: 164 <--> 165 	 Freq: 7.0 	 Demand: 1624
	Edge: 165 <--> 261 	 Freq: 7.0 	 Demand: 510
	Edge: 199 <--> 116 	 Freq: 7.0 	 Demand: 204
	Edge: 115 <--> 116 	 Freq: 7.0 	 Demand: 94
	Edge: 114 <--> 115 	 Freq: 7.0 	 Demand: 1020
	Edge: 85 <--> 37 	 Freq: 7.0 	 Demand: 1003
	Edge: 95 <--> 85 	 Freq: 7.0 	 Demand: 808
	Edge: 94 <--> 95 	 Freq: 7.0 	 Demand: 1318
	Edge: 93 <--> 87 	 Freq: 7.0 	 Demand: 731
	Edge: 110 <--> 94 	 Freq: 7.0 	 Demand: 1020
	Route: 7
	Route length (1670.0) and demand (11613)
	Edge: 67 <--> 68 	 Freq: 7.0 	 Demand: 612
	Edge: 66 <--> 67 	 Freq: 7.0 	 Demand: 697
	Edge: 66 <--> 61 	 Freq: 7.0 	 Demand: 510
	Edge: 243 <--> 149 	 Freq: 7.0 	 Demand: 94
	Edge: 148 <--> 149 	 Freq: 7.0 	 Demand: 502
	Edge: 135 <--> 148 	 Freq: 7.0 	 Demand: 1020
	Edge: 36 <--> 135 	 Freq: 7.0 	 Demand: 1020
	Edge: 36 <--> 61 	 Freq: 7.0 	 Demand: 1139
	Edge: 60 <--> 61 	 Freq: 7.0 	 Demand: 187
	Edge: 60 <--> 256 	 Freq: 7.0 	 Demand: 298
	Edge: 92 <--> 33 	 Freq: 7.0 	 Demand: 510
	Edge: 34 <--> 250 	 Freq: 7.0 	 Demand: 374
	Edge: 32 <--> 93 	 Freq: 7.0 	 Demand: 1318
	Edge: 34 <--> 31 	 Freq: 7.0 	 Demand: 1411
	Edge: 33 <--> 34 	 Freq: 7.0 	 Demand: 1921
	Route: 8
	Route length (2304.0) and demand (11838)
	Edge: 50 <--> 48 	 Freq: 7.0 	 Demand: 94
	Edge: 125 <--> 126 	 Freq: 7.0 	 Demand: 391
	Edge: 99 <--> 125 	 Freq: 7.0 	 Demand: 468
	Edge: 124 <--> 125 	 Freq: 7.0 	 Demand: 510
	Edge: 83 <--> 30 	 Freq: 7.0 	 Demand: 94
	Edge: 202 <--> 124 	 Freq: 7.0 	 Demand: 238
	Edge: 99 <--> 100 	 Freq: 7.0 	 Demand: 94
	Edge: 128 <--> 99 	 Freq: 7.0 	 Demand: 612
	Edge: 187 <--> 128 	 Freq: 7.0 	 Demand: 587
	Edge: 128 <--> 129 	 Freq: 7.0 	 Demand: 204
	Edge: 129 <--> 132 	 Freq: 7.0 	 Demand: 918
	Edge: 132 <--> 133 	 Freq: 7.0 	 Demand: 748
	Edge: 22 <--> 128 	 Freq: 7.0 	 Demand: 1828
	Edge: 21 <--> 22 	 Freq: 7.0 	 Demand: 3290
	Edge: 69 <--> 21 	 Freq: 7.0 	 Demand: 94
	Edge: 152 <--> 69 	 Freq: 7.0 	 Demand: 94
	Edge: 244 <--> 152 	 Freq: 7.0 	 Demand: 281
	Edge: 137 <--> 152 	 Freq: 7.0 	 Demand: 502
	Edge: 137 <--> 138 	 Freq: 7.0 	 Demand: 417
	Edge: 151 <--> 137 	 Freq: 7.0 	 Demand: 374
	Route: 9
	Route length (1446.0) and demand (10999)
	Edge: 123 <--> 76 	 Freq: 3.5 	 Demand: 1020
	Edge: 147 <--> 123 	 Freq: 7.0 	 Demand: 204
	Edge: 147 <--> 117 	 Freq: 7.0 	 Demand: 1938
	Edge: 146 <--> 147 	 Freq: 7.0 	 Demand: 1564
	Edge: 145 <--> 146 	 Freq: 7.0 	 Demand: 187
	Edge: 144 <--> 145 	 Freq: 7.0 	 Demand: 2142
	Edge: 26 <--> 27 	 Freq: 7.0 	 Demand: 1054
	Edge: 59 <--> 27 	 Freq: 7.0 	 Demand: 442
	Edge: 234 <--> 235 	 Freq: 7.0 	 Demand: 1020
	Edge: 143 <--> 140 	 Freq: 7.0 	 Demand: 1020
	Edge: 18 <--> 184 	 Freq: 7.0 	 Demand: 408

Day 8, number of edges 31, number of routes 4

	Edges:

	Edge: 136 <--> 70 	 Freq: 7.0 	 Demand: 94
	Edge: 73 <--> 136 	 Freq: 7.0 	 Demand: 187
	Edge: 89 <--> 254 	 Freq: 7.0 	 Demand: 298
	Edge: 254 <--> 179 	 Freq: 7.0 	 Demand: 213
	Edge: 178 <--> 155 	 Freq: 7.0 	 Demand: 604
	Edge: 177 <--> 178 	 Freq: 7.0 	 Demand: 374
	Edge: 121 <--> 122 	 Freq: 7.0 	 Demand: 1224
	Edge: 203 <--> 121 	 Freq: 7.0 	 Demand: 94
	Edge: 139 <--> 121 	 Freq: 7.0 	 Demand: 612
	Edge: 96 <--> 97 	 Freq: 7.0 	 Demand: 1054
	Edge: 213 <--> 157 	 Freq: 7.0 	 Demand: 213
	Edge: 213 <--> 214 	 Freq: 7.0 	 Demand: 680
	Edge: 90 <--> 91 	 Freq: 7.0 	 Demand: 1649
	Edge: 190 <--> 28 	 Freq: 7.0 	 Demand: 119
	Edge: 49 <--> 15 	 Freq: 7.0 	 Demand: 1114
	Edge: 15 <--> 16 	 Freq: 7.0 	 Demand: 2134
	Edge: 253 <--> 156 	 Freq: 7.0 	 Demand: 485
	Edge: 219 <--> 253 	 Freq: 7.0 	 Demand: 391
	Edge: 258 <--> 259 	 Freq: 7.0 	 Demand: 748
	Edge: 24 <--> 249 	 Freq: 7.0 	 Demand: 2040
	Edge: 17 <--> 58 	 Freq: 7.0 	 Demand: 697
	Edge: 222 <--> 223 	 Freq: 7.0 	 Demand: 4032
	Edge: 1 <--> 212 	 Freq: 7.0 	 Demand: 1938
	Edge: 257 <--> 225 	 Freq: 7.0 	 Demand: 340
	Edge: 225 <--> 226 	 Freq: 7.0 	 Demand: 1428
	Edge: 242 <--> 260 	 Freq: 7.0 	 Demand: 2040
	Edge: 134 <--> 194 	 Freq: 7.0 	 Demand: 4251
	Edge: 148 <--> 149 	 Freq: 3.5 	 Demand: 4049
	Edge: 209 <--> 239 	 Freq: 7.0 	 Demand: 94
	Edge: 106 <--> 107 	 Freq: 7.0 	 Demand: 408
	Edge: 200 <--> 78 	 Freq: 7.0 	 Demand: 510

	Routes:

	Route: 1
	Route length (1643.0) and demand (11889)
	Edge: 148 <--> 149 	 Freq: 3.5 	 Demand: 4049
	Edge: 222 <--> 223 	 Freq: 7.0 	 Demand: 4032
	Edge: 242 <--> 260 	 Freq: 7.0 	 Demand: 2040
	Edge: 225 <--> 226 	 Freq: 7.0 	 Demand: 1428
	Edge: 257 <--> 225 	 Freq: 7.0 	 Demand: 340
	Route: 2
	Route length (2118.0) and demand (7516)
	Edge: 136 <--> 70 	 Freq: 7.0 	 Demand: 94
	Edge: 73 <--> 136 	 Freq: 7.0 	 Demand: 187
	Edge: 121 <--> 122 	 Freq: 7.0 	 Demand: 1224
	Edge: 139 <--> 121 	 Freq: 7.0 	 Demand: 612
	Edge: 203 <--> 121 	 Freq: 7.0 	 Demand: 94
	Edge: 96 <--> 97 	 Freq: 7.0 	 Demand: 1054
	Edge: 134 <--> 194 	 Freq: 7.0 	 Demand: 4251
	Route: 3
	Route length (2210.0) and demand (7634)
	Edge: 24 <--> 249 	 Freq: 7.0 	 Demand: 2040
	Edge: 49 <--> 15 	 Freq: 7.0 	 Demand: 1114
	Edge: 15 <--> 16 	 Freq: 7.0 	 Demand: 2134
	Edge: 1 <--> 212 	 Freq: 7.0 	 Demand: 1938
	Edge: 106 <--> 107 	 Freq: 7.0 	 Demand: 408
	Route: 4
	Route length (3943.0) and demand (7075)
	Edge: 209 <--> 239 	 Freq: 7.0 	 Demand: 94
	Edge: 213 <--> 214 	 Freq: 7.0 	 Demand: 680
	Edge: 213 <--> 157 	 Freq: 7.0 	 Demand: 213
	Edge: 178 <--> 155 	 Freq: 7.0 	 Demand: 604
	Edge: 177 <--> 178 	 Freq: 7.0 	 Demand: 374
	Edge: 219 <--> 253 	 Freq: 7.0 	 Demand: 391
	Edge: 253 <--> 156 	 Freq: 7.0 	 Demand: 485
	Edge: 254 <--> 179 	 Freq: 7.0 	 Demand: 213
	Edge: 89 <--> 254 	 Freq: 7.0 	 Demand: 298
	Edge: 200 <--> 78 	 Freq: 7.0 	 Demand: 510
	Edge: 258 <--> 259 	 Freq: 7.0 	 Demand: 748
	Edge: 90 <--> 91 	 Freq: 7.0 	 Demand: 1649
	Edge: 17 <--> 58 	 Freq: 7.0 	 Demand: 697
	Edge: 190 <--> 28 	 Freq: 7.0 	 Demand: 119

Day 9, number of edges 2, number of routes 2

	Edges:

	Edge: 47 <--> 186 	 Freq: 7.0 	 Demand: 94
	Edge: 0 <--> 81 	 Freq: 14.0 	 Demand: 527

	Routes:

	Route: 1
	Route length (64.0) and demand (527)
	Edge: 0 <--> 81 	 Freq: 14.0 	 Demand: 527
	Route: 2
	Route length (67.0) and demand (94)
	Edge: 47 <--> 186 	 Freq: 7.0 	 Demand: 94

Day 10, number of edges 0, number of routes 0

	Edges:


	Routes:


Day 11, number of edges 2, number of routes 1

	Edges:

	Edge: 123 <--> 76 	 Freq: 3.5 	 Demand: 1020
	Edge: 148 <--> 149 	 Freq: 3.5 	 Demand: 4049

	Routes:

	Route: 1
	Route length (1225.0) and demand (5069)
	Edge: 123 <--> 76 	 Freq: 3.5 	 Demand: 1020
	Edge: 148 <--> 149 	 Freq: 3.5 	 Demand: 4049

Day 12, number of edges 0, number of routes 0

	Edges:


	Routes:


Day 13, number of edges 0, number of routes 0

	Edges:


	Routes:


----- MARKER - SOLUTION PRINTED ABOVE -------

Printing greedy algorithm time to avoid scrolling or ctrl+f
Greedy algorithm time: 0:00:00.349109 seconds
LS time: 0:03:44.617128
Greedy algorithm score: 15270286.0
LS return score: 11068208.0
Final solution score: 11068208.0
Maximum routes among all days: 10
Minimum routes among all days: 0

Penalties count:
Overloaded route count: 0
Irregular services count: 0
Irregular spacing count: 2
