Using greedy static/fixed clusters algorithm!
Graph Data file used: SP-CARP_F12_g_graph.dat
Vehicle Data file used: SP-CARP_2-8.veh

Program starting at: 2026-08-09 03:13:32.076566
Greedy algorithm time: 0.210103 seconds
Cost of initial solution: 1369569918.0
Total number of edges: 193
Number of unsatisfied edges: 185
0 edges were not serviced at all!
Running Local Search with top 50 operations according to estimation


Phase 1 mid-report:
Iteration count: 1
Last iteration time: 18.500001668930054
Average iteration time: 18.500001668930054
Current score: 1269766142.0

Phase 1 ended! Current time: 2026-08-09 03:17:57.534743
Phase 1 Report:
Iteration count: 39
Last iteration time: 0.45313048362731934
Average iteration time: 6.781780194013545
Current score: 143221061.0


Phase 2 (only move_services) mid-report:
Iteration count: 1
Last iteration time: 2.400977849960327
Average iteration time: 2.400977849960327
Current score: 141721061.0


Phase 2 (only move_services) ended! Current time: 2026-08-09 03:20:54.277695
Phase 2 (only move_services) Report:
Iteration count: 104
Last iteration time: 0.5624957084655762
Average iteration time: 1.6797699584410737
Current score: 60270031.0


Phase 3 (using only swap_services) mid-report:
Iteration count: 1
Last iteration time: 0.3749990463256836
Average iteration time: 0.3749990463256836
Current score: 60268594.0


Phase 3 (using only swap_services) ended! Current time: 2026-08-09 03:21:13.027696
Phase 3 (using only swap_services) Report:
Iteration count: 41
Last iteration time: 0.3124978542327881
Average iteration time: 0.3601371078956417
Current score: 60259491.0


Phase 4 (routing operators) mid-report:
Current day: 0
Iteration count: 1
Last iteration time: 0.5468800067901611
Average iteration time: 0.5468800067901611
Current score: 60258657.0


Phase 4 (routing operators) day 0 ended!
Phase 4 (routing operators) day report:
Current Iteration count: 17
Last iteration time: 0.12500381469726562
Average iteration time: 1.1433825492858884
Current score: 60255786.0


Phase 4 (routing operators) day 1 ended!
Phase 4 (routing operators) day report:
Current Iteration count: 25
Last iteration time: 0.10937976837158203
Average iteration time: 0.8262501621246338
Current score: 60253433.0


Phase 4 (routing operators) day 2 ended!
Phase 4 (routing operators) day report:
Current Iteration count: 39
Last iteration time: 0.03125476837158203
Average iteration time: 0.5773240052736723
Current score: 60247496.0


Phase 4 (routing operators) day 3 ended!
Phase 4 (routing operators) day report:
Current Iteration count: 49
Last iteration time: 0.046877384185791016
Average iteration time: 0.487882930405286
Current score: 60243396.0


Phase 4 (routing operators) day 4 ended!
Phase 4 (routing operators) day report:
Current Iteration count: 63
Last iteration time: 0.07812952995300293
Average iteration time: 0.4114585641830688
Current score: 60238237.0


Phase 4 (routing operators) day 7 ended!
Phase 4 (routing operators) day report:
Current Iteration count: 80
Last iteration time: 0.0781257152557373
Average iteration time: 0.364453223347664
Current score: 60231700.0


Phase 4 (routing operators) day 8 ended!
Phase 4 (routing operators) day report:
Current Iteration count: 97
Last iteration time: 0.015625953674316406
Average iteration time: 0.32909152925628987
Current score: 60223075.0


Phase 4 (routing operators) day 9 ended!
Phase 4 (routing operators) day report:
Current Iteration count: 110
Last iteration time: 0.015620708465576172
Average iteration time: 0.30383521210063585
Current score: 60216388.0


Phase 4 (routing operators) day 10 ended!
Phase 4 (routing operators) day report:
Current Iteration count: 126
Last iteration time: 0.031256675720214844
Average iteration time: 0.28360619620671357
Current score: 60208445.0


Phase 4 (routing operators) day 11 ended!
Phase 4 (routing operators) day report:
Current Iteration count: 139
Last iteration time: 0.07813048362731934
Average iteration time: 0.27315652456214984
Current score: 60202707.0


Phase 4 (routing operators) day 14 ended!
Phase 4 (routing operators) day report:
Current Iteration count: 160
Last iteration time: 0.0781257152557373
Average iteration time: 0.25888679772615447
Current score: 60195246.0


Phase 4 (routing operators) day 15 ended!
Phase 4 (routing operators) day report:
Current Iteration count: 175
Last iteration time: 0.078125
Average iteration time: 0.2515179279872353
Current score: 60188130.0


Phase 4 (routing operators) day 16 ended!
Phase 4 (routing operators) day report:
Current Iteration count: 195
Last iteration time: 0.03125119209289551
Average iteration time: 0.24230774855002418
Current score: 60180388.0


Phase 4 (routing operators) day 17 ended!
Phase 4 (routing operators) day report:
Current Iteration count: 209
Last iteration time: 0.031246662139892578
Average iteration time: 0.23616930286279747
Current score: 60174889.0


Phase 4 (routing operators) day 18 ended!
Phase 4 (routing operators) day report:
Current Iteration count: 226
Last iteration time: 0.09375452995300293
Average iteration time: 0.22836012122905394
Current score: 60167263.0


Phase 4 (routing operators) day 21 ended!
Phase 4 (routing operators) day report:
Current Iteration count: 241
Last iteration time: 0.09375452995300293
Average iteration time: 0.22322362488236208
Current score: 60160404.0


Phase 4 (routing operators) day 22 ended!
Phase 4 (routing operators) day report:
Current Iteration count: 260
Last iteration time: 0.06250190734863281
Average iteration time: 0.21971160356815084
Current score: 60152981.0


Phase 4 (routing operators) day 23 ended!
Phase 4 (routing operators) day report:
Current Iteration count: 276
Last iteration time: 0.03125119209289551
Average iteration time: 0.21710830754128094
Current score: 60145554.0


Phase 4 (routing operators) day 24 ended!
Phase 4 (routing operators) day report:
Current Iteration count: 294
Last iteration time: 0.03125119209289551
Average iteration time: 0.21290398941559088
Current score: 60138719.0


Phase 4 (routing operators) day 25 ended!
Phase 4 (routing operators) day report:
Current Iteration count: 308
Last iteration time: 0.07813048362731934
Average iteration time: 0.21007515548111602
Current score: 60132616.0


Phase 4 (routing operators) day 28 ended!
Phase 4 (routing operators) day report:
Current Iteration count: 321
Last iteration time: 0.0937507152557373
Average iteration time: 0.20687311534941055
Current score: 60126204.0


Phase 4 (routing operators) day 29 ended!
Phase 4 (routing operators) day report:
Current Iteration count: 336
Last iteration time: 0.046875
Average iteration time: 0.20489217057114598
Current score: 60119073.0


Phase 4 (routing operators) day 30 ended!
Phase 4 (routing operators) day report:
Current Iteration count: 353
Last iteration time: 0.015630483627319336
Average iteration time: 0.20232830979668762
Current score: 60108697.0


Phase 4 (routing operators) day 31 ended!
Phase 4 (routing operators) day report:
Current Iteration count: 366
Last iteration time: 0.09375381469726562
Average iteration time: 0.20137472165738335
Current score: 60102745.0


Phase 4 (routing operators) day 32 ended!
Phase 4 (routing operators) day report:
Current Iteration count: 382
Last iteration time: 0.07812094688415527
Average iteration time: 0.19940286656324804
Current score: 60095899.0


Phase 4 (routing operators) day 35 ended!
Phase 4 (routing operators) day report:
Current Iteration count: 397
Last iteration time: 0.04686856269836426
Average iteration time: 0.19781175128158485
Current score: 60090272.0


Phase 4 (routing operators) day 36 ended!
Phase 4 (routing operators) day report:
Current Iteration count: 414
Last iteration time: 0.0468754768371582
Average iteration time: 0.19504833912503933
Current score: 60082874.0


Phase 4 (routing operators) day 37 ended!
Phase 4 (routing operators) day report:
Current Iteration count: 433
Last iteration time: 0.015623092651367188
Average iteration time: 0.19287676348697266
Current score: 60074109.0


Phase 4 (routing operators) day 38 ended!
Phase 4 (routing operators) day report:
Current Iteration count: 444
Last iteration time: 0.046883344650268555
Average iteration time: 0.1912303362880745
Current score: 60069262.0


Phase 4 (routing operators) day 39 ended!
Phase 4 (routing operators) day report:
Current Iteration count: 461
Last iteration time: 0.04687190055847168
Average iteration time: 0.18895747294394963
Current score: 60061767.0


Phase 4 (routing operators) day 42 ended!
Phase 4 (routing operators) day report:
Current Iteration count: 475
Last iteration time: 0.06250381469726562
Average iteration time: 0.18723689430638388
Current score: 60055548.0


Phase 4 (routing operators) day 43 ended!
Phase 4 (routing operators) day report:
Current Iteration count: 494
Last iteration time: 0.01562809944152832
Average iteration time: 0.18718375609471272
Current score: 60046440.0


Phase 4 (routing operators) day 44 ended!
Phase 4 (routing operators) day report:
Current Iteration count: 509
Last iteration time: 0.015625715255737305
Average iteration time: 0.18504425397322097
Current score: 60039907.0


Phase 4 (routing operators) day 45 ended!
Phase 4 (routing operators) day report:
Current Iteration count: 524
Last iteration time: 0.046875715255737305
Average iteration time: 0.18338505866873367
Current score: 60034025.0


Phase 4 (routing operators) day 46 ended!
Phase 4 (routing operators) day report:
Current Iteration count: 538
Last iteration time: 0.078125
Average iteration time: 0.18294032488613782
Current score: 60027557.0


Phase 4 (routing operators) day 49 ended!
Phase 4 (routing operators) day report:
Current Iteration count: 555
Last iteration time: 0.0468745231628418
Average iteration time: 0.18141894813056478
Current score: 60021652.0


Phase 4 (routing operators) day 50 ended!
Phase 4 (routing operators) day report:
Current Iteration count: 568
Last iteration time: 0.03125190734863281
Average iteration time: 0.18054031024516484
Current score: 60014992.0


Phase 4 (routing operators) day 51 ended!
Phase 4 (routing operators) day report:
Current Iteration count: 584
Last iteration time: 0.015625
Average iteration time: 0.17936647509875378
Current score: 60008357.0


Phase 4 (routing operators) day 52 ended!
Phase 4 (routing operators) day report:
Current Iteration count: 598
Last iteration time: 0.015630722045898438
Average iteration time: 0.17751885536921086
Current score: 60002549.0


Phase 4 (routing operators) day 53 ended!
Phase 4 (routing operators) day report:
Current Iteration count: 610
Last iteration time: 0.07812762260437012
Average iteration time: 0.17722853480792455
Current score: 53998379.0


Phase 4 (routing operators) ended! Current time: 2026-08-09 03:23:07.418325
Phase 4 (routing operators) Report:
Iteration count: 610
Last iteration time: 0.07812762260437012
Average iteration time: 0.17722853480792455
Current score: 53998379.0


Local search report:
Iteration count: 1 iterations
Last iteration time: 574.3730101585388 seconds
Iteration average time: 574.3730101585388 seconds
Current score: 53998379.0

Solution after going through each phase once:


Day 0, number of edges 95, number of routes 14

	Edges:

	Edge: 30 <--> 67 	 Freq: 2.3 	 Demand: 4213
	Edge: 66 <--> 53 	 Freq: 2.3 	 Demand: 3913
	Edge: 25 <--> 26 	 Freq: 2.3 	 Demand: 4247
	Edge: 54 <--> 20 	 Freq: 2.3 	 Demand: 4080
	Edge: 3 <--> 49 	 Freq: 2.3 	 Demand: 3570
	Edge: 28 <--> 7 	 Freq: 2.3 	 Demand: 1020
	Edge: 45 <--> 10 	 Freq: 56.0 	 Demand: 712
	Edge: 70 <--> 47 	 Freq: 56.0 	 Demand: 436
	Edge: 43 <--> 70 	 Freq: 56.0 	 Demand: 232
	Edge: 70 <--> 13 	 Freq: 56.0 	 Demand: 1268
	Edge: 77 <--> 76 	 Freq: 56.0 	 Demand: 464
	Edge: 58 <--> 21 	 Freq: 56.0 	 Demand: 408
	Edge: 71 <--> 72 	 Freq: 56.0 	 Demand: 712
	Edge: 57 <--> 18 	 Freq: 56.0 	 Demand: 952
	Edge: 18 <--> 58 	 Freq: 56.0 	 Demand: 584
	Edge: 78 <--> 71 	 Freq: 56.0 	 Demand: 472
	Edge: 43 <--> 70 	 Freq: 14.0 	 Demand: 1530
	Edge: 55 <--> 19 	 Freq: 56.0 	 Demand: 832
	Edge: 23 <--> 24 	 Freq: 56.0 	 Demand: 1388
	Edge: 6 <--> 7 	 Freq: 56.0 	 Demand: 832
	Edge: 42 <--> 57 	 Freq: 56.0 	 Demand: 952
	Edge: 0 <--> 27 	 Freq: 56.0 	 Demand: 352
	Edge: 21 <--> 59 	 Freq: 56.0 	 Demand: 1120
	Edge: 21 <--> 22 	 Freq: 56.0 	 Demand: 1068
	Edge: 76 <--> 75 	 Freq: 56.0 	 Demand: 232
	Edge: 43 <--> 70 	 Freq: 3.5 	 Demand: 3060
	Edge: 78 <--> 71 	 Freq: 3.5 	 Demand: 3825
	Edge: 40 <--> 15 	 Freq: 3.5 	 Demand: 2244
	Edge: 14 <--> 15 	 Freq: 3.5 	 Demand: 3895
	Edge: 7 <--> 50 	 Freq: 3.5 	 Demand: 1530
	Edge: 53 <--> 51 	 Freq: 3.5 	 Demand: 3568
	Edge: 4 <--> 5 	 Freq: 3.5 	 Demand: 2550
	Edge: 50 <--> 3 	 Freq: 3.5 	 Demand: 1530
	Edge: 65 <--> 52 	 Freq: 3.5 	 Demand: 3974
	Edge: 34 <--> 66 	 Freq: 3.5 	 Demand: 1700
	Edge: 40 <--> 41 	 Freq: 3.5 	 Demand: 3516
	Edge: 75 <--> 12 	 Freq: 56.0 	 Demand: 640
	Edge: 73 <--> 74 	 Freq: 56.0 	 Demand: 352
	Edge: 73 <--> 74 	 Freq: 7.0 	 Demand: 663
	Edge: 74 <--> 72 	 Freq: 7.0 	 Demand: 153
	Edge: 12 <--> 73 	 Freq: 7.0 	 Demand: 935
	Edge: 11 <--> 73 	 Freq: 7.0 	 Demand: 357
	Edge: 10 <--> 11 	 Freq: 7.0 	 Demand: 663
	Edge: 75 <--> 12 	 Freq: 7.0 	 Demand: 1207
	Edge: 9 <--> 47 	 Freq: 7.0 	 Demand: 561
	Edge: 70 <--> 47 	 Freq: 7.0 	 Demand: 1105
	Edge: 43 <--> 70 	 Freq: 7.0 	 Demand: 204
	Edge: 48 <--> 9 	 Freq: 7.0 	 Demand: 918
	Edge: 13 <--> 9 	 Freq: 7.0 	 Demand: 816
	Edge: 70 <--> 13 	 Freq: 7.0 	 Demand: 2278
	Edge: 31 <--> 77 	 Freq: 7.0 	 Demand: 1020
	Edge: 44 <--> 77 	 Freq: 7.0 	 Demand: 612
	Edge: 76 <--> 75 	 Freq: 7.0 	 Demand: 510
	Edge: 55 <--> 19 	 Freq: 7.0 	 Demand: 782
	Edge: 46 <--> 56 	 Freq: 7.0 	 Demand: 408
	Edge: 50 <--> 3 	 Freq: 7.0 	 Demand: 3060
	Edge: 7 <--> 50 	 Freq: 7.0 	 Demand: 238
	Edge: 28 <--> 29 	 Freq: 7.0 	 Demand: 510
	Edge: 78 <--> 71 	 Freq: 7.0 	 Demand: 238
	Edge: 73 <--> 74 	 Freq: 28.0 	 Demand: 816
	Edge: 45 <--> 74 	 Freq: 28.0 	 Demand: 204
	Edge: 10 <--> 11 	 Freq: 28.0 	 Demand: 816
	Edge: 11 <--> 73 	 Freq: 28.0 	 Demand: 408
	Edge: 12 <--> 73 	 Freq: 28.0 	 Demand: 1020
	Edge: 74 <--> 72 	 Freq: 28.0 	 Demand: 204
	Edge: 70 <--> 13 	 Freq: 28.0 	 Demand: 2652
	Edge: 18 <--> 19 	 Freq: 28.0 	 Demand: 3468
	Edge: 18 <--> 58 	 Freq: 28.0 	 Demand: 1020
	Edge: 15 <--> 17 	 Freq: 28.0 	 Demand: 1530
	Edge: 53 <--> 51 	 Freq: 28.0 	 Demand: 1632
	Edge: 61 <--> 62 	 Freq: 28.0 	 Demand: 3264
	Edge: 61 <--> 60 	 Freq: 28.0 	 Demand: 680
	Edge: 36 <--> 24 	 Freq: 28.0 	 Demand: 408
	Edge: 7 <--> 50 	 Freq: 28.0 	 Demand: 322
	Edge: 50 <--> 3 	 Freq: 28.0 	 Demand: 1360
	Edge: 3 <--> 49 	 Freq: 28.0 	 Demand: 544
	Edge: 27 <--> 8 	 Freq: 56.0 	 Demand: 116
	Edge: 43 <--> 70 	 Freq: 28.0 	 Demand: 1224
	Edge: 13 <--> 9 	 Freq: 28.0 	 Demand: 612
	Edge: 15 <--> 22 	 Freq: 7.0 	 Demand: 4080
	Edge: 61 <--> 60 	 Freq: 3.5 	 Demand: 2720
	Edge: 45 <--> 10 	 Freq: 7.0 	 Demand: 765
	Edge: 48 <--> 9 	 Freq: 56.0 	 Demand: 788
	Edge: 10 <--> 44 	 Freq: 56.0 	 Demand: 320
	Edge: 45 <--> 10 	 Freq: 28.0 	 Demand: 1020
	Edge: 10 <--> 44 	 Freq: 28.0 	 Demand: 408
	Edge: 76 <--> 75 	 Freq: 28.0 	 Demand: 612
	Edge: 27 <--> 3 	 Freq: 56.0 	 Demand: 4008
	Edge: 11 <--> 73 	 Freq: 56.0 	 Demand: 352
	Edge: 18 <--> 19 	 Freq: 56.0 	 Demand: 1184
	Edge: 13 <--> 9 	 Freq: 56.0 	 Demand: 760
	Edge: 16 <--> 58 	 Freq: 56.0 	 Demand: 1488
	Edge: 74 <--> 72 	 Freq: 56.0 	 Demand: 116
	Edge: 12 <--> 73 	 Freq: 56.0 	 Demand: 944
	Edge: 45 <--> 74 	 Freq: 56.0 	 Demand: 232

	Routes:

	Route: 1
	Route length (886.0) and demand (9480)
	Edge: 31 <--> 77 	 Freq: 7.0 	 Demand: 1020
	Edge: 25 <--> 26 	 Freq: 2.3 	 Demand: 4247
	Edge: 30 <--> 67 	 Freq: 2.3 	 Demand: 4213
	Route: 2
	Route length (1986.0) and demand (11250)
	Edge: 18 <--> 19 	 Freq: 56.0 	 Demand: 1184
	Edge: 55 <--> 19 	 Freq: 7.0 	 Demand: 782
	Edge: 55 <--> 19 	 Freq: 56.0 	 Demand: 832
	Edge: 54 <--> 20 	 Freq: 2.3 	 Demand: 4080
	Edge: 46 <--> 56 	 Freq: 7.0 	 Demand: 408
	Edge: 74 <--> 72 	 Freq: 56.0 	 Demand: 116
	Edge: 74 <--> 72 	 Freq: 7.0 	 Demand: 153
	Edge: 73 <--> 74 	 Freq: 28.0 	 Demand: 816
	Edge: 11 <--> 73 	 Freq: 56.0 	 Demand: 352
	Edge: 11 <--> 73 	 Freq: 28.0 	 Demand: 408
	Edge: 10 <--> 11 	 Freq: 7.0 	 Demand: 663
	Edge: 10 <--> 11 	 Freq: 28.0 	 Demand: 816
	Edge: 75 <--> 12 	 Freq: 56.0 	 Demand: 640
	Route: 3
	Route length (512.0) and demand (4360)
	Edge: 0 <--> 27 	 Freq: 56.0 	 Demand: 352
	Edge: 27 <--> 3 	 Freq: 56.0 	 Demand: 4008
	Route: 4
	Route length (984.0) and demand (9057)
	Edge: 14 <--> 15 	 Freq: 3.5 	 Demand: 3895
	Edge: 15 <--> 17 	 Freq: 28.0 	 Demand: 1530
	Edge: 40 <--> 15 	 Freq: 3.5 	 Demand: 2244
	Edge: 23 <--> 24 	 Freq: 56.0 	 Demand: 1388
	Route: 5
	Route length (1329.0) and demand (10946)
	Edge: 6 <--> 7 	 Freq: 56.0 	 Demand: 832
	Edge: 7 <--> 50 	 Freq: 28.0 	 Demand: 322
	Edge: 50 <--> 3 	 Freq: 3.5 	 Demand: 1530
	Edge: 4 <--> 5 	 Freq: 3.5 	 Demand: 2550
	Edge: 3 <--> 49 	 Freq: 2.3 	 Demand: 3570
	Edge: 3 <--> 49 	 Freq: 28.0 	 Demand: 544
	Edge: 50 <--> 3 	 Freq: 28.0 	 Demand: 1360
	Edge: 7 <--> 50 	 Freq: 7.0 	 Demand: 238
	Route: 6
	Route length (1164.0) and demand (8164)
	Edge: 16 <--> 58 	 Freq: 56.0 	 Demand: 1488
	Edge: 58 <--> 21 	 Freq: 56.0 	 Demand: 408
	Edge: 21 <--> 59 	 Freq: 56.0 	 Demand: 1120
	Edge: 21 <--> 22 	 Freq: 56.0 	 Demand: 1068
	Edge: 15 <--> 22 	 Freq: 7.0 	 Demand: 4080
	Route: 7
	Route length (1114.0) and demand (6976)
	Edge: 18 <--> 58 	 Freq: 28.0 	 Demand: 1020
	Edge: 18 <--> 58 	 Freq: 56.0 	 Demand: 584
	Edge: 18 <--> 19 	 Freq: 28.0 	 Demand: 3468
	Edge: 57 <--> 18 	 Freq: 56.0 	 Demand: 952
	Edge: 42 <--> 57 	 Freq: 56.0 	 Demand: 952
	Route: 8
	Route length (1092.0) and demand (10094)
	Edge: 65 <--> 52 	 Freq: 3.5 	 Demand: 3974
	Edge: 28 <--> 29 	 Freq: 7.0 	 Demand: 510
	Edge: 28 <--> 7 	 Freq: 2.3 	 Demand: 1020
	Edge: 50 <--> 3 	 Freq: 7.0 	 Demand: 3060
	Edge: 7 <--> 50 	 Freq: 3.5 	 Demand: 1530
	Route: 9
	Route length (242.0) and demand (3825)
	Edge: 78 <--> 71 	 Freq: 3.5 	 Demand: 3825
	Route: 10
	Route length (1781.0) and demand (9327)
	Edge: 75 <--> 12 	 Freq: 7.0 	 Demand: 1207
	Edge: 12 <--> 73 	 Freq: 28.0 	 Demand: 1020
	Edge: 11 <--> 73 	 Freq: 7.0 	 Demand: 357
	Edge: 12 <--> 73 	 Freq: 56.0 	 Demand: 944
	Edge: 12 <--> 73 	 Freq: 7.0 	 Demand: 935
	Edge: 73 <--> 74 	 Freq: 56.0 	 Demand: 352
	Edge: 45 <--> 74 	 Freq: 56.0 	 Demand: 232
	Edge: 45 <--> 10 	 Freq: 28.0 	 Demand: 1020
	Edge: 45 <--> 10 	 Freq: 7.0 	 Demand: 765
	Edge: 45 <--> 10 	 Freq: 56.0 	 Demand: 712
	Edge: 45 <--> 74 	 Freq: 28.0 	 Demand: 204
	Edge: 73 <--> 74 	 Freq: 7.0 	 Demand: 663
	Edge: 74 <--> 72 	 Freq: 28.0 	 Demand: 204
	Edge: 71 <--> 72 	 Freq: 56.0 	 Demand: 712
	Route: 11
	Route length (1657.0) and demand (10861)
	Edge: 78 <--> 71 	 Freq: 56.0 	 Demand: 472
	Edge: 76 <--> 75 	 Freq: 28.0 	 Demand: 612
	Edge: 77 <--> 76 	 Freq: 56.0 	 Demand: 464
	Edge: 44 <--> 77 	 Freq: 7.0 	 Demand: 612
	Edge: 10 <--> 44 	 Freq: 56.0 	 Demand: 320
	Edge: 9 <--> 47 	 Freq: 7.0 	 Demand: 561
	Edge: 70 <--> 47 	 Freq: 56.0 	 Demand: 436
	Edge: 70 <--> 13 	 Freq: 7.0 	 Demand: 2278
	Edge: 70 <--> 13 	 Freq: 28.0 	 Demand: 2652
	Edge: 13 <--> 9 	 Freq: 56.0 	 Demand: 760
	Edge: 13 <--> 9 	 Freq: 7.0 	 Demand: 816
	Edge: 10 <--> 44 	 Freq: 28.0 	 Demand: 408
	Edge: 76 <--> 75 	 Freq: 56.0 	 Demand: 232
	Edge: 78 <--> 71 	 Freq: 7.0 	 Demand: 238
	Route: 12
	Route length (995.0) and demand (10929)
	Edge: 34 <--> 66 	 Freq: 3.5 	 Demand: 1700
	Edge: 66 <--> 53 	 Freq: 2.3 	 Demand: 3913
	Edge: 53 <--> 51 	 Freq: 3.5 	 Demand: 3568
	Edge: 53 <--> 51 	 Freq: 28.0 	 Demand: 1632
	Edge: 27 <--> 8 	 Freq: 56.0 	 Demand: 116
	Route: 13
	Route length (1867.0) and demand (11451)
	Edge: 76 <--> 75 	 Freq: 7.0 	 Demand: 510
	Edge: 70 <--> 47 	 Freq: 7.0 	 Demand: 1105
	Edge: 43 <--> 70 	 Freq: 56.0 	 Demand: 232
	Edge: 43 <--> 70 	 Freq: 3.5 	 Demand: 3060
	Edge: 43 <--> 70 	 Freq: 14.0 	 Demand: 1530
	Edge: 43 <--> 70 	 Freq: 28.0 	 Demand: 1224
	Edge: 43 <--> 70 	 Freq: 7.0 	 Demand: 204
	Edge: 70 <--> 13 	 Freq: 56.0 	 Demand: 1268
	Edge: 13 <--> 9 	 Freq: 28.0 	 Demand: 612
	Edge: 48 <--> 9 	 Freq: 56.0 	 Demand: 788
	Edge: 48 <--> 9 	 Freq: 7.0 	 Demand: 918
	Route: 14
	Route length (1294.0) and demand (10588)
	Edge: 36 <--> 24 	 Freq: 28.0 	 Demand: 408
	Edge: 40 <--> 41 	 Freq: 3.5 	 Demand: 3516
	Edge: 61 <--> 60 	 Freq: 28.0 	 Demand: 680
	Edge: 61 <--> 62 	 Freq: 28.0 	 Demand: 3264
	Edge: 61 <--> 60 	 Freq: 3.5 	 Demand: 2720

Day 1, number of edges 26, number of routes 9

	Edges:

	Edge: 4 <--> 5 	 Freq: 3.5 	 Demand: 2550
	Edge: 35 <--> 1 	 Freq: 3.5 	 Demand: 4235
	Edge: 67 <--> 68 	 Freq: 3.5 	 Demand: 3656
	Edge: 67 <--> 66 	 Freq: 3.5 	 Demand: 3970
	Edge: 36 <--> 16 	 Freq: 3.5 	 Demand: 3927
	Edge: 38 <--> 42 	 Freq: 3.5 	 Demand: 4031
	Edge: 37 <--> 23 	 Freq: 3.5 	 Demand: 3060
	Edge: 68 <--> 69 	 Freq: 3.5 	 Demand: 3653
	Edge: 34 <--> 0 	 Freq: 3.5 	 Demand: 3697
	Edge: 32 <--> 33 	 Freq: 3.5 	 Demand: 3777
	Edge: 39 <--> 25 	 Freq: 3.5 	 Demand: 4080
	Edge: 23 <--> 24 	 Freq: 3.5 	 Demand: 4080
	Edge: 27 <--> 8 	 Freq: 3.5 	 Demand: 4182
	Edge: 27 <--> 3 	 Freq: 3.5 	 Demand: 3060
	Edge: 58 <--> 21 	 Freq: 7.0 	 Demand: 306
	Edge: 18 <--> 58 	 Freq: 7.0 	 Demand: 578
	Edge: 23 <--> 24 	 Freq: 7.0 	 Demand: 3978
	Edge: 37 <--> 23 	 Freq: 7.0 	 Demand: 1683
	Edge: 23 <--> 63 	 Freq: 7.0 	 Demand: 4998
	Edge: 27 <--> 3 	 Freq: 7.0 	 Demand: 4751
	Edge: 0 <--> 27 	 Freq: 7.0 	 Demand: 306
	Edge: 40 <--> 41 	 Freq: 28.0 	 Demand: 4080
	Edge: 30 <--> 67 	 Freq: 7.0 	 Demand: 204
	Edge: 30 <--> 67 	 Freq: 28.0 	 Demand: 2788
	Edge: 61 <--> 62 	 Freq: 3.5 	 Demand: 4080
	Edge: 23 <--> 63 	 Freq: 56.0 	 Demand: 3024

	Routes:

	Route: 1
	Route length (275.0) and demand (7474)
	Edge: 34 <--> 0 	 Freq: 3.5 	 Demand: 3697
	Edge: 32 <--> 33 	 Freq: 3.5 	 Demand: 3777
	Route: 2
	Route length (993.0) and demand (10667)
	Edge: 0 <--> 27 	 Freq: 7.0 	 Demand: 306
	Edge: 27 <--> 3 	 Freq: 7.0 	 Demand: 4751
	Edge: 4 <--> 5 	 Freq: 3.5 	 Demand: 2550
	Edge: 27 <--> 3 	 Freq: 3.5 	 Demand: 3060
	Route: 3
	Route length (987.0) and demand (11103)
	Edge: 30 <--> 67 	 Freq: 28.0 	 Demand: 2788
	Edge: 39 <--> 25 	 Freq: 3.5 	 Demand: 4080
	Edge: 35 <--> 1 	 Freq: 3.5 	 Demand: 4235
	Route: 4
	Route length (895.0) and demand (8842)
	Edge: 36 <--> 16 	 Freq: 3.5 	 Demand: 3927
	Edge: 58 <--> 21 	 Freq: 7.0 	 Demand: 306
	Edge: 18 <--> 58 	 Freq: 7.0 	 Demand: 578
	Edge: 38 <--> 42 	 Freq: 3.5 	 Demand: 4031
	Route: 5
	Route length (848.0) and demand (11745)
	Edge: 37 <--> 23 	 Freq: 7.0 	 Demand: 1683
	Edge: 23 <--> 24 	 Freq: 7.0 	 Demand: 3978
	Edge: 23 <--> 63 	 Freq: 56.0 	 Demand: 3024
	Edge: 37 <--> 23 	 Freq: 3.5 	 Demand: 3060
	Route: 6
	Route length (994.0) and demand (11483)
	Edge: 30 <--> 67 	 Freq: 7.0 	 Demand: 204
	Edge: 68 <--> 69 	 Freq: 3.5 	 Demand: 3653
	Edge: 67 <--> 68 	 Freq: 3.5 	 Demand: 3656
	Edge: 67 <--> 66 	 Freq: 3.5 	 Demand: 3970
	Route: 7
	Route length (296.0) and demand (4182)
	Edge: 27 <--> 8 	 Freq: 3.5 	 Demand: 4182
	Route: 8
	Route length (848.0) and demand (9078)
	Edge: 23 <--> 63 	 Freq: 7.0 	 Demand: 4998
	Edge: 23 <--> 24 	 Freq: 3.5 	 Demand: 4080
	Route: 9
	Route length (1091.0) and demand (8160)
	Edge: 61 <--> 62 	 Freq: 3.5 	 Demand: 4080
	Edge: 40 <--> 41 	 Freq: 28.0 	 Demand: 4080

Day 2, number of edges 19, number of routes 5

	Edges:

	Edge: 38 <--> 42 	 Freq: 14.0 	 Demand: 1870
	Edge: 28 <--> 7 	 Freq: 2.3 	 Demand: 1020
	Edge: 3 <--> 49 	 Freq: 2.3 	 Demand: 3570
	Edge: 66 <--> 53 	 Freq: 2.3 	 Demand: 3913
	Edge: 30 <--> 67 	 Freq: 2.3 	 Demand: 4213
	Edge: 45 <--> 74 	 Freq: 7.0 	 Demand: 119
	Edge: 77 <--> 76 	 Freq: 7.0 	 Demand: 578
	Edge: 18 <--> 19 	 Freq: 7.0 	 Demand: 2686
	Edge: 16 <--> 58 	 Freq: 7.0 	 Demand: 2822
	Edge: 38 <--> 42 	 Freq: 7.0 	 Demand: 510
	Edge: 57 <--> 55 	 Freq: 7.0 	 Demand: 2992
	Edge: 3 <--> 49 	 Freq: 7.0 	 Demand: 1530
	Edge: 0 <--> 71 	 Freq: 7.0 	 Demand: 1870
	Edge: 42 <--> 16 	 Freq: 7.0 	 Demand: 1173
	Edge: 42 <--> 57 	 Freq: 7.0 	 Demand: 1989
	Edge: 71 <--> 72 	 Freq: 7.0 	 Demand: 1836
	Edge: 27 <--> 3 	 Freq: 28.0 	 Demand: 5398
	Edge: 21 <--> 22 	 Freq: 7.0 	 Demand: 1020
	Edge: 21 <--> 59 	 Freq: 7.0 	 Demand: 578

	Routes:

	Route: 1
	Route length (1524.0) and demand (11271)
	Edge: 57 <--> 55 	 Freq: 7.0 	 Demand: 2992
	Edge: 18 <--> 19 	 Freq: 7.0 	 Demand: 2686
	Edge: 21 <--> 22 	 Freq: 7.0 	 Demand: 1020
	Edge: 21 <--> 59 	 Freq: 7.0 	 Demand: 578
	Edge: 16 <--> 58 	 Freq: 7.0 	 Demand: 2822
	Edge: 42 <--> 16 	 Freq: 7.0 	 Demand: 1173
	Route: 2
	Route length (454.0) and demand (4369)
	Edge: 38 <--> 42 	 Freq: 7.0 	 Demand: 510
	Edge: 42 <--> 57 	 Freq: 7.0 	 Demand: 1989
	Edge: 38 <--> 42 	 Freq: 14.0 	 Demand: 1870
	Route: 3
	Route length (1665.0) and demand (10659)
	Edge: 66 <--> 53 	 Freq: 2.3 	 Demand: 3913
	Edge: 30 <--> 67 	 Freq: 2.3 	 Demand: 4213
	Edge: 77 <--> 76 	 Freq: 7.0 	 Demand: 578
	Edge: 45 <--> 74 	 Freq: 7.0 	 Demand: 119
	Edge: 71 <--> 72 	 Freq: 7.0 	 Demand: 1836
	Route: 4
	Route length (85.0) and demand (1870)
	Edge: 0 <--> 71 	 Freq: 7.0 	 Demand: 1870
	Route: 5
	Route length (1190.0) and demand (11518)
	Edge: 27 <--> 3 	 Freq: 28.0 	 Demand: 5398
	Edge: 3 <--> 49 	 Freq: 7.0 	 Demand: 1530
	Edge: 3 <--> 49 	 Freq: 2.3 	 Demand: 3570
	Edge: 28 <--> 7 	 Freq: 2.3 	 Demand: 1020

Day 3, number of edges 22, number of routes 6

	Edges:

	Edge: 25 <--> 26 	 Freq: 2.3 	 Demand: 4247
	Edge: 54 <--> 20 	 Freq: 2.3 	 Demand: 4080
	Edge: 53 <--> 51 	 Freq: 3.5 	 Demand: 3568
	Edge: 61 <--> 62 	 Freq: 3.5 	 Demand: 4080
	Edge: 65 <--> 52 	 Freq: 3.5 	 Demand: 3974
	Edge: 67 <--> 66 	 Freq: 3.5 	 Demand: 3970
	Edge: 38 <--> 42 	 Freq: 3.5 	 Demand: 4031
	Edge: 37 <--> 23 	 Freq: 3.5 	 Demand: 3060
	Edge: 34 <--> 0 	 Freq: 3.5 	 Demand: 3697
	Edge: 40 <--> 41 	 Freq: 3.5 	 Demand: 3516
	Edge: 61 <--> 60 	 Freq: 3.5 	 Demand: 2720
	Edge: 36 <--> 24 	 Freq: 7.0 	 Demand: 765
	Edge: 61 <--> 60 	 Freq: 7.0 	 Demand: 510
	Edge: 61 <--> 62 	 Freq: 7.0 	 Demand: 1530
	Edge: 66 <--> 53 	 Freq: 7.0 	 Demand: 510
	Edge: 25 <--> 26 	 Freq: 7.0 	 Demand: 510
	Edge: 65 <--> 6 	 Freq: 7.0 	 Demand: 306
	Edge: 6 <--> 7 	 Freq: 7.0 	 Demand: 1955
	Edge: 27 <--> 8 	 Freq: 7.0 	 Demand: 833
	Edge: 34 <--> 66 	 Freq: 7.0 	 Demand: 3604
	Edge: 68 <--> 69 	 Freq: 7.0 	 Demand: 3508
	Edge: 10 <--> 44 	 Freq: 7.0 	 Demand: 646

	Routes:

	Route: 1
	Route length (1276.0) and demand (8840)
	Edge: 61 <--> 62 	 Freq: 7.0 	 Demand: 1530
	Edge: 61 <--> 60 	 Freq: 7.0 	 Demand: 510
	Edge: 61 <--> 62 	 Freq: 3.5 	 Demand: 4080
	Edge: 61 <--> 60 	 Freq: 3.5 	 Demand: 2720
	Route: 2
	Route length (1107.0) and demand (11592)
	Edge: 25 <--> 26 	 Freq: 7.0 	 Demand: 510
	Edge: 68 <--> 69 	 Freq: 7.0 	 Demand: 3508
	Edge: 67 <--> 66 	 Freq: 3.5 	 Demand: 3970
	Edge: 34 <--> 66 	 Freq: 7.0 	 Demand: 3604
	Route: 3
	Route length (964.0) and demand (11372)
	Edge: 40 <--> 41 	 Freq: 3.5 	 Demand: 3516
	Edge: 36 <--> 24 	 Freq: 7.0 	 Demand: 765
	Edge: 37 <--> 23 	 Freq: 3.5 	 Demand: 3060
	Edge: 38 <--> 42 	 Freq: 3.5 	 Demand: 4031
	Route: 4
	Route length (1673.0) and demand (8973)
	Edge: 25 <--> 26 	 Freq: 2.3 	 Demand: 4247
	Edge: 10 <--> 44 	 Freq: 7.0 	 Demand: 646
	Edge: 54 <--> 20 	 Freq: 2.3 	 Demand: 4080
	Route: 5
	Route length (81.0) and demand (3697)
	Edge: 34 <--> 0 	 Freq: 3.5 	 Demand: 3697
	Route: 6
	Route length (1191.0) and demand (11146)
	Edge: 27 <--> 8 	 Freq: 7.0 	 Demand: 833
	Edge: 65 <--> 52 	 Freq: 3.5 	 Demand: 3974
	Edge: 53 <--> 51 	 Freq: 3.5 	 Demand: 3568
	Edge: 66 <--> 53 	 Freq: 7.0 	 Demand: 510
	Edge: 65 <--> 6 	 Freq: 7.0 	 Demand: 306
	Edge: 6 <--> 7 	 Freq: 7.0 	 Demand: 1955

Day 4, number of edges 25, number of routes 8

	Edges:

	Edge: 28 <--> 7 	 Freq: 2.3 	 Demand: 1020
	Edge: 3 <--> 49 	 Freq: 2.3 	 Demand: 3570
	Edge: 66 <--> 53 	 Freq: 2.3 	 Demand: 3913
	Edge: 30 <--> 67 	 Freq: 2.3 	 Demand: 4213
	Edge: 43 <--> 70 	 Freq: 3.5 	 Demand: 3060
	Edge: 78 <--> 71 	 Freq: 3.5 	 Demand: 3825
	Edge: 40 <--> 15 	 Freq: 3.5 	 Demand: 2244
	Edge: 14 <--> 15 	 Freq: 3.5 	 Demand: 3895
	Edge: 7 <--> 50 	 Freq: 3.5 	 Demand: 1530
	Edge: 4 <--> 5 	 Freq: 3.5 	 Demand: 2550
	Edge: 50 <--> 3 	 Freq: 3.5 	 Demand: 1530
	Edge: 35 <--> 1 	 Freq: 3.5 	 Demand: 4235
	Edge: 67 <--> 68 	 Freq: 3.5 	 Demand: 3656
	Edge: 34 <--> 66 	 Freq: 3.5 	 Demand: 1700
	Edge: 36 <--> 16 	 Freq: 3.5 	 Demand: 3927
	Edge: 68 <--> 69 	 Freq: 3.5 	 Demand: 3653
	Edge: 32 <--> 33 	 Freq: 3.5 	 Demand: 3777
	Edge: 39 <--> 25 	 Freq: 3.5 	 Demand: 4080
	Edge: 23 <--> 24 	 Freq: 3.5 	 Demand: 4080
	Edge: 27 <--> 8 	 Freq: 3.5 	 Demand: 4182
	Edge: 27 <--> 3 	 Freq: 3.5 	 Demand: 3060
	Edge: 57 <--> 18 	 Freq: 7.0 	 Demand: 1394
	Edge: 27 <--> 8 	 Freq: 28.0 	 Demand: 2312
	Edge: 25 <--> 26 	 Freq: 28.0 	 Demand: 4760
	Edge: 0 <--> 27 	 Freq: 28.0 	 Demand: 408

	Routes:

	Route: 1
	Route length (906.0) and demand (11903)
	Edge: 66 <--> 53 	 Freq: 2.3 	 Demand: 3913
	Edge: 30 <--> 67 	 Freq: 2.3 	 Demand: 4213
	Edge: 32 <--> 33 	 Freq: 3.5 	 Demand: 3777
	Route: 2
	Route length (1248.0) and demand (10200)
	Edge: 3 <--> 49 	 Freq: 2.3 	 Demand: 3570
	Edge: 4 <--> 5 	 Freq: 3.5 	 Demand: 2550
	Edge: 50 <--> 3 	 Freq: 3.5 	 Demand: 1530
	Edge: 7 <--> 50 	 Freq: 3.5 	 Demand: 1530
	Edge: 28 <--> 7 	 Freq: 2.3 	 Demand: 1020
	Route: 3
	Route length (652.0) and demand (7242)
	Edge: 27 <--> 8 	 Freq: 3.5 	 Demand: 4182
	Edge: 27 <--> 3 	 Freq: 3.5 	 Demand: 3060
	Route: 4
	Route length (1162.0) and demand (11460)
	Edge: 57 <--> 18 	 Freq: 7.0 	 Demand: 1394
	Edge: 40 <--> 15 	 Freq: 3.5 	 Demand: 2244
	Edge: 14 <--> 15 	 Freq: 3.5 	 Demand: 3895
	Edge: 36 <--> 16 	 Freq: 3.5 	 Demand: 3927
	Route: 5
	Route length (1143.0) and demand (11120)
	Edge: 78 <--> 71 	 Freq: 3.5 	 Demand: 3825
	Edge: 43 <--> 70 	 Freq: 3.5 	 Demand: 3060
	Edge: 35 <--> 1 	 Freq: 3.5 	 Demand: 4235
	Route: 6
	Route length (1011.0) and demand (11729)
	Edge: 34 <--> 66 	 Freq: 3.5 	 Demand: 1700
	Edge: 67 <--> 68 	 Freq: 3.5 	 Demand: 3656
	Edge: 68 <--> 69 	 Freq: 3.5 	 Demand: 3653
	Edge: 27 <--> 8 	 Freq: 28.0 	 Demand: 2312
	Edge: 0 <--> 27 	 Freq: 28.0 	 Demand: 408
	Route: 7
	Route length (598.0) and demand (4080)
	Edge: 23 <--> 24 	 Freq: 3.5 	 Demand: 4080
	Route: 8
	Route length (698.0) and demand (8840)
	Edge: 39 <--> 25 	 Freq: 3.5 	 Demand: 4080
	Edge: 25 <--> 26 	 Freq: 28.0 	 Demand: 4760

Day 5, number of edges 0, number of routes 0

	Edges:


	Routes:


Day 6, number of edges 0, number of routes 0

	Edges:


	Routes:


Day 7, number of edges 31, number of routes 9

	Edges:

	Edge: 28 <--> 7 	 Freq: 2.3 	 Demand: 1020
	Edge: 3 <--> 49 	 Freq: 2.3 	 Demand: 3570
	Edge: 66 <--> 53 	 Freq: 2.3 	 Demand: 3913
	Edge: 30 <--> 67 	 Freq: 2.3 	 Demand: 4213
	Edge: 43 <--> 70 	 Freq: 3.5 	 Demand: 3060
	Edge: 7 <--> 50 	 Freq: 3.5 	 Demand: 1530
	Edge: 53 <--> 51 	 Freq: 3.5 	 Demand: 3568
	Edge: 35 <--> 1 	 Freq: 3.5 	 Demand: 4235
	Edge: 65 <--> 52 	 Freq: 3.5 	 Demand: 3974
	Edge: 67 <--> 66 	 Freq: 3.5 	 Demand: 3970
	Edge: 38 <--> 42 	 Freq: 3.5 	 Demand: 4031
	Edge: 37 <--> 23 	 Freq: 3.5 	 Demand: 3060
	Edge: 34 <--> 0 	 Freq: 3.5 	 Demand: 3697
	Edge: 61 <--> 60 	 Freq: 3.5 	 Demand: 2720
	Edge: 32 <--> 33 	 Freq: 3.5 	 Demand: 3777
	Edge: 39 <--> 25 	 Freq: 3.5 	 Demand: 4080
	Edge: 61 <--> 62 	 Freq: 3.5 	 Demand: 4080
	Edge: 27 <--> 8 	 Freq: 3.5 	 Demand: 4182
	Edge: 27 <--> 3 	 Freq: 3.5 	 Demand: 3060
	Edge: 74 <--> 72 	 Freq: 7.0 	 Demand: 153
	Edge: 70 <--> 47 	 Freq: 7.0 	 Demand: 1105
	Edge: 43 <--> 70 	 Freq: 7.0 	 Demand: 204
	Edge: 31 <--> 77 	 Freq: 7.0 	 Demand: 1020
	Edge: 50 <--> 3 	 Freq: 7.0 	 Demand: 3060
	Edge: 7 <--> 50 	 Freq: 7.0 	 Demand: 238
	Edge: 28 <--> 29 	 Freq: 7.0 	 Demand: 510
	Edge: 34 <--> 66 	 Freq: 7.0 	 Demand: 3604
	Edge: 0 <--> 27 	 Freq: 7.0 	 Demand: 306
	Edge: 73 <--> 74 	 Freq: 7.0 	 Demand: 663
	Edge: 11 <--> 73 	 Freq: 7.0 	 Demand: 357
	Edge: 65 <--> 6 	 Freq: 56.0 	 Demand: 232

	Routes:

	Route: 1
	Route length (264.0) and demand (4031)
	Edge: 38 <--> 42 	 Freq: 3.5 	 Demand: 4031
	Route: 2
	Route length (1633.0) and demand (9777)
	Edge: 35 <--> 1 	 Freq: 3.5 	 Demand: 4235
	Edge: 43 <--> 70 	 Freq: 3.5 	 Demand: 3060
	Edge: 43 <--> 70 	 Freq: 7.0 	 Demand: 204
	Edge: 70 <--> 47 	 Freq: 7.0 	 Demand: 1105
	Edge: 11 <--> 73 	 Freq: 7.0 	 Demand: 357
	Edge: 73 <--> 74 	 Freq: 7.0 	 Demand: 663
	Edge: 74 <--> 72 	 Freq: 7.0 	 Demand: 153
	Route: 3
	Route length (652.0) and demand (7242)
	Edge: 27 <--> 8 	 Freq: 3.5 	 Demand: 4182
	Edge: 27 <--> 3 	 Freq: 3.5 	 Demand: 3060
	Route: 4
	Route length (961.0) and demand (11993)
	Edge: 0 <--> 27 	 Freq: 7.0 	 Demand: 306
	Edge: 65 <--> 6 	 Freq: 56.0 	 Demand: 232
	Edge: 65 <--> 52 	 Freq: 3.5 	 Demand: 3974
	Edge: 53 <--> 51 	 Freq: 3.5 	 Demand: 3568
	Edge: 66 <--> 53 	 Freq: 2.3 	 Demand: 3913
	Route: 5
	Route length (1264.0) and demand (9928)
	Edge: 28 <--> 29 	 Freq: 7.0 	 Demand: 510
	Edge: 28 <--> 7 	 Freq: 2.3 	 Demand: 1020
	Edge: 7 <--> 50 	 Freq: 7.0 	 Demand: 238
	Edge: 3 <--> 49 	 Freq: 2.3 	 Demand: 3570
	Edge: 50 <--> 3 	 Freq: 7.0 	 Demand: 3060
	Edge: 7 <--> 50 	 Freq: 3.5 	 Demand: 1530
	Route: 6
	Route length (1134.0) and demand (9860)
	Edge: 37 <--> 23 	 Freq: 3.5 	 Demand: 3060
	Edge: 61 <--> 60 	 Freq: 3.5 	 Demand: 2720
	Edge: 61 <--> 62 	 Freq: 3.5 	 Demand: 4080
	Route: 7
	Route length (650.0) and demand (8877)
	Edge: 32 <--> 33 	 Freq: 3.5 	 Demand: 3777
	Edge: 31 <--> 77 	 Freq: 7.0 	 Demand: 1020
	Edge: 39 <--> 25 	 Freq: 3.5 	 Demand: 4080
	Route: 8
	Route length (715.0) and demand (11787)
	Edge: 34 <--> 66 	 Freq: 7.0 	 Demand: 3604
	Edge: 67 <--> 66 	 Freq: 3.5 	 Demand: 3970
	Edge: 30 <--> 67 	 Freq: 2.3 	 Demand: 4213
	Route: 9
	Route length (81.0) and demand (3697)
	Edge: 34 <--> 0 	 Freq: 3.5 	 Demand: 3697

Day 8, number of edges 27, number of routes 5

	Edges:

	Edge: 78 <--> 71 	 Freq: 3.5 	 Demand: 3825
	Edge: 40 <--> 15 	 Freq: 3.5 	 Demand: 2244
	Edge: 14 <--> 15 	 Freq: 3.5 	 Demand: 3895
	Edge: 50 <--> 3 	 Freq: 3.5 	 Demand: 1530
	Edge: 67 <--> 68 	 Freq: 3.5 	 Demand: 3656
	Edge: 34 <--> 66 	 Freq: 3.5 	 Demand: 1700
	Edge: 36 <--> 16 	 Freq: 3.5 	 Demand: 3927
	Edge: 68 <--> 69 	 Freq: 3.5 	 Demand: 3653
	Edge: 23 <--> 24 	 Freq: 3.5 	 Demand: 4080
	Edge: 75 <--> 12 	 Freq: 7.0 	 Demand: 1207
	Edge: 9 <--> 47 	 Freq: 7.0 	 Demand: 561
	Edge: 48 <--> 9 	 Freq: 7.0 	 Demand: 918
	Edge: 70 <--> 13 	 Freq: 7.0 	 Demand: 2278
	Edge: 44 <--> 77 	 Freq: 7.0 	 Demand: 612
	Edge: 76 <--> 75 	 Freq: 7.0 	 Demand: 510
	Edge: 58 <--> 21 	 Freq: 7.0 	 Demand: 306
	Edge: 55 <--> 19 	 Freq: 7.0 	 Demand: 782
	Edge: 46 <--> 56 	 Freq: 7.0 	 Demand: 408
	Edge: 18 <--> 58 	 Freq: 7.0 	 Demand: 578
	Edge: 37 <--> 23 	 Freq: 7.0 	 Demand: 1683
	Edge: 23 <--> 63 	 Freq: 7.0 	 Demand: 4998
	Edge: 71 <--> 72 	 Freq: 7.0 	 Demand: 1836
	Edge: 78 <--> 71 	 Freq: 7.0 	 Demand: 238
	Edge: 15 <--> 22 	 Freq: 7.0 	 Demand: 4080
	Edge: 10 <--> 11 	 Freq: 7.0 	 Demand: 663
	Edge: 12 <--> 73 	 Freq: 7.0 	 Demand: 935
	Edge: 45 <--> 10 	 Freq: 7.0 	 Demand: 765

	Routes:

	Route: 1
	Route length (1712.0) and demand (8687)
	Edge: 78 <--> 71 	 Freq: 7.0 	 Demand: 238
	Edge: 76 <--> 75 	 Freq: 7.0 	 Demand: 510
	Edge: 75 <--> 12 	 Freq: 7.0 	 Demand: 1207
	Edge: 12 <--> 73 	 Freq: 7.0 	 Demand: 935
	Edge: 10 <--> 11 	 Freq: 7.0 	 Demand: 663
	Edge: 45 <--> 10 	 Freq: 7.0 	 Demand: 765
	Edge: 9 <--> 47 	 Freq: 7.0 	 Demand: 561
	Edge: 48 <--> 9 	 Freq: 7.0 	 Demand: 918
	Edge: 70 <--> 13 	 Freq: 7.0 	 Demand: 2278
	Edge: 44 <--> 77 	 Freq: 7.0 	 Demand: 612
	Route: 2
	Route length (848.0) and demand (10761)
	Edge: 23 <--> 63 	 Freq: 7.0 	 Demand: 4998
	Edge: 23 <--> 24 	 Freq: 3.5 	 Demand: 4080
	Edge: 37 <--> 23 	 Freq: 7.0 	 Demand: 1683
	Route: 3
	Route length (1415.0) and demand (11662)
	Edge: 36 <--> 16 	 Freq: 3.5 	 Demand: 3927
	Edge: 58 <--> 21 	 Freq: 7.0 	 Demand: 306
	Edge: 18 <--> 58 	 Freq: 7.0 	 Demand: 578
	Edge: 55 <--> 19 	 Freq: 7.0 	 Demand: 782
	Edge: 46 <--> 56 	 Freq: 7.0 	 Demand: 408
	Edge: 71 <--> 72 	 Freq: 7.0 	 Demand: 1836
	Edge: 78 <--> 71 	 Freq: 3.5 	 Demand: 3825
	Route: 4
	Route length (957.0) and demand (10219)
	Edge: 40 <--> 15 	 Freq: 3.5 	 Demand: 2244
	Edge: 15 <--> 22 	 Freq: 7.0 	 Demand: 4080
	Edge: 14 <--> 15 	 Freq: 3.5 	 Demand: 3895
	Route: 5
	Route length (1527.0) and demand (10539)
	Edge: 50 <--> 3 	 Freq: 3.5 	 Demand: 1530
	Edge: 68 <--> 69 	 Freq: 3.5 	 Demand: 3653
	Edge: 67 <--> 68 	 Freq: 3.5 	 Demand: 3656
	Edge: 34 <--> 66 	 Freq: 3.5 	 Demand: 1700

Day 9, number of edges 22, number of routes 5

	Edges:

	Edge: 3 <--> 49 	 Freq: 2.3 	 Demand: 3570
	Edge: 66 <--> 53 	 Freq: 2.3 	 Demand: 3913
	Edge: 30 <--> 67 	 Freq: 2.3 	 Demand: 4213
	Edge: 4 <--> 5 	 Freq: 3.5 	 Demand: 2550
	Edge: 45 <--> 74 	 Freq: 7.0 	 Demand: 119
	Edge: 77 <--> 76 	 Freq: 7.0 	 Demand: 578
	Edge: 38 <--> 42 	 Freq: 7.0 	 Demand: 510
	Edge: 50 <--> 3 	 Freq: 7.0 	 Demand: 3060
	Edge: 7 <--> 50 	 Freq: 7.0 	 Demand: 238
	Edge: 3 <--> 49 	 Freq: 7.0 	 Demand: 1530
	Edge: 0 <--> 71 	 Freq: 7.0 	 Demand: 1870
	Edge: 23 <--> 24 	 Freq: 7.0 	 Demand: 3978
	Edge: 42 <--> 16 	 Freq: 7.0 	 Demand: 1173
	Edge: 27 <--> 3 	 Freq: 7.0 	 Demand: 4751
	Edge: 46 <--> 56 	 Freq: 28.0 	 Demand: 408
	Edge: 34 <--> 66 	 Freq: 28.0 	 Demand: 1292
	Edge: 67 <--> 66 	 Freq: 28.0 	 Demand: 850
	Edge: 21 <--> 59 	 Freq: 28.0 	 Demand: 816
	Edge: 66 <--> 53 	 Freq: 28.0 	 Demand: 2890
	Edge: 21 <--> 22 	 Freq: 7.0 	 Demand: 1020
	Edge: 21 <--> 59 	 Freq: 7.0 	 Demand: 578
	Edge: 10 <--> 44 	 Freq: 7.0 	 Demand: 646

	Routes:

	Route: 1
	Route length (1228.0) and demand (10948)
	Edge: 4 <--> 5 	 Freq: 3.5 	 Demand: 2550
	Edge: 3 <--> 49 	 Freq: 2.3 	 Demand: 3570
	Edge: 3 <--> 49 	 Freq: 7.0 	 Demand: 1530
	Edge: 50 <--> 3 	 Freq: 7.0 	 Demand: 3060
	Edge: 7 <--> 50 	 Freq: 7.0 	 Demand: 238
	Route: 2
	Route length (1483.0) and demand (7834)
	Edge: 0 <--> 71 	 Freq: 7.0 	 Demand: 1870
	Edge: 46 <--> 56 	 Freq: 28.0 	 Demand: 408
	Edge: 45 <--> 74 	 Freq: 7.0 	 Demand: 119
	Edge: 10 <--> 44 	 Freq: 7.0 	 Demand: 646
	Edge: 77 <--> 76 	 Freq: 7.0 	 Demand: 578
	Edge: 30 <--> 67 	 Freq: 2.3 	 Demand: 4213
	Route: 3
	Route length (1477.0) and demand (8075)
	Edge: 23 <--> 24 	 Freq: 7.0 	 Demand: 3978
	Edge: 21 <--> 59 	 Freq: 7.0 	 Demand: 578
	Edge: 21 <--> 59 	 Freq: 28.0 	 Demand: 816
	Edge: 21 <--> 22 	 Freq: 7.0 	 Demand: 1020
	Edge: 42 <--> 16 	 Freq: 7.0 	 Demand: 1173
	Edge: 38 <--> 42 	 Freq: 7.0 	 Demand: 510
	Route: 4
	Route length (1017.0) and demand (8945)
	Edge: 34 <--> 66 	 Freq: 28.0 	 Demand: 1292
	Edge: 66 <--> 53 	 Freq: 2.3 	 Demand: 3913
	Edge: 66 <--> 53 	 Freq: 28.0 	 Demand: 2890
	Edge: 67 <--> 66 	 Freq: 28.0 	 Demand: 850
	Route: 5
	Route length (512.0) and demand (4751)
	Edge: 27 <--> 3 	 Freq: 7.0 	 Demand: 4751

Day 10, number of edges 26, number of routes 6

	Edges:

	Edge: 25 <--> 26 	 Freq: 14.0 	 Demand: 680
	Edge: 28 <--> 7 	 Freq: 2.3 	 Demand: 1020
	Edge: 66 <--> 53 	 Freq: 2.3 	 Demand: 3913
	Edge: 43 <--> 70 	 Freq: 3.5 	 Demand: 3060
	Edge: 53 <--> 51 	 Freq: 3.5 	 Demand: 3568
	Edge: 35 <--> 1 	 Freq: 3.5 	 Demand: 4235
	Edge: 37 <--> 23 	 Freq: 3.5 	 Demand: 3060
	Edge: 40 <--> 41 	 Freq: 3.5 	 Demand: 3516
	Edge: 27 <--> 3 	 Freq: 3.5 	 Demand: 3060
	Edge: 18 <--> 19 	 Freq: 7.0 	 Demand: 2686
	Edge: 57 <--> 18 	 Freq: 7.0 	 Demand: 1394
	Edge: 16 <--> 58 	 Freq: 7.0 	 Demand: 2822
	Edge: 57 <--> 55 	 Freq: 7.0 	 Demand: 2992
	Edge: 28 <--> 29 	 Freq: 7.0 	 Demand: 510
	Edge: 36 <--> 24 	 Freq: 7.0 	 Demand: 765
	Edge: 61 <--> 60 	 Freq: 7.0 	 Demand: 510
	Edge: 61 <--> 62 	 Freq: 7.0 	 Demand: 1530
	Edge: 66 <--> 53 	 Freq: 7.0 	 Demand: 510
	Edge: 25 <--> 26 	 Freq: 7.0 	 Demand: 510
	Edge: 42 <--> 57 	 Freq: 7.0 	 Demand: 1989
	Edge: 55 <--> 19 	 Freq: 28.0 	 Demand: 1020
	Edge: 42 <--> 57 	 Freq: 28.0 	 Demand: 1836
	Edge: 68 <--> 69 	 Freq: 7.0 	 Demand: 3508
	Edge: 21 <--> 22 	 Freq: 28.0 	 Demand: 1836
	Edge: 35 <--> 1 	 Freq: 28.0 	 Demand: 4590
	Edge: 16 <--> 58 	 Freq: 28.0 	 Demand: 2448

	Routes:

	Route: 1
	Route length (1232.0) and demand (8668)
	Edge: 27 <--> 3 	 Freq: 3.5 	 Demand: 3060
	Edge: 28 <--> 7 	 Freq: 2.3 	 Demand: 1020
	Edge: 28 <--> 29 	 Freq: 7.0 	 Demand: 510
	Edge: 53 <--> 51 	 Freq: 3.5 	 Demand: 3568
	Edge: 66 <--> 53 	 Freq: 7.0 	 Demand: 510
	Route: 2
	Route length (1145.0) and demand (11885)
	Edge: 43 <--> 70 	 Freq: 3.5 	 Demand: 3060
	Edge: 35 <--> 1 	 Freq: 3.5 	 Demand: 4235
	Edge: 35 <--> 1 	 Freq: 28.0 	 Demand: 4590
	Route: 3
	Route length (1055.0) and demand (10166)
	Edge: 16 <--> 58 	 Freq: 7.0 	 Demand: 2822
	Edge: 21 <--> 22 	 Freq: 28.0 	 Demand: 1836
	Edge: 16 <--> 58 	 Freq: 28.0 	 Demand: 2448
	Edge: 37 <--> 23 	 Freq: 3.5 	 Demand: 3060
	Route: 4
	Route length (1618.0) and demand (8611)
	Edge: 68 <--> 69 	 Freq: 7.0 	 Demand: 3508
	Edge: 25 <--> 26 	 Freq: 14.0 	 Demand: 680
	Edge: 25 <--> 26 	 Freq: 7.0 	 Demand: 510
	Edge: 66 <--> 53 	 Freq: 2.3 	 Demand: 3913
	Route: 5
	Route length (1189.0) and demand (6321)
	Edge: 36 <--> 24 	 Freq: 7.0 	 Demand: 765
	Edge: 61 <--> 62 	 Freq: 7.0 	 Demand: 1530
	Edge: 61 <--> 60 	 Freq: 7.0 	 Demand: 510
	Edge: 40 <--> 41 	 Freq: 3.5 	 Demand: 3516
	Route: 6
	Route length (1136.0) and demand (11917)
	Edge: 42 <--> 57 	 Freq: 7.0 	 Demand: 1989
	Edge: 57 <--> 18 	 Freq: 7.0 	 Demand: 1394
	Edge: 18 <--> 19 	 Freq: 7.0 	 Demand: 2686
	Edge: 55 <--> 19 	 Freq: 28.0 	 Demand: 1020
	Edge: 57 <--> 55 	 Freq: 7.0 	 Demand: 2992
	Edge: 42 <--> 57 	 Freq: 28.0 	 Demand: 1836

Day 11, number of edges 30, number of routes 9

	Edges:

	Edge: 23 <--> 24 	 Freq: 14.0 	 Demand: 1870
	Edge: 28 <--> 7 	 Freq: 2.3 	 Demand: 1020
	Edge: 3 <--> 49 	 Freq: 2.3 	 Demand: 3570
	Edge: 66 <--> 53 	 Freq: 2.3 	 Demand: 3913
	Edge: 30 <--> 67 	 Freq: 2.3 	 Demand: 4213
	Edge: 78 <--> 71 	 Freq: 3.5 	 Demand: 3825
	Edge: 40 <--> 15 	 Freq: 3.5 	 Demand: 2244
	Edge: 14 <--> 15 	 Freq: 3.5 	 Demand: 3895
	Edge: 7 <--> 50 	 Freq: 3.5 	 Demand: 1530
	Edge: 61 <--> 62 	 Freq: 3.5 	 Demand: 4080
	Edge: 50 <--> 3 	 Freq: 3.5 	 Demand: 1530
	Edge: 65 <--> 52 	 Freq: 3.5 	 Demand: 3974
	Edge: 67 <--> 68 	 Freq: 3.5 	 Demand: 3656
	Edge: 67 <--> 66 	 Freq: 3.5 	 Demand: 3970
	Edge: 34 <--> 66 	 Freq: 3.5 	 Demand: 1700
	Edge: 36 <--> 16 	 Freq: 3.5 	 Demand: 3927
	Edge: 38 <--> 42 	 Freq: 3.5 	 Demand: 4031
	Edge: 68 <--> 69 	 Freq: 3.5 	 Demand: 3653
	Edge: 34 <--> 0 	 Freq: 3.5 	 Demand: 3697
	Edge: 40 <--> 41 	 Freq: 3.5 	 Demand: 3516
	Edge: 61 <--> 60 	 Freq: 3.5 	 Demand: 2720
	Edge: 32 <--> 33 	 Freq: 3.5 	 Demand: 3777
	Edge: 39 <--> 25 	 Freq: 3.5 	 Demand: 4080
	Edge: 23 <--> 24 	 Freq: 3.5 	 Demand: 4080
	Edge: 27 <--> 8 	 Freq: 3.5 	 Demand: 4182
	Edge: 13 <--> 9 	 Freq: 7.0 	 Demand: 816
	Edge: 65 <--> 6 	 Freq: 7.0 	 Demand: 306
	Edge: 6 <--> 7 	 Freq: 7.0 	 Demand: 1955
	Edge: 27 <--> 8 	 Freq: 7.0 	 Demand: 833
	Edge: 23 <--> 63 	 Freq: 28.0 	 Demand: 3864

	Routes:

	Route: 1
	Route length (842.0) and demand (10417)
	Edge: 27 <--> 8 	 Freq: 3.5 	 Demand: 4182
	Edge: 65 <--> 52 	 Freq: 3.5 	 Demand: 3974
	Edge: 65 <--> 6 	 Freq: 7.0 	 Demand: 306
	Edge: 6 <--> 7 	 Freq: 7.0 	 Demand: 1955
	Route: 2
	Route length (715.0) and demand (11960)
	Edge: 32 <--> 33 	 Freq: 3.5 	 Demand: 3777
	Edge: 30 <--> 67 	 Freq: 2.3 	 Demand: 4213
	Edge: 67 <--> 66 	 Freq: 3.5 	 Demand: 3970
	Route: 3
	Route length (936.0) and demand (11936)
	Edge: 23 <--> 24 	 Freq: 14.0 	 Demand: 1870
	Edge: 40 <--> 15 	 Freq: 3.5 	 Demand: 2244
	Edge: 14 <--> 15 	 Freq: 3.5 	 Demand: 3895
	Edge: 36 <--> 16 	 Freq: 3.5 	 Demand: 3927
	Route: 4
	Route length (1277.0) and demand (11563)
	Edge: 3 <--> 49 	 Freq: 2.3 	 Demand: 3570
	Edge: 50 <--> 3 	 Freq: 3.5 	 Demand: 1530
	Edge: 7 <--> 50 	 Freq: 3.5 	 Demand: 1530
	Edge: 28 <--> 7 	 Freq: 2.3 	 Demand: 1020
	Edge: 66 <--> 53 	 Freq: 2.3 	 Demand: 3913
	Route: 5
	Route length (934.0) and demand (11975)
	Edge: 23 <--> 63 	 Freq: 28.0 	 Demand: 3864
	Edge: 23 <--> 24 	 Freq: 3.5 	 Demand: 4080
	Edge: 38 <--> 42 	 Freq: 3.5 	 Demand: 4031
	Route: 6
	Route length (1059.0) and demand (8721)
	Edge: 39 <--> 25 	 Freq: 3.5 	 Demand: 4080
	Edge: 13 <--> 9 	 Freq: 7.0 	 Demand: 816
	Edge: 78 <--> 71 	 Freq: 3.5 	 Demand: 3825
	Route: 7
	Route length (1011.0) and demand (9842)
	Edge: 27 <--> 8 	 Freq: 7.0 	 Demand: 833
	Edge: 68 <--> 69 	 Freq: 3.5 	 Demand: 3653
	Edge: 67 <--> 68 	 Freq: 3.5 	 Demand: 3656
	Edge: 34 <--> 66 	 Freq: 3.5 	 Demand: 1700
	Route: 8
	Route length (1189.0) and demand (10316)
	Edge: 61 <--> 62 	 Freq: 3.5 	 Demand: 4080
	Edge: 61 <--> 60 	 Freq: 3.5 	 Demand: 2720
	Edge: 40 <--> 41 	 Freq: 3.5 	 Demand: 3516
	Route: 9
	Route length (81.0) and demand (3697)
	Edge: 34 <--> 0 	 Freq: 3.5 	 Demand: 3697

Day 12, number of edges 0, number of routes 0

	Edges:


	Routes:


Day 13, number of edges 0, number of routes 0

	Edges:


	Routes:


Day 14, number of edges 31, number of routes 8

	Edges:

	Edge: 38 <--> 42 	 Freq: 14.0 	 Demand: 1870
	Edge: 28 <--> 7 	 Freq: 2.3 	 Demand: 1020
	Edge: 66 <--> 53 	 Freq: 2.3 	 Demand: 3913
	Edge: 30 <--> 67 	 Freq: 2.3 	 Demand: 4213
	Edge: 43 <--> 70 	 Freq: 3.5 	 Demand: 3060
	Edge: 40 <--> 15 	 Freq: 3.5 	 Demand: 2244
	Edge: 53 <--> 51 	 Freq: 3.5 	 Demand: 3568
	Edge: 35 <--> 1 	 Freq: 3.5 	 Demand: 4235
	Edge: 65 <--> 52 	 Freq: 3.5 	 Demand: 3974
	Edge: 67 <--> 68 	 Freq: 3.5 	 Demand: 3656
	Edge: 67 <--> 66 	 Freq: 3.5 	 Demand: 3970
	Edge: 34 <--> 66 	 Freq: 3.5 	 Demand: 1700
	Edge: 37 <--> 23 	 Freq: 3.5 	 Demand: 3060
	Edge: 68 <--> 69 	 Freq: 3.5 	 Demand: 3653
	Edge: 32 <--> 33 	 Freq: 3.5 	 Demand: 3777
	Edge: 27 <--> 3 	 Freq: 3.5 	 Demand: 3060
	Edge: 70 <--> 13 	 Freq: 7.0 	 Demand: 2278
	Edge: 31 <--> 77 	 Freq: 7.0 	 Demand: 1020
	Edge: 18 <--> 58 	 Freq: 7.0 	 Demand: 578
	Edge: 37 <--> 23 	 Freq: 7.0 	 Demand: 1683
	Edge: 34 <--> 66 	 Freq: 7.0 	 Demand: 3604
	Edge: 23 <--> 63 	 Freq: 7.0 	 Demand: 4998
	Edge: 57 <--> 18 	 Freq: 28.0 	 Demand: 1836
	Edge: 57 <--> 55 	 Freq: 28.0 	 Demand: 3468
	Edge: 23 <--> 24 	 Freq: 28.0 	 Demand: 4148
	Edge: 37 <--> 23 	 Freq: 28.0 	 Demand: 1462
	Edge: 30 <--> 67 	 Freq: 7.0 	 Demand: 204
	Edge: 39 <--> 25 	 Freq: 28.0 	 Demand: 1870
	Edge: 11 <--> 73 	 Freq: 7.0 	 Demand: 357
	Edge: 45 <--> 10 	 Freq: 7.0 	 Demand: 765
	Edge: 70 <--> 47 	 Freq: 7.0 	 Demand: 1105

	Routes:

	Route: 1
	Route length (747.0) and demand (9217)
	Edge: 34 <--> 66 	 Freq: 7.0 	 Demand: 3604
	Edge: 66 <--> 53 	 Freq: 2.3 	 Demand: 3913
	Edge: 34 <--> 66 	 Freq: 3.5 	 Demand: 1700
	Route: 2
	Route length (810.0) and demand (10880)
	Edge: 32 <--> 33 	 Freq: 3.5 	 Demand: 3777
	Edge: 30 <--> 67 	 Freq: 2.3 	 Demand: 4213
	Edge: 31 <--> 77 	 Freq: 7.0 	 Demand: 1020
	Edge: 39 <--> 25 	 Freq: 28.0 	 Demand: 1870
	Route: 3
	Route length (1197.0) and demand (11622)
	Edge: 65 <--> 52 	 Freq: 3.5 	 Demand: 3974
	Edge: 53 <--> 51 	 Freq: 3.5 	 Demand: 3568
	Edge: 28 <--> 7 	 Freq: 2.3 	 Demand: 1020
	Edge: 27 <--> 3 	 Freq: 3.5 	 Demand: 3060
	Route: 4
	Route length (870.0) and demand (8075)
	Edge: 37 <--> 23 	 Freq: 7.0 	 Demand: 1683
	Edge: 23 <--> 24 	 Freq: 28.0 	 Demand: 4148
	Edge: 40 <--> 15 	 Freq: 3.5 	 Demand: 2244
	Route: 5
	Route length (1671.0) and demand (11800)
	Edge: 11 <--> 73 	 Freq: 7.0 	 Demand: 357
	Edge: 45 <--> 10 	 Freq: 7.0 	 Demand: 765
	Edge: 70 <--> 47 	 Freq: 7.0 	 Demand: 1105
	Edge: 70 <--> 13 	 Freq: 7.0 	 Demand: 2278
	Edge: 43 <--> 70 	 Freq: 3.5 	 Demand: 3060
	Edge: 35 <--> 1 	 Freq: 3.5 	 Demand: 4235
	Route: 6
	Route length (994.0) and demand (11483)
	Edge: 67 <--> 66 	 Freq: 3.5 	 Demand: 3970
	Edge: 67 <--> 68 	 Freq: 3.5 	 Demand: 3656
	Edge: 68 <--> 69 	 Freq: 3.5 	 Demand: 3653
	Edge: 30 <--> 67 	 Freq: 7.0 	 Demand: 204
	Route: 7
	Route length (610.0) and demand (9520)
	Edge: 37 <--> 23 	 Freq: 3.5 	 Demand: 3060
	Edge: 23 <--> 63 	 Freq: 7.0 	 Demand: 4998
	Edge: 37 <--> 23 	 Freq: 28.0 	 Demand: 1462
	Route: 8
	Route length (991.0) and demand (7752)
	Edge: 38 <--> 42 	 Freq: 14.0 	 Demand: 1870
	Edge: 18 <--> 58 	 Freq: 7.0 	 Demand: 578
	Edge: 57 <--> 18 	 Freq: 28.0 	 Demand: 1836
	Edge: 57 <--> 55 	 Freq: 28.0 	 Demand: 3468

Day 15, number of edges 27, number of routes 8

	Edges:

	Edge: 3 <--> 49 	 Freq: 2.3 	 Demand: 3570
	Edge: 78 <--> 71 	 Freq: 3.5 	 Demand: 3825
	Edge: 14 <--> 15 	 Freq: 3.5 	 Demand: 3895
	Edge: 7 <--> 50 	 Freq: 3.5 	 Demand: 1530
	Edge: 61 <--> 62 	 Freq: 3.5 	 Demand: 4080
	Edge: 4 <--> 5 	 Freq: 3.5 	 Demand: 2550
	Edge: 50 <--> 3 	 Freq: 3.5 	 Demand: 1530
	Edge: 36 <--> 16 	 Freq: 3.5 	 Demand: 3927
	Edge: 38 <--> 42 	 Freq: 3.5 	 Demand: 4031
	Edge: 34 <--> 0 	 Freq: 3.5 	 Demand: 3697
	Edge: 40 <--> 41 	 Freq: 3.5 	 Demand: 3516
	Edge: 61 <--> 60 	 Freq: 3.5 	 Demand: 2720
	Edge: 39 <--> 25 	 Freq: 3.5 	 Demand: 4080
	Edge: 23 <--> 24 	 Freq: 3.5 	 Demand: 4080
	Edge: 27 <--> 8 	 Freq: 3.5 	 Demand: 4182
	Edge: 74 <--> 72 	 Freq: 7.0 	 Demand: 153
	Edge: 75 <--> 12 	 Freq: 7.0 	 Demand: 1207
	Edge: 48 <--> 9 	 Freq: 7.0 	 Demand: 918
	Edge: 44 <--> 77 	 Freq: 7.0 	 Demand: 612
	Edge: 58 <--> 21 	 Freq: 7.0 	 Demand: 306
	Edge: 21 <--> 22 	 Freq: 7.0 	 Demand: 1020
	Edge: 3 <--> 49 	 Freq: 7.0 	 Demand: 1530
	Edge: 0 <--> 27 	 Freq: 7.0 	 Demand: 306
	Edge: 38 <--> 42 	 Freq: 7.0 	 Demand: 510
	Edge: 15 <--> 22 	 Freq: 7.0 	 Demand: 4080
	Edge: 73 <--> 74 	 Freq: 7.0 	 Demand: 663
	Edge: 44 <--> 77 	 Freq: 28.0 	 Demand: 408

	Routes:

	Route: 1
	Route length (264.0) and demand (4031)
	Edge: 38 <--> 42 	 Freq: 3.5 	 Demand: 4031
	Route: 2
	Route length (296.0) and demand (4182)
	Edge: 27 <--> 8 	 Freq: 3.5 	 Demand: 4182
	Route: 3
	Route length (1488.0) and demand (11866)
	Edge: 39 <--> 25 	 Freq: 3.5 	 Demand: 4080
	Edge: 44 <--> 77 	 Freq: 7.0 	 Demand: 612
	Edge: 44 <--> 77 	 Freq: 28.0 	 Demand: 408
	Edge: 48 <--> 9 	 Freq: 7.0 	 Demand: 918
	Edge: 73 <--> 74 	 Freq: 7.0 	 Demand: 663
	Edge: 74 <--> 72 	 Freq: 7.0 	 Demand: 153
	Edge: 75 <--> 12 	 Freq: 7.0 	 Demand: 1207
	Edge: 78 <--> 71 	 Freq: 3.5 	 Demand: 3825
	Route: 4
	Route length (1123.0) and demand (9811)
	Edge: 58 <--> 21 	 Freq: 7.0 	 Demand: 306
	Edge: 21 <--> 22 	 Freq: 7.0 	 Demand: 1020
	Edge: 15 <--> 22 	 Freq: 7.0 	 Demand: 4080
	Edge: 14 <--> 15 	 Freq: 3.5 	 Demand: 3895
	Edge: 38 <--> 42 	 Freq: 7.0 	 Demand: 510
	Route: 5
	Route length (795.0) and demand (8007)
	Edge: 36 <--> 16 	 Freq: 3.5 	 Demand: 3927
	Edge: 23 <--> 24 	 Freq: 3.5 	 Demand: 4080
	Route: 6
	Route length (1228.0) and demand (11016)
	Edge: 3 <--> 49 	 Freq: 7.0 	 Demand: 1530
	Edge: 3 <--> 49 	 Freq: 2.3 	 Demand: 3570
	Edge: 4 <--> 5 	 Freq: 3.5 	 Demand: 2550
	Edge: 50 <--> 3 	 Freq: 3.5 	 Demand: 1530
	Edge: 7 <--> 50 	 Freq: 3.5 	 Demand: 1530
	Edge: 0 <--> 27 	 Freq: 7.0 	 Demand: 306
	Route: 7
	Route length (1189.0) and demand (10316)
	Edge: 61 <--> 62 	 Freq: 3.5 	 Demand: 4080
	Edge: 61 <--> 60 	 Freq: 3.5 	 Demand: 2720
	Edge: 40 <--> 41 	 Freq: 3.5 	 Demand: 3516
	Route: 8
	Route length (81.0) and demand (3697)
	Edge: 34 <--> 0 	 Freq: 3.5 	 Demand: 3697

Day 16, number of edges 25, number of routes 5

	Edges:

	Edge: 43 <--> 70 	 Freq: 14.0 	 Demand: 1530
	Edge: 28 <--> 7 	 Freq: 2.3 	 Demand: 1020
	Edge: 66 <--> 53 	 Freq: 2.3 	 Demand: 3913
	Edge: 30 <--> 67 	 Freq: 2.3 	 Demand: 4213
	Edge: 76 <--> 75 	 Freq: 7.0 	 Demand: 510
	Edge: 55 <--> 19 	 Freq: 7.0 	 Demand: 782
	Edge: 46 <--> 56 	 Freq: 7.0 	 Demand: 408
	Edge: 57 <--> 18 	 Freq: 7.0 	 Demand: 1394
	Edge: 57 <--> 55 	 Freq: 7.0 	 Demand: 2992
	Edge: 50 <--> 3 	 Freq: 7.0 	 Demand: 3060
	Edge: 7 <--> 50 	 Freq: 7.0 	 Demand: 238
	Edge: 28 <--> 29 	 Freq: 7.0 	 Demand: 510
	Edge: 66 <--> 53 	 Freq: 7.0 	 Demand: 510
	Edge: 23 <--> 24 	 Freq: 7.0 	 Demand: 3978
	Edge: 27 <--> 3 	 Freq: 7.0 	 Demand: 4751
	Edge: 71 <--> 72 	 Freq: 7.0 	 Demand: 1836
	Edge: 78 <--> 71 	 Freq: 7.0 	 Demand: 238
	Edge: 42 <--> 16 	 Freq: 7.0 	 Demand: 1173
	Edge: 68 <--> 69 	 Freq: 7.0 	 Demand: 3508
	Edge: 68 <--> 69 	 Freq: 28.0 	 Demand: 4760
	Edge: 21 <--> 59 	 Freq: 7.0 	 Demand: 578
	Edge: 10 <--> 11 	 Freq: 7.0 	 Demand: 663
	Edge: 12 <--> 73 	 Freq: 7.0 	 Demand: 935
	Edge: 10 <--> 44 	 Freq: 7.0 	 Demand: 646
	Edge: 61 <--> 60 	 Freq: 7.0 	 Demand: 510

	Routes:

	Route: 1
	Route length (1204.0) and demand (9016)
	Edge: 78 <--> 71 	 Freq: 7.0 	 Demand: 238
	Edge: 76 <--> 75 	 Freq: 7.0 	 Demand: 510
	Edge: 68 <--> 69 	 Freq: 28.0 	 Demand: 4760
	Edge: 68 <--> 69 	 Freq: 7.0 	 Demand: 3508
	Route: 2
	Route length (1727.0) and demand (11900)
	Edge: 66 <--> 53 	 Freq: 2.3 	 Demand: 3913
	Edge: 30 <--> 67 	 Freq: 2.3 	 Demand: 4213
	Edge: 43 <--> 70 	 Freq: 14.0 	 Demand: 1530
	Edge: 10 <--> 44 	 Freq: 7.0 	 Demand: 646
	Edge: 10 <--> 11 	 Freq: 7.0 	 Demand: 663
	Edge: 12 <--> 73 	 Freq: 7.0 	 Demand: 935
	Route: 3
	Route length (1553.0) and demand (9163)
	Edge: 71 <--> 72 	 Freq: 7.0 	 Demand: 1836
	Edge: 46 <--> 56 	 Freq: 7.0 	 Demand: 408
	Edge: 55 <--> 19 	 Freq: 7.0 	 Demand: 782
	Edge: 57 <--> 55 	 Freq: 7.0 	 Demand: 2992
	Edge: 57 <--> 18 	 Freq: 7.0 	 Demand: 1394
	Edge: 21 <--> 59 	 Freq: 7.0 	 Demand: 578
	Edge: 42 <--> 16 	 Freq: 7.0 	 Demand: 1173
	Route: 4
	Route length (1232.0) and demand (10089)
	Edge: 66 <--> 53 	 Freq: 7.0 	 Demand: 510
	Edge: 28 <--> 29 	 Freq: 7.0 	 Demand: 510
	Edge: 28 <--> 7 	 Freq: 2.3 	 Demand: 1020
	Edge: 7 <--> 50 	 Freq: 7.0 	 Demand: 238
	Edge: 50 <--> 3 	 Freq: 7.0 	 Demand: 3060
	Edge: 27 <--> 3 	 Freq: 7.0 	 Demand: 4751
	Route: 5
	Route length (1068.0) and demand (4488)
	Edge: 23 <--> 24 	 Freq: 7.0 	 Demand: 3978
	Edge: 61 <--> 60 	 Freq: 7.0 	 Demand: 510

Day 17, number of edges 24, number of routes 5

	Edges:

	Edge: 40 <--> 15 	 Freq: 3.5 	 Demand: 2244
	Edge: 53 <--> 51 	 Freq: 3.5 	 Demand: 3568
	Edge: 65 <--> 52 	 Freq: 3.5 	 Demand: 3974
	Edge: 34 <--> 66 	 Freq: 3.5 	 Demand: 1700
	Edge: 37 <--> 23 	 Freq: 3.5 	 Demand: 3060
	Edge: 34 <--> 0 	 Freq: 3.5 	 Demand: 3697
	Edge: 32 <--> 33 	 Freq: 3.5 	 Demand: 3777
	Edge: 45 <--> 74 	 Freq: 7.0 	 Demand: 119
	Edge: 13 <--> 9 	 Freq: 7.0 	 Demand: 816
	Edge: 77 <--> 76 	 Freq: 7.0 	 Demand: 578
	Edge: 18 <--> 19 	 Freq: 7.0 	 Demand: 2686
	Edge: 16 <--> 58 	 Freq: 7.0 	 Demand: 2822
	Edge: 0 <--> 71 	 Freq: 7.0 	 Demand: 1870
	Edge: 65 <--> 6 	 Freq: 7.0 	 Demand: 306
	Edge: 6 <--> 7 	 Freq: 7.0 	 Demand: 1955
	Edge: 27 <--> 8 	 Freq: 7.0 	 Demand: 833
	Edge: 42 <--> 57 	 Freq: 7.0 	 Demand: 1989
	Edge: 32 <--> 33 	 Freq: 28.0 	 Demand: 1530
	Edge: 77 <--> 76 	 Freq: 28.0 	 Demand: 612
	Edge: 67 <--> 68 	 Freq: 3.5 	 Demand: 3656
	Edge: 78 <--> 71 	 Freq: 28.0 	 Demand: 2788
	Edge: 65 <--> 6 	 Freq: 28.0 	 Demand: 408
	Edge: 43 <--> 70 	 Freq: 7.0 	 Demand: 204
	Edge: 75 <--> 12 	 Freq: 28.0 	 Demand: 612

	Routes:

	Route: 1
	Route length (907.0) and demand (10663)
	Edge: 32 <--> 33 	 Freq: 3.5 	 Demand: 3777
	Edge: 32 <--> 33 	 Freq: 28.0 	 Demand: 1530
	Edge: 67 <--> 68 	 Freq: 3.5 	 Demand: 3656
	Edge: 34 <--> 66 	 Freq: 3.5 	 Demand: 1700
	Route: 2
	Route length (1284.0) and demand (9741)
	Edge: 40 <--> 15 	 Freq: 3.5 	 Demand: 2244
	Edge: 16 <--> 58 	 Freq: 7.0 	 Demand: 2822
	Edge: 18 <--> 19 	 Freq: 7.0 	 Demand: 2686
	Edge: 42 <--> 57 	 Freq: 7.0 	 Demand: 1989
	Route: 3
	Route length (1632.0) and demand (11296)
	Edge: 34 <--> 0 	 Freq: 3.5 	 Demand: 3697
	Edge: 45 <--> 74 	 Freq: 7.0 	 Demand: 119
	Edge: 13 <--> 9 	 Freq: 7.0 	 Demand: 816
	Edge: 43 <--> 70 	 Freq: 7.0 	 Demand: 204
	Edge: 77 <--> 76 	 Freq: 28.0 	 Demand: 612
	Edge: 77 <--> 76 	 Freq: 7.0 	 Demand: 578
	Edge: 75 <--> 12 	 Freq: 28.0 	 Demand: 612
	Edge: 78 <--> 71 	 Freq: 28.0 	 Demand: 2788
	Edge: 0 <--> 71 	 Freq: 7.0 	 Demand: 1870
	Route: 4
	Route length (281.0) and demand (3060)
	Edge: 37 <--> 23 	 Freq: 3.5 	 Demand: 3060
	Route: 5
	Route length (1138.0) and demand (11044)
	Edge: 27 <--> 8 	 Freq: 7.0 	 Demand: 833
	Edge: 53 <--> 51 	 Freq: 3.5 	 Demand: 3568
	Edge: 65 <--> 52 	 Freq: 3.5 	 Demand: 3974
	Edge: 65 <--> 6 	 Freq: 28.0 	 Demand: 408
	Edge: 65 <--> 6 	 Freq: 7.0 	 Demand: 306
	Edge: 6 <--> 7 	 Freq: 7.0 	 Demand: 1955

Day 18, number of edges 27, number of routes 9

	Edges:

	Edge: 28 <--> 7 	 Freq: 2.3 	 Demand: 1020
	Edge: 3 <--> 49 	 Freq: 2.3 	 Demand: 3570
	Edge: 66 <--> 53 	 Freq: 2.3 	 Demand: 3913
	Edge: 30 <--> 67 	 Freq: 2.3 	 Demand: 4213
	Edge: 43 <--> 70 	 Freq: 3.5 	 Demand: 3060
	Edge: 78 <--> 71 	 Freq: 3.5 	 Demand: 3825
	Edge: 14 <--> 15 	 Freq: 3.5 	 Demand: 3895
	Edge: 7 <--> 50 	 Freq: 3.5 	 Demand: 1530
	Edge: 4 <--> 5 	 Freq: 3.5 	 Demand: 2550
	Edge: 50 <--> 3 	 Freq: 3.5 	 Demand: 1530
	Edge: 35 <--> 1 	 Freq: 3.5 	 Demand: 4235
	Edge: 36 <--> 16 	 Freq: 3.5 	 Demand: 3927
	Edge: 38 <--> 42 	 Freq: 3.5 	 Demand: 4031
	Edge: 61 <--> 60 	 Freq: 3.5 	 Demand: 2720
	Edge: 39 <--> 25 	 Freq: 3.5 	 Demand: 4080
	Edge: 23 <--> 24 	 Freq: 3.5 	 Demand: 4080
	Edge: 67 <--> 66 	 Freq: 3.5 	 Demand: 3970
	Edge: 61 <--> 62 	 Freq: 3.5 	 Demand: 4080
	Edge: 40 <--> 41 	 Freq: 3.5 	 Demand: 3516
	Edge: 27 <--> 8 	 Freq: 3.5 	 Demand: 4182
	Edge: 27 <--> 3 	 Freq: 3.5 	 Demand: 3060
	Edge: 9 <--> 47 	 Freq: 7.0 	 Demand: 561
	Edge: 36 <--> 24 	 Freq: 7.0 	 Demand: 765
	Edge: 25 <--> 26 	 Freq: 7.0 	 Demand: 510
	Edge: 68 <--> 69 	 Freq: 3.5 	 Demand: 3653
	Edge: 61 <--> 62 	 Freq: 7.0 	 Demand: 1530
	Edge: 6 <--> 7 	 Freq: 28.0 	 Demand: 3910

	Routes:

	Route: 1
	Route length (1165.0) and demand (10710)
	Edge: 27 <--> 3 	 Freq: 3.5 	 Demand: 3060
	Edge: 50 <--> 3 	 Freq: 3.5 	 Demand: 1530
	Edge: 3 <--> 49 	 Freq: 2.3 	 Demand: 3570
	Edge: 4 <--> 5 	 Freq: 3.5 	 Demand: 2550
	Route: 2
	Route length (296.0) and demand (4182)
	Edge: 27 <--> 8 	 Freq: 3.5 	 Demand: 4182
	Route: 3
	Route length (768.0) and demand (11853)
	Edge: 38 <--> 42 	 Freq: 3.5 	 Demand: 4031
	Edge: 14 <--> 15 	 Freq: 3.5 	 Demand: 3895
	Edge: 36 <--> 16 	 Freq: 3.5 	 Demand: 3927
	Route: 4
	Route length (1312.0) and demand (11846)
	Edge: 40 <--> 41 	 Freq: 3.5 	 Demand: 3516
	Edge: 61 <--> 62 	 Freq: 7.0 	 Demand: 1530
	Edge: 61 <--> 62 	 Freq: 3.5 	 Demand: 4080
	Edge: 61 <--> 60 	 Freq: 3.5 	 Demand: 2720
	Route: 5
	Route length (707.0) and demand (4845)
	Edge: 36 <--> 24 	 Freq: 7.0 	 Demand: 765
	Edge: 23 <--> 24 	 Freq: 3.5 	 Demand: 4080
	Route: 6
	Route length (1294.0) and demand (11936)
	Edge: 39 <--> 25 	 Freq: 3.5 	 Demand: 4080
	Edge: 35 <--> 1 	 Freq: 3.5 	 Demand: 4235
	Edge: 9 <--> 47 	 Freq: 7.0 	 Demand: 561
	Edge: 43 <--> 70 	 Freq: 3.5 	 Demand: 3060
	Route: 7
	Route length (1527.0) and demand (10883)
	Edge: 25 <--> 26 	 Freq: 7.0 	 Demand: 510
	Edge: 66 <--> 53 	 Freq: 2.3 	 Demand: 3913
	Edge: 6 <--> 7 	 Freq: 28.0 	 Demand: 3910
	Edge: 28 <--> 7 	 Freq: 2.3 	 Demand: 1020
	Edge: 7 <--> 50 	 Freq: 3.5 	 Demand: 1530
	Route: 8
	Route length (994.0) and demand (11836)
	Edge: 67 <--> 66 	 Freq: 3.5 	 Demand: 3970
	Edge: 68 <--> 69 	 Freq: 3.5 	 Demand: 3653
	Edge: 30 <--> 67 	 Freq: 2.3 	 Demand: 4213
	Route: 9
	Route length (242.0) and demand (3825)
	Edge: 78 <--> 71 	 Freq: 3.5 	 Demand: 3825

Day 19, number of edges 0, number of routes 0

	Edges:


	Routes:


Day 20, number of edges 0, number of routes 0

	Edges:


	Routes:


Day 21, number of edges 26, number of routes 8

	Edges:

	Edge: 28 <--> 7 	 Freq: 2.3 	 Demand: 1020
	Edge: 66 <--> 53 	 Freq: 2.3 	 Demand: 3913
	Edge: 30 <--> 67 	 Freq: 2.3 	 Demand: 4213
	Edge: 43 <--> 70 	 Freq: 3.5 	 Demand: 3060
	Edge: 78 <--> 71 	 Freq: 3.5 	 Demand: 3825
	Edge: 61 <--> 62 	 Freq: 3.5 	 Demand: 4080
	Edge: 35 <--> 1 	 Freq: 3.5 	 Demand: 4235
	Edge: 65 <--> 52 	 Freq: 3.5 	 Demand: 3974
	Edge: 67 <--> 66 	 Freq: 3.5 	 Demand: 3970
	Edge: 34 <--> 66 	 Freq: 3.5 	 Demand: 1700
	Edge: 37 <--> 23 	 Freq: 3.5 	 Demand: 3060
	Edge: 34 <--> 0 	 Freq: 3.5 	 Demand: 3697
	Edge: 61 <--> 60 	 Freq: 3.5 	 Demand: 2720
	Edge: 32 <--> 33 	 Freq: 3.5 	 Demand: 3777
	Edge: 39 <--> 25 	 Freq: 3.5 	 Demand: 4080
	Edge: 23 <--> 24 	 Freq: 3.5 	 Demand: 4080
	Edge: 75 <--> 12 	 Freq: 7.0 	 Demand: 1207
	Edge: 48 <--> 9 	 Freq: 7.0 	 Demand: 918
	Edge: 31 <--> 77 	 Freq: 7.0 	 Demand: 1020
	Edge: 58 <--> 21 	 Freq: 7.0 	 Demand: 306
	Edge: 50 <--> 3 	 Freq: 7.0 	 Demand: 3060
	Edge: 30 <--> 67 	 Freq: 7.0 	 Demand: 204
	Edge: 67 <--> 68 	 Freq: 3.5 	 Demand: 3656
	Edge: 45 <--> 10 	 Freq: 7.0 	 Demand: 765
	Edge: 70 <--> 47 	 Freq: 7.0 	 Demand: 1105
	Edge: 65 <--> 52 	 Freq: 28.0 	 Demand: 4250

	Routes:

	Route: 1
	Route length (824.0) and demand (8224)
	Edge: 65 <--> 52 	 Freq: 28.0 	 Demand: 4250
	Edge: 65 <--> 52 	 Freq: 3.5 	 Demand: 3974
	Route: 2
	Route length (715.0) and demand (9883)
	Edge: 30 <--> 67 	 Freq: 2.3 	 Demand: 4213
	Edge: 67 <--> 66 	 Freq: 3.5 	 Demand: 3970
	Edge: 34 <--> 66 	 Freq: 3.5 	 Demand: 1700
	Route: 3
	Route length (1591.0) and demand (11186)
	Edge: 58 <--> 21 	 Freq: 7.0 	 Demand: 306
	Edge: 61 <--> 62 	 Freq: 3.5 	 Demand: 4080
	Edge: 61 <--> 60 	 Freq: 3.5 	 Demand: 2720
	Edge: 23 <--> 24 	 Freq: 3.5 	 Demand: 4080
	Route: 4
	Route length (1666.0) and demand (11103)
	Edge: 31 <--> 77 	 Freq: 7.0 	 Demand: 1020
	Edge: 45 <--> 10 	 Freq: 7.0 	 Demand: 765
	Edge: 48 <--> 9 	 Freq: 7.0 	 Demand: 918
	Edge: 70 <--> 47 	 Freq: 7.0 	 Demand: 1105
	Edge: 43 <--> 70 	 Freq: 3.5 	 Demand: 3060
	Edge: 35 <--> 1 	 Freq: 3.5 	 Demand: 4235
	Route: 5
	Route length (565.0) and demand (11554)
	Edge: 39 <--> 25 	 Freq: 3.5 	 Demand: 4080
	Edge: 32 <--> 33 	 Freq: 3.5 	 Demand: 3777
	Edge: 34 <--> 0 	 Freq: 3.5 	 Demand: 3697
	Route: 6
	Route length (443.0) and demand (5032)
	Edge: 78 <--> 71 	 Freq: 3.5 	 Demand: 3825
	Edge: 75 <--> 12 	 Freq: 7.0 	 Demand: 1207
	Route: 7
	Route length (1480.0) and demand (11853)
	Edge: 30 <--> 67 	 Freq: 7.0 	 Demand: 204
	Edge: 67 <--> 68 	 Freq: 3.5 	 Demand: 3656
	Edge: 66 <--> 53 	 Freq: 2.3 	 Demand: 3913
	Edge: 28 <--> 7 	 Freq: 2.3 	 Demand: 1020
	Edge: 50 <--> 3 	 Freq: 7.0 	 Demand: 3060
	Route: 8
	Route length (281.0) and demand (3060)
	Edge: 37 <--> 23 	 Freq: 3.5 	 Demand: 3060

Day 22, number of edges 30, number of routes 7

	Edges:

	Edge: 3 <--> 49 	 Freq: 2.3 	 Demand: 3570
	Edge: 30 <--> 67 	 Freq: 2.3 	 Demand: 4213
	Edge: 40 <--> 15 	 Freq: 3.5 	 Demand: 2244
	Edge: 14 <--> 15 	 Freq: 3.5 	 Demand: 3895
	Edge: 7 <--> 50 	 Freq: 3.5 	 Demand: 1530
	Edge: 4 <--> 5 	 Freq: 3.5 	 Demand: 2550
	Edge: 50 <--> 3 	 Freq: 3.5 	 Demand: 1530
	Edge: 36 <--> 16 	 Freq: 3.5 	 Demand: 3927
	Edge: 38 <--> 42 	 Freq: 3.5 	 Demand: 4031
	Edge: 27 <--> 8 	 Freq: 3.5 	 Demand: 4182
	Edge: 27 <--> 3 	 Freq: 3.5 	 Demand: 3060
	Edge: 70 <--> 13 	 Freq: 7.0 	 Demand: 2278
	Edge: 21 <--> 22 	 Freq: 7.0 	 Demand: 1020
	Edge: 55 <--> 19 	 Freq: 7.0 	 Demand: 782
	Edge: 18 <--> 58 	 Freq: 7.0 	 Demand: 578
	Edge: 57 <--> 18 	 Freq: 7.0 	 Demand: 1394
	Edge: 3 <--> 49 	 Freq: 7.0 	 Demand: 1530
	Edge: 23 <--> 24 	 Freq: 7.0 	 Demand: 3978
	Edge: 37 <--> 23 	 Freq: 7.0 	 Demand: 1683
	Edge: 34 <--> 66 	 Freq: 7.0 	 Demand: 3604
	Edge: 78 <--> 71 	 Freq: 7.0 	 Demand: 238
	Edge: 27 <--> 3 	 Freq: 7.0 	 Demand: 4751
	Edge: 0 <--> 27 	 Freq: 7.0 	 Demand: 306
	Edge: 14 <--> 15 	 Freq: 28.0 	 Demand: 2040
	Edge: 42 <--> 16 	 Freq: 7.0 	 Demand: 1173
	Edge: 15 <--> 22 	 Freq: 7.0 	 Demand: 4080
	Edge: 73 <--> 74 	 Freq: 7.0 	 Demand: 663
	Edge: 11 <--> 73 	 Freq: 7.0 	 Demand: 357
	Edge: 68 <--> 69 	 Freq: 3.5 	 Demand: 3653
	Edge: 61 <--> 60 	 Freq: 7.0 	 Demand: 510

	Routes:

	Route: 1
	Route length (795.0) and demand (9588)
	Edge: 36 <--> 16 	 Freq: 3.5 	 Demand: 3927
	Edge: 23 <--> 24 	 Freq: 7.0 	 Demand: 3978
	Edge: 37 <--> 23 	 Freq: 7.0 	 Demand: 1683
	Route: 2
	Route length (264.0) and demand (4031)
	Edge: 38 <--> 42 	 Freq: 3.5 	 Demand: 4031
	Route: 3
	Route length (2408.0) and demand (11390)
	Edge: 15 <--> 22 	 Freq: 7.0 	 Demand: 4080
	Edge: 21 <--> 22 	 Freq: 7.0 	 Demand: 1020
	Edge: 18 <--> 58 	 Freq: 7.0 	 Demand: 578
	Edge: 57 <--> 18 	 Freq: 7.0 	 Demand: 1394
	Edge: 55 <--> 19 	 Freq: 7.0 	 Demand: 782
	Edge: 73 <--> 74 	 Freq: 7.0 	 Demand: 663
	Edge: 11 <--> 73 	 Freq: 7.0 	 Demand: 357
	Edge: 70 <--> 13 	 Freq: 7.0 	 Demand: 2278
	Edge: 78 <--> 71 	 Freq: 7.0 	 Demand: 238
	Route: 4
	Route length (1228.0) and demand (11016)
	Edge: 0 <--> 27 	 Freq: 7.0 	 Demand: 306
	Edge: 7 <--> 50 	 Freq: 3.5 	 Demand: 1530
	Edge: 50 <--> 3 	 Freq: 3.5 	 Demand: 1530
	Edge: 4 <--> 5 	 Freq: 3.5 	 Demand: 2550
	Edge: 3 <--> 49 	 Freq: 2.3 	 Demand: 3570
	Edge: 3 <--> 49 	 Freq: 7.0 	 Demand: 1530
	Route: 5
	Route length (1178.0) and demand (9862)
	Edge: 42 <--> 16 	 Freq: 7.0 	 Demand: 1173
	Edge: 14 <--> 15 	 Freq: 3.5 	 Demand: 3895
	Edge: 14 <--> 15 	 Freq: 28.0 	 Demand: 2040
	Edge: 40 <--> 15 	 Freq: 3.5 	 Demand: 2244
	Edge: 61 <--> 60 	 Freq: 7.0 	 Demand: 510
	Route: 6
	Route length (1008.0) and demand (11993)
	Edge: 27 <--> 3 	 Freq: 3.5 	 Demand: 3060
	Edge: 27 <--> 3 	 Freq: 7.0 	 Demand: 4751
	Edge: 27 <--> 8 	 Freq: 3.5 	 Demand: 4182
	Route: 7
	Route length (994.0) and demand (11470)
	Edge: 34 <--> 66 	 Freq: 7.0 	 Demand: 3604
	Edge: 68 <--> 69 	 Freq: 3.5 	 Demand: 3653
	Edge: 30 <--> 67 	 Freq: 2.3 	 Demand: 4213

Day 23, number of edges 24, number of routes 6

	Edges:

	Edge: 25 <--> 26 	 Freq: 14.0 	 Demand: 680
	Edge: 23 <--> 24 	 Freq: 14.0 	 Demand: 1870
	Edge: 28 <--> 7 	 Freq: 2.3 	 Demand: 1020
	Edge: 66 <--> 53 	 Freq: 2.3 	 Demand: 3913
	Edge: 74 <--> 72 	 Freq: 7.0 	 Demand: 153
	Edge: 45 <--> 74 	 Freq: 7.0 	 Demand: 119
	Edge: 13 <--> 9 	 Freq: 7.0 	 Demand: 816
	Edge: 44 <--> 77 	 Freq: 7.0 	 Demand: 612
	Edge: 76 <--> 75 	 Freq: 7.0 	 Demand: 510
	Edge: 18 <--> 19 	 Freq: 7.0 	 Demand: 2686
	Edge: 16 <--> 58 	 Freq: 7.0 	 Demand: 2822
	Edge: 27 <--> 8 	 Freq: 7.0 	 Demand: 833
	Edge: 42 <--> 57 	 Freq: 7.0 	 Demand: 1989
	Edge: 71 <--> 72 	 Freq: 7.0 	 Demand: 1836
	Edge: 58 <--> 21 	 Freq: 28.0 	 Demand: 408
	Edge: 71 <--> 72 	 Freq: 28.0 	 Demand: 2040
	Edge: 38 <--> 42 	 Freq: 7.0 	 Demand: 510
	Edge: 34 <--> 0 	 Freq: 28.0 	 Demand: 3060
	Edge: 36 <--> 16 	 Freq: 28.0 	 Demand: 2482
	Edge: 38 <--> 42 	 Freq: 28.0 	 Demand: 850
	Edge: 10 <--> 44 	 Freq: 7.0 	 Demand: 646
	Edge: 42 <--> 16 	 Freq: 28.0 	 Demand: 1428
	Edge: 43 <--> 70 	 Freq: 7.0 	 Demand: 204
	Edge: 48 <--> 9 	 Freq: 28.0 	 Demand: 612

	Routes:

	Route: 1
	Route length (540.0) and demand (3349)
	Edge: 42 <--> 57 	 Freq: 7.0 	 Demand: 1989
	Edge: 38 <--> 42 	 Freq: 28.0 	 Demand: 850
	Edge: 38 <--> 42 	 Freq: 7.0 	 Demand: 510
	Route: 2
	Route length (417.0) and demand (2040)
	Edge: 71 <--> 72 	 Freq: 28.0 	 Demand: 2040
	Route: 3
	Route length (81.0) and demand (3060)
	Edge: 34 <--> 0 	 Freq: 28.0 	 Demand: 3060
	Route: 4
	Route length (2657.0) and demand (11121)
	Edge: 71 <--> 72 	 Freq: 7.0 	 Demand: 1836
	Edge: 74 <--> 72 	 Freq: 7.0 	 Demand: 153
	Edge: 45 <--> 74 	 Freq: 7.0 	 Demand: 119
	Edge: 48 <--> 9 	 Freq: 28.0 	 Demand: 612
	Edge: 13 <--> 9 	 Freq: 7.0 	 Demand: 816
	Edge: 10 <--> 44 	 Freq: 7.0 	 Demand: 646
	Edge: 43 <--> 70 	 Freq: 7.0 	 Demand: 204
	Edge: 44 <--> 77 	 Freq: 7.0 	 Demand: 612
	Edge: 76 <--> 75 	 Freq: 7.0 	 Demand: 510
	Edge: 25 <--> 26 	 Freq: 14.0 	 Demand: 680
	Edge: 66 <--> 53 	 Freq: 2.3 	 Demand: 3913
	Edge: 28 <--> 7 	 Freq: 2.3 	 Demand: 1020
	Route: 5
	Route length (1593.0) and demand (11696)
	Edge: 23 <--> 24 	 Freq: 14.0 	 Demand: 1870
	Edge: 36 <--> 16 	 Freq: 28.0 	 Demand: 2482
	Edge: 18 <--> 19 	 Freq: 7.0 	 Demand: 2686
	Edge: 58 <--> 21 	 Freq: 28.0 	 Demand: 408
	Edge: 16 <--> 58 	 Freq: 7.0 	 Demand: 2822
	Edge: 42 <--> 16 	 Freq: 28.0 	 Demand: 1428
	Route: 6
	Route length (296.0) and demand (833)
	Edge: 27 <--> 8 	 Freq: 7.0 	 Demand: 833

Day 24, number of edges 26, number of routes 5

	Edges:

	Edge: 30 <--> 67 	 Freq: 2.3 	 Demand: 4213
	Edge: 43 <--> 70 	 Freq: 3.5 	 Demand: 3060
	Edge: 78 <--> 71 	 Freq: 3.5 	 Demand: 3825
	Edge: 35 <--> 1 	 Freq: 3.5 	 Demand: 4235
	Edge: 65 <--> 52 	 Freq: 3.5 	 Demand: 3974
	Edge: 34 <--> 0 	 Freq: 3.5 	 Demand: 3697
	Edge: 40 <--> 41 	 Freq: 3.5 	 Demand: 3516
	Edge: 39 <--> 25 	 Freq: 3.5 	 Demand: 4080
	Edge: 75 <--> 12 	 Freq: 7.0 	 Demand: 1207
	Edge: 46 <--> 56 	 Freq: 7.0 	 Demand: 408
	Edge: 57 <--> 55 	 Freq: 7.0 	 Demand: 2992
	Edge: 0 <--> 71 	 Freq: 7.0 	 Demand: 1870
	Edge: 66 <--> 53 	 Freq: 7.0 	 Demand: 510
	Edge: 25 <--> 26 	 Freq: 7.0 	 Demand: 510
	Edge: 65 <--> 6 	 Freq: 7.0 	 Demand: 306
	Edge: 6 <--> 7 	 Freq: 7.0 	 Demand: 1955
	Edge: 73 <--> 74 	 Freq: 28.0 	 Demand: 816
	Edge: 12 <--> 73 	 Freq: 28.0 	 Demand: 1020
	Edge: 68 <--> 69 	 Freq: 7.0 	 Demand: 3508
	Edge: 67 <--> 68 	 Freq: 28.0 	 Demand: 1190
	Edge: 11 <--> 73 	 Freq: 28.0 	 Demand: 408
	Edge: 21 <--> 59 	 Freq: 7.0 	 Demand: 578
	Edge: 10 <--> 11 	 Freq: 7.0 	 Demand: 663
	Edge: 12 <--> 73 	 Freq: 7.0 	 Demand: 935
	Edge: 61 <--> 62 	 Freq: 7.0 	 Demand: 1530
	Edge: 9 <--> 47 	 Freq: 28.0 	 Demand: 1020

	Routes:

	Route: 1
	Route length (1694.0) and demand (11953)
	Edge: 25 <--> 26 	 Freq: 7.0 	 Demand: 510
	Edge: 68 <--> 69 	 Freq: 7.0 	 Demand: 3508
	Edge: 67 <--> 68 	 Freq: 28.0 	 Demand: 1190
	Edge: 66 <--> 53 	 Freq: 7.0 	 Demand: 510
	Edge: 65 <--> 52 	 Freq: 3.5 	 Demand: 3974
	Edge: 65 <--> 6 	 Freq: 7.0 	 Demand: 306
	Edge: 6 <--> 7 	 Freq: 7.0 	 Demand: 1955
	Route: 2
	Route length (2207.0) and demand (11982)
	Edge: 75 <--> 12 	 Freq: 7.0 	 Demand: 1207
	Edge: 12 <--> 73 	 Freq: 7.0 	 Demand: 935
	Edge: 73 <--> 74 	 Freq: 28.0 	 Demand: 816
	Edge: 46 <--> 56 	 Freq: 7.0 	 Demand: 408
	Edge: 57 <--> 55 	 Freq: 7.0 	 Demand: 2992
	Edge: 21 <--> 59 	 Freq: 7.0 	 Demand: 578
	Edge: 40 <--> 41 	 Freq: 3.5 	 Demand: 3516
	Edge: 61 <--> 62 	 Freq: 7.0 	 Demand: 1530
	Route: 3
	Route length (1421.0) and demand (10406)
	Edge: 35 <--> 1 	 Freq: 3.5 	 Demand: 4235
	Edge: 43 <--> 70 	 Freq: 3.5 	 Demand: 3060
	Edge: 9 <--> 47 	 Freq: 28.0 	 Demand: 1020
	Edge: 10 <--> 11 	 Freq: 7.0 	 Demand: 663
	Edge: 11 <--> 73 	 Freq: 28.0 	 Demand: 408
	Edge: 12 <--> 73 	 Freq: 28.0 	 Demand: 1020
	Route: 4
	Route length (242.0) and demand (5695)
	Edge: 78 <--> 71 	 Freq: 3.5 	 Demand: 3825
	Edge: 0 <--> 71 	 Freq: 7.0 	 Demand: 1870
	Route: 5
	Route length (725.0) and demand (11990)
	Edge: 34 <--> 0 	 Freq: 3.5 	 Demand: 3697
	Edge: 30 <--> 67 	 Freq: 2.3 	 Demand: 4213
	Edge: 39 <--> 25 	 Freq: 3.5 	 Demand: 4080

Day 25, number of edges 28, number of routes 9

	Edges:

	Edge: 66 <--> 53 	 Freq: 2.3 	 Demand: 3913
	Edge: 30 <--> 67 	 Freq: 2.3 	 Demand: 4213
	Edge: 40 <--> 15 	 Freq: 3.5 	 Demand: 2244
	Edge: 14 <--> 15 	 Freq: 3.5 	 Demand: 3895
	Edge: 7 <--> 50 	 Freq: 3.5 	 Demand: 1530
	Edge: 53 <--> 51 	 Freq: 3.5 	 Demand: 3568
	Edge: 4 <--> 5 	 Freq: 3.5 	 Demand: 2550
	Edge: 50 <--> 3 	 Freq: 3.5 	 Demand: 1530
	Edge: 67 <--> 68 	 Freq: 3.5 	 Demand: 3656
	Edge: 67 <--> 66 	 Freq: 3.5 	 Demand: 3970
	Edge: 34 <--> 66 	 Freq: 3.5 	 Demand: 1700
	Edge: 36 <--> 16 	 Freq: 3.5 	 Demand: 3927
	Edge: 38 <--> 42 	 Freq: 3.5 	 Demand: 4031
	Edge: 37 <--> 23 	 Freq: 3.5 	 Demand: 3060
	Edge: 68 <--> 69 	 Freq: 3.5 	 Demand: 3653
	Edge: 61 <--> 60 	 Freq: 3.5 	 Demand: 2720
	Edge: 32 <--> 33 	 Freq: 3.5 	 Demand: 3777
	Edge: 61 <--> 62 	 Freq: 3.5 	 Demand: 4080
	Edge: 23 <--> 24 	 Freq: 3.5 	 Demand: 4080
	Edge: 27 <--> 8 	 Freq: 3.5 	 Demand: 4182
	Edge: 27 <--> 3 	 Freq: 3.5 	 Demand: 3060
	Edge: 9 <--> 47 	 Freq: 7.0 	 Demand: 561
	Edge: 77 <--> 76 	 Freq: 7.0 	 Demand: 578
	Edge: 36 <--> 24 	 Freq: 7.0 	 Demand: 765
	Edge: 23 <--> 63 	 Freq: 7.0 	 Demand: 4998
	Edge: 15 <--> 17 	 Freq: 28.0 	 Demand: 1530
	Edge: 30 <--> 67 	 Freq: 7.0 	 Demand: 204
	Edge: 76 <--> 75 	 Freq: 28.0 	 Demand: 612

	Routes:

	Route: 1
	Route length (1143.0) and demand (11492)
	Edge: 61 <--> 62 	 Freq: 3.5 	 Demand: 4080
	Edge: 61 <--> 60 	 Freq: 3.5 	 Demand: 2720
	Edge: 36 <--> 24 	 Freq: 7.0 	 Demand: 765
	Edge: 36 <--> 16 	 Freq: 3.5 	 Demand: 3927
	Route: 2
	Route length (1490.0) and demand (9264)
	Edge: 68 <--> 69 	 Freq: 3.5 	 Demand: 3653
	Edge: 67 <--> 68 	 Freq: 3.5 	 Demand: 3656
	Edge: 30 <--> 67 	 Freq: 7.0 	 Demand: 204
	Edge: 9 <--> 47 	 Freq: 7.0 	 Demand: 561
	Edge: 77 <--> 76 	 Freq: 7.0 	 Demand: 578
	Edge: 76 <--> 75 	 Freq: 28.0 	 Demand: 612
	Route: 3
	Route length (1094.0) and demand (8670)
	Edge: 7 <--> 50 	 Freq: 3.5 	 Demand: 1530
	Edge: 50 <--> 3 	 Freq: 3.5 	 Demand: 1530
	Edge: 4 <--> 5 	 Freq: 3.5 	 Demand: 2550
	Edge: 27 <--> 3 	 Freq: 3.5 	 Demand: 3060
	Route: 4
	Route length (960.0) and demand (9181)
	Edge: 34 <--> 66 	 Freq: 3.5 	 Demand: 1700
	Edge: 66 <--> 53 	 Freq: 2.3 	 Demand: 3913
	Edge: 53 <--> 51 	 Freq: 3.5 	 Demand: 3568
	Route: 5
	Route length (296.0) and demand (4182)
	Edge: 27 <--> 8 	 Freq: 3.5 	 Demand: 4182
	Route: 6
	Route length (715.0) and demand (11960)
	Edge: 67 <--> 66 	 Freq: 3.5 	 Demand: 3970
	Edge: 30 <--> 67 	 Freq: 2.3 	 Demand: 4213
	Edge: 32 <--> 33 	 Freq: 3.5 	 Demand: 3777
	Route: 7
	Route length (984.0) and demand (11749)
	Edge: 23 <--> 24 	 Freq: 3.5 	 Demand: 4080
	Edge: 40 <--> 15 	 Freq: 3.5 	 Demand: 2244
	Edge: 15 <--> 17 	 Freq: 28.0 	 Demand: 1530
	Edge: 14 <--> 15 	 Freq: 3.5 	 Demand: 3895
	Route: 8
	Route length (264.0) and demand (4031)
	Edge: 38 <--> 42 	 Freq: 3.5 	 Demand: 4031
	Route: 9
	Route length (610.0) and demand (8058)
	Edge: 23 <--> 63 	 Freq: 7.0 	 Demand: 4998
	Edge: 37 <--> 23 	 Freq: 3.5 	 Demand: 3060

Day 26, number of edges 0, number of routes 0

	Edges:


	Routes:


Day 27, number of edges 0, number of routes 0

	Edges:


	Routes:


Day 28, number of edges 28, number of routes 9

	Edges:

	Edge: 66 <--> 53 	 Freq: 2.3 	 Demand: 3913
	Edge: 30 <--> 67 	 Freq: 2.3 	 Demand: 4213
	Edge: 43 <--> 70 	 Freq: 3.5 	 Demand: 3060
	Edge: 78 <--> 71 	 Freq: 3.5 	 Demand: 3825
	Edge: 40 <--> 15 	 Freq: 3.5 	 Demand: 2244
	Edge: 4 <--> 5 	 Freq: 3.5 	 Demand: 2550
	Edge: 35 <--> 1 	 Freq: 3.5 	 Demand: 4235
	Edge: 65 <--> 52 	 Freq: 3.5 	 Demand: 3974
	Edge: 67 <--> 68 	 Freq: 3.5 	 Demand: 3656
	Edge: 67 <--> 66 	 Freq: 3.5 	 Demand: 3970
	Edge: 36 <--> 16 	 Freq: 3.5 	 Demand: 3927
	Edge: 38 <--> 42 	 Freq: 3.5 	 Demand: 4031
	Edge: 37 <--> 23 	 Freq: 3.5 	 Demand: 3060
	Edge: 68 <--> 69 	 Freq: 3.5 	 Demand: 3653
	Edge: 34 <--> 0 	 Freq: 3.5 	 Demand: 3697
	Edge: 40 <--> 41 	 Freq: 3.5 	 Demand: 3516
	Edge: 39 <--> 25 	 Freq: 3.5 	 Demand: 4080
	Edge: 48 <--> 9 	 Freq: 7.0 	 Demand: 918
	Edge: 58 <--> 21 	 Freq: 7.0 	 Demand: 306
	Edge: 34 <--> 66 	 Freq: 7.0 	 Demand: 3604
	Edge: 61 <--> 62 	 Freq: 28.0 	 Demand: 3264
	Edge: 61 <--> 60 	 Freq: 28.0 	 Demand: 680
	Edge: 36 <--> 24 	 Freq: 28.0 	 Demand: 408
	Edge: 42 <--> 16 	 Freq: 7.0 	 Demand: 1173
	Edge: 73 <--> 74 	 Freq: 7.0 	 Demand: 663
	Edge: 45 <--> 10 	 Freq: 7.0 	 Demand: 765
	Edge: 61 <--> 60 	 Freq: 7.0 	 Demand: 510
	Edge: 45 <--> 10 	 Freq: 28.0 	 Demand: 1020

	Routes:

	Route: 1
	Route length (1500.0) and demand (10437)
	Edge: 4 <--> 5 	 Freq: 3.5 	 Demand: 2550
	Edge: 65 <--> 52 	 Freq: 3.5 	 Demand: 3974
	Edge: 66 <--> 53 	 Freq: 2.3 	 Demand: 3913
	Route: 2
	Route length (858.0) and demand (9437)
	Edge: 38 <--> 42 	 Freq: 3.5 	 Demand: 4031
	Edge: 42 <--> 16 	 Freq: 7.0 	 Demand: 1173
	Edge: 58 <--> 21 	 Freq: 7.0 	 Demand: 306
	Edge: 36 <--> 16 	 Freq: 3.5 	 Demand: 3927
	Route: 3
	Route length (81.0) and demand (3697)
	Edge: 34 <--> 0 	 Freq: 3.5 	 Demand: 3697
	Route: 4
	Route length (1377.0) and demand (10622)
	Edge: 40 <--> 15 	 Freq: 3.5 	 Demand: 2244
	Edge: 61 <--> 62 	 Freq: 28.0 	 Demand: 3264
	Edge: 61 <--> 60 	 Freq: 28.0 	 Demand: 680
	Edge: 61 <--> 60 	 Freq: 7.0 	 Demand: 510
	Edge: 40 <--> 41 	 Freq: 3.5 	 Demand: 3516
	Edge: 36 <--> 24 	 Freq: 28.0 	 Demand: 408
	Route: 5
	Route length (281.0) and demand (3060)
	Edge: 37 <--> 23 	 Freq: 3.5 	 Demand: 3060
	Route: 6
	Route length (1865.0) and demand (10661)
	Edge: 73 <--> 74 	 Freq: 7.0 	 Demand: 663
	Edge: 45 <--> 10 	 Freq: 7.0 	 Demand: 765
	Edge: 45 <--> 10 	 Freq: 28.0 	 Demand: 1020
	Edge: 48 <--> 9 	 Freq: 7.0 	 Demand: 918
	Edge: 43 <--> 70 	 Freq: 3.5 	 Demand: 3060
	Edge: 35 <--> 1 	 Freq: 3.5 	 Demand: 4235
	Route: 7
	Route length (715.0) and demand (11787)
	Edge: 30 <--> 67 	 Freq: 2.3 	 Demand: 4213
	Edge: 67 <--> 66 	 Freq: 3.5 	 Demand: 3970
	Edge: 34 <--> 66 	 Freq: 7.0 	 Demand: 3604
	Route: 8
	Route length (1163.0) and demand (11389)
	Edge: 39 <--> 25 	 Freq: 3.5 	 Demand: 4080
	Edge: 67 <--> 68 	 Freq: 3.5 	 Demand: 3656
	Edge: 68 <--> 69 	 Freq: 3.5 	 Demand: 3653
	Route: 9
	Route length (242.0) and demand (3825)
	Edge: 78 <--> 71 	 Freq: 3.5 	 Demand: 3825

Day 29, number of edges 30, number of routes 6

	Edges:

	Edge: 54 <--> 20 	 Freq: 2.3 	 Demand: 4080
	Edge: 28 <--> 7 	 Freq: 2.3 	 Demand: 1020
	Edge: 3 <--> 49 	 Freq: 2.3 	 Demand: 3570
	Edge: 7 <--> 50 	 Freq: 3.5 	 Demand: 1530
	Edge: 53 <--> 51 	 Freq: 3.5 	 Demand: 3568
	Edge: 34 <--> 66 	 Freq: 3.5 	 Demand: 1700
	Edge: 61 <--> 60 	 Freq: 3.5 	 Demand: 2720
	Edge: 32 <--> 33 	 Freq: 3.5 	 Demand: 3777
	Edge: 61 <--> 62 	 Freq: 3.5 	 Demand: 4080
	Edge: 23 <--> 24 	 Freq: 3.5 	 Demand: 4080
	Edge: 27 <--> 8 	 Freq: 3.5 	 Demand: 4182
	Edge: 27 <--> 3 	 Freq: 3.5 	 Demand: 3060
	Edge: 45 <--> 74 	 Freq: 7.0 	 Demand: 119
	Edge: 31 <--> 77 	 Freq: 7.0 	 Demand: 1020
	Edge: 44 <--> 77 	 Freq: 7.0 	 Demand: 612
	Edge: 76 <--> 75 	 Freq: 7.0 	 Demand: 510
	Edge: 55 <--> 19 	 Freq: 7.0 	 Demand: 782
	Edge: 50 <--> 3 	 Freq: 7.0 	 Demand: 3060
	Edge: 7 <--> 50 	 Freq: 7.0 	 Demand: 238
	Edge: 28 <--> 29 	 Freq: 7.0 	 Demand: 510
	Edge: 27 <--> 3 	 Freq: 7.0 	 Demand: 4751
	Edge: 0 <--> 27 	 Freq: 7.0 	 Demand: 306
	Edge: 70 <--> 47 	 Freq: 7.0 	 Demand: 1105
	Edge: 43 <--> 70 	 Freq: 7.0 	 Demand: 204
	Edge: 71 <--> 72 	 Freq: 7.0 	 Demand: 1836
	Edge: 78 <--> 71 	 Freq: 7.0 	 Demand: 238
	Edge: 53 <--> 51 	 Freq: 28.0 	 Demand: 1632
	Edge: 40 <--> 41 	 Freq: 28.0 	 Demand: 4080
	Edge: 70 <--> 47 	 Freq: 28.0 	 Demand: 612
	Edge: 21 <--> 22 	 Freq: 7.0 	 Demand: 1020

	Routes:

	Route: 1
	Route length (598.0) and demand (4080)
	Edge: 23 <--> 24 	 Freq: 3.5 	 Demand: 4080
	Route: 2
	Route length (935.0) and demand (11687)
	Edge: 27 <--> 3 	 Freq: 3.5 	 Demand: 3060
	Edge: 3 <--> 49 	 Freq: 2.3 	 Demand: 3570
	Edge: 27 <--> 3 	 Freq: 7.0 	 Demand: 4751
	Edge: 0 <--> 27 	 Freq: 7.0 	 Demand: 306
	Route: 3
	Route length (2497.0) and demand (10302)
	Edge: 21 <--> 22 	 Freq: 7.0 	 Demand: 1020
	Edge: 55 <--> 19 	 Freq: 7.0 	 Demand: 782
	Edge: 54 <--> 20 	 Freq: 2.3 	 Demand: 4080
	Edge: 45 <--> 74 	 Freq: 7.0 	 Demand: 119
	Edge: 70 <--> 47 	 Freq: 7.0 	 Demand: 1105
	Edge: 43 <--> 70 	 Freq: 7.0 	 Demand: 204
	Edge: 70 <--> 47 	 Freq: 28.0 	 Demand: 612
	Edge: 44 <--> 77 	 Freq: 7.0 	 Demand: 612
	Edge: 31 <--> 77 	 Freq: 7.0 	 Demand: 1020
	Edge: 76 <--> 75 	 Freq: 7.0 	 Demand: 510
	Edge: 78 <--> 71 	 Freq: 7.0 	 Demand: 238
	Route: 4
	Route length (1095.0) and demand (11495)
	Edge: 71 <--> 72 	 Freq: 7.0 	 Demand: 1836
	Edge: 32 <--> 33 	 Freq: 3.5 	 Demand: 3777
	Edge: 34 <--> 66 	 Freq: 3.5 	 Demand: 1700
	Edge: 27 <--> 8 	 Freq: 3.5 	 Demand: 4182
	Route: 5
	Route length (1189.0) and demand (10880)
	Edge: 61 <--> 62 	 Freq: 3.5 	 Demand: 4080
	Edge: 61 <--> 60 	 Freq: 3.5 	 Demand: 2720
	Edge: 40 <--> 41 	 Freq: 28.0 	 Demand: 4080
	Route: 6
	Route length (1250.0) and demand (11558)
	Edge: 7 <--> 50 	 Freq: 3.5 	 Demand: 1530
	Edge: 50 <--> 3 	 Freq: 7.0 	 Demand: 3060
	Edge: 7 <--> 50 	 Freq: 7.0 	 Demand: 238
	Edge: 28 <--> 7 	 Freq: 2.3 	 Demand: 1020
	Edge: 28 <--> 29 	 Freq: 7.0 	 Demand: 510
	Edge: 53 <--> 51 	 Freq: 3.5 	 Demand: 3568
	Edge: 53 <--> 51 	 Freq: 28.0 	 Demand: 1632

Day 30, number of edges 26, number of routes 4

	Edges:

	Edge: 38 <--> 42 	 Freq: 14.0 	 Demand: 1870
	Edge: 66 <--> 53 	 Freq: 2.3 	 Demand: 3913
	Edge: 30 <--> 67 	 Freq: 2.3 	 Demand: 4213
	Edge: 74 <--> 72 	 Freq: 7.0 	 Demand: 153
	Edge: 13 <--> 9 	 Freq: 7.0 	 Demand: 816
	Edge: 70 <--> 13 	 Freq: 7.0 	 Demand: 2278
	Edge: 21 <--> 59 	 Freq: 7.0 	 Demand: 578
	Edge: 18 <--> 58 	 Freq: 7.0 	 Demand: 578
	Edge: 18 <--> 19 	 Freq: 7.0 	 Demand: 2686
	Edge: 57 <--> 18 	 Freq: 7.0 	 Demand: 1394
	Edge: 66 <--> 53 	 Freq: 7.0 	 Demand: 510
	Edge: 23 <--> 24 	 Freq: 7.0 	 Demand: 3978
	Edge: 25 <--> 26 	 Freq: 7.0 	 Demand: 510
	Edge: 42 <--> 57 	 Freq: 7.0 	 Demand: 1989
	Edge: 37 <--> 23 	 Freq: 7.0 	 Demand: 1683
	Edge: 74 <--> 72 	 Freq: 28.0 	 Demand: 204
	Edge: 70 <--> 13 	 Freq: 28.0 	 Demand: 2652
	Edge: 18 <--> 19 	 Freq: 28.0 	 Demand: 3468
	Edge: 18 <--> 58 	 Freq: 28.0 	 Demand: 1020
	Edge: 43 <--> 70 	 Freq: 28.0 	 Demand: 1224
	Edge: 13 <--> 9 	 Freq: 28.0 	 Demand: 612
	Edge: 15 <--> 22 	 Freq: 7.0 	 Demand: 4080
	Edge: 11 <--> 73 	 Freq: 7.0 	 Demand: 357
	Edge: 10 <--> 44 	 Freq: 7.0 	 Demand: 646
	Edge: 61 <--> 62 	 Freq: 7.0 	 Demand: 1530
	Edge: 10 <--> 44 	 Freq: 28.0 	 Demand: 408

	Routes:

	Route: 1
	Route length (1097.0) and demand (8636)
	Edge: 66 <--> 53 	 Freq: 2.3 	 Demand: 3913
	Edge: 66 <--> 53 	 Freq: 7.0 	 Demand: 510
	Edge: 30 <--> 67 	 Freq: 2.3 	 Demand: 4213
	Route: 2
	Route length (2339.0) and demand (11730)
	Edge: 38 <--> 42 	 Freq: 14.0 	 Demand: 1870
	Edge: 74 <--> 72 	 Freq: 7.0 	 Demand: 153
	Edge: 74 <--> 72 	 Freq: 28.0 	 Demand: 204
	Edge: 11 <--> 73 	 Freq: 7.0 	 Demand: 357
	Edge: 10 <--> 44 	 Freq: 28.0 	 Demand: 408
	Edge: 13 <--> 9 	 Freq: 28.0 	 Demand: 612
	Edge: 70 <--> 13 	 Freq: 28.0 	 Demand: 2652
	Edge: 43 <--> 70 	 Freq: 28.0 	 Demand: 1224
	Edge: 70 <--> 13 	 Freq: 7.0 	 Demand: 2278
	Edge: 13 <--> 9 	 Freq: 7.0 	 Demand: 816
	Edge: 10 <--> 44 	 Freq: 7.0 	 Demand: 646
	Edge: 25 <--> 26 	 Freq: 7.0 	 Demand: 510
	Route: 3
	Route length (1395.0) and demand (11271)
	Edge: 61 <--> 62 	 Freq: 7.0 	 Demand: 1530
	Edge: 15 <--> 22 	 Freq: 7.0 	 Demand: 4080
	Edge: 23 <--> 24 	 Freq: 7.0 	 Demand: 3978
	Edge: 37 <--> 23 	 Freq: 7.0 	 Demand: 1683
	Route: 4
	Route length (1457.0) and demand (11713)
	Edge: 18 <--> 19 	 Freq: 28.0 	 Demand: 3468
	Edge: 18 <--> 19 	 Freq: 7.0 	 Demand: 2686
	Edge: 18 <--> 58 	 Freq: 7.0 	 Demand: 578
	Edge: 21 <--> 59 	 Freq: 7.0 	 Demand: 578
	Edge: 18 <--> 58 	 Freq: 28.0 	 Demand: 1020
	Edge: 57 <--> 18 	 Freq: 7.0 	 Demand: 1394
	Edge: 42 <--> 57 	 Freq: 7.0 	 Demand: 1989

Day 31, number of edges 28, number of routes 8

	Edges:

	Edge: 3 <--> 49 	 Freq: 2.3 	 Demand: 3570
	Edge: 43 <--> 70 	 Freq: 3.5 	 Demand: 3060
	Edge: 14 <--> 15 	 Freq: 3.5 	 Demand: 3895
	Edge: 61 <--> 62 	 Freq: 3.5 	 Demand: 4080
	Edge: 4 <--> 5 	 Freq: 3.5 	 Demand: 2550
	Edge: 50 <--> 3 	 Freq: 3.5 	 Demand: 1530
	Edge: 36 <--> 16 	 Freq: 3.5 	 Demand: 3927
	Edge: 38 <--> 42 	 Freq: 3.5 	 Demand: 4031
	Edge: 37 <--> 23 	 Freq: 3.5 	 Demand: 3060
	Edge: 34 <--> 0 	 Freq: 3.5 	 Demand: 3697
	Edge: 40 <--> 41 	 Freq: 3.5 	 Demand: 3516
	Edge: 61 <--> 60 	 Freq: 3.5 	 Demand: 2720
	Edge: 27 <--> 3 	 Freq: 3.5 	 Demand: 3060
	Edge: 9 <--> 47 	 Freq: 7.0 	 Demand: 561
	Edge: 77 <--> 76 	 Freq: 7.0 	 Demand: 578
	Edge: 46 <--> 56 	 Freq: 7.0 	 Demand: 408
	Edge: 16 <--> 58 	 Freq: 7.0 	 Demand: 2822
	Edge: 36 <--> 24 	 Freq: 7.0 	 Demand: 765
	Edge: 3 <--> 49 	 Freq: 7.0 	 Demand: 1530
	Edge: 27 <--> 8 	 Freq: 7.0 	 Demand: 833
	Edge: 23 <--> 63 	 Freq: 7.0 	 Demand: 4998
	Edge: 7 <--> 50 	 Freq: 28.0 	 Demand: 322
	Edge: 50 <--> 3 	 Freq: 28.0 	 Demand: 1360
	Edge: 3 <--> 49 	 Freq: 28.0 	 Demand: 544
	Edge: 38 <--> 42 	 Freq: 7.0 	 Demand: 510
	Edge: 68 <--> 69 	 Freq: 7.0 	 Demand: 3508
	Edge: 45 <--> 74 	 Freq: 28.0 	 Demand: 204
	Edge: 10 <--> 11 	 Freq: 7.0 	 Demand: 663

	Routes:

	Route: 1
	Route length (264.0) and demand (4031)
	Edge: 38 <--> 42 	 Freq: 3.5 	 Demand: 4031
	Route: 2
	Route length (81.0) and demand (3697)
	Edge: 34 <--> 0 	 Freq: 3.5 	 Demand: 3697
	Route: 3
	Route length (512.0) and demand (3060)
	Edge: 27 <--> 3 	 Freq: 3.5 	 Demand: 3060
	Route: 4
	Route length (1189.0) and demand (11081)
	Edge: 61 <--> 62 	 Freq: 3.5 	 Demand: 4080
	Edge: 61 <--> 60 	 Freq: 3.5 	 Demand: 2720
	Edge: 40 <--> 41 	 Freq: 3.5 	 Demand: 3516
	Edge: 36 <--> 24 	 Freq: 7.0 	 Demand: 765
	Route: 5
	Route length (2374.0) and demand (9815)
	Edge: 46 <--> 56 	 Freq: 7.0 	 Demand: 408
	Edge: 45 <--> 74 	 Freq: 28.0 	 Demand: 204
	Edge: 10 <--> 11 	 Freq: 7.0 	 Demand: 663
	Edge: 9 <--> 47 	 Freq: 7.0 	 Demand: 561
	Edge: 43 <--> 70 	 Freq: 3.5 	 Demand: 3060
	Edge: 77 <--> 76 	 Freq: 7.0 	 Demand: 578
	Edge: 68 <--> 69 	 Freq: 7.0 	 Demand: 3508
	Edge: 27 <--> 8 	 Freq: 7.0 	 Demand: 833
	Route: 6
	Route length (877.0) and demand (11154)
	Edge: 38 <--> 42 	 Freq: 7.0 	 Demand: 510
	Edge: 14 <--> 15 	 Freq: 3.5 	 Demand: 3895
	Edge: 16 <--> 58 	 Freq: 7.0 	 Demand: 2822
	Edge: 36 <--> 16 	 Freq: 3.5 	 Demand: 3927
	Route: 7
	Route length (610.0) and demand (8058)
	Edge: 37 <--> 23 	 Freq: 3.5 	 Demand: 3060
	Edge: 23 <--> 63 	 Freq: 7.0 	 Demand: 4998
	Route: 8
	Route length (1396.0) and demand (11406)
	Edge: 7 <--> 50 	 Freq: 28.0 	 Demand: 322
	Edge: 50 <--> 3 	 Freq: 3.5 	 Demand: 1530
	Edge: 4 <--> 5 	 Freq: 3.5 	 Demand: 2550
	Edge: 3 <--> 49 	 Freq: 2.3 	 Demand: 3570
	Edge: 3 <--> 49 	 Freq: 28.0 	 Demand: 544
	Edge: 3 <--> 49 	 Freq: 7.0 	 Demand: 1530
	Edge: 50 <--> 3 	 Freq: 28.0 	 Demand: 1360

Day 32, number of edges 29, number of routes 9

	Edges:

	Edge: 54 <--> 20 	 Freq: 2.3 	 Demand: 4080
	Edge: 28 <--> 7 	 Freq: 2.3 	 Demand: 1020
	Edge: 66 <--> 53 	 Freq: 2.3 	 Demand: 3913
	Edge: 30 <--> 67 	 Freq: 2.3 	 Demand: 4213
	Edge: 78 <--> 71 	 Freq: 3.5 	 Demand: 3825
	Edge: 40 <--> 15 	 Freq: 3.5 	 Demand: 2244
	Edge: 7 <--> 50 	 Freq: 3.5 	 Demand: 1530
	Edge: 53 <--> 51 	 Freq: 3.5 	 Demand: 3568
	Edge: 50 <--> 3 	 Freq: 3.5 	 Demand: 1530
	Edge: 35 <--> 1 	 Freq: 3.5 	 Demand: 4235
	Edge: 65 <--> 52 	 Freq: 3.5 	 Demand: 3974
	Edge: 67 <--> 68 	 Freq: 3.5 	 Demand: 3656
	Edge: 67 <--> 66 	 Freq: 3.5 	 Demand: 3970
	Edge: 34 <--> 66 	 Freq: 3.5 	 Demand: 1700
	Edge: 68 <--> 69 	 Freq: 3.5 	 Demand: 3653
	Edge: 32 <--> 33 	 Freq: 3.5 	 Demand: 3777
	Edge: 39 <--> 25 	 Freq: 3.5 	 Demand: 4080
	Edge: 23 <--> 24 	 Freq: 3.5 	 Demand: 4080
	Edge: 27 <--> 8 	 Freq: 3.5 	 Demand: 4182
	Edge: 75 <--> 12 	 Freq: 7.0 	 Demand: 1207
	Edge: 57 <--> 55 	 Freq: 7.0 	 Demand: 2992
	Edge: 0 <--> 71 	 Freq: 7.0 	 Demand: 1870
	Edge: 65 <--> 6 	 Freq: 7.0 	 Demand: 306
	Edge: 6 <--> 7 	 Freq: 7.0 	 Demand: 1955
	Edge: 27 <--> 3 	 Freq: 28.0 	 Demand: 5398
	Edge: 30 <--> 67 	 Freq: 7.0 	 Demand: 204
	Edge: 30 <--> 67 	 Freq: 28.0 	 Demand: 2788
	Edge: 12 <--> 73 	 Freq: 7.0 	 Demand: 935
	Edge: 10 <--> 11 	 Freq: 28.0 	 Demand: 816

	Routes:

	Route: 1
	Route length (512.0) and demand (5398)
	Edge: 27 <--> 3 	 Freq: 28.0 	 Demand: 5398
	Route: 2
	Route length (1206.0) and demand (11561)
	Edge: 66 <--> 53 	 Freq: 2.3 	 Demand: 3913
	Edge: 53 <--> 51 	 Freq: 3.5 	 Demand: 3568
	Edge: 28 <--> 7 	 Freq: 2.3 	 Demand: 1020
	Edge: 7 <--> 50 	 Freq: 3.5 	 Demand: 1530
	Edge: 50 <--> 3 	 Freq: 3.5 	 Demand: 1530
	Route: 3
	Route length (242.0) and demand (3825)
	Edge: 78 <--> 71 	 Freq: 3.5 	 Demand: 3825
	Route: 4
	Route length (715.0) and demand (9883)
	Edge: 34 <--> 66 	 Freq: 3.5 	 Demand: 1700
	Edge: 67 <--> 66 	 Freq: 3.5 	 Demand: 3970
	Edge: 30 <--> 67 	 Freq: 2.3 	 Demand: 4213
	Route: 5
	Route length (994.0) and demand (11290)
	Edge: 68 <--> 69 	 Freq: 3.5 	 Demand: 3653
	Edge: 67 <--> 68 	 Freq: 3.5 	 Demand: 3656
	Edge: 30 <--> 67 	 Freq: 7.0 	 Demand: 204
	Edge: 32 <--> 33 	 Freq: 3.5 	 Demand: 3777
	Route: 6
	Route length (842.0) and demand (10417)
	Edge: 27 <--> 8 	 Freq: 3.5 	 Demand: 4182
	Edge: 65 <--> 52 	 Freq: 3.5 	 Demand: 3974
	Edge: 65 <--> 6 	 Freq: 7.0 	 Demand: 306
	Edge: 6 <--> 7 	 Freq: 7.0 	 Demand: 1955
	Route: 7
	Route length (1417.0) and demand (11900)
	Edge: 57 <--> 55 	 Freq: 7.0 	 Demand: 2992
	Edge: 54 <--> 20 	 Freq: 2.3 	 Demand: 4080
	Edge: 12 <--> 73 	 Freq: 7.0 	 Demand: 935
	Edge: 10 <--> 11 	 Freq: 28.0 	 Demand: 816
	Edge: 75 <--> 12 	 Freq: 7.0 	 Demand: 1207
	Edge: 0 <--> 71 	 Freq: 7.0 	 Demand: 1870
	Route: 8
	Route length (987.0) and demand (11103)
	Edge: 30 <--> 67 	 Freq: 28.0 	 Demand: 2788
	Edge: 39 <--> 25 	 Freq: 3.5 	 Demand: 4080
	Edge: 35 <--> 1 	 Freq: 3.5 	 Demand: 4235
	Route: 9
	Route length (870.0) and demand (6324)
	Edge: 40 <--> 15 	 Freq: 3.5 	 Demand: 2244
	Edge: 23 <--> 24 	 Freq: 3.5 	 Demand: 4080

Day 33, number of edges 0, number of routes 0

	Edges:


	Routes:


Day 34, number of edges 0, number of routes 0

	Edges:


	Routes:


Day 35, number of edges 33, number of routes 9

	Edges:

	Edge: 23 <--> 24 	 Freq: 14.0 	 Demand: 1870
	Edge: 54 <--> 20 	 Freq: 2.3 	 Demand: 4080
	Edge: 28 <--> 7 	 Freq: 2.3 	 Demand: 1020
	Edge: 66 <--> 53 	 Freq: 2.3 	 Demand: 3913
	Edge: 30 <--> 67 	 Freq: 2.3 	 Demand: 4213
	Edge: 43 <--> 70 	 Freq: 3.5 	 Demand: 3060
	Edge: 78 <--> 71 	 Freq: 3.5 	 Demand: 3825
	Edge: 40 <--> 15 	 Freq: 3.5 	 Demand: 2244
	Edge: 14 <--> 15 	 Freq: 3.5 	 Demand: 3895
	Edge: 7 <--> 50 	 Freq: 3.5 	 Demand: 1530
	Edge: 53 <--> 51 	 Freq: 3.5 	 Demand: 3568
	Edge: 61 <--> 62 	 Freq: 3.5 	 Demand: 4080
	Edge: 35 <--> 1 	 Freq: 3.5 	 Demand: 4235
	Edge: 67 <--> 68 	 Freq: 3.5 	 Demand: 3656
	Edge: 67 <--> 66 	 Freq: 3.5 	 Demand: 3970
	Edge: 34 <--> 66 	 Freq: 3.5 	 Demand: 1700
	Edge: 36 <--> 16 	 Freq: 3.5 	 Demand: 3927
	Edge: 38 <--> 42 	 Freq: 3.5 	 Demand: 4031
	Edge: 37 <--> 23 	 Freq: 3.5 	 Demand: 3060
	Edge: 68 <--> 69 	 Freq: 3.5 	 Demand: 3653
	Edge: 34 <--> 0 	 Freq: 3.5 	 Demand: 3697
	Edge: 40 <--> 41 	 Freq: 3.5 	 Demand: 3516
	Edge: 61 <--> 60 	 Freq: 3.5 	 Demand: 2720
	Edge: 27 <--> 3 	 Freq: 3.5 	 Demand: 3060
	Edge: 48 <--> 9 	 Freq: 7.0 	 Demand: 918
	Edge: 76 <--> 75 	 Freq: 7.0 	 Demand: 510
	Edge: 58 <--> 21 	 Freq: 7.0 	 Demand: 306
	Edge: 55 <--> 19 	 Freq: 7.0 	 Demand: 782
	Edge: 0 <--> 27 	 Freq: 7.0 	 Demand: 306
	Edge: 46 <--> 56 	 Freq: 28.0 	 Demand: 408
	Edge: 55 <--> 19 	 Freq: 28.0 	 Demand: 1020
	Edge: 42 <--> 57 	 Freq: 28.0 	 Demand: 1836
	Edge: 57 <--> 55 	 Freq: 56.0 	 Demand: 1904

	Routes:

	Route: 1
	Route length (1065.0) and demand (10372)
	Edge: 36 <--> 16 	 Freq: 3.5 	 Demand: 3927
	Edge: 58 <--> 21 	 Freq: 7.0 	 Demand: 306
	Edge: 14 <--> 15 	 Freq: 3.5 	 Demand: 3895
	Edge: 40 <--> 15 	 Freq: 3.5 	 Demand: 2244
	Route: 2
	Route length (1503.0) and demand (8723)
	Edge: 35 <--> 1 	 Freq: 3.5 	 Demand: 4235
	Edge: 43 <--> 70 	 Freq: 3.5 	 Demand: 3060
	Edge: 48 <--> 9 	 Freq: 7.0 	 Demand: 918
	Edge: 76 <--> 75 	 Freq: 7.0 	 Demand: 510
	Route: 3
	Route length (1093.0) and demand (11731)
	Edge: 7 <--> 50 	 Freq: 3.5 	 Demand: 1530
	Edge: 28 <--> 7 	 Freq: 2.3 	 Demand: 1020
	Edge: 53 <--> 51 	 Freq: 3.5 	 Demand: 3568
	Edge: 66 <--> 53 	 Freq: 2.3 	 Demand: 3913
	Edge: 34 <--> 66 	 Freq: 3.5 	 Demand: 1700
	Route: 4
	Route length (993.0) and demand (11279)
	Edge: 67 <--> 66 	 Freq: 3.5 	 Demand: 3970
	Edge: 68 <--> 69 	 Freq: 3.5 	 Demand: 3653
	Edge: 67 <--> 68 	 Freq: 3.5 	 Demand: 3656
	Route: 5
	Route length (1189.0) and demand (10316)
	Edge: 61 <--> 62 	 Freq: 3.5 	 Demand: 4080
	Edge: 61 <--> 60 	 Freq: 3.5 	 Demand: 2720
	Edge: 40 <--> 41 	 Freq: 3.5 	 Demand: 3516
	Route: 6
	Route length (717.0) and demand (11735)
	Edge: 34 <--> 0 	 Freq: 3.5 	 Demand: 3697
	Edge: 30 <--> 67 	 Freq: 2.3 	 Demand: 4213
	Edge: 78 <--> 71 	 Freq: 3.5 	 Demand: 3825
	Route: 7
	Route length (684.0) and demand (8961)
	Edge: 38 <--> 42 	 Freq: 3.5 	 Demand: 4031
	Edge: 37 <--> 23 	 Freq: 3.5 	 Demand: 3060
	Edge: 23 <--> 24 	 Freq: 14.0 	 Demand: 1870
	Route: 8
	Route length (1374.0) and demand (10030)
	Edge: 42 <--> 57 	 Freq: 28.0 	 Demand: 1836
	Edge: 57 <--> 55 	 Freq: 56.0 	 Demand: 1904
	Edge: 54 <--> 20 	 Freq: 2.3 	 Demand: 4080
	Edge: 55 <--> 19 	 Freq: 7.0 	 Demand: 782
	Edge: 55 <--> 19 	 Freq: 28.0 	 Demand: 1020
	Edge: 46 <--> 56 	 Freq: 28.0 	 Demand: 408
	Route: 9
	Route length (512.0) and demand (3366)
	Edge: 27 <--> 3 	 Freq: 3.5 	 Demand: 3060
	Edge: 0 <--> 27 	 Freq: 7.0 	 Demand: 306

Day 36, number of edges 29, number of routes 6

	Edges:

	Edge: 4 <--> 5 	 Freq: 3.5 	 Demand: 2550
	Edge: 50 <--> 3 	 Freq: 3.5 	 Demand: 1530
	Edge: 65 <--> 52 	 Freq: 3.5 	 Demand: 3974
	Edge: 32 <--> 33 	 Freq: 3.5 	 Demand: 3777
	Edge: 39 <--> 25 	 Freq: 3.5 	 Demand: 4080
	Edge: 23 <--> 24 	 Freq: 3.5 	 Demand: 4080
	Edge: 27 <--> 8 	 Freq: 3.5 	 Demand: 4182
	Edge: 74 <--> 72 	 Freq: 7.0 	 Demand: 153
	Edge: 45 <--> 74 	 Freq: 7.0 	 Demand: 119
	Edge: 44 <--> 77 	 Freq: 7.0 	 Demand: 612
	Edge: 21 <--> 22 	 Freq: 7.0 	 Demand: 1020
	Edge: 21 <--> 59 	 Freq: 7.0 	 Demand: 578
	Edge: 15 <--> 22 	 Freq: 7.0 	 Demand: 4080
	Edge: 18 <--> 19 	 Freq: 7.0 	 Demand: 2686
	Edge: 57 <--> 18 	 Freq: 7.0 	 Demand: 1394
	Edge: 7 <--> 50 	 Freq: 7.0 	 Demand: 238
	Edge: 34 <--> 66 	 Freq: 7.0 	 Demand: 3604
	Edge: 71 <--> 72 	 Freq: 7.0 	 Demand: 1836
	Edge: 78 <--> 71 	 Freq: 7.0 	 Demand: 238
	Edge: 27 <--> 8 	 Freq: 28.0 	 Demand: 2312
	Edge: 21 <--> 59 	 Freq: 28.0 	 Demand: 816
	Edge: 21 <--> 22 	 Freq: 28.0 	 Demand: 1836
	Edge: 42 <--> 16 	 Freq: 7.0 	 Demand: 1173
	Edge: 25 <--> 26 	 Freq: 28.0 	 Demand: 4760
	Edge: 0 <--> 27 	 Freq: 28.0 	 Demand: 408
	Edge: 73 <--> 74 	 Freq: 7.0 	 Demand: 663
	Edge: 45 <--> 10 	 Freq: 7.0 	 Demand: 765
	Edge: 16 <--> 58 	 Freq: 28.0 	 Demand: 2448
	Edge: 61 <--> 62 	 Freq: 7.0 	 Demand: 1530

	Routes:

	Route: 1
	Route length (1786.0) and demand (11526)
	Edge: 23 <--> 24 	 Freq: 3.5 	 Demand: 4080
	Edge: 61 <--> 62 	 Freq: 7.0 	 Demand: 1530
	Edge: 21 <--> 22 	 Freq: 28.0 	 Demand: 1836
	Edge: 18 <--> 19 	 Freq: 7.0 	 Demand: 2686
	Edge: 57 <--> 18 	 Freq: 7.0 	 Demand: 1394
	Route: 2
	Route length (1199.0) and demand (10604)
	Edge: 4 <--> 5 	 Freq: 3.5 	 Demand: 2550
	Edge: 50 <--> 3 	 Freq: 3.5 	 Demand: 1530
	Edge: 7 <--> 50 	 Freq: 7.0 	 Demand: 238
	Edge: 65 <--> 52 	 Freq: 3.5 	 Demand: 3974
	Edge: 27 <--> 8 	 Freq: 28.0 	 Demand: 2312
	Route: 3
	Route length (1273.0) and demand (10115)
	Edge: 42 <--> 16 	 Freq: 7.0 	 Demand: 1173
	Edge: 16 <--> 58 	 Freq: 28.0 	 Demand: 2448
	Edge: 21 <--> 59 	 Freq: 7.0 	 Demand: 578
	Edge: 21 <--> 59 	 Freq: 28.0 	 Demand: 816
	Edge: 21 <--> 22 	 Freq: 7.0 	 Demand: 1020
	Edge: 15 <--> 22 	 Freq: 7.0 	 Demand: 4080
	Route: 4
	Route length (687.0) and demand (11971)
	Edge: 32 <--> 33 	 Freq: 3.5 	 Demand: 3777
	Edge: 34 <--> 66 	 Freq: 7.0 	 Demand: 3604
	Edge: 27 <--> 8 	 Freq: 3.5 	 Demand: 4182
	Edge: 0 <--> 27 	 Freq: 28.0 	 Demand: 408
	Route: 5
	Route length (417.0) and demand (1836)
	Edge: 71 <--> 72 	 Freq: 7.0 	 Demand: 1836
	Route: 6
	Route length (1493.0) and demand (11390)
	Edge: 25 <--> 26 	 Freq: 28.0 	 Demand: 4760
	Edge: 39 <--> 25 	 Freq: 3.5 	 Demand: 4080
	Edge: 44 <--> 77 	 Freq: 7.0 	 Demand: 612
	Edge: 45 <--> 10 	 Freq: 7.0 	 Demand: 765
	Edge: 45 <--> 74 	 Freq: 7.0 	 Demand: 119
	Edge: 73 <--> 74 	 Freq: 7.0 	 Demand: 663
	Edge: 74 <--> 72 	 Freq: 7.0 	 Demand: 153
	Edge: 78 <--> 71 	 Freq: 7.0 	 Demand: 238

Day 37, number of edges 24, number of routes 5

	Edges:

	Edge: 25 <--> 26 	 Freq: 14.0 	 Demand: 680
	Edge: 28 <--> 7 	 Freq: 2.3 	 Demand: 1020
	Edge: 66 <--> 53 	 Freq: 2.3 	 Demand: 3913
	Edge: 30 <--> 67 	 Freq: 2.3 	 Demand: 4213
	Edge: 70 <--> 47 	 Freq: 7.0 	 Demand: 1105
	Edge: 43 <--> 70 	 Freq: 7.0 	 Demand: 204
	Edge: 13 <--> 9 	 Freq: 7.0 	 Demand: 816
	Edge: 70 <--> 13 	 Freq: 7.0 	 Demand: 2278
	Edge: 31 <--> 77 	 Freq: 7.0 	 Demand: 1020
	Edge: 77 <--> 76 	 Freq: 7.0 	 Demand: 578
	Edge: 46 <--> 56 	 Freq: 7.0 	 Demand: 408
	Edge: 28 <--> 29 	 Freq: 7.0 	 Demand: 510
	Edge: 3 <--> 49 	 Freq: 7.0 	 Demand: 1530
	Edge: 66 <--> 53 	 Freq: 7.0 	 Demand: 510
	Edge: 23 <--> 24 	 Freq: 7.0 	 Demand: 3978
	Edge: 25 <--> 26 	 Freq: 7.0 	 Demand: 510
	Edge: 42 <--> 57 	 Freq: 7.0 	 Demand: 1989
	Edge: 23 <--> 63 	 Freq: 7.0 	 Demand: 4998
	Edge: 27 <--> 3 	 Freq: 7.0 	 Demand: 4751
	Edge: 34 <--> 66 	 Freq: 28.0 	 Demand: 1292
	Edge: 67 <--> 66 	 Freq: 28.0 	 Demand: 850
	Edge: 68 <--> 69 	 Freq: 7.0 	 Demand: 3508
	Edge: 66 <--> 53 	 Freq: 28.0 	 Demand: 2890
	Edge: 11 <--> 73 	 Freq: 7.0 	 Demand: 357

	Routes:

	Route: 1
	Route length (1320.0) and demand (9761)
	Edge: 25 <--> 26 	 Freq: 7.0 	 Demand: 510
	Edge: 25 <--> 26 	 Freq: 14.0 	 Demand: 680
	Edge: 68 <--> 69 	 Freq: 7.0 	 Demand: 3508
	Edge: 67 <--> 66 	 Freq: 28.0 	 Demand: 850
	Edge: 30 <--> 67 	 Freq: 2.3 	 Demand: 4213
	Route: 2
	Route length (848.0) and demand (8976)
	Edge: 23 <--> 63 	 Freq: 7.0 	 Demand: 4998
	Edge: 23 <--> 24 	 Freq: 7.0 	 Demand: 3978
	Route: 3
	Route length (1804.0) and demand (8755)
	Edge: 31 <--> 77 	 Freq: 7.0 	 Demand: 1020
	Edge: 77 <--> 76 	 Freq: 7.0 	 Demand: 578
	Edge: 70 <--> 47 	 Freq: 7.0 	 Demand: 1105
	Edge: 43 <--> 70 	 Freq: 7.0 	 Demand: 204
	Edge: 70 <--> 13 	 Freq: 7.0 	 Demand: 2278
	Edge: 13 <--> 9 	 Freq: 7.0 	 Demand: 816
	Edge: 11 <--> 73 	 Freq: 7.0 	 Demand: 357
	Edge: 46 <--> 56 	 Freq: 7.0 	 Demand: 408
	Edge: 42 <--> 57 	 Freq: 7.0 	 Demand: 1989
	Route: 4
	Route length (1681.0) and demand (11665)
	Edge: 3 <--> 49 	 Freq: 7.0 	 Demand: 1530
	Edge: 28 <--> 7 	 Freq: 2.3 	 Demand: 1020
	Edge: 28 <--> 29 	 Freq: 7.0 	 Demand: 510
	Edge: 66 <--> 53 	 Freq: 2.3 	 Demand: 3913
	Edge: 66 <--> 53 	 Freq: 28.0 	 Demand: 2890
	Edge: 66 <--> 53 	 Freq: 7.0 	 Demand: 510
	Edge: 34 <--> 66 	 Freq: 28.0 	 Demand: 1292
	Route: 5
	Route length (512.0) and demand (4751)
	Edge: 27 <--> 3 	 Freq: 7.0 	 Demand: 4751

Day 38, number of edges 23, number of routes 7

	Edges:

	Edge: 43 <--> 70 	 Freq: 14.0 	 Demand: 1530
	Edge: 54 <--> 20 	 Freq: 2.3 	 Demand: 4080
	Edge: 40 <--> 15 	 Freq: 3.5 	 Demand: 2244
	Edge: 14 <--> 15 	 Freq: 3.5 	 Demand: 3895
	Edge: 67 <--> 68 	 Freq: 3.5 	 Demand: 3656
	Edge: 37 <--> 23 	 Freq: 3.5 	 Demand: 3060
	Edge: 68 <--> 69 	 Freq: 3.5 	 Demand: 3653
	Edge: 34 <--> 0 	 Freq: 3.5 	 Demand: 3697
	Edge: 32 <--> 33 	 Freq: 3.5 	 Demand: 3777
	Edge: 39 <--> 25 	 Freq: 3.5 	 Demand: 4080
	Edge: 23 <--> 24 	 Freq: 3.5 	 Demand: 4080
	Edge: 9 <--> 47 	 Freq: 7.0 	 Demand: 561
	Edge: 18 <--> 58 	 Freq: 7.0 	 Demand: 578
	Edge: 0 <--> 71 	 Freq: 7.0 	 Demand: 1870
	Edge: 65 <--> 6 	 Freq: 7.0 	 Demand: 306
	Edge: 6 <--> 7 	 Freq: 7.0 	 Demand: 1955
	Edge: 27 <--> 8 	 Freq: 7.0 	 Demand: 833
	Edge: 37 <--> 23 	 Freq: 7.0 	 Demand: 1683
	Edge: 23 <--> 63 	 Freq: 28.0 	 Demand: 3864
	Edge: 37 <--> 23 	 Freq: 28.0 	 Demand: 1462
	Edge: 30 <--> 67 	 Freq: 7.0 	 Demand: 204
	Edge: 12 <--> 73 	 Freq: 7.0 	 Demand: 935
	Edge: 10 <--> 44 	 Freq: 7.0 	 Demand: 646

	Routes:

	Route: 1
	Route length (85.0) and demand (1870)
	Edge: 0 <--> 71 	 Freq: 7.0 	 Demand: 1870
	Route: 2
	Route length (81.0) and demand (3697)
	Edge: 34 <--> 0 	 Freq: 3.5 	 Demand: 3697
	Route: 3
	Route length (1557.0) and demand (10797)
	Edge: 54 <--> 20 	 Freq: 2.3 	 Demand: 4080
	Edge: 18 <--> 58 	 Freq: 7.0 	 Demand: 578
	Edge: 14 <--> 15 	 Freq: 3.5 	 Demand: 3895
	Edge: 40 <--> 15 	 Freq: 3.5 	 Demand: 2244
	Route: 4
	Route length (848.0) and demand (11089)
	Edge: 37 <--> 23 	 Freq: 28.0 	 Demand: 1462
	Edge: 23 <--> 63 	 Freq: 28.0 	 Demand: 3864
	Edge: 23 <--> 24 	 Freq: 3.5 	 Demand: 4080
	Edge: 37 <--> 23 	 Freq: 7.0 	 Demand: 1683
	Route: 5
	Route length (1545.0) and demand (10607)
	Edge: 68 <--> 69 	 Freq: 3.5 	 Demand: 3653
	Edge: 67 <--> 68 	 Freq: 3.5 	 Demand: 3656
	Edge: 30 <--> 67 	 Freq: 7.0 	 Demand: 204
	Edge: 27 <--> 8 	 Freq: 7.0 	 Demand: 833
	Edge: 65 <--> 6 	 Freq: 7.0 	 Demand: 306
	Edge: 6 <--> 7 	 Freq: 7.0 	 Demand: 1955
	Route: 6
	Route length (1328.0) and demand (11529)
	Edge: 12 <--> 73 	 Freq: 7.0 	 Demand: 935
	Edge: 10 <--> 44 	 Freq: 7.0 	 Demand: 646
	Edge: 9 <--> 47 	 Freq: 7.0 	 Demand: 561
	Edge: 43 <--> 70 	 Freq: 14.0 	 Demand: 1530
	Edge: 39 <--> 25 	 Freq: 3.5 	 Demand: 4080
	Edge: 32 <--> 33 	 Freq: 3.5 	 Demand: 3777
	Route: 7
	Route length (281.0) and demand (3060)
	Edge: 37 <--> 23 	 Freq: 3.5 	 Demand: 3060

Day 39, number of edges 27, number of routes 8

	Edges:

	Edge: 28 <--> 7 	 Freq: 2.3 	 Demand: 1020
	Edge: 66 <--> 53 	 Freq: 2.3 	 Demand: 3913
	Edge: 30 <--> 67 	 Freq: 2.3 	 Demand: 4213
	Edge: 43 <--> 70 	 Freq: 3.5 	 Demand: 3060
	Edge: 78 <--> 71 	 Freq: 3.5 	 Demand: 3825
	Edge: 7 <--> 50 	 Freq: 3.5 	 Demand: 1530
	Edge: 53 <--> 51 	 Freq: 3.5 	 Demand: 3568
	Edge: 4 <--> 5 	 Freq: 3.5 	 Demand: 2550
	Edge: 50 <--> 3 	 Freq: 3.5 	 Demand: 1530
	Edge: 35 <--> 1 	 Freq: 3.5 	 Demand: 4235
	Edge: 65 <--> 52 	 Freq: 3.5 	 Demand: 3974
	Edge: 34 <--> 66 	 Freq: 3.5 	 Demand: 1700
	Edge: 36 <--> 16 	 Freq: 3.5 	 Demand: 3927
	Edge: 38 <--> 42 	 Freq: 3.5 	 Demand: 4031
	Edge: 61 <--> 60 	 Freq: 3.5 	 Demand: 2720
	Edge: 67 <--> 66 	 Freq: 3.5 	 Demand: 3970
	Edge: 61 <--> 62 	 Freq: 3.5 	 Demand: 4080
	Edge: 40 <--> 41 	 Freq: 3.5 	 Demand: 3516
	Edge: 27 <--> 8 	 Freq: 3.5 	 Demand: 4182
	Edge: 27 <--> 3 	 Freq: 3.5 	 Demand: 3060
	Edge: 75 <--> 12 	 Freq: 7.0 	 Demand: 1207
	Edge: 16 <--> 58 	 Freq: 7.0 	 Demand: 2822
	Edge: 57 <--> 55 	 Freq: 7.0 	 Demand: 2992
	Edge: 36 <--> 24 	 Freq: 7.0 	 Demand: 765
	Edge: 38 <--> 42 	 Freq: 7.0 	 Demand: 510
	Edge: 10 <--> 11 	 Freq: 7.0 	 Demand: 663
	Edge: 61 <--> 60 	 Freq: 7.0 	 Demand: 510

	Routes:

	Route: 1
	Route length (296.0) and demand (4182)
	Edge: 27 <--> 8 	 Freq: 3.5 	 Demand: 4182
	Route: 2
	Route length (1181.0) and demand (9690)
	Edge: 28 <--> 7 	 Freq: 2.3 	 Demand: 1020
	Edge: 7 <--> 50 	 Freq: 3.5 	 Demand: 1530
	Edge: 50 <--> 3 	 Freq: 3.5 	 Demand: 1530
	Edge: 4 <--> 5 	 Freq: 3.5 	 Demand: 2550
	Edge: 27 <--> 3 	 Freq: 3.5 	 Demand: 3060
	Route: 3
	Route length (960.0) and demand (11455)
	Edge: 65 <--> 52 	 Freq: 3.5 	 Demand: 3974
	Edge: 53 <--> 51 	 Freq: 3.5 	 Demand: 3568
	Edge: 66 <--> 53 	 Freq: 2.3 	 Demand: 3913
	Route: 4
	Route length (1294.0) and demand (11591)
	Edge: 36 <--> 24 	 Freq: 7.0 	 Demand: 765
	Edge: 61 <--> 62 	 Freq: 3.5 	 Demand: 4080
	Edge: 61 <--> 60 	 Freq: 3.5 	 Demand: 2720
	Edge: 61 <--> 60 	 Freq: 7.0 	 Demand: 510
	Edge: 40 <--> 41 	 Freq: 3.5 	 Demand: 3516
	Route: 5
	Route length (1810.0) and demand (11460)
	Edge: 38 <--> 42 	 Freq: 7.0 	 Demand: 510
	Edge: 57 <--> 55 	 Freq: 7.0 	 Demand: 2992
	Edge: 10 <--> 11 	 Freq: 7.0 	 Demand: 663
	Edge: 43 <--> 70 	 Freq: 3.5 	 Demand: 3060
	Edge: 35 <--> 1 	 Freq: 3.5 	 Demand: 4235
	Route: 6
	Route length (715.0) and demand (9883)
	Edge: 34 <--> 66 	 Freq: 3.5 	 Demand: 1700
	Edge: 67 <--> 66 	 Freq: 3.5 	 Demand: 3970
	Edge: 30 <--> 67 	 Freq: 2.3 	 Demand: 4213
	Route: 7
	Route length (443.0) and demand (5032)
	Edge: 78 <--> 71 	 Freq: 3.5 	 Demand: 3825
	Edge: 75 <--> 12 	 Freq: 7.0 	 Demand: 1207
	Route: 8
	Route length (709.0) and demand (10780)
	Edge: 38 <--> 42 	 Freq: 3.5 	 Demand: 4031
	Edge: 16 <--> 58 	 Freq: 7.0 	 Demand: 2822
	Edge: 36 <--> 16 	 Freq: 3.5 	 Demand: 3927

Day 40, number of edges 0, number of routes 0

	Edges:


	Routes:


Day 41, number of edges 0, number of routes 0

	Edges:


	Routes:


Day 42, number of edges 26, number of routes 7

	Edges:

	Edge: 66 <--> 53 	 Freq: 2.3 	 Demand: 3913
	Edge: 30 <--> 67 	 Freq: 2.3 	 Demand: 4213
	Edge: 40 <--> 15 	 Freq: 3.5 	 Demand: 2244
	Edge: 14 <--> 15 	 Freq: 3.5 	 Demand: 3895
	Edge: 35 <--> 1 	 Freq: 3.5 	 Demand: 4235
	Edge: 65 <--> 52 	 Freq: 3.5 	 Demand: 3974
	Edge: 67 <--> 68 	 Freq: 3.5 	 Demand: 3656
	Edge: 67 <--> 66 	 Freq: 3.5 	 Demand: 3970
	Edge: 34 <--> 66 	 Freq: 3.5 	 Demand: 1700
	Edge: 38 <--> 42 	 Freq: 3.5 	 Demand: 4031
	Edge: 37 <--> 23 	 Freq: 3.5 	 Demand: 3060
	Edge: 68 <--> 69 	 Freq: 3.5 	 Demand: 3653
	Edge: 34 <--> 0 	 Freq: 3.5 	 Demand: 3697
	Edge: 32 <--> 33 	 Freq: 3.5 	 Demand: 3777
	Edge: 39 <--> 25 	 Freq: 3.5 	 Demand: 4080
	Edge: 23 <--> 24 	 Freq: 3.5 	 Demand: 4080
	Edge: 27 <--> 3 	 Freq: 3.5 	 Demand: 3060
	Edge: 74 <--> 72 	 Freq: 7.0 	 Demand: 153
	Edge: 48 <--> 9 	 Freq: 7.0 	 Demand: 918
	Edge: 55 <--> 19 	 Freq: 7.0 	 Demand: 782
	Edge: 50 <--> 3 	 Freq: 7.0 	 Demand: 3060
	Edge: 7 <--> 50 	 Freq: 7.0 	 Demand: 238
	Edge: 0 <--> 27 	 Freq: 7.0 	 Demand: 306
	Edge: 35 <--> 1 	 Freq: 28.0 	 Demand: 4590
	Edge: 10 <--> 11 	 Freq: 7.0 	 Demand: 663
	Edge: 61 <--> 62 	 Freq: 3.5 	 Demand: 4080

	Routes:

	Route: 1
	Route length (715.0) and demand (11960)
	Edge: 32 <--> 33 	 Freq: 3.5 	 Demand: 3777
	Edge: 30 <--> 67 	 Freq: 2.3 	 Demand: 4213
	Edge: 67 <--> 66 	 Freq: 3.5 	 Demand: 3970
	Route: 2
	Route length (1163.0) and demand (11389)
	Edge: 39 <--> 25 	 Freq: 3.5 	 Demand: 4080
	Edge: 67 <--> 68 	 Freq: 3.5 	 Demand: 3656
	Edge: 68 <--> 69 	 Freq: 3.5 	 Demand: 3653
	Route: 3
	Route length (1955.0) and demand (11341)
	Edge: 55 <--> 19 	 Freq: 7.0 	 Demand: 782
	Edge: 74 <--> 72 	 Freq: 7.0 	 Demand: 153
	Edge: 48 <--> 9 	 Freq: 7.0 	 Demand: 918
	Edge: 10 <--> 11 	 Freq: 7.0 	 Demand: 663
	Edge: 35 <--> 1 	 Freq: 3.5 	 Demand: 4235
	Edge: 35 <--> 1 	 Freq: 28.0 	 Demand: 4590
	Route: 4
	Route length (747.0) and demand (9310)
	Edge: 66 <--> 53 	 Freq: 2.3 	 Demand: 3913
	Edge: 34 <--> 66 	 Freq: 3.5 	 Demand: 1700
	Edge: 34 <--> 0 	 Freq: 3.5 	 Demand: 3697
	Route: 5
	Route length (684.0) and demand (11171)
	Edge: 23 <--> 24 	 Freq: 3.5 	 Demand: 4080
	Edge: 37 <--> 23 	 Freq: 3.5 	 Demand: 3060
	Edge: 38 <--> 42 	 Freq: 3.5 	 Demand: 4031
	Route: 6
	Route length (1074.0) and demand (10638)
	Edge: 65 <--> 52 	 Freq: 3.5 	 Demand: 3974
	Edge: 7 <--> 50 	 Freq: 7.0 	 Demand: 238
	Edge: 50 <--> 3 	 Freq: 7.0 	 Demand: 3060
	Edge: 27 <--> 3 	 Freq: 3.5 	 Demand: 3060
	Edge: 0 <--> 27 	 Freq: 7.0 	 Demand: 306
	Route: 7
	Route length (1099.0) and demand (10219)
	Edge: 14 <--> 15 	 Freq: 3.5 	 Demand: 3895
	Edge: 40 <--> 15 	 Freq: 3.5 	 Demand: 2244
	Edge: 61 <--> 62 	 Freq: 3.5 	 Demand: 4080

Day 43, number of edges 33, number of routes 7

	Edges:

	Edge: 25 <--> 26 	 Freq: 2.3 	 Demand: 4247
	Edge: 3 <--> 49 	 Freq: 2.3 	 Demand: 3570
	Edge: 43 <--> 70 	 Freq: 3.5 	 Demand: 3060
	Edge: 78 <--> 71 	 Freq: 3.5 	 Demand: 3825
	Edge: 7 <--> 50 	 Freq: 3.5 	 Demand: 1530
	Edge: 53 <--> 51 	 Freq: 3.5 	 Demand: 3568
	Edge: 4 <--> 5 	 Freq: 3.5 	 Demand: 2550
	Edge: 50 <--> 3 	 Freq: 3.5 	 Demand: 1530
	Edge: 36 <--> 16 	 Freq: 3.5 	 Demand: 3927
	Edge: 27 <--> 8 	 Freq: 3.5 	 Demand: 4182
	Edge: 13 <--> 9 	 Freq: 7.0 	 Demand: 816
	Edge: 70 <--> 13 	 Freq: 7.0 	 Demand: 2278
	Edge: 31 <--> 77 	 Freq: 7.0 	 Demand: 1020
	Edge: 77 <--> 76 	 Freq: 7.0 	 Demand: 578
	Edge: 44 <--> 77 	 Freq: 7.0 	 Demand: 612
	Edge: 76 <--> 75 	 Freq: 7.0 	 Demand: 510
	Edge: 58 <--> 21 	 Freq: 7.0 	 Demand: 306
	Edge: 21 <--> 22 	 Freq: 7.0 	 Demand: 1020
	Edge: 21 <--> 59 	 Freq: 7.0 	 Demand: 578
	Edge: 15 <--> 22 	 Freq: 7.0 	 Demand: 4080
	Edge: 46 <--> 56 	 Freq: 7.0 	 Demand: 408
	Edge: 18 <--> 19 	 Freq: 7.0 	 Demand: 2686
	Edge: 28 <--> 29 	 Freq: 7.0 	 Demand: 510
	Edge: 3 <--> 49 	 Freq: 7.0 	 Demand: 1530
	Edge: 23 <--> 24 	 Freq: 7.0 	 Demand: 3978
	Edge: 71 <--> 72 	 Freq: 7.0 	 Demand: 1836
	Edge: 78 <--> 71 	 Freq: 7.0 	 Demand: 238
	Edge: 77 <--> 76 	 Freq: 28.0 	 Demand: 612
	Edge: 61 <--> 60 	 Freq: 3.5 	 Demand: 2720
	Edge: 78 <--> 71 	 Freq: 28.0 	 Demand: 2788
	Edge: 61 <--> 62 	 Freq: 7.0 	 Demand: 1530
	Edge: 75 <--> 12 	 Freq: 28.0 	 Demand: 612
	Edge: 44 <--> 77 	 Freq: 28.0 	 Demand: 408

	Routes:

	Route: 1
	Route length (842.0) and demand (10353)
	Edge: 78 <--> 71 	 Freq: 3.5 	 Demand: 3825
	Edge: 78 <--> 71 	 Freq: 28.0 	 Demand: 2788
	Edge: 76 <--> 75 	 Freq: 7.0 	 Demand: 510
	Edge: 77 <--> 76 	 Freq: 7.0 	 Demand: 578
	Edge: 44 <--> 77 	 Freq: 7.0 	 Demand: 612
	Edge: 44 <--> 77 	 Freq: 28.0 	 Demand: 408
	Edge: 77 <--> 76 	 Freq: 28.0 	 Demand: 612
	Edge: 31 <--> 77 	 Freq: 7.0 	 Demand: 1020
	Route: 2
	Route length (478.0) and demand (3927)
	Edge: 36 <--> 16 	 Freq: 3.5 	 Demand: 3927
	Route: 3
	Route length (1025.0) and demand (8260)
	Edge: 53 <--> 51 	 Freq: 3.5 	 Demand: 3568
	Edge: 28 <--> 29 	 Freq: 7.0 	 Demand: 510
	Edge: 27 <--> 8 	 Freq: 3.5 	 Demand: 4182
	Route: 4
	Route length (1683.0) and demand (10914)
	Edge: 71 <--> 72 	 Freq: 7.0 	 Demand: 1836
	Edge: 46 <--> 56 	 Freq: 7.0 	 Demand: 408
	Edge: 18 <--> 19 	 Freq: 7.0 	 Demand: 2686
	Edge: 58 <--> 21 	 Freq: 7.0 	 Demand: 306
	Edge: 21 <--> 59 	 Freq: 7.0 	 Demand: 578
	Edge: 21 <--> 22 	 Freq: 7.0 	 Demand: 1020
	Edge: 15 <--> 22 	 Freq: 7.0 	 Demand: 4080
	Route: 5
	Route length (1315.0) and demand (11251)
	Edge: 78 <--> 71 	 Freq: 7.0 	 Demand: 238
	Edge: 75 <--> 12 	 Freq: 28.0 	 Demand: 612
	Edge: 13 <--> 9 	 Freq: 7.0 	 Demand: 816
	Edge: 70 <--> 13 	 Freq: 7.0 	 Demand: 2278
	Edge: 43 <--> 70 	 Freq: 3.5 	 Demand: 3060
	Edge: 25 <--> 26 	 Freq: 2.3 	 Demand: 4247
	Route: 6
	Route length (1184.0) and demand (8228)
	Edge: 23 <--> 24 	 Freq: 7.0 	 Demand: 3978
	Edge: 61 <--> 60 	 Freq: 3.5 	 Demand: 2720
	Edge: 61 <--> 62 	 Freq: 7.0 	 Demand: 1530
	Route: 7
	Route length (1228.0) and demand (10710)
	Edge: 3 <--> 49 	 Freq: 7.0 	 Demand: 1530
	Edge: 3 <--> 49 	 Freq: 2.3 	 Demand: 3570
	Edge: 4 <--> 5 	 Freq: 3.5 	 Demand: 2550
	Edge: 50 <--> 3 	 Freq: 3.5 	 Demand: 1530
	Edge: 7 <--> 50 	 Freq: 3.5 	 Demand: 1530

Day 44, number of edges 23, number of routes 4

	Edges:

	Edge: 28 <--> 7 	 Freq: 2.3 	 Demand: 1020
	Edge: 66 <--> 53 	 Freq: 2.3 	 Demand: 3913
	Edge: 30 <--> 67 	 Freq: 2.3 	 Demand: 4213
	Edge: 73 <--> 74 	 Freq: 7.0 	 Demand: 663
	Edge: 12 <--> 73 	 Freq: 7.0 	 Demand: 935
	Edge: 45 <--> 74 	 Freq: 7.0 	 Demand: 119
	Edge: 18 <--> 58 	 Freq: 7.0 	 Demand: 578
	Edge: 57 <--> 18 	 Freq: 7.0 	 Demand: 1394
	Edge: 65 <--> 6 	 Freq: 7.0 	 Demand: 306
	Edge: 6 <--> 7 	 Freq: 7.0 	 Demand: 1955
	Edge: 27 <--> 8 	 Freq: 7.0 	 Demand: 833
	Edge: 30 <--> 67 	 Freq: 7.0 	 Demand: 204
	Edge: 42 <--> 57 	 Freq: 7.0 	 Demand: 1989
	Edge: 37 <--> 23 	 Freq: 7.0 	 Demand: 1683
	Edge: 68 <--> 69 	 Freq: 7.0 	 Demand: 3508
	Edge: 34 <--> 66 	 Freq: 7.0 	 Demand: 3604
	Edge: 23 <--> 63 	 Freq: 7.0 	 Demand: 4998
	Edge: 32 <--> 33 	 Freq: 28.0 	 Demand: 1530
	Edge: 42 <--> 16 	 Freq: 7.0 	 Demand: 1173
	Edge: 68 <--> 69 	 Freq: 28.0 	 Demand: 4760
	Edge: 11 <--> 73 	 Freq: 7.0 	 Demand: 357
	Edge: 45 <--> 10 	 Freq: 7.0 	 Demand: 765
	Edge: 65 <--> 6 	 Freq: 28.0 	 Demand: 408

	Routes:

	Route: 1
	Route length (1385.0) and demand (11815)
	Edge: 23 <--> 63 	 Freq: 7.0 	 Demand: 4998
	Edge: 37 <--> 23 	 Freq: 7.0 	 Demand: 1683
	Edge: 42 <--> 16 	 Freq: 7.0 	 Demand: 1173
	Edge: 42 <--> 57 	 Freq: 7.0 	 Demand: 1989
	Edge: 57 <--> 18 	 Freq: 7.0 	 Demand: 1394
	Edge: 18 <--> 58 	 Freq: 7.0 	 Demand: 578
	Route: 2
	Route length (1542.0) and demand (8786)
	Edge: 32 <--> 33 	 Freq: 28.0 	 Demand: 1530
	Edge: 30 <--> 67 	 Freq: 2.3 	 Demand: 4213
	Edge: 30 <--> 67 	 Freq: 7.0 	 Demand: 204
	Edge: 45 <--> 10 	 Freq: 7.0 	 Demand: 765
	Edge: 45 <--> 74 	 Freq: 7.0 	 Demand: 119
	Edge: 73 <--> 74 	 Freq: 7.0 	 Demand: 663
	Edge: 11 <--> 73 	 Freq: 7.0 	 Demand: 357
	Edge: 12 <--> 73 	 Freq: 7.0 	 Demand: 935
	Route: 3
	Route length (1273.0) and demand (8435)
	Edge: 27 <--> 8 	 Freq: 7.0 	 Demand: 833
	Edge: 66 <--> 53 	 Freq: 2.3 	 Demand: 3913
	Edge: 65 <--> 6 	 Freq: 28.0 	 Demand: 408
	Edge: 65 <--> 6 	 Freq: 7.0 	 Demand: 306
	Edge: 6 <--> 7 	 Freq: 7.0 	 Demand: 1955
	Edge: 28 <--> 7 	 Freq: 2.3 	 Demand: 1020
	Route: 4
	Route length (1042.0) and demand (11872)
	Edge: 34 <--> 66 	 Freq: 7.0 	 Demand: 3604
	Edge: 68 <--> 69 	 Freq: 28.0 	 Demand: 4760
	Edge: 68 <--> 69 	 Freq: 7.0 	 Demand: 3508

Day 45, number of edges 22, number of routes 6

	Edges:

	Edge: 25 <--> 26 	 Freq: 2.3 	 Demand: 4247
	Edge: 3 <--> 49 	 Freq: 2.3 	 Demand: 3570
	Edge: 14 <--> 15 	 Freq: 3.5 	 Demand: 3895
	Edge: 35 <--> 1 	 Freq: 3.5 	 Demand: 4235
	Edge: 65 <--> 52 	 Freq: 3.5 	 Demand: 3974
	Edge: 37 <--> 23 	 Freq: 3.5 	 Demand: 3060
	Edge: 32 <--> 33 	 Freq: 3.5 	 Demand: 3777
	Edge: 39 <--> 25 	 Freq: 3.5 	 Demand: 4080
	Edge: 75 <--> 12 	 Freq: 7.0 	 Demand: 1207
	Edge: 70 <--> 47 	 Freq: 7.0 	 Demand: 1105
	Edge: 43 <--> 70 	 Freq: 7.0 	 Demand: 204
	Edge: 16 <--> 58 	 Freq: 7.0 	 Demand: 2822
	Edge: 36 <--> 24 	 Freq: 7.0 	 Demand: 765
	Edge: 0 <--> 71 	 Freq: 7.0 	 Demand: 1870
	Edge: 66 <--> 53 	 Freq: 7.0 	 Demand: 510
	Edge: 25 <--> 26 	 Freq: 7.0 	 Demand: 510
	Edge: 27 <--> 3 	 Freq: 7.0 	 Demand: 4751
	Edge: 38 <--> 42 	 Freq: 7.0 	 Demand: 510
	Edge: 39 <--> 25 	 Freq: 28.0 	 Demand: 1870
	Edge: 68 <--> 69 	 Freq: 3.5 	 Demand: 3653
	Edge: 61 <--> 62 	 Freq: 3.5 	 Demand: 4080
	Edge: 61 <--> 60 	 Freq: 7.0 	 Demand: 510

	Routes:

	Route: 1
	Route length (1347.0) and demand (11817)
	Edge: 61 <--> 62 	 Freq: 3.5 	 Demand: 4080
	Edge: 61 <--> 60 	 Freq: 7.0 	 Demand: 510
	Edge: 14 <--> 15 	 Freq: 3.5 	 Demand: 3895
	Edge: 16 <--> 58 	 Freq: 7.0 	 Demand: 2822
	Edge: 38 <--> 42 	 Freq: 7.0 	 Demand: 510
	Route: 2
	Route length (563.0) and demand (3825)
	Edge: 37 <--> 23 	 Freq: 3.5 	 Demand: 3060
	Edge: 36 <--> 24 	 Freq: 7.0 	 Demand: 765
	Route: 3
	Route length (1078.0) and demand (11914)
	Edge: 25 <--> 26 	 Freq: 2.3 	 Demand: 4247
	Edge: 25 <--> 26 	 Freq: 7.0 	 Demand: 510
	Edge: 39 <--> 25 	 Freq: 3.5 	 Demand: 4080
	Edge: 75 <--> 12 	 Freq: 7.0 	 Demand: 1207
	Edge: 0 <--> 71 	 Freq: 7.0 	 Demand: 1870
	Route: 4
	Route length (1397.0) and demand (8137)
	Edge: 65 <--> 52 	 Freq: 3.5 	 Demand: 3974
	Edge: 66 <--> 53 	 Freq: 7.0 	 Demand: 510
	Edge: 68 <--> 69 	 Freq: 3.5 	 Demand: 3653
	Route: 5
	Route length (1182.0) and demand (11191)
	Edge: 43 <--> 70 	 Freq: 7.0 	 Demand: 204
	Edge: 70 <--> 47 	 Freq: 7.0 	 Demand: 1105
	Edge: 35 <--> 1 	 Freq: 3.5 	 Demand: 4235
	Edge: 39 <--> 25 	 Freq: 28.0 	 Demand: 1870
	Edge: 32 <--> 33 	 Freq: 3.5 	 Demand: 3777
	Route: 6
	Route length (935.0) and demand (8321)
	Edge: 3 <--> 49 	 Freq: 2.3 	 Demand: 3570
	Edge: 27 <--> 3 	 Freq: 7.0 	 Demand: 4751

Day 46, number of edges 29, number of routes 11

	Edges:

	Edge: 38 <--> 42 	 Freq: 14.0 	 Demand: 1870
	Edge: 28 <--> 7 	 Freq: 2.3 	 Demand: 1020
	Edge: 66 <--> 53 	 Freq: 2.3 	 Demand: 3913
	Edge: 30 <--> 67 	 Freq: 2.3 	 Demand: 4213
	Edge: 43 <--> 70 	 Freq: 3.5 	 Demand: 3060
	Edge: 78 <--> 71 	 Freq: 3.5 	 Demand: 3825
	Edge: 40 <--> 15 	 Freq: 3.5 	 Demand: 2244
	Edge: 14 <--> 15 	 Freq: 3.5 	 Demand: 3895
	Edge: 7 <--> 50 	 Freq: 3.5 	 Demand: 1530
	Edge: 53 <--> 51 	 Freq: 3.5 	 Demand: 3568
	Edge: 4 <--> 5 	 Freq: 3.5 	 Demand: 2550
	Edge: 50 <--> 3 	 Freq: 3.5 	 Demand: 1530
	Edge: 67 <--> 68 	 Freq: 3.5 	 Demand: 3656
	Edge: 67 <--> 66 	 Freq: 3.5 	 Demand: 3970
	Edge: 34 <--> 66 	 Freq: 3.5 	 Demand: 1700
	Edge: 36 <--> 16 	 Freq: 3.5 	 Demand: 3927
	Edge: 38 <--> 42 	 Freq: 3.5 	 Demand: 4031
	Edge: 68 <--> 69 	 Freq: 3.5 	 Demand: 3653
	Edge: 34 <--> 0 	 Freq: 3.5 	 Demand: 3697
	Edge: 23 <--> 24 	 Freq: 3.5 	 Demand: 4080
	Edge: 27 <--> 8 	 Freq: 3.5 	 Demand: 4182
	Edge: 27 <--> 3 	 Freq: 3.5 	 Demand: 3060
	Edge: 9 <--> 47 	 Freq: 7.0 	 Demand: 561
	Edge: 57 <--> 55 	 Freq: 7.0 	 Demand: 2992
	Edge: 57 <--> 18 	 Freq: 28.0 	 Demand: 1836
	Edge: 57 <--> 55 	 Freq: 28.0 	 Demand: 3468
	Edge: 23 <--> 24 	 Freq: 28.0 	 Demand: 4148
	Edge: 61 <--> 60 	 Freq: 3.5 	 Demand: 2720
	Edge: 10 <--> 44 	 Freq: 7.0 	 Demand: 646

	Routes:

	Route: 1
	Route length (512.0) and demand (3060)
	Edge: 27 <--> 3 	 Freq: 3.5 	 Demand: 3060
	Route: 2
	Route length (81.0) and demand (3697)
	Edge: 34 <--> 0 	 Freq: 3.5 	 Demand: 3697
	Route: 3
	Route length (1322.0) and demand (10198)
	Edge: 4 <--> 5 	 Freq: 3.5 	 Demand: 2550
	Edge: 50 <--> 3 	 Freq: 3.5 	 Demand: 1530
	Edge: 7 <--> 50 	 Freq: 3.5 	 Demand: 1530
	Edge: 28 <--> 7 	 Freq: 2.3 	 Demand: 1020
	Edge: 53 <--> 51 	 Freq: 3.5 	 Demand: 3568
	Route: 4
	Route length (1088.0) and demand (8859)
	Edge: 61 <--> 60 	 Freq: 3.5 	 Demand: 2720
	Edge: 40 <--> 15 	 Freq: 3.5 	 Demand: 2244
	Edge: 14 <--> 15 	 Freq: 3.5 	 Demand: 3895
	Route: 5
	Route length (993.0) and demand (11279)
	Edge: 68 <--> 69 	 Freq: 3.5 	 Demand: 3653
	Edge: 67 <--> 68 	 Freq: 3.5 	 Demand: 3656
	Edge: 67 <--> 66 	 Freq: 3.5 	 Demand: 3970
	Route: 6
	Route length (987.0) and demand (10166)
	Edge: 38 <--> 42 	 Freq: 14.0 	 Demand: 1870
	Edge: 57 <--> 18 	 Freq: 28.0 	 Demand: 1836
	Edge: 57 <--> 55 	 Freq: 7.0 	 Demand: 2992
	Edge: 57 <--> 55 	 Freq: 28.0 	 Demand: 3468
	Route: 7
	Route length (564.0) and demand (7958)
	Edge: 38 <--> 42 	 Freq: 3.5 	 Demand: 4031
	Edge: 36 <--> 16 	 Freq: 3.5 	 Demand: 3927
	Route: 8
	Route length (242.0) and demand (3825)
	Edge: 78 <--> 71 	 Freq: 3.5 	 Demand: 3825
	Route: 9
	Route length (1372.0) and demand (8480)
	Edge: 43 <--> 70 	 Freq: 3.5 	 Demand: 3060
	Edge: 9 <--> 47 	 Freq: 7.0 	 Demand: 561
	Edge: 10 <--> 44 	 Freq: 7.0 	 Demand: 646
	Edge: 30 <--> 67 	 Freq: 2.3 	 Demand: 4213
	Route: 10
	Route length (836.0) and demand (8228)
	Edge: 23 <--> 24 	 Freq: 3.5 	 Demand: 4080
	Edge: 23 <--> 24 	 Freq: 28.0 	 Demand: 4148
	Route: 11
	Route length (765.0) and demand (9795)
	Edge: 27 <--> 8 	 Freq: 3.5 	 Demand: 4182
	Edge: 66 <--> 53 	 Freq: 2.3 	 Demand: 3913
	Edge: 34 <--> 66 	 Freq: 3.5 	 Demand: 1700

Day 47, number of edges 0, number of routes 0

	Edges:


	Routes:


Day 48, number of edges 0, number of routes 0

	Edges:


	Routes:


Day 49, number of edges 29, number of routes 8

	Edges:

	Edge: 28 <--> 7 	 Freq: 2.3 	 Demand: 1020
	Edge: 66 <--> 53 	 Freq: 2.3 	 Demand: 3913
	Edge: 30 <--> 67 	 Freq: 2.3 	 Demand: 4213
	Edge: 43 <--> 70 	 Freq: 3.5 	 Demand: 3060
	Edge: 78 <--> 71 	 Freq: 3.5 	 Demand: 3825
	Edge: 7 <--> 50 	 Freq: 3.5 	 Demand: 1530
	Edge: 53 <--> 51 	 Freq: 3.5 	 Demand: 3568
	Edge: 61 <--> 62 	 Freq: 3.5 	 Demand: 4080
	Edge: 4 <--> 5 	 Freq: 3.5 	 Demand: 2550
	Edge: 35 <--> 1 	 Freq: 3.5 	 Demand: 4235
	Edge: 65 <--> 52 	 Freq: 3.5 	 Demand: 3974
	Edge: 67 <--> 66 	 Freq: 3.5 	 Demand: 3970
	Edge: 34 <--> 66 	 Freq: 3.5 	 Demand: 1700
	Edge: 36 <--> 16 	 Freq: 3.5 	 Demand: 3927
	Edge: 38 <--> 42 	 Freq: 3.5 	 Demand: 4031
	Edge: 37 <--> 23 	 Freq: 3.5 	 Demand: 3060
	Edge: 61 <--> 60 	 Freq: 3.5 	 Demand: 2720
	Edge: 32 <--> 33 	 Freq: 3.5 	 Demand: 3777
	Edge: 39 <--> 25 	 Freq: 3.5 	 Demand: 4080
	Edge: 44 <--> 77 	 Freq: 7.0 	 Demand: 612
	Edge: 58 <--> 21 	 Freq: 7.0 	 Demand: 306
	Edge: 55 <--> 19 	 Freq: 7.0 	 Demand: 782
	Edge: 50 <--> 3 	 Freq: 7.0 	 Demand: 3060
	Edge: 7 <--> 50 	 Freq: 7.0 	 Demand: 238
	Edge: 28 <--> 29 	 Freq: 7.0 	 Demand: 510
	Edge: 23 <--> 24 	 Freq: 7.0 	 Demand: 3978
	Edge: 78 <--> 71 	 Freq: 7.0 	 Demand: 238
	Edge: 15 <--> 22 	 Freq: 7.0 	 Demand: 4080
	Edge: 10 <--> 11 	 Freq: 7.0 	 Demand: 663

	Routes:

	Route: 1
	Route length (264.0) and demand (4031)
	Edge: 38 <--> 42 	 Freq: 3.5 	 Demand: 4031
	Route: 2
	Route length (960.0) and demand (11455)
	Edge: 66 <--> 53 	 Freq: 2.3 	 Demand: 3913
	Edge: 53 <--> 51 	 Freq: 3.5 	 Demand: 3568
	Edge: 65 <--> 52 	 Freq: 3.5 	 Demand: 3974
	Route: 3
	Route length (1229.0) and demand (8908)
	Edge: 28 <--> 29 	 Freq: 7.0 	 Demand: 510
	Edge: 28 <--> 7 	 Freq: 2.3 	 Demand: 1020
	Edge: 7 <--> 50 	 Freq: 7.0 	 Demand: 238
	Edge: 7 <--> 50 	 Freq: 3.5 	 Demand: 1530
	Edge: 50 <--> 3 	 Freq: 7.0 	 Demand: 3060
	Edge: 4 <--> 5 	 Freq: 3.5 	 Demand: 2550
	Route: 4
	Route length (2014.0) and demand (11968)
	Edge: 55 <--> 19 	 Freq: 7.0 	 Demand: 782
	Edge: 58 <--> 21 	 Freq: 7.0 	 Demand: 306
	Edge: 15 <--> 22 	 Freq: 7.0 	 Demand: 4080
	Edge: 61 <--> 60 	 Freq: 3.5 	 Demand: 2720
	Edge: 61 <--> 62 	 Freq: 3.5 	 Demand: 4080
	Route: 5
	Route length (906.0) and demand (8503)
	Edge: 78 <--> 71 	 Freq: 7.0 	 Demand: 238
	Edge: 10 <--> 11 	 Freq: 7.0 	 Demand: 663
	Edge: 78 <--> 71 	 Freq: 3.5 	 Demand: 3825
	Edge: 32 <--> 33 	 Freq: 3.5 	 Demand: 3777
	Route: 6
	Route length (795.0) and demand (10965)
	Edge: 36 <--> 16 	 Freq: 3.5 	 Demand: 3927
	Edge: 23 <--> 24 	 Freq: 7.0 	 Demand: 3978
	Edge: 37 <--> 23 	 Freq: 3.5 	 Demand: 3060
	Route: 7
	Route length (1143.0) and demand (11987)
	Edge: 44 <--> 77 	 Freq: 7.0 	 Demand: 612
	Edge: 43 <--> 70 	 Freq: 3.5 	 Demand: 3060
	Edge: 35 <--> 1 	 Freq: 3.5 	 Demand: 4235
	Edge: 39 <--> 25 	 Freq: 3.5 	 Demand: 4080
	Route: 8
	Route length (715.0) and demand (9883)
	Edge: 34 <--> 66 	 Freq: 3.5 	 Demand: 1700
	Edge: 67 <--> 66 	 Freq: 3.5 	 Demand: 3970
	Edge: 30 <--> 67 	 Freq: 2.3 	 Demand: 4213

Day 50, number of edges 28, number of routes 6

	Edges:

	Edge: 54 <--> 20 	 Freq: 2.3 	 Demand: 4080
	Edge: 40 <--> 15 	 Freq: 3.5 	 Demand: 2244
	Edge: 14 <--> 15 	 Freq: 3.5 	 Demand: 3895
	Edge: 50 <--> 3 	 Freq: 3.5 	 Demand: 1530
	Edge: 67 <--> 68 	 Freq: 3.5 	 Demand: 3656
	Edge: 68 <--> 69 	 Freq: 3.5 	 Demand: 3653
	Edge: 34 <--> 0 	 Freq: 3.5 	 Demand: 3697
	Edge: 23 <--> 24 	 Freq: 3.5 	 Demand: 4080
	Edge: 27 <--> 8 	 Freq: 3.5 	 Demand: 4182
	Edge: 27 <--> 3 	 Freq: 3.5 	 Demand: 3060
	Edge: 73 <--> 74 	 Freq: 7.0 	 Demand: 663
	Edge: 74 <--> 72 	 Freq: 7.0 	 Demand: 153
	Edge: 12 <--> 73 	 Freq: 7.0 	 Demand: 935
	Edge: 45 <--> 74 	 Freq: 7.0 	 Demand: 119
	Edge: 48 <--> 9 	 Freq: 7.0 	 Demand: 918
	Edge: 13 <--> 9 	 Freq: 7.0 	 Demand: 816
	Edge: 70 <--> 13 	 Freq: 7.0 	 Demand: 2278
	Edge: 31 <--> 77 	 Freq: 7.0 	 Demand: 1020
	Edge: 76 <--> 75 	 Freq: 7.0 	 Demand: 510
	Edge: 46 <--> 56 	 Freq: 7.0 	 Demand: 408
	Edge: 42 <--> 57 	 Freq: 7.0 	 Demand: 1989
	Edge: 0 <--> 27 	 Freq: 7.0 	 Demand: 306
	Edge: 71 <--> 72 	 Freq: 28.0 	 Demand: 2040
	Edge: 11 <--> 73 	 Freq: 7.0 	 Demand: 357
	Edge: 45 <--> 10 	 Freq: 7.0 	 Demand: 765
	Edge: 6 <--> 7 	 Freq: 28.0 	 Demand: 3910
	Edge: 9 <--> 47 	 Freq: 28.0 	 Demand: 1020
	Edge: 9 <--> 47 	 Freq: 56.0 	 Demand: 844

	Routes:

	Route: 1
	Route length (936.0) and demand (10219)
	Edge: 14 <--> 15 	 Freq: 3.5 	 Demand: 3895
	Edge: 40 <--> 15 	 Freq: 3.5 	 Demand: 2244
	Edge: 23 <--> 24 	 Freq: 3.5 	 Demand: 4080
	Route: 2
	Route length (2076.0) and demand (11418)
	Edge: 71 <--> 72 	 Freq: 28.0 	 Demand: 2040
	Edge: 74 <--> 72 	 Freq: 7.0 	 Demand: 153
	Edge: 73 <--> 74 	 Freq: 7.0 	 Demand: 663
	Edge: 45 <--> 74 	 Freq: 7.0 	 Demand: 119
	Edge: 45 <--> 10 	 Freq: 7.0 	 Demand: 765
	Edge: 48 <--> 9 	 Freq: 7.0 	 Demand: 918
	Edge: 9 <--> 47 	 Freq: 28.0 	 Demand: 1020
	Edge: 70 <--> 13 	 Freq: 7.0 	 Demand: 2278
	Edge: 13 <--> 9 	 Freq: 7.0 	 Demand: 816
	Edge: 9 <--> 47 	 Freq: 56.0 	 Demand: 844
	Edge: 11 <--> 73 	 Freq: 7.0 	 Demand: 357
	Edge: 12 <--> 73 	 Freq: 7.0 	 Demand: 935
	Edge: 76 <--> 75 	 Freq: 7.0 	 Demand: 510
	Route: 3
	Route length (1080.0) and demand (6477)
	Edge: 42 <--> 57 	 Freq: 7.0 	 Demand: 1989
	Edge: 54 <--> 20 	 Freq: 2.3 	 Demand: 4080
	Edge: 46 <--> 56 	 Freq: 7.0 	 Demand: 408
	Route: 4
	Route length (1499.0) and demand (11389)
	Edge: 27 <--> 3 	 Freq: 3.5 	 Demand: 3060
	Edge: 68 <--> 69 	 Freq: 3.5 	 Demand: 3653
	Edge: 67 <--> 68 	 Freq: 3.5 	 Demand: 3656
	Edge: 31 <--> 77 	 Freq: 7.0 	 Demand: 1020
	Route: 5
	Route length (81.0) and demand (3697)
	Edge: 34 <--> 0 	 Freq: 3.5 	 Demand: 3697
	Route: 6
	Route length (965.0) and demand (9928)
	Edge: 0 <--> 27 	 Freq: 7.0 	 Demand: 306
	Edge: 50 <--> 3 	 Freq: 3.5 	 Demand: 1530
	Edge: 6 <--> 7 	 Freq: 28.0 	 Demand: 3910
	Edge: 27 <--> 8 	 Freq: 3.5 	 Demand: 4182

Day 51, number of edges 25, number of routes 6

	Edges:

	Edge: 23 <--> 24 	 Freq: 14.0 	 Demand: 1870
	Edge: 25 <--> 26 	 Freq: 2.3 	 Demand: 4247
	Edge: 66 <--> 53 	 Freq: 2.3 	 Demand: 3913
	Edge: 30 <--> 67 	 Freq: 2.3 	 Demand: 4213
	Edge: 77 <--> 76 	 Freq: 7.0 	 Demand: 578
	Edge: 18 <--> 58 	 Freq: 7.0 	 Demand: 578
	Edge: 18 <--> 19 	 Freq: 7.0 	 Demand: 2686
	Edge: 16 <--> 58 	 Freq: 7.0 	 Demand: 2822
	Edge: 61 <--> 60 	 Freq: 7.0 	 Demand: 510
	Edge: 61 <--> 62 	 Freq: 7.0 	 Demand: 1530
	Edge: 3 <--> 49 	 Freq: 7.0 	 Demand: 1530
	Edge: 0 <--> 71 	 Freq: 7.0 	 Demand: 1870
	Edge: 37 <--> 23 	 Freq: 7.0 	 Demand: 1683
	Edge: 23 <--> 63 	 Freq: 7.0 	 Demand: 4998
	Edge: 27 <--> 3 	 Freq: 7.0 	 Demand: 4751
	Edge: 71 <--> 72 	 Freq: 7.0 	 Demand: 1836
	Edge: 58 <--> 21 	 Freq: 28.0 	 Demand: 408
	Edge: 14 <--> 15 	 Freq: 28.0 	 Demand: 2040
	Edge: 38 <--> 42 	 Freq: 7.0 	 Demand: 510
	Edge: 30 <--> 67 	 Freq: 7.0 	 Demand: 204
	Edge: 36 <--> 16 	 Freq: 28.0 	 Demand: 2482
	Edge: 21 <--> 22 	 Freq: 7.0 	 Demand: 1020
	Edge: 21 <--> 59 	 Freq: 7.0 	 Demand: 578
	Edge: 42 <--> 16 	 Freq: 28.0 	 Demand: 1428
	Edge: 42 <--> 16 	 Freq: 56.0 	 Demand: 592

	Routes:

	Route: 1
	Route length (1253.0) and demand (10874)
	Edge: 25 <--> 26 	 Freq: 2.3 	 Demand: 4247
	Edge: 30 <--> 67 	 Freq: 2.3 	 Demand: 4213
	Edge: 77 <--> 76 	 Freq: 7.0 	 Demand: 578
	Edge: 71 <--> 72 	 Freq: 7.0 	 Demand: 1836
	Route: 2
	Route length (1367.0) and demand (7378)
	Edge: 23 <--> 24 	 Freq: 14.0 	 Demand: 1870
	Edge: 61 <--> 60 	 Freq: 7.0 	 Demand: 510
	Edge: 61 <--> 62 	 Freq: 7.0 	 Demand: 1530
	Edge: 14 <--> 15 	 Freq: 28.0 	 Demand: 2040
	Edge: 42 <--> 16 	 Freq: 28.0 	 Demand: 1428
	Route: 3
	Route length (610.0) and demand (6681)
	Edge: 23 <--> 63 	 Freq: 7.0 	 Demand: 4998
	Edge: 37 <--> 23 	 Freq: 7.0 	 Demand: 1683
	Route: 4
	Route length (1541.0) and demand (11676)
	Edge: 18 <--> 19 	 Freq: 7.0 	 Demand: 2686
	Edge: 18 <--> 58 	 Freq: 7.0 	 Demand: 578
	Edge: 16 <--> 58 	 Freq: 7.0 	 Demand: 2822
	Edge: 21 <--> 22 	 Freq: 7.0 	 Demand: 1020
	Edge: 21 <--> 59 	 Freq: 7.0 	 Demand: 578
	Edge: 58 <--> 21 	 Freq: 28.0 	 Demand: 408
	Edge: 36 <--> 16 	 Freq: 28.0 	 Demand: 2482
	Edge: 42 <--> 16 	 Freq: 56.0 	 Demand: 592
	Edge: 38 <--> 42 	 Freq: 7.0 	 Demand: 510
	Route: 5
	Route length (1436.0) and demand (10398)
	Edge: 30 <--> 67 	 Freq: 7.0 	 Demand: 204
	Edge: 66 <--> 53 	 Freq: 2.3 	 Demand: 3913
	Edge: 3 <--> 49 	 Freq: 7.0 	 Demand: 1530
	Edge: 27 <--> 3 	 Freq: 7.0 	 Demand: 4751
	Route: 6
	Route length (85.0) and demand (1870)
	Edge: 0 <--> 71 	 Freq: 7.0 	 Demand: 1870

Day 52, number of edges 21, number of routes 5

	Edges:

	Edge: 25 <--> 26 	 Freq: 14.0 	 Demand: 680
	Edge: 28 <--> 7 	 Freq: 2.3 	 Demand: 1020
	Edge: 7 <--> 50 	 Freq: 3.5 	 Demand: 1530
	Edge: 4 <--> 5 	 Freq: 3.5 	 Demand: 2550
	Edge: 50 <--> 3 	 Freq: 3.5 	 Demand: 1530
	Edge: 65 <--> 52 	 Freq: 3.5 	 Demand: 3974
	Edge: 34 <--> 66 	 Freq: 3.5 	 Demand: 1700
	Edge: 40 <--> 41 	 Freq: 3.5 	 Demand: 3516
	Edge: 57 <--> 18 	 Freq: 7.0 	 Demand: 1394
	Edge: 57 <--> 55 	 Freq: 7.0 	 Demand: 2992
	Edge: 36 <--> 24 	 Freq: 7.0 	 Demand: 765
	Edge: 65 <--> 6 	 Freq: 7.0 	 Demand: 306
	Edge: 6 <--> 7 	 Freq: 7.0 	 Demand: 1955
	Edge: 27 <--> 8 	 Freq: 7.0 	 Demand: 833
	Edge: 34 <--> 66 	 Freq: 7.0 	 Demand: 3604
	Edge: 42 <--> 16 	 Freq: 7.0 	 Demand: 1173
	Edge: 68 <--> 69 	 Freq: 7.0 	 Demand: 3508
	Edge: 67 <--> 68 	 Freq: 28.0 	 Demand: 1190
	Edge: 34 <--> 0 	 Freq: 28.0 	 Demand: 3060
	Edge: 38 <--> 42 	 Freq: 28.0 	 Demand: 850
	Edge: 65 <--> 52 	 Freq: 28.0 	 Demand: 4250

	Routes:

	Route: 1
	Route length (1181.0) and demand (8585)
	Edge: 6 <--> 7 	 Freq: 7.0 	 Demand: 1955
	Edge: 28 <--> 7 	 Freq: 2.3 	 Demand: 1020
	Edge: 7 <--> 50 	 Freq: 3.5 	 Demand: 1530
	Edge: 50 <--> 3 	 Freq: 3.5 	 Demand: 1530
	Edge: 4 <--> 5 	 Freq: 3.5 	 Demand: 2550
	Route: 2
	Route length (1466.0) and demand (10690)
	Edge: 40 <--> 41 	 Freq: 3.5 	 Demand: 3516
	Edge: 36 <--> 24 	 Freq: 7.0 	 Demand: 765
	Edge: 42 <--> 16 	 Freq: 7.0 	 Demand: 1173
	Edge: 57 <--> 55 	 Freq: 7.0 	 Demand: 2992
	Edge: 57 <--> 18 	 Freq: 7.0 	 Demand: 1394
	Edge: 38 <--> 42 	 Freq: 28.0 	 Demand: 850
	Route: 3
	Route length (942.0) and demand (11063)
	Edge: 27 <--> 8 	 Freq: 7.0 	 Demand: 833
	Edge: 65 <--> 52 	 Freq: 3.5 	 Demand: 3974
	Edge: 65 <--> 52 	 Freq: 28.0 	 Demand: 4250
	Edge: 65 <--> 6 	 Freq: 7.0 	 Demand: 306
	Edge: 34 <--> 66 	 Freq: 3.5 	 Demand: 1700
	Route: 4
	Route length (1107.0) and demand (8982)
	Edge: 34 <--> 66 	 Freq: 7.0 	 Demand: 3604
	Edge: 68 <--> 69 	 Freq: 7.0 	 Demand: 3508
	Edge: 67 <--> 68 	 Freq: 28.0 	 Demand: 1190
	Edge: 25 <--> 26 	 Freq: 14.0 	 Demand: 680
	Route: 5
	Route length (81.0) and demand (3060)
	Edge: 34 <--> 0 	 Freq: 28.0 	 Demand: 3060

Day 53, number of edges 33, number of routes 9

	Edges:

	Edge: 43 <--> 70 	 Freq: 14.0 	 Demand: 1530
	Edge: 25 <--> 26 	 Freq: 2.3 	 Demand: 4247
	Edge: 54 <--> 20 	 Freq: 2.3 	 Demand: 4080
	Edge: 66 <--> 53 	 Freq: 2.3 	 Demand: 3913
	Edge: 30 <--> 67 	 Freq: 2.3 	 Demand: 4213
	Edge: 43 <--> 70 	 Freq: 3.5 	 Demand: 3060
	Edge: 78 <--> 71 	 Freq: 3.5 	 Demand: 3825
	Edge: 40 <--> 15 	 Freq: 3.5 	 Demand: 2244
	Edge: 14 <--> 15 	 Freq: 3.5 	 Demand: 3895
	Edge: 53 <--> 51 	 Freq: 3.5 	 Demand: 3568
	Edge: 35 <--> 1 	 Freq: 3.5 	 Demand: 4235
	Edge: 67 <--> 66 	 Freq: 3.5 	 Demand: 3970
	Edge: 36 <--> 16 	 Freq: 3.5 	 Demand: 3927
	Edge: 38 <--> 42 	 Freq: 3.5 	 Demand: 4031
	Edge: 37 <--> 23 	 Freq: 3.5 	 Demand: 3060
	Edge: 34 <--> 0 	 Freq: 3.5 	 Demand: 3697
	Edge: 61 <--> 62 	 Freq: 3.5 	 Demand: 4080
	Edge: 61 <--> 60 	 Freq: 3.5 	 Demand: 2720
	Edge: 32 <--> 33 	 Freq: 3.5 	 Demand: 3777
	Edge: 39 <--> 25 	 Freq: 3.5 	 Demand: 4080
	Edge: 23 <--> 24 	 Freq: 3.5 	 Demand: 4080
	Edge: 27 <--> 8 	 Freq: 3.5 	 Demand: 4182
	Edge: 27 <--> 3 	 Freq: 3.5 	 Demand: 3060
	Edge: 9 <--> 47 	 Freq: 7.0 	 Demand: 561
	Edge: 70 <--> 47 	 Freq: 7.0 	 Demand: 1105
	Edge: 43 <--> 70 	 Freq: 7.0 	 Demand: 204
	Edge: 66 <--> 53 	 Freq: 7.0 	 Demand: 510
	Edge: 25 <--> 26 	 Freq: 7.0 	 Demand: 510
	Edge: 70 <--> 47 	 Freq: 28.0 	 Demand: 612
	Edge: 67 <--> 68 	 Freq: 3.5 	 Demand: 3656
	Edge: 10 <--> 44 	 Freq: 7.0 	 Demand: 646
	Edge: 48 <--> 9 	 Freq: 28.0 	 Demand: 612
	Edge: 10 <--> 11 	 Freq: 56.0 	 Demand: 556

	Routes:

	Route: 1
	Route length (1184.0) and demand (10880)
	Edge: 61 <--> 62 	 Freq: 3.5 	 Demand: 4080
	Edge: 61 <--> 60 	 Freq: 3.5 	 Demand: 2720
	Edge: 23 <--> 24 	 Freq: 3.5 	 Demand: 4080
	Route: 2
	Route length (807.0) and demand (10066)
	Edge: 40 <--> 15 	 Freq: 3.5 	 Demand: 2244
	Edge: 14 <--> 15 	 Freq: 3.5 	 Demand: 3895
	Edge: 36 <--> 16 	 Freq: 3.5 	 Demand: 3927
	Route: 3
	Route length (960.0) and demand (8825)
	Edge: 25 <--> 26 	 Freq: 7.0 	 Demand: 510
	Edge: 35 <--> 1 	 Freq: 3.5 	 Demand: 4235
	Edge: 39 <--> 25 	 Freq: 3.5 	 Demand: 4080
	Route: 4
	Route length (652.0) and demand (7242)
	Edge: 27 <--> 8 	 Freq: 3.5 	 Demand: 4182
	Edge: 27 <--> 3 	 Freq: 3.5 	 Demand: 3060
	Route: 5
	Route length (801.0) and demand (11849)
	Edge: 78 <--> 71 	 Freq: 3.5 	 Demand: 3825
	Edge: 25 <--> 26 	 Freq: 2.3 	 Demand: 4247
	Edge: 32 <--> 33 	 Freq: 3.5 	 Demand: 3777
	Route: 6
	Route length (973.0) and demand (11688)
	Edge: 34 <--> 0 	 Freq: 3.5 	 Demand: 3697
	Edge: 66 <--> 53 	 Freq: 7.0 	 Demand: 510
	Edge: 53 <--> 51 	 Freq: 3.5 	 Demand: 3568
	Edge: 66 <--> 53 	 Freq: 2.3 	 Demand: 3913
	Route: 7
	Route length (1183.0) and demand (11171)
	Edge: 54 <--> 20 	 Freq: 2.3 	 Demand: 4080
	Edge: 38 <--> 42 	 Freq: 3.5 	 Demand: 4031
	Edge: 37 <--> 23 	 Freq: 3.5 	 Demand: 3060
	Route: 8
	Route length (1660.0) and demand (8886)
	Edge: 10 <--> 11 	 Freq: 56.0 	 Demand: 556
	Edge: 10 <--> 44 	 Freq: 7.0 	 Demand: 646
	Edge: 48 <--> 9 	 Freq: 28.0 	 Demand: 612
	Edge: 9 <--> 47 	 Freq: 7.0 	 Demand: 561
	Edge: 70 <--> 47 	 Freq: 7.0 	 Demand: 1105
	Edge: 43 <--> 70 	 Freq: 3.5 	 Demand: 3060
	Edge: 43 <--> 70 	 Freq: 14.0 	 Demand: 1530
	Edge: 70 <--> 47 	 Freq: 28.0 	 Demand: 612
	Edge: 43 <--> 70 	 Freq: 7.0 	 Demand: 204
	Route: 9
	Route length (830.0) and demand (11839)
	Edge: 67 <--> 66 	 Freq: 3.5 	 Demand: 3970
	Edge: 67 <--> 68 	 Freq: 3.5 	 Demand: 3656
	Edge: 30 <--> 67 	 Freq: 2.3 	 Demand: 4213

Day 54, number of edges 0, number of routes 0

	Edges:


	Routes:


Day 55, number of edges 0, number of routes 0

	Edges:


	Routes:




Phase 1 mid-report:
Iteration count: 1
Last iteration time: 0.3593747615814209
Average iteration time: 0.3593747615814209
Current score: 52002632.0

Phase 1 ended! Current time: 2026-08-09 03:23:09.387075
Phase 1 Report:
Iteration count: 8
Last iteration time: 0.1875004768371582
Average iteration time: 0.2441408336162567
Current score: 50305740.0


Phase 2 (only move_services) mid-report:
Iteration count: 1
Last iteration time: 2.265622615814209
Average iteration time: 2.265622615814209
Current score: 49306296.0


Phase 2 (only move_services) ended! Current time: 2026-08-09 03:23:53.871449
Phase 2 (only move_services) Report:
Iteration count: 36
Last iteration time: 0.28125429153442383
Average iteration time: 1.1792534457312691
Current score: 30328694.0


Phase 3 (using only swap_services) mid-report:
Iteration count: 1
Last iteration time: 0.2656280994415283
Average iteration time: 0.2656280994415283
Current score: 30328457.0


Phase 3 (using only swap_services) ended! Current time: 2026-08-09 03:23:59.715195
Phase 3 (using only swap_services) Report:
Iteration count: 3
Last iteration time: 0.20311999320983887
Average iteration time: 0.234374205271403
Current score: 30328427.0


Phase 4 (routing operators) mid-report:
Current day: 0
Iteration count: 1
Last iteration time: 0.12501192092895508
Average iteration time: 0.12501192092895508
Current score: 30328427.0


Phase 4 (routing operators) day 0 ended!
Phase 4 (routing operators) day report:
Current Iteration count: 1
Last iteration time: 0.12501192092895508
Average iteration time: 0.12501192092895508
Current score: 30328427.0


Phase 4 (routing operators) day 1 ended!
Phase 4 (routing operators) day report:
Current Iteration count: 3
Last iteration time: 0.09375309944152832
Average iteration time: 0.10937857627868652
Current score: 30328349.0


Phase 4 (routing operators) day 2 ended!
Phase 4 (routing operators) day report:
Current Iteration count: 4
Last iteration time: 0.0312502384185791
Average iteration time: 0.08984649181365967
Current score: 30328349.0


Phase 4 (routing operators) day 3 ended!
Phase 4 (routing operators) day report:
Current Iteration count: 7
Last iteration time: 0.015625476837158203
Average iteration time: 0.07366221291678292
Current score: 30327642.0


Phase 4 (routing operators) day 4 ended!
Phase 4 (routing operators) day report:
Current Iteration count: 13
Last iteration time: 0.1250011920928955
Average iteration time: 0.12379884719848633
Current score: 30326442.0


Phase 4 (routing operators) day 7 ended!
Phase 4 (routing operators) day report:
Current Iteration count: 16
Last iteration time: 0.1093740463256836
Average iteration time: 0.12402422726154329
Current score: 30325801.0


Phase 4 (routing operators) day 8 ended!
Phase 4 (routing operators) day report:
Current Iteration count: 22
Last iteration time: 0.015624523162841797
Average iteration time: 0.13139260898936883
Current score: 30323409.0


Phase 4 (routing operators) day 9 ended!
Phase 4 (routing operators) day report:
Current Iteration count: 25
Last iteration time: 0.015635251998901367
Average iteration time: 0.12437583923339848
Current score: 30322154.0


Phase 4 (routing operators) day 10 ended!
Phase 4 (routing operators) day report:
Current Iteration count: 28
Last iteration time: 0.031248092651367188
Average iteration time: 0.1205363103321621
Current score: 30321725.0


Phase 4 (routing operators) day 11 ended!
Phase 4 (routing operators) day report:
Current Iteration count: 32
Last iteration time: 0.1093747615814209
Average iteration time: 0.12793021649122244
Current score: 30321282.0


Phase 4 (routing operators) day 14 ended!
Phase 4 (routing operators) day report:
Current Iteration count: 38
Last iteration time: 0.07813596725463867
Average iteration time: 0.1282902830525449
Current score: 30320782.0


Phase 4 (routing operators) day 15 ended!
Phase 4 (routing operators) day report:
Current Iteration count: 41
Last iteration time: 0.046875715255737305
Average iteration time: 0.13071699258757805
Current score: 30319595.0


Phase 4 (routing operators) day 16 ended!
Phase 4 (routing operators) day report:
Current Iteration count: 43
Last iteration time: 0.03125143051147461
Average iteration time: 0.1279075533844704
Current score: 30318727.0


Phase 4 (routing operators) day 17 ended!
Phase 4 (routing operators) day report:
Current Iteration count: 45
Last iteration time: 0.01562976837158203
Average iteration time: 0.1239588949415419
Current score: 30318525.0


Phase 4 (routing operators) day 18 ended!
Phase 4 (routing operators) day report:
Current Iteration count: 48
Last iteration time: 0.07812714576721191
Average iteration time: 0.12434957921504977
Current score: 30317800.0


Phase 4 (routing operators) day 21 ended!
Phase 4 (routing operators) day report:
Current Iteration count: 55
Last iteration time: 0.03125
Average iteration time: 0.1247165073047985
Current score: 30315677.0


Phase 4 (routing operators) day 22 ended!
Phase 4 (routing operators) day report:
Current Iteration count: 58
Last iteration time: 0.046875953674316406
Average iteration time: 0.12230658120122449
Current score: 30314973.0


Phase 4 (routing operators) day 23 ended!
Phase 4 (routing operators) day report:
Current Iteration count: 66
Last iteration time: 0.015625
Average iteration time: 0.13470697402954102
Current score: 30312278.0


Phase 4 (routing operators) day 24 ended!
Phase 4 (routing operators) day report:
Current Iteration count: 69
Last iteration time: 0.0312504768371582
Average iteration time: 0.13247331674548163
Current score: 30312051.0


Phase 4 (routing operators) day 25 ended!
Phase 4 (routing operators) day report:
Current Iteration count: 71
Last iteration time: 0.09374737739562988
Average iteration time: 0.13314303210083867
Current score: 30311207.0


Phase 4 (routing operators) day 28 ended!
Phase 4 (routing operators) day report:
Current Iteration count: 84
Last iteration time: 0.0625009536743164
Average iteration time: 0.13560304471424656
Current score: 30307558.0


Phase 4 (routing operators) day 29 ended!
Phase 4 (routing operators) day report:
Current Iteration count: 86
Last iteration time: 0.015623807907104492
Average iteration time: 0.1348113791887151
Current score: 30307198.0


Phase 4 (routing operators) day 30 ended!
Phase 4 (routing operators) day report:
Current Iteration count: 88
Last iteration time: 0.01562666893005371
Average iteration time: 0.13281284679066055
Current score: 30306568.0


Phase 4 (routing operators) day 31 ended!
Phase 4 (routing operators) day report:
Current Iteration count: 92
Last iteration time: 0.03125119209289551
Average iteration time: 0.13281284207883096
Current score: 30306309.0


Phase 4 (routing operators) day 32 ended!
Phase 4 (routing operators) day report:
Current Iteration count: 95
Last iteration time: 0.04688239097595215
Average iteration time: 0.13174382259971226
Current score: 30305285.0


Phase 4 (routing operators) day 35 ended!
Phase 4 (routing operators) day report:
Current Iteration count: 99
Last iteration time: 0.09375119209289551
Average iteration time: 0.13131353108569838
Current score: 30304537.0


Phase 4 (routing operators) day 36 ended!
Phase 4 (routing operators) day report:
Current Iteration count: 102
Last iteration time: 0.03125596046447754
Average iteration time: 0.13097480932871514
Current score: 30304456.0


Phase 4 (routing operators) day 37 ended!
Phase 4 (routing operators) day report:
Current Iteration count: 103
Last iteration time: 0.03125119209289551
Average iteration time: 0.13000661887011494
Current score: 30304456.0


Phase 4 (routing operators) day 38 ended!
Phase 4 (routing operators) day report:
Current Iteration count: 106
Last iteration time: 0.015628814697265625
Average iteration time: 0.1285383273970407
Current score: 30304169.0


Phase 4 (routing operators) day 39 ended!
Phase 4 (routing operators) day report:
Current Iteration count: 110
Last iteration time: 0.09374833106994629
Average iteration time: 0.12883579297499234
Current score: 30303617.0


Phase 4 (routing operators) day 42 ended!
Phase 4 (routing operators) day report:
Current Iteration count: 112
Last iteration time: 0.06250166893005371
Average iteration time: 0.12834874434130544
Current score: 30302686.0


Phase 4 (routing operators) day 43 ended!
Phase 4 (routing operators) day report:
Current Iteration count: 114
Last iteration time: 0.04687643051147461
Average iteration time: 0.12787884160092014
Current score: 30302021.0


Phase 4 (routing operators) day 44 ended!
Phase 4 (routing operators) day report:
Current Iteration count: 115
Last iteration time: 0.03124833106994629
Average iteration time: 0.12703857629195514
Current score: 30302021.0


Phase 4 (routing operators) day 45 ended!
Phase 4 (routing operators) day report:
Current Iteration count: 117
Last iteration time: 0.0312497615814209
Average iteration time: 0.12593538536984708
Current score: 30301537.0


Phase 4 (routing operators) day 46 ended!
Phase 4 (routing operators) day report:
Current Iteration count: 128
Last iteration time: 0.09374761581420898
Average iteration time: 0.12561086937785165
Current score: 30299524.0


Phase 4 (routing operators) day 49 ended!
Phase 4 (routing operators) day report:
Current Iteration count: 137
Last iteration time: 0.07812881469726562
Average iteration time: 0.12956253107446844
Current score: 30297629.0


Phase 4 (routing operators) day 50 ended!
Phase 4 (routing operators) day report:
Current Iteration count: 139
Last iteration time: 0.031244277954101562
Average iteration time: 0.12915965979047836
Current score: 30297562.0


Phase 4 (routing operators) day 51 ended!
Phase 4 (routing operators) day report:
Current Iteration count: 142
Last iteration time: 0.04687356948852539
Average iteration time: 0.12874171095834672
Current score: 30296275.0


Phase 4 (routing operators) day 52 ended!
Phase 4 (routing operators) day report:
Current Iteration count: 143
Last iteration time: 0.0312504768371582
Average iteration time: 0.12805995407638038
Current score: 30296275.0


Phase 4 (routing operators) day 53 ended!
Phase 4 (routing operators) day report:
Current Iteration count: 148
Last iteration time: 0.07812690734863281
Average iteration time: 0.12964574871836504
Current score: 30294211.0


Phase 4 (routing operators) ended! Current time: 2026-08-09 03:24:28.855821
Phase 4 (routing operators) Report:
Iteration count: 148
Last iteration time: 0.07812690734863281
Average iteration time: 0.12964574871836504
Current score: 30294211.0


Local search report:
Iteration count: 2 iterations
Last iteration time: 81.42187261581421 seconds
Iteration average time: 327.8974413871765 seconds
Current score: 30294211.0
Phase 1 mid-report:
Iteration count: 1
Last iteration time: 0.1562490463256836
Average iteration time: 0.1562490463256836
Current score: 30294211.0

Phase 1 ended! Current time: 2026-08-09 03:24:29.027694
Phase 1 Report:
Iteration count: 1
Last iteration time: 0.1562490463256836
Average iteration time: 0.1562490463256836
Current score: 30294211.0


Phase 2 (only move_services) mid-report:
Iteration count: 1
Last iteration time: 0.3593719005584717
Average iteration time: 0.3593719005584717
Current score: 30294211.0


Phase 2 (only move_services) ended! Current time: 2026-08-09 03:24:31.387070
Phase 2 (only move_services) Report:
Iteration count: 1
Last iteration time: 0.3593719005584717
Average iteration time: 0.3593719005584717
Current score: 30294211.0


Phase 3 (using only swap_services) mid-report:
Iteration count: 1
Last iteration time: 0.2031259536743164
Average iteration time: 0.2031259536743164
Current score: 30294211.0


Phase 3 (using only swap_services) ended! Current time: 2026-08-09 03:24:37.152698
Phase 3 (using only swap_services) Report:
Iteration count: 1
Last iteration time: 0.2031259536743164
Average iteration time: 0.2031259536743164
Current score: 30294211.0


Phase 4 (routing operators) mid-report:
Current day: 0
Iteration count: 1
Last iteration time: 0.3437485694885254
Average iteration time: 0.3437485694885254
Current score: 29294211.0


Phase 4 (routing operators) day 0 ended!
Phase 4 (routing operators) day report:
Current Iteration count: 2
Last iteration time: 0.12500214576721191
Average iteration time: 0.23437535762786865
Current score: 29294211.0


Phase 4 (routing operators) day 1 ended!
Phase 4 (routing operators) day report:
Current Iteration count: 3
Last iteration time: 0.062496185302734375
Average iteration time: 0.17708230018615723
Current score: 29294211.0


Phase 4 (routing operators) day 2 ended!
Phase 4 (routing operators) day report:
Current Iteration count: 4
Last iteration time: 0.015625476837158203
Average iteration time: 0.13671809434890747
Current score: 29294211.0


Phase 4 (routing operators) day 3 ended!
Phase 4 (routing operators) day report:
Current Iteration count: 5
Last iteration time: 0.0
Average iteration time: 0.10937447547912597
Current score: 29294211.0


Phase 4 (routing operators) day 4 ended!
Phase 4 (routing operators) day report:
Current Iteration count: 6
Last iteration time: 0.0937490463256836
Average iteration time: 0.10677023728688557
Current score: 29294211.0


Phase 4 (routing operators) day 7 ended!
Phase 4 (routing operators) day report:
Current Iteration count: 7
Last iteration time: 0.07812309265136719
Average iteration time: 0.1026777880532401
Current score: 29294211.0


Phase 4 (routing operators) day 8 ended!
Phase 4 (routing operators) day report:
Current Iteration count: 8
Last iteration time: 0.03125715255737305
Average iteration time: 0.09375020861625671
Current score: 29294211.0


Phase 4 (routing operators) day 9 ended!
Phase 4 (routing operators) day report:
Current Iteration count: 9
Last iteration time: 0.01562976837158203
Average iteration time: 0.08507015970018175
Current score: 29294211.0


Phase 4 (routing operators) day 10 ended!
Phase 4 (routing operators) day report:
Current Iteration count: 10
Last iteration time: 0.015628814697265625
Average iteration time: 0.07812602519989013
Current score: 29294211.0


Phase 4 (routing operators) day 11 ended!
Phase 4 (routing operators) day report:
Current Iteration count: 11
Last iteration time: 0.046874284744262695
Average iteration time: 0.07528495788574219
Current score: 29294211.0


Phase 4 (routing operators) day 14 ended!
Phase 4 (routing operators) day report:
Current Iteration count: 12
Last iteration time: 0.09374570846557617
Average iteration time: 0.07682335376739502
Current score: 29294211.0


Phase 4 (routing operators) day 15 ended!
Phase 4 (routing operators) day report:
Current Iteration count: 13
Last iteration time: 0.0625004768371582
Average iteration time: 0.07572159400353065
Current score: 29294211.0


Phase 4 (routing operators) day 16 ended!
Phase 4 (routing operators) day report:
Current Iteration count: 14
Last iteration time: 0.03125429153442383
Average iteration time: 0.07254535811288015
Current score: 29294211.0


Phase 4 (routing operators) day 17 ended!
Phase 4 (routing operators) day report:
Current Iteration count: 15
Last iteration time: 0.015625
Average iteration time: 0.06875066757202149
Current score: 29294211.0


Phase 4 (routing operators) day 18 ended!
Phase 4 (routing operators) day report:
Current Iteration count: 16
Last iteration time: 0.09374618530273438
Average iteration time: 0.07031288743019104
Current score: 29294211.0


Phase 4 (routing operators) day 21 ended!
Phase 4 (routing operators) day report:
Current Iteration count: 17
Last iteration time: 0.07813072204589844
Average iteration time: 0.07077276005464442
Current score: 29294211.0


Phase 4 (routing operators) day 22 ended!
Phase 4 (routing operators) day report:
Current Iteration count: 19
Last iteration time: 0.06249713897705078
Average iteration time: 0.07648036354466488
Current score: 29294207.0


Phase 4 (routing operators) day 23 ended!
Phase 4 (routing operators) day report:
Current Iteration count: 20
Last iteration time: 0.015626192092895508
Average iteration time: 0.0734376549720764
Current score: 29294207.0


Phase 4 (routing operators) day 24 ended!
Phase 4 (routing operators) day report:
Current Iteration count: 21
Last iteration time: 0.04687309265136719
Average iteration time: 0.07217267581394737
Current score: 29294207.0


Phase 4 (routing operators) day 25 ended!
Phase 4 (routing operators) day report:
Current Iteration count: 22
Last iteration time: 0.06249880790710449
Average iteration time: 0.07173295454545452
Current score: 29294207.0


Phase 4 (routing operators) day 28 ended!
Phase 4 (routing operators) day report:
Current Iteration count: 23
Last iteration time: 0.0624995231628418
Average iteration time: 0.07133150100708005
Current score: 29294207.0


Phase 4 (routing operators) day 29 ended!
Phase 4 (routing operators) day report:
Current Iteration count: 24
Last iteration time: 0.031244993209838867
Average iteration time: 0.06966122984886167
Current score: 29294207.0


Phase 4 (routing operators) day 30 ended!
Phase 4 (routing operators) day report:
Current Iteration count: 25
Last iteration time: 0.015627384185791016
Average iteration time: 0.06749987602233885
Current score: 29294207.0


Phase 4 (routing operators) day 31 ended!
Phase 4 (routing operators) day report:
Current Iteration count: 26
Last iteration time: 0.031252384185791016
Average iteration time: 0.06610574172093316
Current score: 29294207.0


Phase 4 (routing operators) day 32 ended!
Phase 4 (routing operators) day report:
Current Iteration count: 27
Last iteration time: 0.0781254768371582
Average iteration time: 0.06655091709560816
Current score: 29294207.0


Phase 4 (routing operators) day 35 ended!
Phase 4 (routing operators) day report:
Current Iteration count: 28
Last iteration time: 0.10937380790710449
Average iteration time: 0.06808030605316161
Current score: 29294207.0


Phase 4 (routing operators) day 36 ended!
Phase 4 (routing operators) day report:
Current Iteration count: 29
Last iteration time: 0.03125619888305664
Average iteration time: 0.06681050925419248
Current score: 29294207.0


Phase 4 (routing operators) day 37 ended!
Phase 4 (routing operators) day report:
Current Iteration count: 30
Last iteration time: 0.015625953674316406
Average iteration time: 0.06510435740152995
Current score: 29294207.0


Phase 4 (routing operators) day 38 ended!
Phase 4 (routing operators) day report:
Current Iteration count: 31
Last iteration time: 0.01562643051147461
Average iteration time: 0.06350829524378622
Current score: 29294207.0


Phase 4 (routing operators) day 39 ended!
Phase 4 (routing operators) day report:
Current Iteration count: 32
Last iteration time: 0.07812952995300293
Average iteration time: 0.06396520882844925
Current score: 29294207.0


Phase 4 (routing operators) day 42 ended!
Phase 4 (routing operators) day report:
Current Iteration count: 33
Last iteration time: 0.0468752384185791
Average iteration time: 0.06344733093724106
Current score: 29294207.0


Phase 4 (routing operators) day 43 ended!
Phase 4 (routing operators) day report:
Current Iteration count: 34
Last iteration time: 0.06250262260437012
Average iteration time: 0.06341954539803897
Current score: 29294207.0


Phase 4 (routing operators) day 44 ended!
Phase 4 (routing operators) day report:
Current Iteration count: 35
Last iteration time: 0.015626192092895508
Average iteration time: 0.06205402101789202
Current score: 29294207.0


Phase 4 (routing operators) day 45 ended!
Phase 4 (routing operators) day report:
Current Iteration count: 36
Last iteration time: 0.03124523162841797
Average iteration time: 0.06119822131262886
Current score: 29294207.0


Phase 4 (routing operators) day 46 ended!
Phase 4 (routing operators) day report:
Current Iteration count: 37
Last iteration time: 0.10938334465026855
Average iteration time: 0.06250052194337587
Current score: 29294207.0


Phase 4 (routing operators) day 49 ended!
Phase 4 (routing operators) day report:
Current Iteration count: 38
Last iteration time: 0.078125
Average iteration time: 0.06291169241855019
Current score: 29294207.0


Phase 4 (routing operators) day 50 ended!
Phase 4 (routing operators) day report:
Current Iteration count: 39
Last iteration time: 0.03125500679016113
Average iteration time: 0.06209998253064278
Current score: 29294207.0


Phase 4 (routing operators) day 51 ended!
Phase 4 (routing operators) day report:
Current Iteration count: 40
Last iteration time: 0.06250190734863281
Average iteration time: 0.062110030651092524
Current score: 29294207.0


Phase 4 (routing operators) day 52 ended!
Phase 4 (routing operators) day report:
Current Iteration count: 41
Last iteration time: 0.015624046325683594
Average iteration time: 0.060976226155350845
Current score: 29294207.0


Phase 4 (routing operators) day 53 ended!
Phase 4 (routing operators) day report:
Current Iteration count: 42
Last iteration time: 0.10937285423278809
Average iteration time: 0.06212852682386126
Current score: 29294207.0


Phase 4 (routing operators) ended! Current time: 2026-08-09 03:24:49.699571
Phase 4 (routing operators) Report:
Iteration count: 42
Last iteration time: 0.10937285423278809
Average iteration time: 0.06212852682386126
Current score: 29294207.0


Local search report:
Iteration count: 3 iterations
Last iteration time: 20.843750476837158 seconds
Iteration average time: 225.54621108373007 seconds
Current score: 29294207.0
Phase 1 mid-report:
Iteration count: 1
Last iteration time: 0.20312285423278809
Average iteration time: 0.20312285423278809
Current score: 29294207.0

Phase 1 ended! Current time: 2026-08-09 03:24:49.918319
Phase 1 Report:
Iteration count: 1
Last iteration time: 0.20312285423278809
Average iteration time: 0.20312285423278809
Current score: 29294207.0


Phase 2 (only move_services) mid-report:
Iteration count: 1
Last iteration time: 0.3593761920928955
Average iteration time: 0.3593761920928955
Current score: 29294207.0


Phase 2 (only move_services) ended! Current time: 2026-08-09 03:24:52.230823
Phase 2 (only move_services) Report:
Iteration count: 1
Last iteration time: 0.3593761920928955
Average iteration time: 0.3593761920928955
Current score: 29294207.0


Phase 3 (using only swap_services) mid-report:
Iteration count: 1
Last iteration time: 0.2031247615814209
Average iteration time: 0.2031247615814209
Current score: 29294207.0


Phase 3 (using only swap_services) ended! Current time: 2026-08-09 03:24:57.621448
Phase 3 (using only swap_services) Report:
Iteration count: 1
Last iteration time: 0.2031247615814209
Average iteration time: 0.2031247615814209
Current score: 29294207.0


Phase 4 (routing operators) mid-report:
Current day: 0
Iteration count: 1
Last iteration time: 0.12499713897705078
Average iteration time: 0.12499713897705078
Current score: 29294207.0


Phase 4 (routing operators) day 0 ended!
Phase 4 (routing operators) day report:
Current Iteration count: 1
Last iteration time: 0.12499713897705078
Average iteration time: 0.12499713897705078
Current score: 29294207.0


Phase 4 (routing operators) day 1 ended!
Phase 4 (routing operators) day report:
Current Iteration count: 2
Last iteration time: 0.0937497615814209
Average iteration time: 0.10937345027923584
Current score: 29294207.0


Phase 4 (routing operators) day 2 ended!
Phase 4 (routing operators) day report:
Current Iteration count: 3
Last iteration time: 0.015621662139892578
Average iteration time: 0.07812285423278809
Current score: 29294207.0


Phase 4 (routing operators) day 3 ended!
Phase 4 (routing operators) day report:
Current Iteration count: 4
Last iteration time: 0.015626907348632812
Average iteration time: 0.06249886751174927
Current score: 29294207.0


Phase 4 (routing operators) day 4 ended!
Phase 4 (routing operators) day report:
Current Iteration count: 5
Last iteration time: 0.09375190734863281
Average iteration time: 0.06874947547912598
Current score: 29294207.0


Phase 4 (routing operators) day 7 ended!
Phase 4 (routing operators) day report:
Current Iteration count: 6
Last iteration time: 0.0468754768371582
Average iteration time: 0.06510380903879802
Current score: 29294207.0


Phase 4 (routing operators) day 8 ended!
Phase 4 (routing operators) day report:
Current Iteration count: 7
Last iteration time: 0.06250333786010742
Average iteration time: 0.06473231315612793
Current score: 29294207.0


Phase 4 (routing operators) day 9 ended!
Phase 4 (routing operators) day report:
Current Iteration count: 8
Last iteration time: 0.015625476837158203
Average iteration time: 0.058593958616256714
Current score: 29294207.0


Phase 4 (routing operators) day 10 ended!
Phase 4 (routing operators) day report:
Current Iteration count: 9
Last iteration time: 0.04687190055847168
Average iteration time: 0.057291507720947266
Current score: 29294207.0


Phase 4 (routing operators) day 11 ended!
Phase 4 (routing operators) day report:
Current Iteration count: 10
Last iteration time: 0.1093752384185791
Average iteration time: 0.06249988079071045
Current score: 29294207.0


Phase 4 (routing operators) day 14 ended!
Phase 4 (routing operators) day report:
Current Iteration count: 11
Last iteration time: 0.09375143051147461
Average iteration time: 0.06534093076532538
Current score: 29294207.0


Phase 4 (routing operators) day 15 ended!
Phase 4 (routing operators) day report:
Current Iteration count: 12
Last iteration time: 0.07812118530273438
Average iteration time: 0.06640595197677612
Current score: 29294207.0


Phase 4 (routing operators) day 16 ended!
Phase 4 (routing operators) day report:
Current Iteration count: 13
Last iteration time: 0.015625715255737305
Average iteration time: 0.062499779921311595
Current score: 29294207.0


Phase 4 (routing operators) day 17 ended!
Phase 4 (routing operators) day report:
Current Iteration count: 14
Last iteration time: 0.0
Average iteration time: 0.0580355099269322
Current score: 29294207.0


Phase 4 (routing operators) day 18 ended!
Phase 4 (routing operators) day report:
Current Iteration count: 15
Last iteration time: 0.0468752384185791
Average iteration time: 0.05729149182637532
Current score: 29294207.0


Phase 4 (routing operators) day 21 ended!
Phase 4 (routing operators) day report:
Current Iteration count: 16
Last iteration time: 0.09375429153442383
Average iteration time: 0.05957041680812836
Current score: 29294207.0


Phase 4 (routing operators) day 22 ended!
Phase 4 (routing operators) day report:
Current Iteration count: 17
Last iteration time: 0.06250119209289551
Average iteration time: 0.05974281535429113
Current score: 29294207.0


Phase 4 (routing operators) day 23 ended!
Phase 4 (routing operators) day report:
Current Iteration count: 18
Last iteration time: 0.015625476837158203
Average iteration time: 0.0572918521033393
Current score: 29294207.0


Phase 4 (routing operators) day 24 ended!
Phase 4 (routing operators) day report:
Current Iteration count: 19
Last iteration time: 0.04687929153442383
Average iteration time: 0.05674382259971217
Current score: 29294207.0


Phase 4 (routing operators) day 25 ended!
Phase 4 (routing operators) day report:
Current Iteration count: 20
Last iteration time: 0.09375643730163574
Average iteration time: 0.058594453334808345
Current score: 29294207.0


Phase 4 (routing operators) day 28 ended!
Phase 4 (routing operators) day report:
Current Iteration count: 21
Last iteration time: 0.0312504768371582
Average iteration time: 0.057292359215872626
Current score: 29294207.0


Phase 4 (routing operators) day 29 ended!
Phase 4 (routing operators) day report:
Current Iteration count: 22
Last iteration time: 0.015619993209838867
Average iteration time: 0.05539816076105292
Current score: 29294207.0


Phase 4 (routing operators) day 30 ended!
Phase 4 (routing operators) day report:
Current Iteration count: 23
Last iteration time: 0.015627145767211914
Average iteration time: 0.0536689861961033
Current score: 29294207.0


Phase 4 (routing operators) day 31 ended!
Phase 4 (routing operators) day report:
Current Iteration count: 24
Last iteration time: 0.03125262260437012
Average iteration time: 0.052734971046447754
Current score: 29294207.0


Phase 4 (routing operators) day 32 ended!
Phase 4 (routing operators) day report:
Current Iteration count: 25
Last iteration time: 0.09374785423278809
Average iteration time: 0.05437548637390137
Current score: 29294207.0


Phase 4 (routing operators) day 35 ended!
Phase 4 (routing operators) day report:
Current Iteration count: 26
Last iteration time: 0.109375
Average iteration time: 0.05649085228259747
Current score: 29294207.0


Phase 4 (routing operators) day 36 ended!
Phase 4 (routing operators) day report:
Current Iteration count: 27
Last iteration time: 0.03125476837158203
Average iteration time: 0.05555618250811542
Current score: 29294207.0


Phase 4 (routing operators) day 37 ended!
Phase 4 (routing operators) day report:
Current Iteration count: 28
Last iteration time: 0.03124547004699707
Average iteration time: 0.0546879427773612
Current score: 29294207.0


Phase 4 (routing operators) day 38 ended!
Phase 4 (routing operators) day report:
Current Iteration count: 29
Last iteration time: 0.03125572204589844
Average iteration time: 0.053879935165931446
Current score: 29294207.0


Phase 4 (routing operators) day 39 ended!
Phase 4 (routing operators) day report:
Current Iteration count: 30
Last iteration time: 0.031249523162841797
Average iteration time: 0.05312558809916179
Current score: 29294207.0


Phase 4 (routing operators) day 42 ended!
Phase 4 (routing operators) day report:
Current Iteration count: 31
Last iteration time: 0.04687356948852539
Average iteration time: 0.05292391007946384
Current score: 29294207.0


Phase 4 (routing operators) day 43 ended!
Phase 4 (routing operators) day report:
Current Iteration count: 32
Last iteration time: 0.0468754768371582
Average iteration time: 0.05273489654064179
Current score: 29294207.0


Phase 4 (routing operators) day 44 ended!
Phase 4 (routing operators) day report:
Current Iteration count: 33
Last iteration time: 0.01562643051147461
Average iteration time: 0.051610397570060966
Current score: 29294207.0


Phase 4 (routing operators) day 45 ended!
Phase 4 (routing operators) day report:
Current Iteration count: 34
Last iteration time: 0.03124833106994629
Average iteration time: 0.051011513261234064
Current score: 29294207.0


Phase 4 (routing operators) day 46 ended!
Phase 4 (routing operators) day report:
Current Iteration count: 35
Last iteration time: 0.10937213897705078
Average iteration time: 0.0526789597102574
Current score: 29294207.0


Phase 4 (routing operators) day 49 ended!
Phase 4 (routing operators) day report:
Current Iteration count: 36
Last iteration time: 0.06250214576721191
Average iteration time: 0.05295182598961725
Current score: 29294207.0


Phase 4 (routing operators) day 50 ended!
Phase 4 (routing operators) day report:
Current Iteration count: 37
Last iteration time: 0.015624046325683594
Average iteration time: 0.05194296707978121
Current score: 29294207.0


Phase 4 (routing operators) day 51 ended!
Phase 4 (routing operators) day report:
Current Iteration count: 38
Last iteration time: 0.031255245208740234
Average iteration time: 0.05139855334633276
Current score: 29294207.0


Phase 4 (routing operators) day 52 ended!
Phase 4 (routing operators) day report:
Current Iteration count: 39
Last iteration time: 0.0
Average iteration time: 0.05008064172206782
Current score: 29294207.0


Phase 4 (routing operators) day 53 ended!
Phase 4 (routing operators) day report:
Current Iteration count: 40
Last iteration time: 0.0781247615814209
Average iteration time: 0.050781744718551645
Current score: 29294207.0


Phase 4 (routing operators) ended! Current time: 2026-08-09 03:25:09.621448
Phase 4 (routing operators) Report:
Iteration count: 40
Last iteration time: 0.0781247615814209
Average iteration time: 0.050781744718551645
Current score: 29294207.0


Local search report:
Iteration count: 4 iterations
Last iteration time: 19.921876907348633 seconds
Iteration average time: 174.1401275396347 seconds
Current score: 29294207.0

Local search ended after 4 iterations.
Last iteration time: 19.921876907348633 seconds
Iteration average time: 174.1401275396347 seconds
Original score: 1369569918.0
Current score: 29294207.0

----- MARKER - SOLUTION PRINTED BELOW -------

Day 0, number of edges 95, number of routes 13

	Edges:

	Edge: 30 <--> 67 	 Freq: 2.3 	 Demand: 4213
	Edge: 66 <--> 53 	 Freq: 2.3 	 Demand: 3913
	Edge: 28 <--> 7 	 Freq: 2.3 	 Demand: 1020
	Edge: 25 <--> 26 	 Freq: 2.3 	 Demand: 4247
	Edge: 54 <--> 20 	 Freq: 2.3 	 Demand: 4080
	Edge: 3 <--> 49 	 Freq: 2.3 	 Demand: 3570
	Edge: 74 <--> 72 	 Freq: 56.0 	 Demand: 116
	Edge: 45 <--> 74 	 Freq: 56.0 	 Demand: 232
	Edge: 73 <--> 74 	 Freq: 56.0 	 Demand: 352
	Edge: 11 <--> 73 	 Freq: 56.0 	 Demand: 352
	Edge: 70 <--> 47 	 Freq: 56.0 	 Demand: 436
	Edge: 43 <--> 70 	 Freq: 56.0 	 Demand: 232
	Edge: 70 <--> 13 	 Freq: 56.0 	 Demand: 1268
	Edge: 77 <--> 76 	 Freq: 56.0 	 Demand: 464
	Edge: 6 <--> 7 	 Freq: 56.0 	 Demand: 832
	Edge: 27 <--> 3 	 Freq: 56.0 	 Demand: 4008
	Edge: 0 <--> 27 	 Freq: 56.0 	 Demand: 352
	Edge: 58 <--> 21 	 Freq: 56.0 	 Demand: 408
	Edge: 21 <--> 59 	 Freq: 56.0 	 Demand: 1120
	Edge: 21 <--> 22 	 Freq: 56.0 	 Demand: 1068
	Edge: 55 <--> 19 	 Freq: 56.0 	 Demand: 832
	Edge: 71 <--> 72 	 Freq: 56.0 	 Demand: 712
	Edge: 57 <--> 18 	 Freq: 56.0 	 Demand: 952
	Edge: 18 <--> 58 	 Freq: 56.0 	 Demand: 584
	Edge: 16 <--> 58 	 Freq: 56.0 	 Demand: 1488
	Edge: 42 <--> 57 	 Freq: 56.0 	 Demand: 952
	Edge: 78 <--> 71 	 Freq: 56.0 	 Demand: 472
	Edge: 73 <--> 74 	 Freq: 28.0 	 Demand: 816
	Edge: 45 <--> 74 	 Freq: 28.0 	 Demand: 204
	Edge: 11 <--> 73 	 Freq: 28.0 	 Demand: 408
	Edge: 12 <--> 73 	 Freq: 28.0 	 Demand: 1020
	Edge: 10 <--> 44 	 Freq: 28.0 	 Demand: 408
	Edge: 74 <--> 72 	 Freq: 28.0 	 Demand: 204
	Edge: 70 <--> 13 	 Freq: 28.0 	 Demand: 2652
	Edge: 13 <--> 9 	 Freq: 28.0 	 Demand: 612
	Edge: 18 <--> 58 	 Freq: 28.0 	 Demand: 1020
	Edge: 15 <--> 17 	 Freq: 28.0 	 Demand: 1530
	Edge: 53 <--> 51 	 Freq: 28.0 	 Demand: 1632
	Edge: 61 <--> 62 	 Freq: 28.0 	 Demand: 3264
	Edge: 61 <--> 60 	 Freq: 28.0 	 Demand: 680
	Edge: 36 <--> 24 	 Freq: 28.0 	 Demand: 408
	Edge: 7 <--> 50 	 Freq: 28.0 	 Demand: 322
	Edge: 50 <--> 3 	 Freq: 28.0 	 Demand: 1360
	Edge: 3 <--> 49 	 Freq: 28.0 	 Demand: 544
	Edge: 45 <--> 10 	 Freq: 7.0 	 Demand: 765
	Edge: 73 <--> 74 	 Freq: 7.0 	 Demand: 663
	Edge: 74 <--> 72 	 Freq: 7.0 	 Demand: 153
	Edge: 12 <--> 73 	 Freq: 7.0 	 Demand: 935
	Edge: 11 <--> 73 	 Freq: 7.0 	 Demand: 357
	Edge: 10 <--> 11 	 Freq: 7.0 	 Demand: 663
	Edge: 75 <--> 12 	 Freq: 7.0 	 Demand: 1207
	Edge: 9 <--> 47 	 Freq: 7.0 	 Demand: 561
	Edge: 70 <--> 47 	 Freq: 7.0 	 Demand: 1105
	Edge: 43 <--> 70 	 Freq: 7.0 	 Demand: 204
	Edge: 48 <--> 9 	 Freq: 7.0 	 Demand: 918
	Edge: 13 <--> 9 	 Freq: 7.0 	 Demand: 816
	Edge: 70 <--> 13 	 Freq: 7.0 	 Demand: 2278
	Edge: 31 <--> 77 	 Freq: 7.0 	 Demand: 1020
	Edge: 44 <--> 77 	 Freq: 7.0 	 Demand: 612
	Edge: 76 <--> 75 	 Freq: 7.0 	 Demand: 510
	Edge: 78 <--> 71 	 Freq: 7.0 	 Demand: 238
	Edge: 15 <--> 22 	 Freq: 7.0 	 Demand: 4080
	Edge: 55 <--> 19 	 Freq: 7.0 	 Demand: 782
	Edge: 46 <--> 56 	 Freq: 7.0 	 Demand: 408
	Edge: 50 <--> 3 	 Freq: 7.0 	 Demand: 3060
	Edge: 7 <--> 50 	 Freq: 7.0 	 Demand: 238
	Edge: 28 <--> 29 	 Freq: 7.0 	 Demand: 510
	Edge: 43 <--> 70 	 Freq: 14.0 	 Demand: 1530
	Edge: 43 <--> 70 	 Freq: 3.5 	 Demand: 3060
	Edge: 78 <--> 71 	 Freq: 3.5 	 Demand: 3825
	Edge: 40 <--> 15 	 Freq: 3.5 	 Demand: 2244
	Edge: 14 <--> 15 	 Freq: 3.5 	 Demand: 3895
	Edge: 7 <--> 50 	 Freq: 3.5 	 Demand: 1530
	Edge: 53 <--> 51 	 Freq: 3.5 	 Demand: 3568
	Edge: 4 <--> 5 	 Freq: 3.5 	 Demand: 2550
	Edge: 50 <--> 3 	 Freq: 3.5 	 Demand: 1530
	Edge: 65 <--> 52 	 Freq: 3.5 	 Demand: 3974
	Edge: 34 <--> 66 	 Freq: 3.5 	 Demand: 1700
	Edge: 40 <--> 41 	 Freq: 3.5 	 Demand: 3516
	Edge: 61 <--> 60 	 Freq: 3.5 	 Demand: 2720
	Edge: 48 <--> 9 	 Freq: 56.0 	 Demand: 788
	Edge: 76 <--> 75 	 Freq: 56.0 	 Demand: 232
	Edge: 27 <--> 8 	 Freq: 56.0 	 Demand: 116
	Edge: 18 <--> 19 	 Freq: 56.0 	 Demand: 1184
	Edge: 45 <--> 10 	 Freq: 28.0 	 Demand: 1020
	Edge: 13 <--> 9 	 Freq: 56.0 	 Demand: 760
	Edge: 43 <--> 70 	 Freq: 28.0 	 Demand: 1224
	Edge: 75 <--> 12 	 Freq: 56.0 	 Demand: 640
	Edge: 10 <--> 11 	 Freq: 28.0 	 Demand: 816
	Edge: 18 <--> 19 	 Freq: 28.0 	 Demand: 3468
	Edge: 76 <--> 75 	 Freq: 28.0 	 Demand: 612
	Edge: 12 <--> 73 	 Freq: 56.0 	 Demand: 944
	Edge: 10 <--> 44 	 Freq: 56.0 	 Demand: 320
	Edge: 45 <--> 10 	 Freq: 56.0 	 Demand: 712
	Edge: 23 <--> 24 	 Freq: 56.0 	 Demand: 1388

	Routes:

	Route: 1
	Route length (886.0) and demand (9480)
	Edge: 31 <--> 77 	 Freq: 7.0 	 Demand: 1020
	Edge: 25 <--> 26 	 Freq: 2.3 	 Demand: 4247
	Edge: 30 <--> 67 	 Freq: 2.3 	 Demand: 4213
	Route: 2
	Route length (1986.0) and demand (11250)
	Edge: 18 <--> 19 	 Freq: 56.0 	 Demand: 1184
	Edge: 55 <--> 19 	 Freq: 7.0 	 Demand: 782
	Edge: 55 <--> 19 	 Freq: 56.0 	 Demand: 832
	Edge: 54 <--> 20 	 Freq: 2.3 	 Demand: 4080
	Edge: 46 <--> 56 	 Freq: 7.0 	 Demand: 408
	Edge: 74 <--> 72 	 Freq: 56.0 	 Demand: 116
	Edge: 74 <--> 72 	 Freq: 7.0 	 Demand: 153
	Edge: 73 <--> 74 	 Freq: 28.0 	 Demand: 816
	Edge: 11 <--> 73 	 Freq: 56.0 	 Demand: 352
	Edge: 11 <--> 73 	 Freq: 28.0 	 Demand: 408
	Edge: 10 <--> 11 	 Freq: 7.0 	 Demand: 663
	Edge: 10 <--> 11 	 Freq: 28.0 	 Demand: 816
	Edge: 75 <--> 12 	 Freq: 56.0 	 Demand: 640
	Route: 3
	Route length (1092.0) and demand (10094)
	Edge: 65 <--> 52 	 Freq: 3.5 	 Demand: 3974
	Edge: 28 <--> 29 	 Freq: 7.0 	 Demand: 510
	Edge: 28 <--> 7 	 Freq: 2.3 	 Demand: 1020
	Edge: 50 <--> 3 	 Freq: 7.0 	 Demand: 3060
	Edge: 7 <--> 50 	 Freq: 3.5 	 Demand: 1530
	Route: 4
	Route length (1781.0) and demand (9327)
	Edge: 75 <--> 12 	 Freq: 7.0 	 Demand: 1207
	Edge: 12 <--> 73 	 Freq: 28.0 	 Demand: 1020
	Edge: 11 <--> 73 	 Freq: 7.0 	 Demand: 357
	Edge: 12 <--> 73 	 Freq: 56.0 	 Demand: 944
	Edge: 12 <--> 73 	 Freq: 7.0 	 Demand: 935
	Edge: 73 <--> 74 	 Freq: 56.0 	 Demand: 352
	Edge: 45 <--> 74 	 Freq: 56.0 	 Demand: 232
	Edge: 45 <--> 10 	 Freq: 28.0 	 Demand: 1020
	Edge: 45 <--> 10 	 Freq: 7.0 	 Demand: 765
	Edge: 45 <--> 10 	 Freq: 56.0 	 Demand: 712
	Edge: 45 <--> 74 	 Freq: 28.0 	 Demand: 204
	Edge: 73 <--> 74 	 Freq: 7.0 	 Demand: 663
	Edge: 74 <--> 72 	 Freq: 28.0 	 Demand: 204
	Edge: 71 <--> 72 	 Freq: 56.0 	 Demand: 712
	Route: 5
	Route length (1867.0) and demand (11451)
	Edge: 76 <--> 75 	 Freq: 7.0 	 Demand: 510
	Edge: 70 <--> 47 	 Freq: 7.0 	 Demand: 1105
	Edge: 43 <--> 70 	 Freq: 56.0 	 Demand: 232
	Edge: 43 <--> 70 	 Freq: 3.5 	 Demand: 3060
	Edge: 43 <--> 70 	 Freq: 14.0 	 Demand: 1530
	Edge: 43 <--> 70 	 Freq: 28.0 	 Demand: 1224
	Edge: 43 <--> 70 	 Freq: 7.0 	 Demand: 204
	Edge: 70 <--> 13 	 Freq: 56.0 	 Demand: 1268
	Edge: 13 <--> 9 	 Freq: 28.0 	 Demand: 612
	Edge: 48 <--> 9 	 Freq: 56.0 	 Demand: 788
	Edge: 48 <--> 9 	 Freq: 7.0 	 Demand: 918
	Route: 6
	Route length (984.0) and demand (9057)
	Edge: 14 <--> 15 	 Freq: 3.5 	 Demand: 3895
	Edge: 15 <--> 17 	 Freq: 28.0 	 Demand: 1530
	Edge: 40 <--> 15 	 Freq: 3.5 	 Demand: 2244
	Edge: 23 <--> 24 	 Freq: 56.0 	 Demand: 1388
	Route: 7
	Route length (1164.0) and demand (8164)
	Edge: 16 <--> 58 	 Freq: 56.0 	 Demand: 1488
	Edge: 58 <--> 21 	 Freq: 56.0 	 Demand: 408
	Edge: 21 <--> 59 	 Freq: 56.0 	 Demand: 1120
	Edge: 21 <--> 22 	 Freq: 56.0 	 Demand: 1068
	Edge: 15 <--> 22 	 Freq: 7.0 	 Demand: 4080
	Route: 8
	Route length (1329.0) and demand (10946)
	Edge: 6 <--> 7 	 Freq: 56.0 	 Demand: 832
	Edge: 7 <--> 50 	 Freq: 28.0 	 Demand: 322
	Edge: 50 <--> 3 	 Freq: 3.5 	 Demand: 1530
	Edge: 4 <--> 5 	 Freq: 3.5 	 Demand: 2550
	Edge: 3 <--> 49 	 Freq: 2.3 	 Demand: 3570
	Edge: 3 <--> 49 	 Freq: 28.0 	 Demand: 544
	Edge: 50 <--> 3 	 Freq: 28.0 	 Demand: 1360
	Edge: 7 <--> 50 	 Freq: 7.0 	 Demand: 238
	Route: 9
	Route length (995.0) and demand (10929)
	Edge: 34 <--> 66 	 Freq: 3.5 	 Demand: 1700
	Edge: 66 <--> 53 	 Freq: 2.3 	 Demand: 3913
	Edge: 53 <--> 51 	 Freq: 3.5 	 Demand: 3568
	Edge: 53 <--> 51 	 Freq: 28.0 	 Demand: 1632
	Edge: 27 <--> 8 	 Freq: 56.0 	 Demand: 116
	Route: 10
	Route length (1114.0) and demand (6976)
	Edge: 18 <--> 58 	 Freq: 28.0 	 Demand: 1020
	Edge: 18 <--> 58 	 Freq: 56.0 	 Demand: 584
	Edge: 18 <--> 19 	 Freq: 28.0 	 Demand: 3468
	Edge: 57 <--> 18 	 Freq: 56.0 	 Demand: 952
	Edge: 42 <--> 57 	 Freq: 56.0 	 Demand: 952
	Route: 11
	Route length (1657.0) and demand (10861)
	Edge: 78 <--> 71 	 Freq: 56.0 	 Demand: 472
	Edge: 76 <--> 75 	 Freq: 28.0 	 Demand: 612
	Edge: 77 <--> 76 	 Freq: 56.0 	 Demand: 464
	Edge: 44 <--> 77 	 Freq: 7.0 	 Demand: 612
	Edge: 10 <--> 44 	 Freq: 56.0 	 Demand: 320
	Edge: 9 <--> 47 	 Freq: 7.0 	 Demand: 561
	Edge: 70 <--> 47 	 Freq: 56.0 	 Demand: 436
	Edge: 70 <--> 13 	 Freq: 7.0 	 Demand: 2278
	Edge: 70 <--> 13 	 Freq: 28.0 	 Demand: 2652
	Edge: 13 <--> 9 	 Freq: 56.0 	 Demand: 760
	Edge: 13 <--> 9 	 Freq: 7.0 	 Demand: 816
	Edge: 10 <--> 44 	 Freq: 28.0 	 Demand: 408
	Edge: 76 <--> 75 	 Freq: 56.0 	 Demand: 232
	Edge: 78 <--> 71 	 Freq: 7.0 	 Demand: 238
	Route: 12
	Route length (754.0) and demand (8185)
	Edge: 78 <--> 71 	 Freq: 3.5 	 Demand: 3825
	Edge: 0 <--> 27 	 Freq: 56.0 	 Demand: 352
	Edge: 27 <--> 3 	 Freq: 56.0 	 Demand: 4008
	Route: 13
	Route length (1294.0) and demand (10588)
	Edge: 36 <--> 24 	 Freq: 28.0 	 Demand: 408
	Edge: 40 <--> 41 	 Freq: 3.5 	 Demand: 3516
	Edge: 61 <--> 60 	 Freq: 28.0 	 Demand: 680
	Edge: 61 <--> 62 	 Freq: 28.0 	 Demand: 3264
	Edge: 61 <--> 60 	 Freq: 3.5 	 Demand: 2720

Day 1, number of edges 25, number of routes 9

	Edges:

	Edge: 58 <--> 21 	 Freq: 7.0 	 Demand: 306
	Edge: 18 <--> 58 	 Freq: 7.0 	 Demand: 578
	Edge: 23 <--> 24 	 Freq: 7.0 	 Demand: 3978
	Edge: 30 <--> 67 	 Freq: 7.0 	 Demand: 204
	Edge: 37 <--> 23 	 Freq: 7.0 	 Demand: 1683
	Edge: 23 <--> 63 	 Freq: 7.0 	 Demand: 4998
	Edge: 27 <--> 3 	 Freq: 7.0 	 Demand: 4751
	Edge: 0 <--> 27 	 Freq: 7.0 	 Demand: 306
	Edge: 61 <--> 62 	 Freq: 3.5 	 Demand: 4080
	Edge: 35 <--> 1 	 Freq: 3.5 	 Demand: 4235
	Edge: 67 <--> 68 	 Freq: 3.5 	 Demand: 3656
	Edge: 67 <--> 66 	 Freq: 3.5 	 Demand: 3970
	Edge: 27 <--> 8 	 Freq: 3.5 	 Demand: 4182
	Edge: 36 <--> 16 	 Freq: 3.5 	 Demand: 3927
	Edge: 38 <--> 42 	 Freq: 3.5 	 Demand: 4031
	Edge: 37 <--> 23 	 Freq: 3.5 	 Demand: 3060
	Edge: 68 <--> 69 	 Freq: 3.5 	 Demand: 3653
	Edge: 34 <--> 0 	 Freq: 3.5 	 Demand: 3697
	Edge: 32 <--> 33 	 Freq: 3.5 	 Demand: 3777
	Edge: 39 <--> 25 	 Freq: 3.5 	 Demand: 4080
	Edge: 23 <--> 24 	 Freq: 3.5 	 Demand: 4080
	Edge: 27 <--> 3 	 Freq: 3.5 	 Demand: 3060
	Edge: 23 <--> 24 	 Freq: 28.0 	 Demand: 4148
	Edge: 32 <--> 33 	 Freq: 28.0 	 Demand: 1530
	Edge: 23 <--> 63 	 Freq: 56.0 	 Demand: 3024

	Routes:

	Route: 1
	Route length (1079.0) and demand (8228)
	Edge: 61 <--> 62 	 Freq: 3.5 	 Demand: 4080
	Edge: 23 <--> 24 	 Freq: 28.0 	 Demand: 4148
	Route: 2
	Route length (1008.0) and demand (11993)
	Edge: 27 <--> 3 	 Freq: 7.0 	 Demand: 4751
	Edge: 27 <--> 3 	 Freq: 3.5 	 Demand: 3060
	Edge: 27 <--> 8 	 Freq: 3.5 	 Demand: 4182
	Route: 3
	Route length (275.0) and demand (7474)
	Edge: 34 <--> 0 	 Freq: 3.5 	 Demand: 3697
	Edge: 32 <--> 33 	 Freq: 3.5 	 Demand: 3777
	Route: 4
	Route length (827.0) and demand (9845)
	Edge: 32 <--> 33 	 Freq: 28.0 	 Demand: 1530
	Edge: 39 <--> 25 	 Freq: 3.5 	 Demand: 4080
	Edge: 35 <--> 1 	 Freq: 3.5 	 Demand: 4235
	Route: 5
	Route length (895.0) and demand (8842)
	Edge: 36 <--> 16 	 Freq: 3.5 	 Demand: 3927
	Edge: 58 <--> 21 	 Freq: 7.0 	 Demand: 306
	Edge: 18 <--> 58 	 Freq: 7.0 	 Demand: 578
	Edge: 38 <--> 42 	 Freq: 3.5 	 Demand: 4031
	Route: 6
	Route length (848.0) and demand (11745)
	Edge: 37 <--> 23 	 Freq: 7.0 	 Demand: 1683
	Edge: 23 <--> 24 	 Freq: 7.0 	 Demand: 3978
	Edge: 23 <--> 63 	 Freq: 56.0 	 Demand: 3024
	Edge: 37 <--> 23 	 Freq: 3.5 	 Demand: 3060
	Route: 7
	Route length (78.0) and demand (306)
	Edge: 0 <--> 27 	 Freq: 7.0 	 Demand: 306
	Route: 8
	Route length (994.0) and demand (11483)
	Edge: 30 <--> 67 	 Freq: 7.0 	 Demand: 204
	Edge: 68 <--> 69 	 Freq: 3.5 	 Demand: 3653
	Edge: 67 <--> 68 	 Freq: 3.5 	 Demand: 3656
	Edge: 67 <--> 66 	 Freq: 3.5 	 Demand: 3970
	Route: 9
	Route length (848.0) and demand (9078)
	Edge: 23 <--> 63 	 Freq: 7.0 	 Demand: 4998
	Edge: 23 <--> 24 	 Freq: 3.5 	 Demand: 4080

Day 2, number of edges 19, number of routes 5

	Edges:

	Edge: 27 <--> 3 	 Freq: 28.0 	 Demand: 5398
	Edge: 45 <--> 74 	 Freq: 7.0 	 Demand: 119
	Edge: 77 <--> 76 	 Freq: 7.0 	 Demand: 578
	Edge: 21 <--> 22 	 Freq: 7.0 	 Demand: 1020
	Edge: 21 <--> 59 	 Freq: 7.0 	 Demand: 578
	Edge: 18 <--> 19 	 Freq: 7.0 	 Demand: 2686
	Edge: 16 <--> 58 	 Freq: 7.0 	 Demand: 2822
	Edge: 38 <--> 42 	 Freq: 7.0 	 Demand: 510
	Edge: 57 <--> 55 	 Freq: 7.0 	 Demand: 2992
	Edge: 71 <--> 72 	 Freq: 7.0 	 Demand: 1836
	Edge: 3 <--> 49 	 Freq: 7.0 	 Demand: 1530
	Edge: 0 <--> 71 	 Freq: 7.0 	 Demand: 1870
	Edge: 42 <--> 16 	 Freq: 7.0 	 Demand: 1173
	Edge: 42 <--> 57 	 Freq: 7.0 	 Demand: 1989
	Edge: 38 <--> 42 	 Freq: 14.0 	 Demand: 1870
	Edge: 28 <--> 7 	 Freq: 2.3 	 Demand: 1020
	Edge: 3 <--> 49 	 Freq: 2.3 	 Demand: 3570
	Edge: 66 <--> 53 	 Freq: 2.3 	 Demand: 3913
	Edge: 30 <--> 67 	 Freq: 2.3 	 Demand: 4213

	Routes:

	Route: 1
	Route length (1665.0) and demand (10659)
	Edge: 66 <--> 53 	 Freq: 2.3 	 Demand: 3913
	Edge: 30 <--> 67 	 Freq: 2.3 	 Demand: 4213
	Edge: 77 <--> 76 	 Freq: 7.0 	 Demand: 578
	Edge: 45 <--> 74 	 Freq: 7.0 	 Demand: 119
	Edge: 71 <--> 72 	 Freq: 7.0 	 Demand: 1836
	Route: 2
	Route length (1190.0) and demand (11518)
	Edge: 27 <--> 3 	 Freq: 28.0 	 Demand: 5398
	Edge: 3 <--> 49 	 Freq: 7.0 	 Demand: 1530
	Edge: 3 <--> 49 	 Freq: 2.3 	 Demand: 3570
	Edge: 28 <--> 7 	 Freq: 2.3 	 Demand: 1020
	Route: 3
	Route length (85.0) and demand (1870)
	Edge: 0 <--> 71 	 Freq: 7.0 	 Demand: 1870
	Route: 4
	Route length (454.0) and demand (4369)
	Edge: 38 <--> 42 	 Freq: 7.0 	 Demand: 510
	Edge: 42 <--> 57 	 Freq: 7.0 	 Demand: 1989
	Edge: 38 <--> 42 	 Freq: 14.0 	 Demand: 1870
	Route: 5
	Route length (1524.0) and demand (11271)
	Edge: 57 <--> 55 	 Freq: 7.0 	 Demand: 2992
	Edge: 18 <--> 19 	 Freq: 7.0 	 Demand: 2686
	Edge: 21 <--> 22 	 Freq: 7.0 	 Demand: 1020
	Edge: 21 <--> 59 	 Freq: 7.0 	 Demand: 578
	Edge: 16 <--> 58 	 Freq: 7.0 	 Demand: 2822
	Edge: 42 <--> 16 	 Freq: 7.0 	 Demand: 1173

Day 3, number of edges 17, number of routes 4

	Edges:

	Edge: 10 <--> 44 	 Freq: 7.0 	 Demand: 646
	Edge: 36 <--> 24 	 Freq: 7.0 	 Demand: 765
	Edge: 61 <--> 60 	 Freq: 7.0 	 Demand: 510
	Edge: 61 <--> 62 	 Freq: 7.0 	 Demand: 1530
	Edge: 66 <--> 53 	 Freq: 7.0 	 Demand: 510
	Edge: 25 <--> 26 	 Freq: 7.0 	 Demand: 510
	Edge: 65 <--> 6 	 Freq: 7.0 	 Demand: 306
	Edge: 6 <--> 7 	 Freq: 7.0 	 Demand: 1955
	Edge: 27 <--> 8 	 Freq: 7.0 	 Demand: 833
	Edge: 68 <--> 69 	 Freq: 7.0 	 Demand: 3508
	Edge: 34 <--> 66 	 Freq: 7.0 	 Demand: 3604
	Edge: 53 <--> 51 	 Freq: 3.5 	 Demand: 3568
	Edge: 65 <--> 52 	 Freq: 3.5 	 Demand: 3974
	Edge: 40 <--> 41 	 Freq: 3.5 	 Demand: 3516
	Edge: 61 <--> 60 	 Freq: 3.5 	 Demand: 2720
	Edge: 25 <--> 26 	 Freq: 2.3 	 Demand: 4247
	Edge: 54 <--> 20 	 Freq: 2.3 	 Demand: 4080

	Routes:

	Route: 1
	Route length (1240.0) and demand (11869)
	Edge: 25 <--> 26 	 Freq: 2.3 	 Demand: 4247
	Edge: 25 <--> 26 	 Freq: 7.0 	 Demand: 510
	Edge: 68 <--> 69 	 Freq: 7.0 	 Demand: 3508
	Edge: 34 <--> 66 	 Freq: 7.0 	 Demand: 3604
	Route: 2
	Route length (1498.0) and demand (4726)
	Edge: 10 <--> 44 	 Freq: 7.0 	 Demand: 646
	Edge: 54 <--> 20 	 Freq: 2.3 	 Demand: 4080
	Route: 3
	Route length (1294.0) and demand (9041)
	Edge: 61 <--> 62 	 Freq: 7.0 	 Demand: 1530
	Edge: 61 <--> 60 	 Freq: 7.0 	 Demand: 510
	Edge: 61 <--> 60 	 Freq: 3.5 	 Demand: 2720
	Edge: 40 <--> 41 	 Freq: 3.5 	 Demand: 3516
	Edge: 36 <--> 24 	 Freq: 7.0 	 Demand: 765
	Route: 4
	Route length (1191.0) and demand (11146)
	Edge: 27 <--> 8 	 Freq: 7.0 	 Demand: 833
	Edge: 65 <--> 52 	 Freq: 3.5 	 Demand: 3974
	Edge: 53 <--> 51 	 Freq: 3.5 	 Demand: 3568
	Edge: 66 <--> 53 	 Freq: 7.0 	 Demand: 510
	Edge: 65 <--> 6 	 Freq: 7.0 	 Demand: 306
	Edge: 6 <--> 7 	 Freq: 7.0 	 Demand: 1955

Day 4, number of edges 30, number of routes 10

	Edges:

	Edge: 27 <--> 8 	 Freq: 28.0 	 Demand: 2312
	Edge: 0 <--> 27 	 Freq: 28.0 	 Demand: 408
	Edge: 25 <--> 26 	 Freq: 28.0 	 Demand: 4760
	Edge: 57 <--> 18 	 Freq: 7.0 	 Demand: 1394
	Edge: 43 <--> 70 	 Freq: 3.5 	 Demand: 3060
	Edge: 78 <--> 71 	 Freq: 3.5 	 Demand: 3825
	Edge: 40 <--> 15 	 Freq: 3.5 	 Demand: 2244
	Edge: 14 <--> 15 	 Freq: 3.5 	 Demand: 3895
	Edge: 7 <--> 50 	 Freq: 3.5 	 Demand: 1530
	Edge: 61 <--> 62 	 Freq: 3.5 	 Demand: 4080
	Edge: 4 <--> 5 	 Freq: 3.5 	 Demand: 2550
	Edge: 50 <--> 3 	 Freq: 3.5 	 Demand: 1530
	Edge: 35 <--> 1 	 Freq: 3.5 	 Demand: 4235
	Edge: 67 <--> 68 	 Freq: 3.5 	 Demand: 3656
	Edge: 67 <--> 66 	 Freq: 3.5 	 Demand: 3970
	Edge: 34 <--> 66 	 Freq: 3.5 	 Demand: 1700
	Edge: 27 <--> 8 	 Freq: 3.5 	 Demand: 4182
	Edge: 36 <--> 16 	 Freq: 3.5 	 Demand: 3927
	Edge: 38 <--> 42 	 Freq: 3.5 	 Demand: 4031
	Edge: 37 <--> 23 	 Freq: 3.5 	 Demand: 3060
	Edge: 68 <--> 69 	 Freq: 3.5 	 Demand: 3653
	Edge: 34 <--> 0 	 Freq: 3.5 	 Demand: 3697
	Edge: 32 <--> 33 	 Freq: 3.5 	 Demand: 3777
	Edge: 39 <--> 25 	 Freq: 3.5 	 Demand: 4080
	Edge: 23 <--> 24 	 Freq: 3.5 	 Demand: 4080
	Edge: 27 <--> 3 	 Freq: 3.5 	 Demand: 3060
	Edge: 28 <--> 7 	 Freq: 2.3 	 Demand: 1020
	Edge: 3 <--> 49 	 Freq: 2.3 	 Demand: 3570
	Edge: 66 <--> 53 	 Freq: 2.3 	 Demand: 3913
	Edge: 30 <--> 67 	 Freq: 2.3 	 Demand: 4213

	Routes:

	Route: 1
	Route length (715.0) and demand (11960)
	Edge: 67 <--> 66 	 Freq: 3.5 	 Demand: 3970
	Edge: 30 <--> 67 	 Freq: 2.3 	 Demand: 4213
	Edge: 32 <--> 33 	 Freq: 3.5 	 Demand: 3777
	Route: 2
	Route length (1111.0) and demand (10645)
	Edge: 27 <--> 8 	 Freq: 3.5 	 Demand: 4182
	Edge: 66 <--> 53 	 Freq: 2.3 	 Demand: 3913
	Edge: 28 <--> 7 	 Freq: 2.3 	 Demand: 1020
	Edge: 7 <--> 50 	 Freq: 3.5 	 Demand: 1530
	Route: 3
	Route length (1143.0) and demand (11120)
	Edge: 78 <--> 71 	 Freq: 3.5 	 Demand: 3825
	Edge: 43 <--> 70 	 Freq: 3.5 	 Demand: 3060
	Edge: 35 <--> 1 	 Freq: 3.5 	 Demand: 4235
	Route: 4
	Route length (1162.0) and demand (11460)
	Edge: 57 <--> 18 	 Freq: 7.0 	 Demand: 1394
	Edge: 40 <--> 15 	 Freq: 3.5 	 Demand: 2244
	Edge: 14 <--> 15 	 Freq: 3.5 	 Demand: 3895
	Edge: 36 <--> 16 	 Freq: 3.5 	 Demand: 3927
	Route: 5
	Route length (1165.0) and demand (10710)
	Edge: 27 <--> 3 	 Freq: 3.5 	 Demand: 3060
	Edge: 50 <--> 3 	 Freq: 3.5 	 Demand: 1530
	Edge: 4 <--> 5 	 Freq: 3.5 	 Demand: 2550
	Edge: 3 <--> 49 	 Freq: 2.3 	 Demand: 3570
	Route: 6
	Route length (264.0) and demand (4031)
	Edge: 38 <--> 42 	 Freq: 3.5 	 Demand: 4031
	Route: 7
	Route length (1011.0) and demand (11729)
	Edge: 34 <--> 66 	 Freq: 3.5 	 Demand: 1700
	Edge: 67 <--> 68 	 Freq: 3.5 	 Demand: 3656
	Edge: 68 <--> 69 	 Freq: 3.5 	 Demand: 3653
	Edge: 27 <--> 8 	 Freq: 28.0 	 Demand: 2312
	Edge: 0 <--> 27 	 Freq: 28.0 	 Demand: 408
	Route: 8
	Route length (81.0) and demand (3697)
	Edge: 34 <--> 0 	 Freq: 3.5 	 Demand: 3697
	Route: 9
	Route length (698.0) and demand (8840)
	Edge: 39 <--> 25 	 Freq: 3.5 	 Demand: 4080
	Edge: 25 <--> 26 	 Freq: 28.0 	 Demand: 4760
	Route: 10
	Route length (1079.0) and demand (11220)
	Edge: 61 <--> 62 	 Freq: 3.5 	 Demand: 4080
	Edge: 23 <--> 24 	 Freq: 3.5 	 Demand: 4080
	Edge: 37 <--> 23 	 Freq: 3.5 	 Demand: 3060

Day 5, number of edges 0, number of routes 0

	Edges:


	Routes:


Day 6, number of edges 0, number of routes 0

	Edges:


	Routes:


Day 7, number of edges 30, number of routes 9

	Edges:

	Edge: 73 <--> 74 	 Freq: 7.0 	 Demand: 663
	Edge: 74 <--> 72 	 Freq: 7.0 	 Demand: 153
	Edge: 11 <--> 73 	 Freq: 7.0 	 Demand: 357
	Edge: 70 <--> 47 	 Freq: 7.0 	 Demand: 1105
	Edge: 43 <--> 70 	 Freq: 7.0 	 Demand: 204
	Edge: 31 <--> 77 	 Freq: 7.0 	 Demand: 1020
	Edge: 50 <--> 3 	 Freq: 7.0 	 Demand: 3060
	Edge: 34 <--> 66 	 Freq: 7.0 	 Demand: 3604
	Edge: 0 <--> 27 	 Freq: 7.0 	 Demand: 306
	Edge: 43 <--> 70 	 Freq: 3.5 	 Demand: 3060
	Edge: 7 <--> 50 	 Freq: 3.5 	 Demand: 1530
	Edge: 53 <--> 51 	 Freq: 3.5 	 Demand: 3568
	Edge: 61 <--> 62 	 Freq: 3.5 	 Demand: 4080
	Edge: 35 <--> 1 	 Freq: 3.5 	 Demand: 4235
	Edge: 65 <--> 52 	 Freq: 3.5 	 Demand: 3974
	Edge: 67 <--> 66 	 Freq: 3.5 	 Demand: 3970
	Edge: 27 <--> 8 	 Freq: 3.5 	 Demand: 4182
	Edge: 38 <--> 42 	 Freq: 3.5 	 Demand: 4031
	Edge: 37 <--> 23 	 Freq: 3.5 	 Demand: 3060
	Edge: 34 <--> 0 	 Freq: 3.5 	 Demand: 3697
	Edge: 40 <--> 41 	 Freq: 3.5 	 Demand: 3516
	Edge: 61 <--> 60 	 Freq: 3.5 	 Demand: 2720
	Edge: 32 <--> 33 	 Freq: 3.5 	 Demand: 3777
	Edge: 39 <--> 25 	 Freq: 3.5 	 Demand: 4080
	Edge: 27 <--> 3 	 Freq: 3.5 	 Demand: 3060
	Edge: 28 <--> 7 	 Freq: 2.3 	 Demand: 1020
	Edge: 3 <--> 49 	 Freq: 2.3 	 Demand: 3570
	Edge: 66 <--> 53 	 Freq: 2.3 	 Demand: 3913
	Edge: 30 <--> 67 	 Freq: 2.3 	 Demand: 4213
	Edge: 65 <--> 6 	 Freq: 56.0 	 Demand: 232

	Routes:

	Route: 1
	Route length (1189.0) and demand (10316)
	Edge: 61 <--> 62 	 Freq: 3.5 	 Demand: 4080
	Edge: 61 <--> 60 	 Freq: 3.5 	 Demand: 2720
	Edge: 40 <--> 41 	 Freq: 3.5 	 Demand: 3516
	Route: 2
	Route length (367.0) and demand (7091)
	Edge: 37 <--> 23 	 Freq: 3.5 	 Demand: 3060
	Edge: 38 <--> 42 	 Freq: 3.5 	 Demand: 4031
	Route: 3
	Route length (652.0) and demand (7242)
	Edge: 27 <--> 8 	 Freq: 3.5 	 Demand: 4182
	Edge: 27 <--> 3 	 Freq: 3.5 	 Demand: 3060
	Route: 4
	Route length (1633.0) and demand (9777)
	Edge: 35 <--> 1 	 Freq: 3.5 	 Demand: 4235
	Edge: 43 <--> 70 	 Freq: 3.5 	 Demand: 3060
	Edge: 43 <--> 70 	 Freq: 7.0 	 Demand: 204
	Edge: 70 <--> 47 	 Freq: 7.0 	 Demand: 1105
	Edge: 11 <--> 73 	 Freq: 7.0 	 Demand: 357
	Edge: 73 <--> 74 	 Freq: 7.0 	 Demand: 663
	Edge: 74 <--> 72 	 Freq: 7.0 	 Demand: 153
	Route: 5
	Route length (961.0) and demand (11993)
	Edge: 0 <--> 27 	 Freq: 7.0 	 Demand: 306
	Edge: 65 <--> 6 	 Freq: 56.0 	 Demand: 232
	Edge: 65 <--> 52 	 Freq: 3.5 	 Demand: 3974
	Edge: 53 <--> 51 	 Freq: 3.5 	 Demand: 3568
	Edge: 66 <--> 53 	 Freq: 2.3 	 Demand: 3913
	Route: 6
	Route length (1224.0) and demand (9180)
	Edge: 28 <--> 7 	 Freq: 2.3 	 Demand: 1020
	Edge: 3 <--> 49 	 Freq: 2.3 	 Demand: 3570
	Edge: 50 <--> 3 	 Freq: 7.0 	 Demand: 3060
	Edge: 7 <--> 50 	 Freq: 3.5 	 Demand: 1530
	Route: 7
	Route length (81.0) and demand (3697)
	Edge: 34 <--> 0 	 Freq: 3.5 	 Demand: 3697
	Route: 8
	Route length (650.0) and demand (8877)
	Edge: 32 <--> 33 	 Freq: 3.5 	 Demand: 3777
	Edge: 31 <--> 77 	 Freq: 7.0 	 Demand: 1020
	Edge: 39 <--> 25 	 Freq: 3.5 	 Demand: 4080
	Route: 9
	Route length (715.0) and demand (11787)
	Edge: 34 <--> 66 	 Freq: 7.0 	 Demand: 3604
	Edge: 67 <--> 66 	 Freq: 3.5 	 Demand: 3970
	Edge: 30 <--> 67 	 Freq: 2.3 	 Demand: 4213

Day 8, number of edges 31, number of routes 6

	Edges:

	Edge: 45 <--> 10 	 Freq: 7.0 	 Demand: 765
	Edge: 12 <--> 73 	 Freq: 7.0 	 Demand: 935
	Edge: 10 <--> 11 	 Freq: 7.0 	 Demand: 663
	Edge: 75 <--> 12 	 Freq: 7.0 	 Demand: 1207
	Edge: 9 <--> 47 	 Freq: 7.0 	 Demand: 561
	Edge: 48 <--> 9 	 Freq: 7.0 	 Demand: 918
	Edge: 70 <--> 13 	 Freq: 7.0 	 Demand: 2278
	Edge: 44 <--> 77 	 Freq: 7.0 	 Demand: 612
	Edge: 76 <--> 75 	 Freq: 7.0 	 Demand: 510
	Edge: 78 <--> 71 	 Freq: 7.0 	 Demand: 238
	Edge: 58 <--> 21 	 Freq: 7.0 	 Demand: 306
	Edge: 15 <--> 22 	 Freq: 7.0 	 Demand: 4080
	Edge: 55 <--> 19 	 Freq: 7.0 	 Demand: 782
	Edge: 46 <--> 56 	 Freq: 7.0 	 Demand: 408
	Edge: 18 <--> 58 	 Freq: 7.0 	 Demand: 578
	Edge: 71 <--> 72 	 Freq: 7.0 	 Demand: 1836
	Edge: 7 <--> 50 	 Freq: 7.0 	 Demand: 238
	Edge: 28 <--> 29 	 Freq: 7.0 	 Demand: 510
	Edge: 30 <--> 67 	 Freq: 7.0 	 Demand: 204
	Edge: 37 <--> 23 	 Freq: 7.0 	 Demand: 1683
	Edge: 23 <--> 63 	 Freq: 7.0 	 Demand: 4998
	Edge: 78 <--> 71 	 Freq: 3.5 	 Demand: 3825
	Edge: 40 <--> 15 	 Freq: 3.5 	 Demand: 2244
	Edge: 14 <--> 15 	 Freq: 3.5 	 Demand: 3895
	Edge: 4 <--> 5 	 Freq: 3.5 	 Demand: 2550
	Edge: 50 <--> 3 	 Freq: 3.5 	 Demand: 1530
	Edge: 67 <--> 68 	 Freq: 3.5 	 Demand: 3656
	Edge: 34 <--> 66 	 Freq: 3.5 	 Demand: 1700
	Edge: 36 <--> 16 	 Freq: 3.5 	 Demand: 3927
	Edge: 68 <--> 69 	 Freq: 3.5 	 Demand: 3653
	Edge: 23 <--> 24 	 Freq: 3.5 	 Demand: 4080

	Routes:

	Route: 1
	Route length (848.0) and demand (10761)
	Edge: 23 <--> 63 	 Freq: 7.0 	 Demand: 4998
	Edge: 23 <--> 24 	 Freq: 3.5 	 Demand: 4080
	Edge: 37 <--> 23 	 Freq: 7.0 	 Demand: 1683
	Route: 2
	Route length (1712.0) and demand (8687)
	Edge: 78 <--> 71 	 Freq: 7.0 	 Demand: 238
	Edge: 76 <--> 75 	 Freq: 7.0 	 Demand: 510
	Edge: 75 <--> 12 	 Freq: 7.0 	 Demand: 1207
	Edge: 12 <--> 73 	 Freq: 7.0 	 Demand: 935
	Edge: 10 <--> 11 	 Freq: 7.0 	 Demand: 663
	Edge: 45 <--> 10 	 Freq: 7.0 	 Demand: 765
	Edge: 9 <--> 47 	 Freq: 7.0 	 Demand: 561
	Edge: 48 <--> 9 	 Freq: 7.0 	 Demand: 918
	Edge: 70 <--> 13 	 Freq: 7.0 	 Demand: 2278
	Edge: 44 <--> 77 	 Freq: 7.0 	 Demand: 612
	Route: 3
	Route length (994.0) and demand (7513)
	Edge: 30 <--> 67 	 Freq: 7.0 	 Demand: 204
	Edge: 67 <--> 68 	 Freq: 3.5 	 Demand: 3656
	Edge: 68 <--> 69 	 Freq: 3.5 	 Demand: 3653
	Route: 4
	Route length (1415.0) and demand (11662)
	Edge: 36 <--> 16 	 Freq: 3.5 	 Demand: 3927
	Edge: 58 <--> 21 	 Freq: 7.0 	 Demand: 306
	Edge: 18 <--> 58 	 Freq: 7.0 	 Demand: 578
	Edge: 55 <--> 19 	 Freq: 7.0 	 Demand: 782
	Edge: 46 <--> 56 	 Freq: 7.0 	 Demand: 408
	Edge: 71 <--> 72 	 Freq: 7.0 	 Demand: 1836
	Edge: 78 <--> 71 	 Freq: 3.5 	 Demand: 3825
	Route: 5
	Route length (957.0) and demand (10219)
	Edge: 40 <--> 15 	 Freq: 3.5 	 Demand: 2244
	Edge: 15 <--> 22 	 Freq: 7.0 	 Demand: 4080
	Edge: 14 <--> 15 	 Freq: 3.5 	 Demand: 3895
	Route: 6
	Route length (1444.0) and demand (6528)
	Edge: 34 <--> 66 	 Freq: 3.5 	 Demand: 1700
	Edge: 28 <--> 29 	 Freq: 7.0 	 Demand: 510
	Edge: 50 <--> 3 	 Freq: 3.5 	 Demand: 1530
	Edge: 7 <--> 50 	 Freq: 7.0 	 Demand: 238
	Edge: 4 <--> 5 	 Freq: 3.5 	 Demand: 2550

Day 9, number of edges 20, number of routes 4

	Edges:

	Edge: 46 <--> 56 	 Freq: 28.0 	 Demand: 408
	Edge: 34 <--> 66 	 Freq: 28.0 	 Demand: 1292
	Edge: 66 <--> 53 	 Freq: 28.0 	 Demand: 2890
	Edge: 67 <--> 66 	 Freq: 28.0 	 Demand: 850
	Edge: 10 <--> 44 	 Freq: 7.0 	 Demand: 646
	Edge: 45 <--> 74 	 Freq: 7.0 	 Demand: 119
	Edge: 77 <--> 76 	 Freq: 7.0 	 Demand: 578
	Edge: 21 <--> 22 	 Freq: 7.0 	 Demand: 1020
	Edge: 21 <--> 59 	 Freq: 7.0 	 Demand: 578
	Edge: 38 <--> 42 	 Freq: 7.0 	 Demand: 510
	Edge: 3 <--> 49 	 Freq: 7.0 	 Demand: 1530
	Edge: 0 <--> 71 	 Freq: 7.0 	 Demand: 1870
	Edge: 23 <--> 24 	 Freq: 7.0 	 Demand: 3978
	Edge: 42 <--> 16 	 Freq: 7.0 	 Demand: 1173
	Edge: 27 <--> 3 	 Freq: 7.0 	 Demand: 4751
	Edge: 28 <--> 7 	 Freq: 2.3 	 Demand: 1020
	Edge: 3 <--> 49 	 Freq: 2.3 	 Demand: 3570
	Edge: 66 <--> 53 	 Freq: 2.3 	 Demand: 3913
	Edge: 30 <--> 67 	 Freq: 2.3 	 Demand: 4213
	Edge: 21 <--> 59 	 Freq: 28.0 	 Demand: 816

	Routes:

	Route: 1
	Route length (1017.0) and demand (8945)
	Edge: 34 <--> 66 	 Freq: 28.0 	 Demand: 1292
	Edge: 66 <--> 53 	 Freq: 2.3 	 Demand: 3913
	Edge: 66 <--> 53 	 Freq: 28.0 	 Demand: 2890
	Edge: 67 <--> 66 	 Freq: 28.0 	 Demand: 850
	Route: 2
	Route length (1190.0) and demand (10871)
	Edge: 28 <--> 7 	 Freq: 2.3 	 Demand: 1020
	Edge: 3 <--> 49 	 Freq: 7.0 	 Demand: 1530
	Edge: 3 <--> 49 	 Freq: 2.3 	 Demand: 3570
	Edge: 27 <--> 3 	 Freq: 7.0 	 Demand: 4751
	Route: 3
	Route length (1477.0) and demand (8075)
	Edge: 23 <--> 24 	 Freq: 7.0 	 Demand: 3978
	Edge: 21 <--> 59 	 Freq: 7.0 	 Demand: 578
	Edge: 21 <--> 59 	 Freq: 28.0 	 Demand: 816
	Edge: 21 <--> 22 	 Freq: 7.0 	 Demand: 1020
	Edge: 42 <--> 16 	 Freq: 7.0 	 Demand: 1173
	Edge: 38 <--> 42 	 Freq: 7.0 	 Demand: 510
	Route: 4
	Route length (1483.0) and demand (7834)
	Edge: 0 <--> 71 	 Freq: 7.0 	 Demand: 1870
	Edge: 46 <--> 56 	 Freq: 28.0 	 Demand: 408
	Edge: 45 <--> 74 	 Freq: 7.0 	 Demand: 119
	Edge: 10 <--> 44 	 Freq: 7.0 	 Demand: 646
	Edge: 77 <--> 76 	 Freq: 7.0 	 Demand: 578
	Edge: 30 <--> 67 	 Freq: 2.3 	 Demand: 4213

Day 10, number of edges 23, number of routes 6

	Edges:

	Edge: 55 <--> 19 	 Freq: 28.0 	 Demand: 1020
	Edge: 35 <--> 1 	 Freq: 28.0 	 Demand: 4590
	Edge: 18 <--> 19 	 Freq: 7.0 	 Demand: 2686
	Edge: 57 <--> 18 	 Freq: 7.0 	 Demand: 1394
	Edge: 16 <--> 58 	 Freq: 7.0 	 Demand: 2822
	Edge: 57 <--> 55 	 Freq: 7.0 	 Demand: 2992
	Edge: 36 <--> 24 	 Freq: 7.0 	 Demand: 765
	Edge: 61 <--> 60 	 Freq: 7.0 	 Demand: 510
	Edge: 61 <--> 62 	 Freq: 7.0 	 Demand: 1530
	Edge: 66 <--> 53 	 Freq: 7.0 	 Demand: 510
	Edge: 25 <--> 26 	 Freq: 7.0 	 Demand: 510
	Edge: 42 <--> 57 	 Freq: 7.0 	 Demand: 1989
	Edge: 68 <--> 69 	 Freq: 7.0 	 Demand: 3508
	Edge: 25 <--> 26 	 Freq: 14.0 	 Demand: 680
	Edge: 43 <--> 70 	 Freq: 3.5 	 Demand: 3060
	Edge: 53 <--> 51 	 Freq: 3.5 	 Demand: 3568
	Edge: 35 <--> 1 	 Freq: 3.5 	 Demand: 4235
	Edge: 37 <--> 23 	 Freq: 3.5 	 Demand: 3060
	Edge: 27 <--> 3 	 Freq: 3.5 	 Demand: 3060
	Edge: 66 <--> 53 	 Freq: 2.3 	 Demand: 3913
	Edge: 16 <--> 58 	 Freq: 28.0 	 Demand: 2448
	Edge: 42 <--> 57 	 Freq: 28.0 	 Demand: 1836
	Edge: 21 <--> 22 	 Freq: 28.0 	 Demand: 1836

	Routes:

	Route: 1
	Route length (1136.0) and demand (11917)
	Edge: 42 <--> 57 	 Freq: 7.0 	 Demand: 1989
	Edge: 57 <--> 18 	 Freq: 7.0 	 Demand: 1394
	Edge: 18 <--> 19 	 Freq: 7.0 	 Demand: 2686
	Edge: 55 <--> 19 	 Freq: 28.0 	 Demand: 1020
	Edge: 57 <--> 55 	 Freq: 7.0 	 Demand: 2992
	Edge: 42 <--> 57 	 Freq: 28.0 	 Demand: 1836
	Route: 2
	Route length (1240.0) and demand (4698)
	Edge: 68 <--> 69 	 Freq: 7.0 	 Demand: 3508
	Edge: 25 <--> 26 	 Freq: 14.0 	 Demand: 680
	Edge: 25 <--> 26 	 Freq: 7.0 	 Demand: 510
	Route: 3
	Route length (1641.0) and demand (9911)
	Edge: 16 <--> 58 	 Freq: 7.0 	 Demand: 2822
	Edge: 21 <--> 22 	 Freq: 28.0 	 Demand: 1836
	Edge: 16 <--> 58 	 Freq: 28.0 	 Demand: 2448
	Edge: 36 <--> 24 	 Freq: 7.0 	 Demand: 765
	Edge: 61 <--> 62 	 Freq: 7.0 	 Demand: 1530
	Edge: 61 <--> 60 	 Freq: 7.0 	 Demand: 510
	Route: 4
	Route length (281.0) and demand (3060)
	Edge: 37 <--> 23 	 Freq: 3.5 	 Demand: 3060
	Route: 5
	Route length (1347.0) and demand (11051)
	Edge: 27 <--> 3 	 Freq: 3.5 	 Demand: 3060
	Edge: 66 <--> 53 	 Freq: 2.3 	 Demand: 3913
	Edge: 53 <--> 51 	 Freq: 3.5 	 Demand: 3568
	Edge: 66 <--> 53 	 Freq: 7.0 	 Demand: 510
	Route: 6
	Route length (1145.0) and demand (11885)
	Edge: 43 <--> 70 	 Freq: 3.5 	 Demand: 3060
	Edge: 35 <--> 1 	 Freq: 3.5 	 Demand: 4235
	Edge: 35 <--> 1 	 Freq: 28.0 	 Demand: 4590

Day 11, number of edges 31, number of routes 10

	Edges:

	Edge: 13 <--> 9 	 Freq: 7.0 	 Demand: 816
	Edge: 65 <--> 6 	 Freq: 7.0 	 Demand: 306
	Edge: 6 <--> 7 	 Freq: 7.0 	 Demand: 1955
	Edge: 27 <--> 8 	 Freq: 7.0 	 Demand: 833
	Edge: 23 <--> 24 	 Freq: 14.0 	 Demand: 1870
	Edge: 78 <--> 71 	 Freq: 3.5 	 Demand: 3825
	Edge: 40 <--> 15 	 Freq: 3.5 	 Demand: 2244
	Edge: 14 <--> 15 	 Freq: 3.5 	 Demand: 3895
	Edge: 7 <--> 50 	 Freq: 3.5 	 Demand: 1530
	Edge: 61 <--> 62 	 Freq: 3.5 	 Demand: 4080
	Edge: 4 <--> 5 	 Freq: 3.5 	 Demand: 2550
	Edge: 50 <--> 3 	 Freq: 3.5 	 Demand: 1530
	Edge: 65 <--> 52 	 Freq: 3.5 	 Demand: 3974
	Edge: 67 <--> 68 	 Freq: 3.5 	 Demand: 3656
	Edge: 67 <--> 66 	 Freq: 3.5 	 Demand: 3970
	Edge: 34 <--> 66 	 Freq: 3.5 	 Demand: 1700
	Edge: 27 <--> 8 	 Freq: 3.5 	 Demand: 4182
	Edge: 36 <--> 16 	 Freq: 3.5 	 Demand: 3927
	Edge: 38 <--> 42 	 Freq: 3.5 	 Demand: 4031
	Edge: 68 <--> 69 	 Freq: 3.5 	 Demand: 3653
	Edge: 34 <--> 0 	 Freq: 3.5 	 Demand: 3697
	Edge: 40 <--> 41 	 Freq: 3.5 	 Demand: 3516
	Edge: 61 <--> 60 	 Freq: 3.5 	 Demand: 2720
	Edge: 32 <--> 33 	 Freq: 3.5 	 Demand: 3777
	Edge: 39 <--> 25 	 Freq: 3.5 	 Demand: 4080
	Edge: 23 <--> 24 	 Freq: 3.5 	 Demand: 4080
	Edge: 28 <--> 7 	 Freq: 2.3 	 Demand: 1020
	Edge: 3 <--> 49 	 Freq: 2.3 	 Demand: 3570
	Edge: 66 <--> 53 	 Freq: 2.3 	 Demand: 3913
	Edge: 30 <--> 67 	 Freq: 2.3 	 Demand: 4213
	Edge: 23 <--> 63 	 Freq: 28.0 	 Demand: 3864

	Routes:

	Route: 1
	Route length (1189.0) and demand (10316)
	Edge: 61 <--> 62 	 Freq: 3.5 	 Demand: 4080
	Edge: 61 <--> 60 	 Freq: 3.5 	 Demand: 2720
	Edge: 40 <--> 41 	 Freq: 3.5 	 Demand: 3516
	Route: 2
	Route length (1143.0) and demand (10981)
	Edge: 66 <--> 53 	 Freq: 2.3 	 Demand: 3913
	Edge: 65 <--> 52 	 Freq: 3.5 	 Demand: 3974
	Edge: 65 <--> 6 	 Freq: 7.0 	 Demand: 306
	Edge: 6 <--> 7 	 Freq: 7.0 	 Demand: 1955
	Edge: 27 <--> 8 	 Freq: 7.0 	 Demand: 833
	Route: 3
	Route length (715.0) and demand (11960)
	Edge: 32 <--> 33 	 Freq: 3.5 	 Demand: 3777
	Edge: 30 <--> 67 	 Freq: 2.3 	 Demand: 4213
	Edge: 67 <--> 66 	 Freq: 3.5 	 Demand: 3970
	Route: 4
	Route length (936.0) and demand (11936)
	Edge: 23 <--> 24 	 Freq: 14.0 	 Demand: 1870
	Edge: 40 <--> 15 	 Freq: 3.5 	 Demand: 2244
	Edge: 14 <--> 15 	 Freq: 3.5 	 Demand: 3895
	Edge: 36 <--> 16 	 Freq: 3.5 	 Demand: 3927
	Route: 5
	Route length (993.0) and demand (9009)
	Edge: 68 <--> 69 	 Freq: 3.5 	 Demand: 3653
	Edge: 67 <--> 68 	 Freq: 3.5 	 Demand: 3656
	Edge: 34 <--> 66 	 Freq: 3.5 	 Demand: 1700
	Route: 6
	Route length (296.0) and demand (4182)
	Edge: 27 <--> 8 	 Freq: 3.5 	 Demand: 4182
	Route: 7
	Route length (1248.0) and demand (10200)
	Edge: 28 <--> 7 	 Freq: 2.3 	 Demand: 1020
	Edge: 7 <--> 50 	 Freq: 3.5 	 Demand: 1530
	Edge: 50 <--> 3 	 Freq: 3.5 	 Demand: 1530
	Edge: 3 <--> 49 	 Freq: 2.3 	 Demand: 3570
	Edge: 4 <--> 5 	 Freq: 3.5 	 Demand: 2550
	Route: 8
	Route length (81.0) and demand (3697)
	Edge: 34 <--> 0 	 Freq: 3.5 	 Demand: 3697
	Route: 9
	Route length (934.0) and demand (11975)
	Edge: 23 <--> 63 	 Freq: 28.0 	 Demand: 3864
	Edge: 23 <--> 24 	 Freq: 3.5 	 Demand: 4080
	Edge: 38 <--> 42 	 Freq: 3.5 	 Demand: 4031
	Route: 10
	Route length (1059.0) and demand (8721)
	Edge: 39 <--> 25 	 Freq: 3.5 	 Demand: 4080
	Edge: 13 <--> 9 	 Freq: 7.0 	 Demand: 816
	Edge: 78 <--> 71 	 Freq: 3.5 	 Demand: 3825

Day 12, number of edges 0, number of routes 0

	Edges:


	Routes:


Day 13, number of edges 0, number of routes 0

	Edges:


	Routes:


Day 14, number of edges 33, number of routes 9

	Edges:

	Edge: 57 <--> 55 	 Freq: 28.0 	 Demand: 3468
	Edge: 45 <--> 10 	 Freq: 7.0 	 Demand: 765
	Edge: 11 <--> 73 	 Freq: 7.0 	 Demand: 357
	Edge: 70 <--> 47 	 Freq: 7.0 	 Demand: 1105
	Edge: 70 <--> 13 	 Freq: 7.0 	 Demand: 2278
	Edge: 31 <--> 77 	 Freq: 7.0 	 Demand: 1020
	Edge: 18 <--> 58 	 Freq: 7.0 	 Demand: 578
	Edge: 30 <--> 67 	 Freq: 7.0 	 Demand: 204
	Edge: 37 <--> 23 	 Freq: 7.0 	 Demand: 1683
	Edge: 34 <--> 66 	 Freq: 7.0 	 Demand: 3604
	Edge: 23 <--> 63 	 Freq: 7.0 	 Demand: 4998
	Edge: 38 <--> 42 	 Freq: 14.0 	 Demand: 1870
	Edge: 43 <--> 70 	 Freq: 3.5 	 Demand: 3060
	Edge: 40 <--> 15 	 Freq: 3.5 	 Demand: 2244
	Edge: 53 <--> 51 	 Freq: 3.5 	 Demand: 3568
	Edge: 35 <--> 1 	 Freq: 3.5 	 Demand: 4235
	Edge: 65 <--> 52 	 Freq: 3.5 	 Demand: 3974
	Edge: 67 <--> 68 	 Freq: 3.5 	 Demand: 3656
	Edge: 67 <--> 66 	 Freq: 3.5 	 Demand: 3970
	Edge: 34 <--> 66 	 Freq: 3.5 	 Demand: 1700
	Edge: 37 <--> 23 	 Freq: 3.5 	 Demand: 3060
	Edge: 68 <--> 69 	 Freq: 3.5 	 Demand: 3653
	Edge: 34 <--> 0 	 Freq: 3.5 	 Demand: 3697
	Edge: 32 <--> 33 	 Freq: 3.5 	 Demand: 3777
	Edge: 27 <--> 3 	 Freq: 3.5 	 Demand: 3060
	Edge: 28 <--> 7 	 Freq: 2.3 	 Demand: 1020
	Edge: 3 <--> 49 	 Freq: 2.3 	 Demand: 3570
	Edge: 66 <--> 53 	 Freq: 2.3 	 Demand: 3913
	Edge: 30 <--> 67 	 Freq: 2.3 	 Demand: 4213
	Edge: 40 <--> 41 	 Freq: 28.0 	 Demand: 4080
	Edge: 39 <--> 25 	 Freq: 28.0 	 Demand: 1870
	Edge: 37 <--> 23 	 Freq: 28.0 	 Demand: 1462
	Edge: 57 <--> 18 	 Freq: 28.0 	 Demand: 1836

	Routes:

	Route: 1
	Route length (994.0) and demand (11483)
	Edge: 67 <--> 66 	 Freq: 3.5 	 Demand: 3970
	Edge: 67 <--> 68 	 Freq: 3.5 	 Demand: 3656
	Edge: 68 <--> 69 	 Freq: 3.5 	 Demand: 3653
	Edge: 30 <--> 67 	 Freq: 7.0 	 Demand: 204
	Route: 2
	Route length (1141.0) and demand (11624)
	Edge: 65 <--> 52 	 Freq: 3.5 	 Demand: 3974
	Edge: 28 <--> 7 	 Freq: 2.3 	 Demand: 1020
	Edge: 3 <--> 49 	 Freq: 2.3 	 Demand: 3570
	Edge: 27 <--> 3 	 Freq: 3.5 	 Demand: 3060
	Route: 3
	Route length (359.0) and demand (5397)
	Edge: 34 <--> 66 	 Freq: 3.5 	 Demand: 1700
	Edge: 34 <--> 0 	 Freq: 3.5 	 Demand: 3697
	Route: 4
	Route length (961.0) and demand (8007)
	Edge: 37 <--> 23 	 Freq: 7.0 	 Demand: 1683
	Edge: 40 <--> 41 	 Freq: 28.0 	 Demand: 4080
	Edge: 40 <--> 15 	 Freq: 3.5 	 Demand: 2244
	Route: 5
	Route length (810.0) and demand (10880)
	Edge: 32 <--> 33 	 Freq: 3.5 	 Demand: 3777
	Edge: 30 <--> 67 	 Freq: 2.3 	 Demand: 4213
	Edge: 31 <--> 77 	 Freq: 7.0 	 Demand: 1020
	Edge: 39 <--> 25 	 Freq: 28.0 	 Demand: 1870
	Route: 6
	Route length (960.0) and demand (11085)
	Edge: 34 <--> 66 	 Freq: 7.0 	 Demand: 3604
	Edge: 66 <--> 53 	 Freq: 2.3 	 Demand: 3913
	Edge: 53 <--> 51 	 Freq: 3.5 	 Demand: 3568
	Route: 7
	Route length (991.0) and demand (7752)
	Edge: 38 <--> 42 	 Freq: 14.0 	 Demand: 1870
	Edge: 18 <--> 58 	 Freq: 7.0 	 Demand: 578
	Edge: 57 <--> 18 	 Freq: 28.0 	 Demand: 1836
	Edge: 57 <--> 55 	 Freq: 28.0 	 Demand: 3468
	Route: 8
	Route length (610.0) and demand (9520)
	Edge: 37 <--> 23 	 Freq: 3.5 	 Demand: 3060
	Edge: 23 <--> 63 	 Freq: 7.0 	 Demand: 4998
	Edge: 37 <--> 23 	 Freq: 28.0 	 Demand: 1462
	Route: 9
	Route length (1671.0) and demand (11800)
	Edge: 11 <--> 73 	 Freq: 7.0 	 Demand: 357
	Edge: 45 <--> 10 	 Freq: 7.0 	 Demand: 765
	Edge: 70 <--> 47 	 Freq: 7.0 	 Demand: 1105
	Edge: 70 <--> 13 	 Freq: 7.0 	 Demand: 2278
	Edge: 43 <--> 70 	 Freq: 3.5 	 Demand: 3060
	Edge: 35 <--> 1 	 Freq: 3.5 	 Demand: 4235

Day 15, number of edges 27, number of routes 8

	Edges:

	Edge: 73 <--> 74 	 Freq: 7.0 	 Demand: 663
	Edge: 74 <--> 72 	 Freq: 7.0 	 Demand: 153
	Edge: 75 <--> 12 	 Freq: 7.0 	 Demand: 1207
	Edge: 43 <--> 70 	 Freq: 7.0 	 Demand: 204
	Edge: 48 <--> 9 	 Freq: 7.0 	 Demand: 918
	Edge: 44 <--> 77 	 Freq: 7.0 	 Demand: 612
	Edge: 58 <--> 21 	 Freq: 7.0 	 Demand: 306
	Edge: 21 <--> 22 	 Freq: 7.0 	 Demand: 1020
	Edge: 15 <--> 22 	 Freq: 7.0 	 Demand: 4080
	Edge: 38 <--> 42 	 Freq: 7.0 	 Demand: 510
	Edge: 50 <--> 3 	 Freq: 7.0 	 Demand: 3060
	Edge: 3 <--> 49 	 Freq: 7.0 	 Demand: 1530
	Edge: 0 <--> 27 	 Freq: 7.0 	 Demand: 306
	Edge: 78 <--> 71 	 Freq: 3.5 	 Demand: 3825
	Edge: 14 <--> 15 	 Freq: 3.5 	 Demand: 3895
	Edge: 7 <--> 50 	 Freq: 3.5 	 Demand: 1530
	Edge: 61 <--> 62 	 Freq: 3.5 	 Demand: 4080
	Edge: 4 <--> 5 	 Freq: 3.5 	 Demand: 2550
	Edge: 50 <--> 3 	 Freq: 3.5 	 Demand: 1530
	Edge: 27 <--> 8 	 Freq: 3.5 	 Demand: 4182
	Edge: 36 <--> 16 	 Freq: 3.5 	 Demand: 3927
	Edge: 38 <--> 42 	 Freq: 3.5 	 Demand: 4031
	Edge: 40 <--> 41 	 Freq: 3.5 	 Demand: 3516
	Edge: 61 <--> 60 	 Freq: 3.5 	 Demand: 2720
	Edge: 39 <--> 25 	 Freq: 3.5 	 Demand: 4080
	Edge: 23 <--> 24 	 Freq: 3.5 	 Demand: 4080
	Edge: 44 <--> 77 	 Freq: 28.0 	 Demand: 408

	Routes:

	Route: 1
	Route length (795.0) and demand (8007)
	Edge: 36 <--> 16 	 Freq: 3.5 	 Demand: 3927
	Edge: 23 <--> 24 	 Freq: 3.5 	 Demand: 4080
	Route: 2
	Route length (1858.0) and demand (8245)
	Edge: 75 <--> 12 	 Freq: 7.0 	 Demand: 1207
	Edge: 74 <--> 72 	 Freq: 7.0 	 Demand: 153
	Edge: 73 <--> 74 	 Freq: 7.0 	 Demand: 663
	Edge: 48 <--> 9 	 Freq: 7.0 	 Demand: 918
	Edge: 44 <--> 77 	 Freq: 28.0 	 Demand: 408
	Edge: 44 <--> 77 	 Freq: 7.0 	 Demand: 612
	Edge: 39 <--> 25 	 Freq: 3.5 	 Demand: 4080
	Edge: 43 <--> 70 	 Freq: 7.0 	 Demand: 204
	Route: 3
	Route length (242.0) and demand (3825)
	Edge: 78 <--> 71 	 Freq: 3.5 	 Demand: 3825
	Route: 4
	Route length (296.0) and demand (4182)
	Edge: 27 <--> 8 	 Freq: 3.5 	 Demand: 4182
	Route: 5
	Route length (1189.0) and demand (10316)
	Edge: 61 <--> 62 	 Freq: 3.5 	 Demand: 4080
	Edge: 61 <--> 60 	 Freq: 3.5 	 Demand: 2720
	Edge: 40 <--> 41 	 Freq: 3.5 	 Demand: 3516
	Route: 6
	Route length (264.0) and demand (4031)
	Edge: 38 <--> 42 	 Freq: 3.5 	 Demand: 4031
	Route: 7
	Route length (1262.0) and demand (10506)
	Edge: 0 <--> 27 	 Freq: 7.0 	 Demand: 306
	Edge: 7 <--> 50 	 Freq: 3.5 	 Demand: 1530
	Edge: 50 <--> 3 	 Freq: 3.5 	 Demand: 1530
	Edge: 4 <--> 5 	 Freq: 3.5 	 Demand: 2550
	Edge: 3 <--> 49 	 Freq: 7.0 	 Demand: 1530
	Edge: 50 <--> 3 	 Freq: 7.0 	 Demand: 3060
	Route: 8
	Route length (1123.0) and demand (9811)
	Edge: 58 <--> 21 	 Freq: 7.0 	 Demand: 306
	Edge: 21 <--> 22 	 Freq: 7.0 	 Demand: 1020
	Edge: 15 <--> 22 	 Freq: 7.0 	 Demand: 4080
	Edge: 14 <--> 15 	 Freq: 3.5 	 Demand: 3895
	Edge: 38 <--> 42 	 Freq: 7.0 	 Demand: 510

Day 16, number of edges 25, number of routes 5

	Edges:

	Edge: 68 <--> 69 	 Freq: 28.0 	 Demand: 4760
	Edge: 12 <--> 73 	 Freq: 7.0 	 Demand: 935
	Edge: 10 <--> 11 	 Freq: 7.0 	 Demand: 663
	Edge: 10 <--> 44 	 Freq: 7.0 	 Demand: 646
	Edge: 76 <--> 75 	 Freq: 7.0 	 Demand: 510
	Edge: 78 <--> 71 	 Freq: 7.0 	 Demand: 238
	Edge: 21 <--> 59 	 Freq: 7.0 	 Demand: 578
	Edge: 55 <--> 19 	 Freq: 7.0 	 Demand: 782
	Edge: 46 <--> 56 	 Freq: 7.0 	 Demand: 408
	Edge: 57 <--> 18 	 Freq: 7.0 	 Demand: 1394
	Edge: 57 <--> 55 	 Freq: 7.0 	 Demand: 2992
	Edge: 71 <--> 72 	 Freq: 7.0 	 Demand: 1836
	Edge: 7 <--> 50 	 Freq: 7.0 	 Demand: 238
	Edge: 28 <--> 29 	 Freq: 7.0 	 Demand: 510
	Edge: 61 <--> 60 	 Freq: 7.0 	 Demand: 510
	Edge: 66 <--> 53 	 Freq: 7.0 	 Demand: 510
	Edge: 23 <--> 24 	 Freq: 7.0 	 Demand: 3978
	Edge: 42 <--> 16 	 Freq: 7.0 	 Demand: 1173
	Edge: 68 <--> 69 	 Freq: 7.0 	 Demand: 3508
	Edge: 27 <--> 3 	 Freq: 7.0 	 Demand: 4751
	Edge: 43 <--> 70 	 Freq: 14.0 	 Demand: 1530
	Edge: 28 <--> 7 	 Freq: 2.3 	 Demand: 1020
	Edge: 3 <--> 49 	 Freq: 2.3 	 Demand: 3570
	Edge: 66 <--> 53 	 Freq: 2.3 	 Demand: 3913
	Edge: 30 <--> 67 	 Freq: 2.3 	 Demand: 4213

	Routes:

	Route: 1
	Route length (1727.0) and demand (11900)
	Edge: 66 <--> 53 	 Freq: 2.3 	 Demand: 3913
	Edge: 30 <--> 67 	 Freq: 2.3 	 Demand: 4213
	Edge: 43 <--> 70 	 Freq: 14.0 	 Demand: 1530
	Edge: 10 <--> 44 	 Freq: 7.0 	 Demand: 646
	Edge: 10 <--> 11 	 Freq: 7.0 	 Demand: 663
	Edge: 12 <--> 73 	 Freq: 7.0 	 Demand: 935
	Route: 2
	Route length (1068.0) and demand (4488)
	Edge: 23 <--> 24 	 Freq: 7.0 	 Demand: 3978
	Edge: 61 <--> 60 	 Freq: 7.0 	 Demand: 510
	Route: 3
	Route length (1553.0) and demand (9163)
	Edge: 71 <--> 72 	 Freq: 7.0 	 Demand: 1836
	Edge: 46 <--> 56 	 Freq: 7.0 	 Demand: 408
	Edge: 55 <--> 19 	 Freq: 7.0 	 Demand: 782
	Edge: 57 <--> 55 	 Freq: 7.0 	 Demand: 2992
	Edge: 57 <--> 18 	 Freq: 7.0 	 Demand: 1394
	Edge: 21 <--> 59 	 Freq: 7.0 	 Demand: 578
	Edge: 42 <--> 16 	 Freq: 7.0 	 Demand: 1173
	Route: 4
	Route length (1299.0) and demand (10599)
	Edge: 66 <--> 53 	 Freq: 7.0 	 Demand: 510
	Edge: 28 <--> 29 	 Freq: 7.0 	 Demand: 510
	Edge: 28 <--> 7 	 Freq: 2.3 	 Demand: 1020
	Edge: 7 <--> 50 	 Freq: 7.0 	 Demand: 238
	Edge: 3 <--> 49 	 Freq: 2.3 	 Demand: 3570
	Edge: 27 <--> 3 	 Freq: 7.0 	 Demand: 4751
	Route: 5
	Route length (1204.0) and demand (9016)
	Edge: 78 <--> 71 	 Freq: 7.0 	 Demand: 238
	Edge: 76 <--> 75 	 Freq: 7.0 	 Demand: 510
	Edge: 68 <--> 69 	 Freq: 28.0 	 Demand: 4760
	Edge: 68 <--> 69 	 Freq: 7.0 	 Demand: 3508

Day 17, number of edges 22, number of routes 4

	Edges:

	Edge: 78 <--> 71 	 Freq: 28.0 	 Demand: 2788
	Edge: 30 <--> 67 	 Freq: 28.0 	 Demand: 2788
	Edge: 65 <--> 6 	 Freq: 28.0 	 Demand: 408
	Edge: 45 <--> 74 	 Freq: 7.0 	 Demand: 119
	Edge: 13 <--> 9 	 Freq: 7.0 	 Demand: 816
	Edge: 77 <--> 76 	 Freq: 7.0 	 Demand: 578
	Edge: 18 <--> 19 	 Freq: 7.0 	 Demand: 2686
	Edge: 16 <--> 58 	 Freq: 7.0 	 Demand: 2822
	Edge: 0 <--> 71 	 Freq: 7.0 	 Demand: 1870
	Edge: 65 <--> 6 	 Freq: 7.0 	 Demand: 306
	Edge: 6 <--> 7 	 Freq: 7.0 	 Demand: 1955
	Edge: 27 <--> 8 	 Freq: 7.0 	 Demand: 833
	Edge: 42 <--> 57 	 Freq: 7.0 	 Demand: 1989
	Edge: 53 <--> 51 	 Freq: 3.5 	 Demand: 3568
	Edge: 65 <--> 52 	 Freq: 3.5 	 Demand: 3974
	Edge: 34 <--> 66 	 Freq: 3.5 	 Demand: 1700
	Edge: 37 <--> 23 	 Freq: 3.5 	 Demand: 3060
	Edge: 34 <--> 0 	 Freq: 3.5 	 Demand: 3697
	Edge: 32 <--> 33 	 Freq: 3.5 	 Demand: 3777
	Edge: 77 <--> 76 	 Freq: 28.0 	 Demand: 612
	Edge: 67 <--> 68 	 Freq: 3.5 	 Demand: 3656
	Edge: 75 <--> 12 	 Freq: 28.0 	 Demand: 612

	Routes:

	Route: 1
	Route length (1138.0) and demand (11044)
	Edge: 27 <--> 8 	 Freq: 7.0 	 Demand: 833
	Edge: 53 <--> 51 	 Freq: 3.5 	 Demand: 3568
	Edge: 65 <--> 52 	 Freq: 3.5 	 Demand: 3974
	Edge: 65 <--> 6 	 Freq: 28.0 	 Demand: 408
	Edge: 65 <--> 6 	 Freq: 7.0 	 Demand: 306
	Edge: 6 <--> 7 	 Freq: 7.0 	 Demand: 1955
	Route: 2
	Route length (1122.0) and demand (10557)
	Edge: 37 <--> 23 	 Freq: 3.5 	 Demand: 3060
	Edge: 16 <--> 58 	 Freq: 7.0 	 Demand: 2822
	Edge: 18 <--> 19 	 Freq: 7.0 	 Demand: 2686
	Edge: 42 <--> 57 	 Freq: 7.0 	 Demand: 1989
	Route: 3
	Route length (830.0) and demand (11921)
	Edge: 32 <--> 33 	 Freq: 3.5 	 Demand: 3777
	Edge: 30 <--> 67 	 Freq: 28.0 	 Demand: 2788
	Edge: 67 <--> 68 	 Freq: 3.5 	 Demand: 3656
	Edge: 34 <--> 66 	 Freq: 3.5 	 Demand: 1700
	Route: 4
	Route length (1414.0) and demand (11092)
	Edge: 34 <--> 0 	 Freq: 3.5 	 Demand: 3697
	Edge: 45 <--> 74 	 Freq: 7.0 	 Demand: 119
	Edge: 13 <--> 9 	 Freq: 7.0 	 Demand: 816
	Edge: 77 <--> 76 	 Freq: 28.0 	 Demand: 612
	Edge: 77 <--> 76 	 Freq: 7.0 	 Demand: 578
	Edge: 75 <--> 12 	 Freq: 28.0 	 Demand: 612
	Edge: 78 <--> 71 	 Freq: 28.0 	 Demand: 2788
	Edge: 0 <--> 71 	 Freq: 7.0 	 Demand: 1870

Day 18, number of edges 28, number of routes 9

	Edges:

	Edge: 6 <--> 7 	 Freq: 28.0 	 Demand: 3910
	Edge: 9 <--> 47 	 Freq: 7.0 	 Demand: 561
	Edge: 36 <--> 24 	 Freq: 7.0 	 Demand: 765
	Edge: 61 <--> 62 	 Freq: 7.0 	 Demand: 1530
	Edge: 25 <--> 26 	 Freq: 7.0 	 Demand: 510
	Edge: 43 <--> 70 	 Freq: 3.5 	 Demand: 3060
	Edge: 78 <--> 71 	 Freq: 3.5 	 Demand: 3825
	Edge: 40 <--> 15 	 Freq: 3.5 	 Demand: 2244
	Edge: 14 <--> 15 	 Freq: 3.5 	 Demand: 3895
	Edge: 7 <--> 50 	 Freq: 3.5 	 Demand: 1530
	Edge: 61 <--> 62 	 Freq: 3.5 	 Demand: 4080
	Edge: 4 <--> 5 	 Freq: 3.5 	 Demand: 2550
	Edge: 50 <--> 3 	 Freq: 3.5 	 Demand: 1530
	Edge: 35 <--> 1 	 Freq: 3.5 	 Demand: 4235
	Edge: 67 <--> 66 	 Freq: 3.5 	 Demand: 3970
	Edge: 27 <--> 8 	 Freq: 3.5 	 Demand: 4182
	Edge: 36 <--> 16 	 Freq: 3.5 	 Demand: 3927
	Edge: 38 <--> 42 	 Freq: 3.5 	 Demand: 4031
	Edge: 40 <--> 41 	 Freq: 3.5 	 Demand: 3516
	Edge: 61 <--> 60 	 Freq: 3.5 	 Demand: 2720
	Edge: 39 <--> 25 	 Freq: 3.5 	 Demand: 4080
	Edge: 23 <--> 24 	 Freq: 3.5 	 Demand: 4080
	Edge: 27 <--> 3 	 Freq: 3.5 	 Demand: 3060
	Edge: 28 <--> 7 	 Freq: 2.3 	 Demand: 1020
	Edge: 3 <--> 49 	 Freq: 2.3 	 Demand: 3570
	Edge: 66 <--> 53 	 Freq: 2.3 	 Demand: 3913
	Edge: 30 <--> 67 	 Freq: 2.3 	 Demand: 4213
	Edge: 68 <--> 69 	 Freq: 3.5 	 Demand: 3653

	Routes:

	Route: 1
	Route length (684.0) and demand (8111)
	Edge: 23 <--> 24 	 Freq: 3.5 	 Demand: 4080
	Edge: 38 <--> 42 	 Freq: 3.5 	 Demand: 4031
	Route: 2
	Route length (1165.0) and demand (10710)
	Edge: 27 <--> 3 	 Freq: 3.5 	 Demand: 3060
	Edge: 50 <--> 3 	 Freq: 3.5 	 Demand: 1530
	Edge: 3 <--> 49 	 Freq: 2.3 	 Demand: 3570
	Edge: 4 <--> 5 	 Freq: 3.5 	 Demand: 2550
	Route: 3
	Route length (1312.0) and demand (11846)
	Edge: 40 <--> 41 	 Freq: 3.5 	 Demand: 3516
	Edge: 61 <--> 62 	 Freq: 7.0 	 Demand: 1530
	Edge: 61 <--> 62 	 Freq: 3.5 	 Demand: 4080
	Edge: 61 <--> 60 	 Freq: 3.5 	 Demand: 2720
	Route: 4
	Route length (807.0) and demand (10831)
	Edge: 36 <--> 24 	 Freq: 7.0 	 Demand: 765
	Edge: 40 <--> 15 	 Freq: 3.5 	 Demand: 2244
	Edge: 14 <--> 15 	 Freq: 3.5 	 Demand: 3895
	Edge: 36 <--> 16 	 Freq: 3.5 	 Demand: 3927
	Route: 5
	Route length (242.0) and demand (3825)
	Edge: 78 <--> 71 	 Freq: 3.5 	 Demand: 3825
	Route: 6
	Route length (1294.0) and demand (11936)
	Edge: 39 <--> 25 	 Freq: 3.5 	 Demand: 4080
	Edge: 35 <--> 1 	 Freq: 3.5 	 Demand: 4235
	Edge: 9 <--> 47 	 Freq: 7.0 	 Demand: 561
	Edge: 43 <--> 70 	 Freq: 3.5 	 Demand: 3060
	Route: 7
	Route length (296.0) and demand (4182)
	Edge: 27 <--> 8 	 Freq: 3.5 	 Demand: 4182
	Route: 8
	Route length (1527.0) and demand (10883)
	Edge: 25 <--> 26 	 Freq: 7.0 	 Demand: 510
	Edge: 66 <--> 53 	 Freq: 2.3 	 Demand: 3913
	Edge: 6 <--> 7 	 Freq: 28.0 	 Demand: 3910
	Edge: 28 <--> 7 	 Freq: 2.3 	 Demand: 1020
	Edge: 7 <--> 50 	 Freq: 3.5 	 Demand: 1530
	Route: 9
	Route length (994.0) and demand (11836)
	Edge: 67 <--> 66 	 Freq: 3.5 	 Demand: 3970
	Edge: 68 <--> 69 	 Freq: 3.5 	 Demand: 3653
	Edge: 30 <--> 67 	 Freq: 2.3 	 Demand: 4213

Day 19, number of edges 0, number of routes 0

	Edges:


	Routes:


Day 20, number of edges 0, number of routes 0

	Edges:


	Routes:


Day 21, number of edges 27, number of routes 8

	Edges:

	Edge: 65 <--> 52 	 Freq: 28.0 	 Demand: 4250
	Edge: 45 <--> 10 	 Freq: 7.0 	 Demand: 765
	Edge: 75 <--> 12 	 Freq: 7.0 	 Demand: 1207
	Edge: 70 <--> 47 	 Freq: 7.0 	 Demand: 1105
	Edge: 48 <--> 9 	 Freq: 7.0 	 Demand: 918
	Edge: 31 <--> 77 	 Freq: 7.0 	 Demand: 1020
	Edge: 58 <--> 21 	 Freq: 7.0 	 Demand: 306
	Edge: 43 <--> 70 	 Freq: 3.5 	 Demand: 3060
	Edge: 78 <--> 71 	 Freq: 3.5 	 Demand: 3825
	Edge: 53 <--> 51 	 Freq: 3.5 	 Demand: 3568
	Edge: 61 <--> 62 	 Freq: 3.5 	 Demand: 4080
	Edge: 35 <--> 1 	 Freq: 3.5 	 Demand: 4235
	Edge: 65 <--> 52 	 Freq: 3.5 	 Demand: 3974
	Edge: 67 <--> 66 	 Freq: 3.5 	 Demand: 3970
	Edge: 34 <--> 66 	 Freq: 3.5 	 Demand: 1700
	Edge: 37 <--> 23 	 Freq: 3.5 	 Demand: 3060
	Edge: 34 <--> 0 	 Freq: 3.5 	 Demand: 3697
	Edge: 40 <--> 41 	 Freq: 3.5 	 Demand: 3516
	Edge: 61 <--> 60 	 Freq: 3.5 	 Demand: 2720
	Edge: 32 <--> 33 	 Freq: 3.5 	 Demand: 3777
	Edge: 39 <--> 25 	 Freq: 3.5 	 Demand: 4080
	Edge: 23 <--> 24 	 Freq: 3.5 	 Demand: 4080
	Edge: 28 <--> 7 	 Freq: 2.3 	 Demand: 1020
	Edge: 3 <--> 49 	 Freq: 2.3 	 Demand: 3570
	Edge: 66 <--> 53 	 Freq: 2.3 	 Demand: 3913
	Edge: 30 <--> 67 	 Freq: 2.3 	 Demand: 4213
	Edge: 67 <--> 68 	 Freq: 3.5 	 Demand: 3656

	Routes:

	Route: 1
	Route length (1596.0) and demand (10622)
	Edge: 40 <--> 41 	 Freq: 3.5 	 Demand: 3516
	Edge: 61 <--> 60 	 Freq: 3.5 	 Demand: 2720
	Edge: 61 <--> 62 	 Freq: 3.5 	 Demand: 4080
	Edge: 58 <--> 21 	 Freq: 7.0 	 Demand: 306
	Route: 2
	Route length (1277.0) and demand (10203)
	Edge: 34 <--> 66 	 Freq: 3.5 	 Demand: 1700
	Edge: 66 <--> 53 	 Freq: 2.3 	 Demand: 3913
	Edge: 28 <--> 7 	 Freq: 2.3 	 Demand: 1020
	Edge: 3 <--> 49 	 Freq: 2.3 	 Demand: 3570
	Route: 3
	Route length (565.0) and demand (11554)
	Edge: 39 <--> 25 	 Freq: 3.5 	 Demand: 4080
	Edge: 32 <--> 33 	 Freq: 3.5 	 Demand: 3777
	Edge: 34 <--> 0 	 Freq: 3.5 	 Demand: 3697
	Route: 4
	Route length (1666.0) and demand (11103)
	Edge: 31 <--> 77 	 Freq: 7.0 	 Demand: 1020
	Edge: 45 <--> 10 	 Freq: 7.0 	 Demand: 765
	Edge: 48 <--> 9 	 Freq: 7.0 	 Demand: 918
	Edge: 70 <--> 47 	 Freq: 7.0 	 Demand: 1105
	Edge: 43 <--> 70 	 Freq: 3.5 	 Demand: 3060
	Edge: 35 <--> 1 	 Freq: 3.5 	 Demand: 4235
	Route: 5
	Route length (598.0) and demand (7140)
	Edge: 37 <--> 23 	 Freq: 3.5 	 Demand: 3060
	Edge: 23 <--> 24 	 Freq: 3.5 	 Demand: 4080
	Route: 6
	Route length (443.0) and demand (5032)
	Edge: 78 <--> 71 	 Freq: 3.5 	 Demand: 3825
	Edge: 75 <--> 12 	 Freq: 7.0 	 Demand: 1207
	Route: 7
	Route length (909.0) and demand (11839)
	Edge: 30 <--> 67 	 Freq: 2.3 	 Demand: 4213
	Edge: 67 <--> 66 	 Freq: 3.5 	 Demand: 3970
	Edge: 67 <--> 68 	 Freq: 3.5 	 Demand: 3656
	Route: 8
	Route length (947.0) and demand (11792)
	Edge: 65 <--> 52 	 Freq: 28.0 	 Demand: 4250
	Edge: 53 <--> 51 	 Freq: 3.5 	 Demand: 3568
	Edge: 65 <--> 52 	 Freq: 3.5 	 Demand: 3974

Day 22, number of edges 30, number of routes 8

	Edges:

	Edge: 14 <--> 15 	 Freq: 28.0 	 Demand: 2040
	Edge: 73 <--> 74 	 Freq: 7.0 	 Demand: 663
	Edge: 11 <--> 73 	 Freq: 7.0 	 Demand: 357
	Edge: 70 <--> 13 	 Freq: 7.0 	 Demand: 2278
	Edge: 78 <--> 71 	 Freq: 7.0 	 Demand: 238
	Edge: 21 <--> 22 	 Freq: 7.0 	 Demand: 1020
	Edge: 15 <--> 22 	 Freq: 7.0 	 Demand: 4080
	Edge: 55 <--> 19 	 Freq: 7.0 	 Demand: 782
	Edge: 18 <--> 58 	 Freq: 7.0 	 Demand: 578
	Edge: 57 <--> 18 	 Freq: 7.0 	 Demand: 1394
	Edge: 50 <--> 3 	 Freq: 7.0 	 Demand: 3060
	Edge: 61 <--> 60 	 Freq: 7.0 	 Demand: 510
	Edge: 23 <--> 24 	 Freq: 7.0 	 Demand: 3978
	Edge: 42 <--> 16 	 Freq: 7.0 	 Demand: 1173
	Edge: 37 <--> 23 	 Freq: 7.0 	 Demand: 1683
	Edge: 34 <--> 66 	 Freq: 7.0 	 Demand: 3604
	Edge: 27 <--> 3 	 Freq: 7.0 	 Demand: 4751
	Edge: 0 <--> 27 	 Freq: 7.0 	 Demand: 306
	Edge: 40 <--> 15 	 Freq: 3.5 	 Demand: 2244
	Edge: 14 <--> 15 	 Freq: 3.5 	 Demand: 3895
	Edge: 7 <--> 50 	 Freq: 3.5 	 Demand: 1530
	Edge: 4 <--> 5 	 Freq: 3.5 	 Demand: 2550
	Edge: 50 <--> 3 	 Freq: 3.5 	 Demand: 1530
	Edge: 27 <--> 8 	 Freq: 3.5 	 Demand: 4182
	Edge: 36 <--> 16 	 Freq: 3.5 	 Demand: 3927
	Edge: 38 <--> 42 	 Freq: 3.5 	 Demand: 4031
	Edge: 27 <--> 3 	 Freq: 3.5 	 Demand: 3060
	Edge: 3 <--> 49 	 Freq: 2.3 	 Demand: 3570
	Edge: 30 <--> 67 	 Freq: 2.3 	 Demand: 4213
	Edge: 68 <--> 69 	 Freq: 3.5 	 Demand: 3653

	Routes:

	Route: 1
	Route length (2408.0) and demand (11390)
	Edge: 15 <--> 22 	 Freq: 7.0 	 Demand: 4080
	Edge: 21 <--> 22 	 Freq: 7.0 	 Demand: 1020
	Edge: 18 <--> 58 	 Freq: 7.0 	 Demand: 578
	Edge: 57 <--> 18 	 Freq: 7.0 	 Demand: 1394
	Edge: 55 <--> 19 	 Freq: 7.0 	 Demand: 782
	Edge: 73 <--> 74 	 Freq: 7.0 	 Demand: 663
	Edge: 11 <--> 73 	 Freq: 7.0 	 Demand: 357
	Edge: 70 <--> 13 	 Freq: 7.0 	 Demand: 2278
	Edge: 78 <--> 71 	 Freq: 7.0 	 Demand: 238
	Route: 2
	Route length (1161.0) and demand (10710)
	Edge: 50 <--> 3 	 Freq: 3.5 	 Demand: 1530
	Edge: 4 <--> 5 	 Freq: 3.5 	 Demand: 2550
	Edge: 3 <--> 49 	 Freq: 2.3 	 Demand: 3570
	Edge: 27 <--> 3 	 Freq: 3.5 	 Demand: 3060
	Route: 3
	Route length (1178.0) and demand (9862)
	Edge: 42 <--> 16 	 Freq: 7.0 	 Demand: 1173
	Edge: 14 <--> 15 	 Freq: 3.5 	 Demand: 3895
	Edge: 14 <--> 15 	 Freq: 28.0 	 Demand: 2040
	Edge: 40 <--> 15 	 Freq: 3.5 	 Demand: 2244
	Edge: 61 <--> 60 	 Freq: 7.0 	 Demand: 510
	Route: 4
	Route length (296.0) and demand (4182)
	Edge: 27 <--> 8 	 Freq: 3.5 	 Demand: 4182
	Route: 5
	Route length (994.0) and demand (11470)
	Edge: 34 <--> 66 	 Freq: 7.0 	 Demand: 3604
	Edge: 68 <--> 69 	 Freq: 3.5 	 Demand: 3653
	Edge: 30 <--> 67 	 Freq: 2.3 	 Demand: 4213
	Route: 6
	Route length (264.0) and demand (4031)
	Edge: 38 <--> 42 	 Freq: 3.5 	 Demand: 4031
	Route: 7
	Route length (969.0) and demand (9647)
	Edge: 0 <--> 27 	 Freq: 7.0 	 Demand: 306
	Edge: 7 <--> 50 	 Freq: 3.5 	 Demand: 1530
	Edge: 50 <--> 3 	 Freq: 7.0 	 Demand: 3060
	Edge: 27 <--> 3 	 Freq: 7.0 	 Demand: 4751
	Route: 8
	Route length (795.0) and demand (9588)
	Edge: 36 <--> 16 	 Freq: 3.5 	 Demand: 3927
	Edge: 23 <--> 24 	 Freq: 7.0 	 Demand: 3978
	Edge: 37 <--> 23 	 Freq: 7.0 	 Demand: 1683

Day 23, number of edges 27, number of routes 4

	Edges:

	Edge: 58 <--> 21 	 Freq: 28.0 	 Demand: 408
	Edge: 42 <--> 16 	 Freq: 28.0 	 Demand: 1428
	Edge: 71 <--> 72 	 Freq: 28.0 	 Demand: 2040
	Edge: 34 <--> 0 	 Freq: 28.0 	 Demand: 3060
	Edge: 74 <--> 72 	 Freq: 7.0 	 Demand: 153
	Edge: 43 <--> 70 	 Freq: 7.0 	 Demand: 204
	Edge: 10 <--> 44 	 Freq: 7.0 	 Demand: 646
	Edge: 45 <--> 74 	 Freq: 7.0 	 Demand: 119
	Edge: 13 <--> 9 	 Freq: 7.0 	 Demand: 816
	Edge: 44 <--> 77 	 Freq: 7.0 	 Demand: 612
	Edge: 76 <--> 75 	 Freq: 7.0 	 Demand: 510
	Edge: 18 <--> 19 	 Freq: 7.0 	 Demand: 2686
	Edge: 16 <--> 58 	 Freq: 7.0 	 Demand: 2822
	Edge: 38 <--> 42 	 Freq: 7.0 	 Demand: 510
	Edge: 71 <--> 72 	 Freq: 7.0 	 Demand: 1836
	Edge: 7 <--> 50 	 Freq: 7.0 	 Demand: 238
	Edge: 28 <--> 29 	 Freq: 7.0 	 Demand: 510
	Edge: 3 <--> 49 	 Freq: 7.0 	 Demand: 1530
	Edge: 27 <--> 8 	 Freq: 7.0 	 Demand: 833
	Edge: 42 <--> 57 	 Freq: 7.0 	 Demand: 1989
	Edge: 25 <--> 26 	 Freq: 14.0 	 Demand: 680
	Edge: 23 <--> 24 	 Freq: 14.0 	 Demand: 1870
	Edge: 28 <--> 7 	 Freq: 2.3 	 Demand: 1020
	Edge: 66 <--> 53 	 Freq: 2.3 	 Demand: 3913
	Edge: 36 <--> 16 	 Freq: 28.0 	 Demand: 2482
	Edge: 38 <--> 42 	 Freq: 28.0 	 Demand: 850
	Edge: 48 <--> 9 	 Freq: 28.0 	 Demand: 612

	Routes:

	Route: 1
	Route length (1317.0) and demand (8044)
	Edge: 3 <--> 49 	 Freq: 7.0 	 Demand: 1530
	Edge: 7 <--> 50 	 Freq: 7.0 	 Demand: 238
	Edge: 28 <--> 7 	 Freq: 2.3 	 Demand: 1020
	Edge: 28 <--> 29 	 Freq: 7.0 	 Demand: 510
	Edge: 66 <--> 53 	 Freq: 2.3 	 Demand: 3913
	Edge: 27 <--> 8 	 Freq: 7.0 	 Demand: 833
	Route: 2
	Route length (2128.0) and demand (11288)
	Edge: 34 <--> 0 	 Freq: 28.0 	 Demand: 3060
	Edge: 76 <--> 75 	 Freq: 7.0 	 Demand: 510
	Edge: 44 <--> 77 	 Freq: 7.0 	 Demand: 612
	Edge: 25 <--> 26 	 Freq: 14.0 	 Demand: 680
	Edge: 43 <--> 70 	 Freq: 7.0 	 Demand: 204
	Edge: 10 <--> 44 	 Freq: 7.0 	 Demand: 646
	Edge: 13 <--> 9 	 Freq: 7.0 	 Demand: 816
	Edge: 48 <--> 9 	 Freq: 28.0 	 Demand: 612
	Edge: 45 <--> 74 	 Freq: 7.0 	 Demand: 119
	Edge: 74 <--> 72 	 Freq: 7.0 	 Demand: 153
	Edge: 71 <--> 72 	 Freq: 7.0 	 Demand: 1836
	Edge: 71 <--> 72 	 Freq: 28.0 	 Demand: 2040
	Route: 3
	Route length (1593.0) and demand (11696)
	Edge: 23 <--> 24 	 Freq: 14.0 	 Demand: 1870
	Edge: 36 <--> 16 	 Freq: 28.0 	 Demand: 2482
	Edge: 18 <--> 19 	 Freq: 7.0 	 Demand: 2686
	Edge: 58 <--> 21 	 Freq: 28.0 	 Demand: 408
	Edge: 16 <--> 58 	 Freq: 7.0 	 Demand: 2822
	Edge: 42 <--> 16 	 Freq: 28.0 	 Demand: 1428
	Route: 4
	Route length (540.0) and demand (3349)
	Edge: 42 <--> 57 	 Freq: 7.0 	 Demand: 1989
	Edge: 38 <--> 42 	 Freq: 28.0 	 Demand: 850
	Edge: 38 <--> 42 	 Freq: 7.0 	 Demand: 510

Day 24, number of edges 27, number of routes 6

	Edges:

	Edge: 73 <--> 74 	 Freq: 28.0 	 Demand: 816
	Edge: 12 <--> 73 	 Freq: 28.0 	 Demand: 1020
	Edge: 9 <--> 47 	 Freq: 28.0 	 Demand: 1020
	Edge: 67 <--> 68 	 Freq: 28.0 	 Demand: 1190
	Edge: 12 <--> 73 	 Freq: 7.0 	 Demand: 935
	Edge: 10 <--> 11 	 Freq: 7.0 	 Demand: 663
	Edge: 75 <--> 12 	 Freq: 7.0 	 Demand: 1207
	Edge: 21 <--> 59 	 Freq: 7.0 	 Demand: 578
	Edge: 46 <--> 56 	 Freq: 7.0 	 Demand: 408
	Edge: 57 <--> 55 	 Freq: 7.0 	 Demand: 2992
	Edge: 61 <--> 62 	 Freq: 7.0 	 Demand: 1530
	Edge: 0 <--> 71 	 Freq: 7.0 	 Demand: 1870
	Edge: 66 <--> 53 	 Freq: 7.0 	 Demand: 510
	Edge: 25 <--> 26 	 Freq: 7.0 	 Demand: 510
	Edge: 65 <--> 6 	 Freq: 7.0 	 Demand: 306
	Edge: 6 <--> 7 	 Freq: 7.0 	 Demand: 1955
	Edge: 68 <--> 69 	 Freq: 7.0 	 Demand: 3508
	Edge: 43 <--> 70 	 Freq: 3.5 	 Demand: 3060
	Edge: 78 <--> 71 	 Freq: 3.5 	 Demand: 3825
	Edge: 35 <--> 1 	 Freq: 3.5 	 Demand: 4235
	Edge: 65 <--> 52 	 Freq: 3.5 	 Demand: 3974
	Edge: 34 <--> 0 	 Freq: 3.5 	 Demand: 3697
	Edge: 40 <--> 41 	 Freq: 3.5 	 Demand: 3516
	Edge: 39 <--> 25 	 Freq: 3.5 	 Demand: 4080
	Edge: 3 <--> 49 	 Freq: 2.3 	 Demand: 3570
	Edge: 30 <--> 67 	 Freq: 2.3 	 Demand: 4213
	Edge: 11 <--> 73 	 Freq: 28.0 	 Demand: 408

	Routes:

	Route: 1
	Route length (2207.0) and demand (11982)
	Edge: 75 <--> 12 	 Freq: 7.0 	 Demand: 1207
	Edge: 12 <--> 73 	 Freq: 7.0 	 Demand: 935
	Edge: 73 <--> 74 	 Freq: 28.0 	 Demand: 816
	Edge: 46 <--> 56 	 Freq: 7.0 	 Demand: 408
	Edge: 57 <--> 55 	 Freq: 7.0 	 Demand: 2992
	Edge: 21 <--> 59 	 Freq: 7.0 	 Demand: 578
	Edge: 40 <--> 41 	 Freq: 3.5 	 Demand: 3516
	Edge: 61 <--> 62 	 Freq: 7.0 	 Demand: 1530
	Route: 2
	Route length (1421.0) and demand (10406)
	Edge: 35 <--> 1 	 Freq: 3.5 	 Demand: 4235
	Edge: 43 <--> 70 	 Freq: 3.5 	 Demand: 3060
	Edge: 9 <--> 47 	 Freq: 28.0 	 Demand: 1020
	Edge: 10 <--> 11 	 Freq: 7.0 	 Demand: 663
	Edge: 11 <--> 73 	 Freq: 28.0 	 Demand: 408
	Edge: 12 <--> 73 	 Freq: 28.0 	 Demand: 1020
	Route: 3
	Route length (556.0) and demand (7910)
	Edge: 34 <--> 0 	 Freq: 3.5 	 Demand: 3697
	Edge: 30 <--> 67 	 Freq: 2.3 	 Demand: 4213
	Route: 4
	Route length (242.0) and demand (5695)
	Edge: 78 <--> 71 	 Freq: 3.5 	 Demand: 3825
	Edge: 0 <--> 71 	 Freq: 7.0 	 Demand: 1870
	Route: 5
	Route length (1216.0) and demand (9805)
	Edge: 65 <--> 52 	 Freq: 3.5 	 Demand: 3974
	Edge: 65 <--> 6 	 Freq: 7.0 	 Demand: 306
	Edge: 6 <--> 7 	 Freq: 7.0 	 Demand: 1955
	Edge: 3 <--> 49 	 Freq: 2.3 	 Demand: 3570
	Route: 6
	Route length (1355.0) and demand (9798)
	Edge: 66 <--> 53 	 Freq: 7.0 	 Demand: 510
	Edge: 67 <--> 68 	 Freq: 28.0 	 Demand: 1190
	Edge: 68 <--> 69 	 Freq: 7.0 	 Demand: 3508
	Edge: 25 <--> 26 	 Freq: 7.0 	 Demand: 510
	Edge: 39 <--> 25 	 Freq: 3.5 	 Demand: 4080

Day 25, number of edges 29, number of routes 9

	Edges:

	Edge: 15 <--> 17 	 Freq: 28.0 	 Demand: 1530
	Edge: 9 <--> 47 	 Freq: 7.0 	 Demand: 561
	Edge: 77 <--> 76 	 Freq: 7.0 	 Demand: 578
	Edge: 36 <--> 24 	 Freq: 7.0 	 Demand: 765
	Edge: 30 <--> 67 	 Freq: 7.0 	 Demand: 204
	Edge: 23 <--> 63 	 Freq: 7.0 	 Demand: 4998
	Edge: 40 <--> 15 	 Freq: 3.5 	 Demand: 2244
	Edge: 14 <--> 15 	 Freq: 3.5 	 Demand: 3895
	Edge: 7 <--> 50 	 Freq: 3.5 	 Demand: 1530
	Edge: 53 <--> 51 	 Freq: 3.5 	 Demand: 3568
	Edge: 61 <--> 62 	 Freq: 3.5 	 Demand: 4080
	Edge: 4 <--> 5 	 Freq: 3.5 	 Demand: 2550
	Edge: 50 <--> 3 	 Freq: 3.5 	 Demand: 1530
	Edge: 67 <--> 68 	 Freq: 3.5 	 Demand: 3656
	Edge: 67 <--> 66 	 Freq: 3.5 	 Demand: 3970
	Edge: 34 <--> 66 	 Freq: 3.5 	 Demand: 1700
	Edge: 27 <--> 8 	 Freq: 3.5 	 Demand: 4182
	Edge: 36 <--> 16 	 Freq: 3.5 	 Demand: 3927
	Edge: 38 <--> 42 	 Freq: 3.5 	 Demand: 4031
	Edge: 37 <--> 23 	 Freq: 3.5 	 Demand: 3060
	Edge: 68 <--> 69 	 Freq: 3.5 	 Demand: 3653
	Edge: 61 <--> 60 	 Freq: 3.5 	 Demand: 2720
	Edge: 32 <--> 33 	 Freq: 3.5 	 Demand: 3777
	Edge: 23 <--> 24 	 Freq: 3.5 	 Demand: 4080
	Edge: 27 <--> 3 	 Freq: 3.5 	 Demand: 3060
	Edge: 28 <--> 7 	 Freq: 2.3 	 Demand: 1020
	Edge: 66 <--> 53 	 Freq: 2.3 	 Demand: 3913
	Edge: 30 <--> 67 	 Freq: 2.3 	 Demand: 4213
	Edge: 76 <--> 75 	 Freq: 28.0 	 Demand: 612

	Routes:

	Route: 1
	Route length (1181.0) and demand (9690)
	Edge: 27 <--> 3 	 Freq: 3.5 	 Demand: 3060
	Edge: 4 <--> 5 	 Freq: 3.5 	 Demand: 2550
	Edge: 50 <--> 3 	 Freq: 3.5 	 Demand: 1530
	Edge: 7 <--> 50 	 Freq: 3.5 	 Demand: 1530
	Edge: 28 <--> 7 	 Freq: 2.3 	 Demand: 1020
	Route: 2
	Route length (1490.0) and demand (9264)
	Edge: 68 <--> 69 	 Freq: 3.5 	 Demand: 3653
	Edge: 67 <--> 68 	 Freq: 3.5 	 Demand: 3656
	Edge: 30 <--> 67 	 Freq: 7.0 	 Demand: 204
	Edge: 9 <--> 47 	 Freq: 7.0 	 Demand: 561
	Edge: 77 <--> 76 	 Freq: 7.0 	 Demand: 578
	Edge: 76 <--> 75 	 Freq: 28.0 	 Demand: 612
	Route: 3
	Route length (1143.0) and demand (11492)
	Edge: 61 <--> 62 	 Freq: 3.5 	 Demand: 4080
	Edge: 61 <--> 60 	 Freq: 3.5 	 Demand: 2720
	Edge: 36 <--> 24 	 Freq: 7.0 	 Demand: 765
	Edge: 36 <--> 16 	 Freq: 3.5 	 Demand: 3927
	Route: 4
	Route length (960.0) and demand (9181)
	Edge: 34 <--> 66 	 Freq: 3.5 	 Demand: 1700
	Edge: 66 <--> 53 	 Freq: 2.3 	 Demand: 3913
	Edge: 53 <--> 51 	 Freq: 3.5 	 Demand: 3568
	Route: 5
	Route length (296.0) and demand (4182)
	Edge: 27 <--> 8 	 Freq: 3.5 	 Demand: 4182
	Route: 6
	Route length (715.0) and demand (11960)
	Edge: 67 <--> 66 	 Freq: 3.5 	 Demand: 3970
	Edge: 30 <--> 67 	 Freq: 2.3 	 Demand: 4213
	Edge: 32 <--> 33 	 Freq: 3.5 	 Demand: 3777
	Route: 7
	Route length (264.0) and demand (4031)
	Edge: 38 <--> 42 	 Freq: 3.5 	 Demand: 4031
	Route: 8
	Route length (984.0) and demand (11749)
	Edge: 23 <--> 24 	 Freq: 3.5 	 Demand: 4080
	Edge: 40 <--> 15 	 Freq: 3.5 	 Demand: 2244
	Edge: 15 <--> 17 	 Freq: 28.0 	 Demand: 1530
	Edge: 14 <--> 15 	 Freq: 3.5 	 Demand: 3895
	Route: 9
	Route length (610.0) and demand (8058)
	Edge: 23 <--> 63 	 Freq: 7.0 	 Demand: 4998
	Edge: 37 <--> 23 	 Freq: 3.5 	 Demand: 3060

Day 26, number of edges 0, number of routes 0

	Edges:


	Routes:


Day 27, number of edges 0, number of routes 0

	Edges:


	Routes:


Day 28, number of edges 33, number of routes 8

	Edges:

	Edge: 61 <--> 62 	 Freq: 28.0 	 Demand: 3264
	Edge: 61 <--> 60 	 Freq: 28.0 	 Demand: 680
	Edge: 36 <--> 24 	 Freq: 28.0 	 Demand: 408
	Edge: 45 <--> 10 	 Freq: 7.0 	 Demand: 765
	Edge: 73 <--> 74 	 Freq: 7.0 	 Demand: 663
	Edge: 48 <--> 9 	 Freq: 7.0 	 Demand: 918
	Edge: 58 <--> 21 	 Freq: 7.0 	 Demand: 306
	Edge: 61 <--> 60 	 Freq: 7.0 	 Demand: 510
	Edge: 42 <--> 16 	 Freq: 7.0 	 Demand: 1173
	Edge: 34 <--> 66 	 Freq: 7.0 	 Demand: 3604
	Edge: 43 <--> 70 	 Freq: 3.5 	 Demand: 3060
	Edge: 78 <--> 71 	 Freq: 3.5 	 Demand: 3825
	Edge: 40 <--> 15 	 Freq: 3.5 	 Demand: 2244
	Edge: 14 <--> 15 	 Freq: 3.5 	 Demand: 3895
	Edge: 61 <--> 62 	 Freq: 3.5 	 Demand: 4080
	Edge: 4 <--> 5 	 Freq: 3.5 	 Demand: 2550
	Edge: 50 <--> 3 	 Freq: 3.5 	 Demand: 1530
	Edge: 35 <--> 1 	 Freq: 3.5 	 Demand: 4235
	Edge: 65 <--> 52 	 Freq: 3.5 	 Demand: 3974
	Edge: 67 <--> 68 	 Freq: 3.5 	 Demand: 3656
	Edge: 67 <--> 66 	 Freq: 3.5 	 Demand: 3970
	Edge: 36 <--> 16 	 Freq: 3.5 	 Demand: 3927
	Edge: 38 <--> 42 	 Freq: 3.5 	 Demand: 4031
	Edge: 37 <--> 23 	 Freq: 3.5 	 Demand: 3060
	Edge: 68 <--> 69 	 Freq: 3.5 	 Demand: 3653
	Edge: 34 <--> 0 	 Freq: 3.5 	 Demand: 3697
	Edge: 40 <--> 41 	 Freq: 3.5 	 Demand: 3516
	Edge: 61 <--> 60 	 Freq: 3.5 	 Demand: 2720
	Edge: 39 <--> 25 	 Freq: 3.5 	 Demand: 4080
	Edge: 28 <--> 7 	 Freq: 2.3 	 Demand: 1020
	Edge: 66 <--> 53 	 Freq: 2.3 	 Demand: 3913
	Edge: 30 <--> 67 	 Freq: 2.3 	 Demand: 4213
	Edge: 45 <--> 10 	 Freq: 28.0 	 Demand: 1020

	Routes:

	Route: 1
	Route length (725.0) and demand (11602)
	Edge: 34 <--> 0 	 Freq: 3.5 	 Demand: 3697
	Edge: 39 <--> 25 	 Freq: 3.5 	 Demand: 4080
	Edge: 78 <--> 71 	 Freq: 3.5 	 Demand: 3825
	Route: 2
	Route length (643.0) and demand (11018)
	Edge: 38 <--> 42 	 Freq: 3.5 	 Demand: 4031
	Edge: 36 <--> 16 	 Freq: 3.5 	 Demand: 3927
	Edge: 37 <--> 23 	 Freq: 3.5 	 Demand: 3060
	Route: 3
	Route length (715.0) and demand (11787)
	Edge: 30 <--> 67 	 Freq: 2.3 	 Demand: 4213
	Edge: 67 <--> 66 	 Freq: 3.5 	 Demand: 3970
	Edge: 34 <--> 66 	 Freq: 7.0 	 Demand: 3604
	Route: 4
	Route length (1865.0) and demand (10661)
	Edge: 73 <--> 74 	 Freq: 7.0 	 Demand: 663
	Edge: 45 <--> 10 	 Freq: 7.0 	 Demand: 765
	Edge: 45 <--> 10 	 Freq: 28.0 	 Demand: 1020
	Edge: 48 <--> 9 	 Freq: 7.0 	 Demand: 918
	Edge: 43 <--> 70 	 Freq: 3.5 	 Demand: 3060
	Edge: 35 <--> 1 	 Freq: 3.5 	 Demand: 4235
	Route: 5
	Route length (1240.0) and demand (11542)
	Edge: 42 <--> 16 	 Freq: 7.0 	 Demand: 1173
	Edge: 58 <--> 21 	 Freq: 7.0 	 Demand: 306
	Edge: 14 <--> 15 	 Freq: 3.5 	 Demand: 3895
	Edge: 40 <--> 15 	 Freq: 3.5 	 Demand: 2244
	Edge: 40 <--> 41 	 Freq: 3.5 	 Demand: 3516
	Edge: 36 <--> 24 	 Freq: 28.0 	 Demand: 408
	Route: 6
	Route length (1184.0) and demand (11222)
	Edge: 66 <--> 53 	 Freq: 2.3 	 Demand: 3913
	Edge: 67 <--> 68 	 Freq: 3.5 	 Demand: 3656
	Edge: 68 <--> 69 	 Freq: 3.5 	 Demand: 3653
	Route: 7
	Route length (1199.0) and demand (9074)
	Edge: 65 <--> 52 	 Freq: 3.5 	 Demand: 3974
	Edge: 28 <--> 7 	 Freq: 2.3 	 Demand: 1020
	Edge: 50 <--> 3 	 Freq: 3.5 	 Demand: 1530
	Edge: 4 <--> 5 	 Freq: 3.5 	 Demand: 2550
	Route: 8
	Route length (1381.0) and demand (11254)
	Edge: 61 <--> 62 	 Freq: 28.0 	 Demand: 3264
	Edge: 61 <--> 60 	 Freq: 7.0 	 Demand: 510
	Edge: 61 <--> 60 	 Freq: 28.0 	 Demand: 680
	Edge: 61 <--> 60 	 Freq: 3.5 	 Demand: 2720
	Edge: 61 <--> 62 	 Freq: 3.5 	 Demand: 4080

Day 29, number of edges 27, number of routes 5

	Edges:

	Edge: 53 <--> 51 	 Freq: 28.0 	 Demand: 1632
	Edge: 70 <--> 47 	 Freq: 7.0 	 Demand: 1105
	Edge: 43 <--> 70 	 Freq: 7.0 	 Demand: 204
	Edge: 45 <--> 74 	 Freq: 7.0 	 Demand: 119
	Edge: 31 <--> 77 	 Freq: 7.0 	 Demand: 1020
	Edge: 44 <--> 77 	 Freq: 7.0 	 Demand: 612
	Edge: 76 <--> 75 	 Freq: 7.0 	 Demand: 510
	Edge: 78 <--> 71 	 Freq: 7.0 	 Demand: 238
	Edge: 21 <--> 22 	 Freq: 7.0 	 Demand: 1020
	Edge: 55 <--> 19 	 Freq: 7.0 	 Demand: 782
	Edge: 71 <--> 72 	 Freq: 7.0 	 Demand: 1836
	Edge: 50 <--> 3 	 Freq: 7.0 	 Demand: 3060
	Edge: 7 <--> 50 	 Freq: 7.0 	 Demand: 238
	Edge: 28 <--> 29 	 Freq: 7.0 	 Demand: 510
	Edge: 27 <--> 3 	 Freq: 7.0 	 Demand: 4751
	Edge: 0 <--> 27 	 Freq: 7.0 	 Demand: 306
	Edge: 7 <--> 50 	 Freq: 3.5 	 Demand: 1530
	Edge: 53 <--> 51 	 Freq: 3.5 	 Demand: 3568
	Edge: 34 <--> 66 	 Freq: 3.5 	 Demand: 1700
	Edge: 27 <--> 8 	 Freq: 3.5 	 Demand: 4182
	Edge: 32 <--> 33 	 Freq: 3.5 	 Demand: 3777
	Edge: 23 <--> 24 	 Freq: 3.5 	 Demand: 4080
	Edge: 27 <--> 3 	 Freq: 3.5 	 Demand: 3060
	Edge: 54 <--> 20 	 Freq: 2.3 	 Demand: 4080
	Edge: 3 <--> 49 	 Freq: 2.3 	 Demand: 3570
	Edge: 23 <--> 24 	 Freq: 28.0 	 Demand: 4148
	Edge: 70 <--> 47 	 Freq: 28.0 	 Demand: 612

	Routes:

	Route: 1
	Route length (935.0) and demand (11687)
	Edge: 27 <--> 3 	 Freq: 3.5 	 Demand: 3060
	Edge: 3 <--> 49 	 Freq: 2.3 	 Demand: 3570
	Edge: 27 <--> 3 	 Freq: 7.0 	 Demand: 4751
	Edge: 0 <--> 27 	 Freq: 7.0 	 Demand: 306
	Route: 2
	Route length (1095.0) and demand (11495)
	Edge: 71 <--> 72 	 Freq: 7.0 	 Demand: 1836
	Edge: 32 <--> 33 	 Freq: 3.5 	 Demand: 3777
	Edge: 34 <--> 66 	 Freq: 3.5 	 Demand: 1700
	Edge: 27 <--> 8 	 Freq: 3.5 	 Demand: 4182
	Route: 3
	Route length (1250.0) and demand (10538)
	Edge: 7 <--> 50 	 Freq: 3.5 	 Demand: 1530
	Edge: 50 <--> 3 	 Freq: 7.0 	 Demand: 3060
	Edge: 7 <--> 50 	 Freq: 7.0 	 Demand: 238
	Edge: 28 <--> 29 	 Freq: 7.0 	 Demand: 510
	Edge: 53 <--> 51 	 Freq: 3.5 	 Demand: 3568
	Edge: 53 <--> 51 	 Freq: 28.0 	 Demand: 1632
	Route: 4
	Route length (836.0) and demand (8228)
	Edge: 23 <--> 24 	 Freq: 3.5 	 Demand: 4080
	Edge: 23 <--> 24 	 Freq: 28.0 	 Demand: 4148
	Route: 5
	Route length (2497.0) and demand (10302)
	Edge: 21 <--> 22 	 Freq: 7.0 	 Demand: 1020
	Edge: 55 <--> 19 	 Freq: 7.0 	 Demand: 782
	Edge: 54 <--> 20 	 Freq: 2.3 	 Demand: 4080
	Edge: 45 <--> 74 	 Freq: 7.0 	 Demand: 119
	Edge: 70 <--> 47 	 Freq: 7.0 	 Demand: 1105
	Edge: 43 <--> 70 	 Freq: 7.0 	 Demand: 204
	Edge: 70 <--> 47 	 Freq: 28.0 	 Demand: 612
	Edge: 44 <--> 77 	 Freq: 7.0 	 Demand: 612
	Edge: 31 <--> 77 	 Freq: 7.0 	 Demand: 1020
	Edge: 76 <--> 75 	 Freq: 7.0 	 Demand: 510
	Edge: 78 <--> 71 	 Freq: 7.0 	 Demand: 238

Day 30, number of edges 27, number of routes 4

	Edges:

	Edge: 10 <--> 44 	 Freq: 28.0 	 Demand: 408
	Edge: 70 <--> 13 	 Freq: 28.0 	 Demand: 2652
	Edge: 13 <--> 9 	 Freq: 28.0 	 Demand: 612
	Edge: 18 <--> 58 	 Freq: 28.0 	 Demand: 1020
	Edge: 74 <--> 72 	 Freq: 7.0 	 Demand: 153
	Edge: 11 <--> 73 	 Freq: 7.0 	 Demand: 357
	Edge: 10 <--> 44 	 Freq: 7.0 	 Demand: 646
	Edge: 13 <--> 9 	 Freq: 7.0 	 Demand: 816
	Edge: 70 <--> 13 	 Freq: 7.0 	 Demand: 2278
	Edge: 21 <--> 59 	 Freq: 7.0 	 Demand: 578
	Edge: 15 <--> 22 	 Freq: 7.0 	 Demand: 4080
	Edge: 18 <--> 58 	 Freq: 7.0 	 Demand: 578
	Edge: 18 <--> 19 	 Freq: 7.0 	 Demand: 2686
	Edge: 57 <--> 18 	 Freq: 7.0 	 Demand: 1394
	Edge: 61 <--> 62 	 Freq: 7.0 	 Demand: 1530
	Edge: 66 <--> 53 	 Freq: 7.0 	 Demand: 510
	Edge: 23 <--> 24 	 Freq: 7.0 	 Demand: 3978
	Edge: 25 <--> 26 	 Freq: 7.0 	 Demand: 510
	Edge: 42 <--> 57 	 Freq: 7.0 	 Demand: 1989
	Edge: 37 <--> 23 	 Freq: 7.0 	 Demand: 1683
	Edge: 38 <--> 42 	 Freq: 14.0 	 Demand: 1870
	Edge: 28 <--> 7 	 Freq: 2.3 	 Demand: 1020
	Edge: 66 <--> 53 	 Freq: 2.3 	 Demand: 3913
	Edge: 30 <--> 67 	 Freq: 2.3 	 Demand: 4213
	Edge: 43 <--> 70 	 Freq: 28.0 	 Demand: 1224
	Edge: 74 <--> 72 	 Freq: 28.0 	 Demand: 204
	Edge: 18 <--> 19 	 Freq: 28.0 	 Demand: 3468

	Routes:

	Route: 1
	Route length (1457.0) and demand (11713)
	Edge: 18 <--> 19 	 Freq: 28.0 	 Demand: 3468
	Edge: 18 <--> 19 	 Freq: 7.0 	 Demand: 2686
	Edge: 18 <--> 58 	 Freq: 7.0 	 Demand: 578
	Edge: 21 <--> 59 	 Freq: 7.0 	 Demand: 578
	Edge: 18 <--> 58 	 Freq: 28.0 	 Demand: 1020
	Edge: 57 <--> 18 	 Freq: 7.0 	 Demand: 1394
	Edge: 42 <--> 57 	 Freq: 7.0 	 Demand: 1989
	Route: 2
	Route length (1398.0) and demand (9656)
	Edge: 66 <--> 53 	 Freq: 2.3 	 Demand: 3913
	Edge: 28 <--> 7 	 Freq: 2.3 	 Demand: 1020
	Edge: 66 <--> 53 	 Freq: 7.0 	 Demand: 510
	Edge: 30 <--> 67 	 Freq: 2.3 	 Demand: 4213
	Route: 3
	Route length (2339.0) and demand (11730)
	Edge: 38 <--> 42 	 Freq: 14.0 	 Demand: 1870
	Edge: 74 <--> 72 	 Freq: 7.0 	 Demand: 153
	Edge: 74 <--> 72 	 Freq: 28.0 	 Demand: 204
	Edge: 11 <--> 73 	 Freq: 7.0 	 Demand: 357
	Edge: 10 <--> 44 	 Freq: 28.0 	 Demand: 408
	Edge: 13 <--> 9 	 Freq: 28.0 	 Demand: 612
	Edge: 70 <--> 13 	 Freq: 28.0 	 Demand: 2652
	Edge: 43 <--> 70 	 Freq: 28.0 	 Demand: 1224
	Edge: 70 <--> 13 	 Freq: 7.0 	 Demand: 2278
	Edge: 13 <--> 9 	 Freq: 7.0 	 Demand: 816
	Edge: 10 <--> 44 	 Freq: 7.0 	 Demand: 646
	Edge: 25 <--> 26 	 Freq: 7.0 	 Demand: 510
	Route: 4
	Route length (1395.0) and demand (11271)
	Edge: 61 <--> 62 	 Freq: 7.0 	 Demand: 1530
	Edge: 15 <--> 22 	 Freq: 7.0 	 Demand: 4080
	Edge: 23 <--> 24 	 Freq: 7.0 	 Demand: 3978
	Edge: 37 <--> 23 	 Freq: 7.0 	 Demand: 1683

Day 31, number of edges 25, number of routes 6

	Edges:

	Edge: 7 <--> 50 	 Freq: 28.0 	 Demand: 322
	Edge: 50 <--> 3 	 Freq: 28.0 	 Demand: 1360
	Edge: 3 <--> 49 	 Freq: 28.0 	 Demand: 544
	Edge: 10 <--> 11 	 Freq: 7.0 	 Demand: 663
	Edge: 9 <--> 47 	 Freq: 7.0 	 Demand: 561
	Edge: 77 <--> 76 	 Freq: 7.0 	 Demand: 578
	Edge: 46 <--> 56 	 Freq: 7.0 	 Demand: 408
	Edge: 16 <--> 58 	 Freq: 7.0 	 Demand: 2822
	Edge: 38 <--> 42 	 Freq: 7.0 	 Demand: 510
	Edge: 36 <--> 24 	 Freq: 7.0 	 Demand: 765
	Edge: 3 <--> 49 	 Freq: 7.0 	 Demand: 1530
	Edge: 27 <--> 8 	 Freq: 7.0 	 Demand: 833
	Edge: 68 <--> 69 	 Freq: 7.0 	 Demand: 3508
	Edge: 23 <--> 63 	 Freq: 7.0 	 Demand: 4998
	Edge: 43 <--> 70 	 Freq: 3.5 	 Demand: 3060
	Edge: 14 <--> 15 	 Freq: 3.5 	 Demand: 3895
	Edge: 61 <--> 62 	 Freq: 3.5 	 Demand: 4080
	Edge: 36 <--> 16 	 Freq: 3.5 	 Demand: 3927
	Edge: 38 <--> 42 	 Freq: 3.5 	 Demand: 4031
	Edge: 37 <--> 23 	 Freq: 3.5 	 Demand: 3060
	Edge: 34 <--> 0 	 Freq: 3.5 	 Demand: 3697
	Edge: 40 <--> 41 	 Freq: 3.5 	 Demand: 3516
	Edge: 61 <--> 60 	 Freq: 3.5 	 Demand: 2720
	Edge: 3 <--> 49 	 Freq: 2.3 	 Demand: 3570
	Edge: 45 <--> 74 	 Freq: 28.0 	 Demand: 204

	Routes:

	Route: 1
	Route length (1189.0) and demand (11081)
	Edge: 61 <--> 62 	 Freq: 3.5 	 Demand: 4080
	Edge: 61 <--> 60 	 Freq: 3.5 	 Demand: 2720
	Edge: 40 <--> 41 	 Freq: 3.5 	 Demand: 3516
	Edge: 36 <--> 24 	 Freq: 7.0 	 Demand: 765
	Route: 2
	Route length (610.0) and demand (8058)
	Edge: 37 <--> 23 	 Freq: 3.5 	 Demand: 3060
	Edge: 23 <--> 63 	 Freq: 7.0 	 Demand: 4998
	Route: 3
	Route length (1851.0) and demand (11667)
	Edge: 27 <--> 8 	 Freq: 7.0 	 Demand: 833
	Edge: 68 <--> 69 	 Freq: 7.0 	 Demand: 3508
	Edge: 7 <--> 50 	 Freq: 28.0 	 Demand: 322
	Edge: 3 <--> 49 	 Freq: 2.3 	 Demand: 3570
	Edge: 3 <--> 49 	 Freq: 28.0 	 Demand: 544
	Edge: 3 <--> 49 	 Freq: 7.0 	 Demand: 1530
	Edge: 50 <--> 3 	 Freq: 28.0 	 Demand: 1360
	Route: 4
	Route length (81.0) and demand (3697)
	Edge: 34 <--> 0 	 Freq: 3.5 	 Demand: 3697
	Route: 5
	Route length (1799.0) and demand (9505)
	Edge: 77 <--> 76 	 Freq: 7.0 	 Demand: 578
	Edge: 43 <--> 70 	 Freq: 3.5 	 Demand: 3060
	Edge: 9 <--> 47 	 Freq: 7.0 	 Demand: 561
	Edge: 10 <--> 11 	 Freq: 7.0 	 Demand: 663
	Edge: 45 <--> 74 	 Freq: 28.0 	 Demand: 204
	Edge: 46 <--> 56 	 Freq: 7.0 	 Demand: 408
	Edge: 38 <--> 42 	 Freq: 3.5 	 Demand: 4031
	Route: 6
	Route length (877.0) and demand (11154)
	Edge: 38 <--> 42 	 Freq: 7.0 	 Demand: 510
	Edge: 14 <--> 15 	 Freq: 3.5 	 Demand: 3895
	Edge: 16 <--> 58 	 Freq: 7.0 	 Demand: 2822
	Edge: 36 <--> 16 	 Freq: 3.5 	 Demand: 3927

Day 32, number of edges 31, number of routes 9

	Edges:

	Edge: 27 <--> 3 	 Freq: 28.0 	 Demand: 5398
	Edge: 12 <--> 73 	 Freq: 7.0 	 Demand: 935
	Edge: 75 <--> 12 	 Freq: 7.0 	 Demand: 1207
	Edge: 57 <--> 55 	 Freq: 7.0 	 Demand: 2992
	Edge: 0 <--> 71 	 Freq: 7.0 	 Demand: 1870
	Edge: 65 <--> 6 	 Freq: 7.0 	 Demand: 306
	Edge: 6 <--> 7 	 Freq: 7.0 	 Demand: 1955
	Edge: 30 <--> 67 	 Freq: 7.0 	 Demand: 204
	Edge: 78 <--> 71 	 Freq: 3.5 	 Demand: 3825
	Edge: 40 <--> 15 	 Freq: 3.5 	 Demand: 2244
	Edge: 7 <--> 50 	 Freq: 3.5 	 Demand: 1530
	Edge: 53 <--> 51 	 Freq: 3.5 	 Demand: 3568
	Edge: 4 <--> 5 	 Freq: 3.5 	 Demand: 2550
	Edge: 50 <--> 3 	 Freq: 3.5 	 Demand: 1530
	Edge: 35 <--> 1 	 Freq: 3.5 	 Demand: 4235
	Edge: 65 <--> 52 	 Freq: 3.5 	 Demand: 3974
	Edge: 67 <--> 68 	 Freq: 3.5 	 Demand: 3656
	Edge: 67 <--> 66 	 Freq: 3.5 	 Demand: 3970
	Edge: 34 <--> 66 	 Freq: 3.5 	 Demand: 1700
	Edge: 27 <--> 8 	 Freq: 3.5 	 Demand: 4182
	Edge: 68 <--> 69 	 Freq: 3.5 	 Demand: 3653
	Edge: 32 <--> 33 	 Freq: 3.5 	 Demand: 3777
	Edge: 39 <--> 25 	 Freq: 3.5 	 Demand: 4080
	Edge: 23 <--> 24 	 Freq: 3.5 	 Demand: 4080
	Edge: 27 <--> 3 	 Freq: 3.5 	 Demand: 3060
	Edge: 54 <--> 20 	 Freq: 2.3 	 Demand: 4080
	Edge: 28 <--> 7 	 Freq: 2.3 	 Demand: 1020
	Edge: 66 <--> 53 	 Freq: 2.3 	 Demand: 3913
	Edge: 30 <--> 67 	 Freq: 2.3 	 Demand: 4213
	Edge: 32 <--> 33 	 Freq: 28.0 	 Demand: 1530
	Edge: 10 <--> 11 	 Freq: 28.0 	 Demand: 816

	Routes:

	Route: 1
	Route length (827.0) and demand (9845)
	Edge: 32 <--> 33 	 Freq: 28.0 	 Demand: 1530
	Edge: 39 <--> 25 	 Freq: 3.5 	 Demand: 4080
	Edge: 35 <--> 1 	 Freq: 3.5 	 Demand: 4235
	Route: 2
	Route length (993.0) and demand (11008)
	Edge: 27 <--> 3 	 Freq: 3.5 	 Demand: 3060
	Edge: 4 <--> 5 	 Freq: 3.5 	 Demand: 2550
	Edge: 27 <--> 3 	 Freq: 28.0 	 Demand: 5398
	Route: 3
	Route length (1206.0) and demand (11561)
	Edge: 66 <--> 53 	 Freq: 2.3 	 Demand: 3913
	Edge: 53 <--> 51 	 Freq: 3.5 	 Demand: 3568
	Edge: 28 <--> 7 	 Freq: 2.3 	 Demand: 1020
	Edge: 7 <--> 50 	 Freq: 3.5 	 Demand: 1530
	Edge: 50 <--> 3 	 Freq: 3.5 	 Demand: 1530
	Route: 4
	Route length (715.0) and demand (9883)
	Edge: 34 <--> 66 	 Freq: 3.5 	 Demand: 1700
	Edge: 67 <--> 66 	 Freq: 3.5 	 Demand: 3970
	Edge: 30 <--> 67 	 Freq: 2.3 	 Demand: 4213
	Route: 5
	Route length (870.0) and demand (6324)
	Edge: 40 <--> 15 	 Freq: 3.5 	 Demand: 2244
	Edge: 23 <--> 24 	 Freq: 3.5 	 Demand: 4080
	Route: 6
	Route length (842.0) and demand (10417)
	Edge: 27 <--> 8 	 Freq: 3.5 	 Demand: 4182
	Edge: 65 <--> 52 	 Freq: 3.5 	 Demand: 3974
	Edge: 65 <--> 6 	 Freq: 7.0 	 Demand: 306
	Edge: 6 <--> 7 	 Freq: 7.0 	 Demand: 1955
	Route: 7
	Route length (242.0) and demand (3825)
	Edge: 78 <--> 71 	 Freq: 3.5 	 Demand: 3825
	Route: 8
	Route length (994.0) and demand (11290)
	Edge: 68 <--> 69 	 Freq: 3.5 	 Demand: 3653
	Edge: 67 <--> 68 	 Freq: 3.5 	 Demand: 3656
	Edge: 30 <--> 67 	 Freq: 7.0 	 Demand: 204
	Edge: 32 <--> 33 	 Freq: 3.5 	 Demand: 3777
	Route: 9
	Route length (1417.0) and demand (11900)
	Edge: 57 <--> 55 	 Freq: 7.0 	 Demand: 2992
	Edge: 54 <--> 20 	 Freq: 2.3 	 Demand: 4080
	Edge: 12 <--> 73 	 Freq: 7.0 	 Demand: 935
	Edge: 10 <--> 11 	 Freq: 28.0 	 Demand: 816
	Edge: 75 <--> 12 	 Freq: 7.0 	 Demand: 1207
	Edge: 0 <--> 71 	 Freq: 7.0 	 Demand: 1870

Day 33, number of edges 0, number of routes 0

	Edges:


	Routes:


Day 34, number of edges 0, number of routes 0

	Edges:


	Routes:


Day 35, number of edges 35, number of routes 10

	Edges:

	Edge: 46 <--> 56 	 Freq: 28.0 	 Demand: 408
	Edge: 55 <--> 19 	 Freq: 28.0 	 Demand: 1020
	Edge: 48 <--> 9 	 Freq: 7.0 	 Demand: 918
	Edge: 76 <--> 75 	 Freq: 7.0 	 Demand: 510
	Edge: 58 <--> 21 	 Freq: 7.0 	 Demand: 306
	Edge: 55 <--> 19 	 Freq: 7.0 	 Demand: 782
	Edge: 50 <--> 3 	 Freq: 7.0 	 Demand: 3060
	Edge: 0 <--> 27 	 Freq: 7.0 	 Demand: 306
	Edge: 23 <--> 24 	 Freq: 14.0 	 Demand: 1870
	Edge: 43 <--> 70 	 Freq: 3.5 	 Demand: 3060
	Edge: 78 <--> 71 	 Freq: 3.5 	 Demand: 3825
	Edge: 40 <--> 15 	 Freq: 3.5 	 Demand: 2244
	Edge: 14 <--> 15 	 Freq: 3.5 	 Demand: 3895
	Edge: 7 <--> 50 	 Freq: 3.5 	 Demand: 1530
	Edge: 53 <--> 51 	 Freq: 3.5 	 Demand: 3568
	Edge: 61 <--> 62 	 Freq: 3.5 	 Demand: 4080
	Edge: 35 <--> 1 	 Freq: 3.5 	 Demand: 4235
	Edge: 67 <--> 68 	 Freq: 3.5 	 Demand: 3656
	Edge: 67 <--> 66 	 Freq: 3.5 	 Demand: 3970
	Edge: 34 <--> 66 	 Freq: 3.5 	 Demand: 1700
	Edge: 36 <--> 16 	 Freq: 3.5 	 Demand: 3927
	Edge: 38 <--> 42 	 Freq: 3.5 	 Demand: 4031
	Edge: 37 <--> 23 	 Freq: 3.5 	 Demand: 3060
	Edge: 68 <--> 69 	 Freq: 3.5 	 Demand: 3653
	Edge: 34 <--> 0 	 Freq: 3.5 	 Demand: 3697
	Edge: 40 <--> 41 	 Freq: 3.5 	 Demand: 3516
	Edge: 61 <--> 60 	 Freq: 3.5 	 Demand: 2720
	Edge: 32 <--> 33 	 Freq: 3.5 	 Demand: 3777
	Edge: 27 <--> 3 	 Freq: 3.5 	 Demand: 3060
	Edge: 54 <--> 20 	 Freq: 2.3 	 Demand: 4080
	Edge: 28 <--> 7 	 Freq: 2.3 	 Demand: 1020
	Edge: 66 <--> 53 	 Freq: 2.3 	 Demand: 3913
	Edge: 30 <--> 67 	 Freq: 2.3 	 Demand: 4213
	Edge: 57 <--> 55 	 Freq: 56.0 	 Demand: 1904
	Edge: 42 <--> 57 	 Freq: 28.0 	 Demand: 1836

	Routes:

	Route: 1
	Route length (1189.0) and demand (10316)
	Edge: 61 <--> 62 	 Freq: 3.5 	 Demand: 4080
	Edge: 61 <--> 60 	 Freq: 3.5 	 Demand: 2720
	Edge: 40 <--> 41 	 Freq: 3.5 	 Demand: 3516
	Route: 2
	Route length (1374.0) and demand (10030)
	Edge: 42 <--> 57 	 Freq: 28.0 	 Demand: 1836
	Edge: 57 <--> 55 	 Freq: 56.0 	 Demand: 1904
	Edge: 54 <--> 20 	 Freq: 2.3 	 Demand: 4080
	Edge: 55 <--> 19 	 Freq: 7.0 	 Demand: 782
	Edge: 55 <--> 19 	 Freq: 28.0 	 Demand: 1020
	Edge: 46 <--> 56 	 Freq: 28.0 	 Demand: 408
	Route: 3
	Route length (1056.0) and demand (8976)
	Edge: 0 <--> 27 	 Freq: 7.0 	 Demand: 306
	Edge: 27 <--> 3 	 Freq: 3.5 	 Demand: 3060
	Edge: 50 <--> 3 	 Freq: 7.0 	 Demand: 3060
	Edge: 7 <--> 50 	 Freq: 3.5 	 Demand: 1530
	Edge: 28 <--> 7 	 Freq: 2.3 	 Demand: 1020
	Route: 4
	Route length (1065.0) and demand (10372)
	Edge: 36 <--> 16 	 Freq: 3.5 	 Demand: 3927
	Edge: 58 <--> 21 	 Freq: 7.0 	 Demand: 306
	Edge: 14 <--> 15 	 Freq: 3.5 	 Demand: 3895
	Edge: 40 <--> 15 	 Freq: 3.5 	 Demand: 2244
	Route: 5
	Route length (1503.0) and demand (8723)
	Edge: 35 <--> 1 	 Freq: 3.5 	 Demand: 4235
	Edge: 43 <--> 70 	 Freq: 3.5 	 Demand: 3060
	Edge: 48 <--> 9 	 Freq: 7.0 	 Demand: 918
	Edge: 76 <--> 75 	 Freq: 7.0 	 Demand: 510
	Route: 6
	Route length (960.0) and demand (9181)
	Edge: 53 <--> 51 	 Freq: 3.5 	 Demand: 3568
	Edge: 66 <--> 53 	 Freq: 2.3 	 Demand: 3913
	Edge: 34 <--> 66 	 Freq: 3.5 	 Demand: 1700
	Route: 7
	Route length (556.0) and demand (11687)
	Edge: 34 <--> 0 	 Freq: 3.5 	 Demand: 3697
	Edge: 30 <--> 67 	 Freq: 2.3 	 Demand: 4213
	Edge: 32 <--> 33 	 Freq: 3.5 	 Demand: 3777
	Route: 8
	Route length (242.0) and demand (3825)
	Edge: 78 <--> 71 	 Freq: 3.5 	 Demand: 3825
	Route: 9
	Route length (684.0) and demand (8961)
	Edge: 38 <--> 42 	 Freq: 3.5 	 Demand: 4031
	Edge: 37 <--> 23 	 Freq: 3.5 	 Demand: 3060
	Edge: 23 <--> 24 	 Freq: 14.0 	 Demand: 1870
	Route: 10
	Route length (993.0) and demand (11279)
	Edge: 67 <--> 66 	 Freq: 3.5 	 Demand: 3970
	Edge: 68 <--> 69 	 Freq: 3.5 	 Demand: 3653
	Edge: 67 <--> 68 	 Freq: 3.5 	 Demand: 3656

Day 36, number of edges 28, number of routes 5

	Edges:

	Edge: 27 <--> 8 	 Freq: 28.0 	 Demand: 2312
	Edge: 21 <--> 59 	 Freq: 28.0 	 Demand: 816
	Edge: 21 <--> 22 	 Freq: 28.0 	 Demand: 1836
	Edge: 0 <--> 27 	 Freq: 28.0 	 Demand: 408
	Edge: 25 <--> 26 	 Freq: 28.0 	 Demand: 4760
	Edge: 45 <--> 10 	 Freq: 7.0 	 Demand: 765
	Edge: 73 <--> 74 	 Freq: 7.0 	 Demand: 663
	Edge: 74 <--> 72 	 Freq: 7.0 	 Demand: 153
	Edge: 45 <--> 74 	 Freq: 7.0 	 Demand: 119
	Edge: 44 <--> 77 	 Freq: 7.0 	 Demand: 612
	Edge: 78 <--> 71 	 Freq: 7.0 	 Demand: 238
	Edge: 21 <--> 22 	 Freq: 7.0 	 Demand: 1020
	Edge: 21 <--> 59 	 Freq: 7.0 	 Demand: 578
	Edge: 15 <--> 22 	 Freq: 7.0 	 Demand: 4080
	Edge: 18 <--> 19 	 Freq: 7.0 	 Demand: 2686
	Edge: 57 <--> 18 	 Freq: 7.0 	 Demand: 1394
	Edge: 71 <--> 72 	 Freq: 7.0 	 Demand: 1836
	Edge: 7 <--> 50 	 Freq: 7.0 	 Demand: 238
	Edge: 61 <--> 62 	 Freq: 7.0 	 Demand: 1530
	Edge: 42 <--> 16 	 Freq: 7.0 	 Demand: 1173
	Edge: 34 <--> 66 	 Freq: 7.0 	 Demand: 3604
	Edge: 4 <--> 5 	 Freq: 3.5 	 Demand: 2550
	Edge: 50 <--> 3 	 Freq: 3.5 	 Demand: 1530
	Edge: 65 <--> 52 	 Freq: 3.5 	 Demand: 3974
	Edge: 27 <--> 8 	 Freq: 3.5 	 Demand: 4182
	Edge: 39 <--> 25 	 Freq: 3.5 	 Demand: 4080
	Edge: 23 <--> 24 	 Freq: 3.5 	 Demand: 4080
	Edge: 16 <--> 58 	 Freq: 28.0 	 Demand: 2448

	Routes:

	Route: 1
	Route length (1199.0) and demand (10604)
	Edge: 4 <--> 5 	 Freq: 3.5 	 Demand: 2550
	Edge: 50 <--> 3 	 Freq: 3.5 	 Demand: 1530
	Edge: 7 <--> 50 	 Freq: 7.0 	 Demand: 238
	Edge: 65 <--> 52 	 Freq: 3.5 	 Demand: 3974
	Edge: 27 <--> 8 	 Freq: 28.0 	 Demand: 2312
	Route: 2
	Route length (1421.0) and demand (11152)
	Edge: 25 <--> 26 	 Freq: 28.0 	 Demand: 4760
	Edge: 39 <--> 25 	 Freq: 3.5 	 Demand: 4080
	Edge: 44 <--> 77 	 Freq: 7.0 	 Demand: 612
	Edge: 45 <--> 10 	 Freq: 7.0 	 Demand: 765
	Edge: 45 <--> 74 	 Freq: 7.0 	 Demand: 119
	Edge: 73 <--> 74 	 Freq: 7.0 	 Demand: 663
	Edge: 74 <--> 72 	 Freq: 7.0 	 Demand: 153
	Route: 3
	Route length (1273.0) and demand (10115)
	Edge: 42 <--> 16 	 Freq: 7.0 	 Demand: 1173
	Edge: 16 <--> 58 	 Freq: 28.0 	 Demand: 2448
	Edge: 21 <--> 59 	 Freq: 7.0 	 Demand: 578
	Edge: 21 <--> 59 	 Freq: 28.0 	 Demand: 816
	Edge: 21 <--> 22 	 Freq: 7.0 	 Demand: 1020
	Edge: 15 <--> 22 	 Freq: 7.0 	 Demand: 4080
	Route: 4
	Route length (982.0) and demand (10268)
	Edge: 71 <--> 72 	 Freq: 7.0 	 Demand: 1836
	Edge: 78 <--> 71 	 Freq: 7.0 	 Demand: 238
	Edge: 34 <--> 66 	 Freq: 7.0 	 Demand: 3604
	Edge: 27 <--> 8 	 Freq: 3.5 	 Demand: 4182
	Edge: 0 <--> 27 	 Freq: 28.0 	 Demand: 408
	Route: 5
	Route length (1786.0) and demand (11526)
	Edge: 23 <--> 24 	 Freq: 3.5 	 Demand: 4080
	Edge: 61 <--> 62 	 Freq: 7.0 	 Demand: 1530
	Edge: 21 <--> 22 	 Freq: 28.0 	 Demand: 1836
	Edge: 18 <--> 19 	 Freq: 7.0 	 Demand: 2686
	Edge: 57 <--> 18 	 Freq: 7.0 	 Demand: 1394

Day 37, number of edges 24, number of routes 5

	Edges:

	Edge: 34 <--> 66 	 Freq: 28.0 	 Demand: 1292
	Edge: 66 <--> 53 	 Freq: 28.0 	 Demand: 2890
	Edge: 67 <--> 66 	 Freq: 28.0 	 Demand: 850
	Edge: 11 <--> 73 	 Freq: 7.0 	 Demand: 357
	Edge: 70 <--> 47 	 Freq: 7.0 	 Demand: 1105
	Edge: 43 <--> 70 	 Freq: 7.0 	 Demand: 204
	Edge: 13 <--> 9 	 Freq: 7.0 	 Demand: 816
	Edge: 70 <--> 13 	 Freq: 7.0 	 Demand: 2278
	Edge: 31 <--> 77 	 Freq: 7.0 	 Demand: 1020
	Edge: 77 <--> 76 	 Freq: 7.0 	 Demand: 578
	Edge: 46 <--> 56 	 Freq: 7.0 	 Demand: 408
	Edge: 28 <--> 29 	 Freq: 7.0 	 Demand: 510
	Edge: 3 <--> 49 	 Freq: 7.0 	 Demand: 1530
	Edge: 66 <--> 53 	 Freq: 7.0 	 Demand: 510
	Edge: 23 <--> 24 	 Freq: 7.0 	 Demand: 3978
	Edge: 25 <--> 26 	 Freq: 7.0 	 Demand: 510
	Edge: 42 <--> 57 	 Freq: 7.0 	 Demand: 1989
	Edge: 68 <--> 69 	 Freq: 7.0 	 Demand: 3508
	Edge: 23 <--> 63 	 Freq: 7.0 	 Demand: 4998
	Edge: 27 <--> 3 	 Freq: 7.0 	 Demand: 4751
	Edge: 25 <--> 26 	 Freq: 14.0 	 Demand: 680
	Edge: 28 <--> 7 	 Freq: 2.3 	 Demand: 1020
	Edge: 66 <--> 53 	 Freq: 2.3 	 Demand: 3913
	Edge: 30 <--> 67 	 Freq: 2.3 	 Demand: 4213

	Routes:

	Route: 1
	Route length (1804.0) and demand (8755)
	Edge: 31 <--> 77 	 Freq: 7.0 	 Demand: 1020
	Edge: 77 <--> 76 	 Freq: 7.0 	 Demand: 578
	Edge: 70 <--> 47 	 Freq: 7.0 	 Demand: 1105
	Edge: 43 <--> 70 	 Freq: 7.0 	 Demand: 204
	Edge: 70 <--> 13 	 Freq: 7.0 	 Demand: 2278
	Edge: 13 <--> 9 	 Freq: 7.0 	 Demand: 816
	Edge: 11 <--> 73 	 Freq: 7.0 	 Demand: 357
	Edge: 46 <--> 56 	 Freq: 7.0 	 Demand: 408
	Edge: 42 <--> 57 	 Freq: 7.0 	 Demand: 1989
	Route: 2
	Route length (1681.0) and demand (11665)
	Edge: 3 <--> 49 	 Freq: 7.0 	 Demand: 1530
	Edge: 28 <--> 7 	 Freq: 2.3 	 Demand: 1020
	Edge: 28 <--> 29 	 Freq: 7.0 	 Demand: 510
	Edge: 66 <--> 53 	 Freq: 2.3 	 Demand: 3913
	Edge: 66 <--> 53 	 Freq: 28.0 	 Demand: 2890
	Edge: 66 <--> 53 	 Freq: 7.0 	 Demand: 510
	Edge: 34 <--> 66 	 Freq: 28.0 	 Demand: 1292
	Route: 3
	Route length (512.0) and demand (4751)
	Edge: 27 <--> 3 	 Freq: 7.0 	 Demand: 4751
	Route: 4
	Route length (1320.0) and demand (9761)
	Edge: 25 <--> 26 	 Freq: 7.0 	 Demand: 510
	Edge: 25 <--> 26 	 Freq: 14.0 	 Demand: 680
	Edge: 68 <--> 69 	 Freq: 7.0 	 Demand: 3508
	Edge: 67 <--> 66 	 Freq: 28.0 	 Demand: 850
	Edge: 30 <--> 67 	 Freq: 2.3 	 Demand: 4213
	Route: 5
	Route length (848.0) and demand (8976)
	Edge: 23 <--> 63 	 Freq: 7.0 	 Demand: 4998
	Edge: 23 <--> 24 	 Freq: 7.0 	 Demand: 3978

Day 38, number of edges 21, number of routes 5

	Edges:

	Edge: 23 <--> 63 	 Freq: 28.0 	 Demand: 3864
	Edge: 37 <--> 23 	 Freq: 28.0 	 Demand: 1462
	Edge: 12 <--> 73 	 Freq: 7.0 	 Demand: 935
	Edge: 9 <--> 47 	 Freq: 7.0 	 Demand: 561
	Edge: 10 <--> 44 	 Freq: 7.0 	 Demand: 646
	Edge: 18 <--> 58 	 Freq: 7.0 	 Demand: 578
	Edge: 0 <--> 71 	 Freq: 7.0 	 Demand: 1870
	Edge: 65 <--> 6 	 Freq: 7.0 	 Demand: 306
	Edge: 6 <--> 7 	 Freq: 7.0 	 Demand: 1955
	Edge: 27 <--> 8 	 Freq: 7.0 	 Demand: 833
	Edge: 30 <--> 67 	 Freq: 7.0 	 Demand: 204
	Edge: 37 <--> 23 	 Freq: 7.0 	 Demand: 1683
	Edge: 43 <--> 70 	 Freq: 14.0 	 Demand: 1530
	Edge: 40 <--> 15 	 Freq: 3.5 	 Demand: 2244
	Edge: 14 <--> 15 	 Freq: 3.5 	 Demand: 3895
	Edge: 67 <--> 68 	 Freq: 3.5 	 Demand: 3656
	Edge: 37 <--> 23 	 Freq: 3.5 	 Demand: 3060
	Edge: 68 <--> 69 	 Freq: 3.5 	 Demand: 3653
	Edge: 34 <--> 0 	 Freq: 3.5 	 Demand: 3697
	Edge: 32 <--> 33 	 Freq: 3.5 	 Demand: 3777
	Edge: 54 <--> 20 	 Freq: 2.3 	 Demand: 4080

	Routes:

	Route: 1
	Route length (689.0) and demand (10069)
	Edge: 37 <--> 23 	 Freq: 28.0 	 Demand: 1462
	Edge: 23 <--> 63 	 Freq: 28.0 	 Demand: 3864
	Edge: 37 <--> 23 	 Freq: 7.0 	 Demand: 1683
	Edge: 37 <--> 23 	 Freq: 3.5 	 Demand: 3060
	Route: 2
	Route length (1328.0) and demand (9319)
	Edge: 0 <--> 71 	 Freq: 7.0 	 Demand: 1870
	Edge: 12 <--> 73 	 Freq: 7.0 	 Demand: 935
	Edge: 10 <--> 44 	 Freq: 7.0 	 Demand: 646
	Edge: 9 <--> 47 	 Freq: 7.0 	 Demand: 561
	Edge: 43 <--> 70 	 Freq: 14.0 	 Demand: 1530
	Edge: 32 <--> 33 	 Freq: 3.5 	 Demand: 3777
	Route: 3
	Route length (81.0) and demand (3697)
	Edge: 34 <--> 0 	 Freq: 3.5 	 Demand: 3697
	Route: 4
	Route length (1557.0) and demand (10797)
	Edge: 54 <--> 20 	 Freq: 2.3 	 Demand: 4080
	Edge: 18 <--> 58 	 Freq: 7.0 	 Demand: 578
	Edge: 14 <--> 15 	 Freq: 3.5 	 Demand: 3895
	Edge: 40 <--> 15 	 Freq: 3.5 	 Demand: 2244
	Route: 5
	Route length (1545.0) and demand (10607)
	Edge: 68 <--> 69 	 Freq: 3.5 	 Demand: 3653
	Edge: 67 <--> 68 	 Freq: 3.5 	 Demand: 3656
	Edge: 30 <--> 67 	 Freq: 7.0 	 Demand: 204
	Edge: 27 <--> 8 	 Freq: 7.0 	 Demand: 833
	Edge: 65 <--> 6 	 Freq: 7.0 	 Demand: 306
	Edge: 6 <--> 7 	 Freq: 7.0 	 Demand: 1955

Day 39, number of edges 29, number of routes 9

	Edges:

	Edge: 10 <--> 11 	 Freq: 7.0 	 Demand: 663
	Edge: 75 <--> 12 	 Freq: 7.0 	 Demand: 1207
	Edge: 16 <--> 58 	 Freq: 7.0 	 Demand: 2822
	Edge: 38 <--> 42 	 Freq: 7.0 	 Demand: 510
	Edge: 57 <--> 55 	 Freq: 7.0 	 Demand: 2992
	Edge: 36 <--> 24 	 Freq: 7.0 	 Demand: 765
	Edge: 61 <--> 60 	 Freq: 7.0 	 Demand: 510
	Edge: 43 <--> 70 	 Freq: 3.5 	 Demand: 3060
	Edge: 78 <--> 71 	 Freq: 3.5 	 Demand: 3825
	Edge: 7 <--> 50 	 Freq: 3.5 	 Demand: 1530
	Edge: 53 <--> 51 	 Freq: 3.5 	 Demand: 3568
	Edge: 61 <--> 62 	 Freq: 3.5 	 Demand: 4080
	Edge: 4 <--> 5 	 Freq: 3.5 	 Demand: 2550
	Edge: 50 <--> 3 	 Freq: 3.5 	 Demand: 1530
	Edge: 35 <--> 1 	 Freq: 3.5 	 Demand: 4235
	Edge: 65 <--> 52 	 Freq: 3.5 	 Demand: 3974
	Edge: 67 <--> 66 	 Freq: 3.5 	 Demand: 3970
	Edge: 34 <--> 66 	 Freq: 3.5 	 Demand: 1700
	Edge: 27 <--> 8 	 Freq: 3.5 	 Demand: 4182
	Edge: 36 <--> 16 	 Freq: 3.5 	 Demand: 3927
	Edge: 38 <--> 42 	 Freq: 3.5 	 Demand: 4031
	Edge: 40 <--> 41 	 Freq: 3.5 	 Demand: 3516
	Edge: 61 <--> 60 	 Freq: 3.5 	 Demand: 2720
	Edge: 39 <--> 25 	 Freq: 3.5 	 Demand: 4080
	Edge: 23 <--> 24 	 Freq: 3.5 	 Demand: 4080
	Edge: 27 <--> 3 	 Freq: 3.5 	 Demand: 3060
	Edge: 28 <--> 7 	 Freq: 2.3 	 Demand: 1020
	Edge: 66 <--> 53 	 Freq: 2.3 	 Demand: 3913
	Edge: 30 <--> 67 	 Freq: 2.3 	 Demand: 4213

	Routes:

	Route: 1
	Route length (992.0) and demand (10829)
	Edge: 16 <--> 58 	 Freq: 7.0 	 Demand: 2822
	Edge: 36 <--> 16 	 Freq: 3.5 	 Demand: 3927
	Edge: 23 <--> 24 	 Freq: 3.5 	 Demand: 4080
	Route: 2
	Route length (960.0) and demand (11455)
	Edge: 65 <--> 52 	 Freq: 3.5 	 Demand: 3974
	Edge: 53 <--> 51 	 Freq: 3.5 	 Demand: 3568
	Edge: 66 <--> 53 	 Freq: 2.3 	 Demand: 3913
	Route: 3
	Route length (1181.0) and demand (9690)
	Edge: 28 <--> 7 	 Freq: 2.3 	 Demand: 1020
	Edge: 7 <--> 50 	 Freq: 3.5 	 Demand: 1530
	Edge: 50 <--> 3 	 Freq: 3.5 	 Demand: 1530
	Edge: 4 <--> 5 	 Freq: 3.5 	 Demand: 2550
	Edge: 27 <--> 3 	 Freq: 3.5 	 Demand: 3060
	Route: 4
	Route length (1227.0) and demand (9197)
	Edge: 78 <--> 71 	 Freq: 3.5 	 Demand: 3825
	Edge: 75 <--> 12 	 Freq: 7.0 	 Demand: 1207
	Edge: 10 <--> 11 	 Freq: 7.0 	 Demand: 663
	Edge: 57 <--> 55 	 Freq: 7.0 	 Demand: 2992
	Edge: 38 <--> 42 	 Freq: 7.0 	 Demand: 510
	Route: 5
	Route length (296.0) and demand (4182)
	Edge: 27 <--> 8 	 Freq: 3.5 	 Demand: 4182
	Route: 6
	Route length (1294.0) and demand (11591)
	Edge: 36 <--> 24 	 Freq: 7.0 	 Demand: 765
	Edge: 61 <--> 62 	 Freq: 3.5 	 Demand: 4080
	Edge: 61 <--> 60 	 Freq: 3.5 	 Demand: 2720
	Edge: 61 <--> 60 	 Freq: 7.0 	 Demand: 510
	Edge: 40 <--> 41 	 Freq: 3.5 	 Demand: 3516
	Route: 7
	Route length (264.0) and demand (4031)
	Edge: 38 <--> 42 	 Freq: 3.5 	 Demand: 4031
	Route: 8
	Route length (715.0) and demand (9883)
	Edge: 34 <--> 66 	 Freq: 3.5 	 Demand: 1700
	Edge: 67 <--> 66 	 Freq: 3.5 	 Demand: 3970
	Edge: 30 <--> 67 	 Freq: 2.3 	 Demand: 4213
	Route: 9
	Route length (1090.0) and demand (11375)
	Edge: 39 <--> 25 	 Freq: 3.5 	 Demand: 4080
	Edge: 35 <--> 1 	 Freq: 3.5 	 Demand: 4235
	Edge: 43 <--> 70 	 Freq: 3.5 	 Demand: 3060

Day 40, number of edges 0, number of routes 0

	Edges:


	Routes:


Day 41, number of edges 0, number of routes 0

	Edges:


	Routes:


Day 42, number of edges 27, number of routes 7

	Edges:

	Edge: 35 <--> 1 	 Freq: 28.0 	 Demand: 4590
	Edge: 74 <--> 72 	 Freq: 7.0 	 Demand: 153
	Edge: 10 <--> 11 	 Freq: 7.0 	 Demand: 663
	Edge: 48 <--> 9 	 Freq: 7.0 	 Demand: 918
	Edge: 55 <--> 19 	 Freq: 7.0 	 Demand: 782
	Edge: 50 <--> 3 	 Freq: 7.0 	 Demand: 3060
	Edge: 7 <--> 50 	 Freq: 7.0 	 Demand: 238
	Edge: 0 <--> 27 	 Freq: 7.0 	 Demand: 306
	Edge: 40 <--> 15 	 Freq: 3.5 	 Demand: 2244
	Edge: 14 <--> 15 	 Freq: 3.5 	 Demand: 3895
	Edge: 61 <--> 62 	 Freq: 3.5 	 Demand: 4080
	Edge: 35 <--> 1 	 Freq: 3.5 	 Demand: 4235
	Edge: 65 <--> 52 	 Freq: 3.5 	 Demand: 3974
	Edge: 67 <--> 68 	 Freq: 3.5 	 Demand: 3656
	Edge: 67 <--> 66 	 Freq: 3.5 	 Demand: 3970
	Edge: 34 <--> 66 	 Freq: 3.5 	 Demand: 1700
	Edge: 38 <--> 42 	 Freq: 3.5 	 Demand: 4031
	Edge: 37 <--> 23 	 Freq: 3.5 	 Demand: 3060
	Edge: 68 <--> 69 	 Freq: 3.5 	 Demand: 3653
	Edge: 34 <--> 0 	 Freq: 3.5 	 Demand: 3697
	Edge: 32 <--> 33 	 Freq: 3.5 	 Demand: 3777
	Edge: 39 <--> 25 	 Freq: 3.5 	 Demand: 4080
	Edge: 23 <--> 24 	 Freq: 3.5 	 Demand: 4080
	Edge: 27 <--> 3 	 Freq: 3.5 	 Demand: 3060
	Edge: 28 <--> 7 	 Freq: 2.3 	 Demand: 1020
	Edge: 66 <--> 53 	 Freq: 2.3 	 Demand: 3913
	Edge: 30 <--> 67 	 Freq: 2.3 	 Demand: 4213

	Routes:

	Route: 1
	Route length (1074.0) and demand (11658)
	Edge: 65 <--> 52 	 Freq: 3.5 	 Demand: 3974
	Edge: 28 <--> 7 	 Freq: 2.3 	 Demand: 1020
	Edge: 7 <--> 50 	 Freq: 7.0 	 Demand: 238
	Edge: 50 <--> 3 	 Freq: 7.0 	 Demand: 3060
	Edge: 27 <--> 3 	 Freq: 3.5 	 Demand: 3060
	Edge: 0 <--> 27 	 Freq: 7.0 	 Demand: 306
	Route: 2
	Route length (715.0) and demand (11960)
	Edge: 32 <--> 33 	 Freq: 3.5 	 Demand: 3777
	Edge: 30 <--> 67 	 Freq: 2.3 	 Demand: 4213
	Edge: 67 <--> 66 	 Freq: 3.5 	 Demand: 3970
	Route: 3
	Route length (1163.0) and demand (11389)
	Edge: 39 <--> 25 	 Freq: 3.5 	 Demand: 4080
	Edge: 67 <--> 68 	 Freq: 3.5 	 Demand: 3656
	Edge: 68 <--> 69 	 Freq: 3.5 	 Demand: 3653
	Route: 4
	Route length (1955.0) and demand (11341)
	Edge: 55 <--> 19 	 Freq: 7.0 	 Demand: 782
	Edge: 74 <--> 72 	 Freq: 7.0 	 Demand: 153
	Edge: 48 <--> 9 	 Freq: 7.0 	 Demand: 918
	Edge: 10 <--> 11 	 Freq: 7.0 	 Demand: 663
	Edge: 35 <--> 1 	 Freq: 3.5 	 Demand: 4235
	Edge: 35 <--> 1 	 Freq: 28.0 	 Demand: 4590
	Route: 5
	Route length (747.0) and demand (9310)
	Edge: 66 <--> 53 	 Freq: 2.3 	 Demand: 3913
	Edge: 34 <--> 66 	 Freq: 3.5 	 Demand: 1700
	Edge: 34 <--> 0 	 Freq: 3.5 	 Demand: 3697
	Route: 6
	Route length (684.0) and demand (11171)
	Edge: 23 <--> 24 	 Freq: 3.5 	 Demand: 4080
	Edge: 37 <--> 23 	 Freq: 3.5 	 Demand: 3060
	Edge: 38 <--> 42 	 Freq: 3.5 	 Demand: 4031
	Route: 7
	Route length (1099.0) and demand (10219)
	Edge: 14 <--> 15 	 Freq: 3.5 	 Demand: 3895
	Edge: 40 <--> 15 	 Freq: 3.5 	 Demand: 2244
	Edge: 61 <--> 62 	 Freq: 3.5 	 Demand: 4080

Day 43, number of edges 34, number of routes 7

	Edges:

	Edge: 44 <--> 77 	 Freq: 28.0 	 Demand: 408
	Edge: 77 <--> 76 	 Freq: 28.0 	 Demand: 612
	Edge: 78 <--> 71 	 Freq: 28.0 	 Demand: 2788
	Edge: 13 <--> 9 	 Freq: 7.0 	 Demand: 816
	Edge: 70 <--> 13 	 Freq: 7.0 	 Demand: 2278
	Edge: 31 <--> 77 	 Freq: 7.0 	 Demand: 1020
	Edge: 77 <--> 76 	 Freq: 7.0 	 Demand: 578
	Edge: 44 <--> 77 	 Freq: 7.0 	 Demand: 612
	Edge: 76 <--> 75 	 Freq: 7.0 	 Demand: 510
	Edge: 78 <--> 71 	 Freq: 7.0 	 Demand: 238
	Edge: 58 <--> 21 	 Freq: 7.0 	 Demand: 306
	Edge: 21 <--> 22 	 Freq: 7.0 	 Demand: 1020
	Edge: 21 <--> 59 	 Freq: 7.0 	 Demand: 578
	Edge: 15 <--> 22 	 Freq: 7.0 	 Demand: 4080
	Edge: 46 <--> 56 	 Freq: 7.0 	 Demand: 408
	Edge: 18 <--> 19 	 Freq: 7.0 	 Demand: 2686
	Edge: 71 <--> 72 	 Freq: 7.0 	 Demand: 1836
	Edge: 28 <--> 29 	 Freq: 7.0 	 Demand: 510
	Edge: 61 <--> 62 	 Freq: 7.0 	 Demand: 1530
	Edge: 3 <--> 49 	 Freq: 7.0 	 Demand: 1530
	Edge: 23 <--> 24 	 Freq: 7.0 	 Demand: 3978
	Edge: 43 <--> 70 	 Freq: 3.5 	 Demand: 3060
	Edge: 78 <--> 71 	 Freq: 3.5 	 Demand: 3825
	Edge: 7 <--> 50 	 Freq: 3.5 	 Demand: 1530
	Edge: 53 <--> 51 	 Freq: 3.5 	 Demand: 3568
	Edge: 4 <--> 5 	 Freq: 3.5 	 Demand: 2550
	Edge: 50 <--> 3 	 Freq: 3.5 	 Demand: 1530
	Edge: 27 <--> 8 	 Freq: 3.5 	 Demand: 4182
	Edge: 36 <--> 16 	 Freq: 3.5 	 Demand: 3927
	Edge: 40 <--> 41 	 Freq: 3.5 	 Demand: 3516
	Edge: 61 <--> 60 	 Freq: 3.5 	 Demand: 2720
	Edge: 25 <--> 26 	 Freq: 2.3 	 Demand: 4247
	Edge: 3 <--> 49 	 Freq: 2.3 	 Demand: 3570
	Edge: 75 <--> 12 	 Freq: 28.0 	 Demand: 612

	Routes:

	Route: 1
	Route length (842.0) and demand (10353)
	Edge: 78 <--> 71 	 Freq: 3.5 	 Demand: 3825
	Edge: 78 <--> 71 	 Freq: 28.0 	 Demand: 2788
	Edge: 76 <--> 75 	 Freq: 7.0 	 Demand: 510
	Edge: 77 <--> 76 	 Freq: 7.0 	 Demand: 578
	Edge: 44 <--> 77 	 Freq: 7.0 	 Demand: 612
	Edge: 44 <--> 77 	 Freq: 28.0 	 Demand: 408
	Edge: 77 <--> 76 	 Freq: 28.0 	 Demand: 612
	Edge: 31 <--> 77 	 Freq: 7.0 	 Demand: 1020
	Route: 2
	Route length (1025.0) and demand (8260)
	Edge: 53 <--> 51 	 Freq: 3.5 	 Demand: 3568
	Edge: 28 <--> 29 	 Freq: 7.0 	 Demand: 510
	Edge: 27 <--> 8 	 Freq: 3.5 	 Demand: 4182
	Route: 3
	Route length (1683.0) and demand (10914)
	Edge: 71 <--> 72 	 Freq: 7.0 	 Demand: 1836
	Edge: 46 <--> 56 	 Freq: 7.0 	 Demand: 408
	Edge: 18 <--> 19 	 Freq: 7.0 	 Demand: 2686
	Edge: 58 <--> 21 	 Freq: 7.0 	 Demand: 306
	Edge: 21 <--> 59 	 Freq: 7.0 	 Demand: 578
	Edge: 21 <--> 22 	 Freq: 7.0 	 Demand: 1020
	Edge: 15 <--> 22 	 Freq: 7.0 	 Demand: 4080
	Route: 4
	Route length (1315.0) and demand (11251)
	Edge: 78 <--> 71 	 Freq: 7.0 	 Demand: 238
	Edge: 75 <--> 12 	 Freq: 28.0 	 Demand: 612
	Edge: 13 <--> 9 	 Freq: 7.0 	 Demand: 816
	Edge: 70 <--> 13 	 Freq: 7.0 	 Demand: 2278
	Edge: 43 <--> 70 	 Freq: 3.5 	 Demand: 3060
	Edge: 25 <--> 26 	 Freq: 2.3 	 Demand: 4247
	Route: 5
	Route length (478.0) and demand (3927)
	Edge: 36 <--> 16 	 Freq: 3.5 	 Demand: 3927
	Route: 6
	Route length (1228.0) and demand (10710)
	Edge: 3 <--> 49 	 Freq: 7.0 	 Demand: 1530
	Edge: 3 <--> 49 	 Freq: 2.3 	 Demand: 3570
	Edge: 4 <--> 5 	 Freq: 3.5 	 Demand: 2550
	Edge: 50 <--> 3 	 Freq: 3.5 	 Demand: 1530
	Edge: 7 <--> 50 	 Freq: 3.5 	 Demand: 1530
	Route: 7
	Route length (1318.0) and demand (11744)
	Edge: 23 <--> 24 	 Freq: 7.0 	 Demand: 3978
	Edge: 40 <--> 41 	 Freq: 3.5 	 Demand: 3516
	Edge: 61 <--> 60 	 Freq: 3.5 	 Demand: 2720
	Edge: 61 <--> 62 	 Freq: 7.0 	 Demand: 1530

Day 44, number of edges 23, number of routes 4

	Edges:

	Edge: 30 <--> 67 	 Freq: 28.0 	 Demand: 2788
	Edge: 65 <--> 6 	 Freq: 28.0 	 Demand: 408
	Edge: 68 <--> 69 	 Freq: 28.0 	 Demand: 4760
	Edge: 45 <--> 10 	 Freq: 7.0 	 Demand: 765
	Edge: 73 <--> 74 	 Freq: 7.0 	 Demand: 663
	Edge: 12 <--> 73 	 Freq: 7.0 	 Demand: 935
	Edge: 11 <--> 73 	 Freq: 7.0 	 Demand: 357
	Edge: 45 <--> 74 	 Freq: 7.0 	 Demand: 119
	Edge: 18 <--> 58 	 Freq: 7.0 	 Demand: 578
	Edge: 57 <--> 18 	 Freq: 7.0 	 Demand: 1394
	Edge: 65 <--> 6 	 Freq: 7.0 	 Demand: 306
	Edge: 6 <--> 7 	 Freq: 7.0 	 Demand: 1955
	Edge: 27 <--> 8 	 Freq: 7.0 	 Demand: 833
	Edge: 30 <--> 67 	 Freq: 7.0 	 Demand: 204
	Edge: 42 <--> 16 	 Freq: 7.0 	 Demand: 1173
	Edge: 42 <--> 57 	 Freq: 7.0 	 Demand: 1989
	Edge: 37 <--> 23 	 Freq: 7.0 	 Demand: 1683
	Edge: 68 <--> 69 	 Freq: 7.0 	 Demand: 3508
	Edge: 34 <--> 66 	 Freq: 7.0 	 Demand: 3604
	Edge: 23 <--> 63 	 Freq: 7.0 	 Demand: 4998
	Edge: 28 <--> 7 	 Freq: 2.3 	 Demand: 1020
	Edge: 66 <--> 53 	 Freq: 2.3 	 Demand: 3913
	Edge: 30 <--> 67 	 Freq: 2.3 	 Demand: 4213

	Routes:

	Route: 1
	Route length (1273.0) and demand (8435)
	Edge: 27 <--> 8 	 Freq: 7.0 	 Demand: 833
	Edge: 66 <--> 53 	 Freq: 2.3 	 Demand: 3913
	Edge: 65 <--> 6 	 Freq: 28.0 	 Demand: 408
	Edge: 65 <--> 6 	 Freq: 7.0 	 Demand: 306
	Edge: 6 <--> 7 	 Freq: 7.0 	 Demand: 1955
	Edge: 28 <--> 7 	 Freq: 2.3 	 Demand: 1020
	Route: 2
	Route length (1042.0) and demand (11872)
	Edge: 34 <--> 66 	 Freq: 7.0 	 Demand: 3604
	Edge: 68 <--> 69 	 Freq: 28.0 	 Demand: 4760
	Edge: 68 <--> 69 	 Freq: 7.0 	 Demand: 3508
	Route: 3
	Route length (1385.0) and demand (11815)
	Edge: 23 <--> 63 	 Freq: 7.0 	 Demand: 4998
	Edge: 37 <--> 23 	 Freq: 7.0 	 Demand: 1683
	Edge: 42 <--> 16 	 Freq: 7.0 	 Demand: 1173
	Edge: 42 <--> 57 	 Freq: 7.0 	 Demand: 1989
	Edge: 57 <--> 18 	 Freq: 7.0 	 Demand: 1394
	Edge: 18 <--> 58 	 Freq: 7.0 	 Demand: 578
	Route: 4
	Route length (1702.0) and demand (10044)
	Edge: 30 <--> 67 	 Freq: 28.0 	 Demand: 2788
	Edge: 30 <--> 67 	 Freq: 2.3 	 Demand: 4213
	Edge: 30 <--> 67 	 Freq: 7.0 	 Demand: 204
	Edge: 45 <--> 10 	 Freq: 7.0 	 Demand: 765
	Edge: 45 <--> 74 	 Freq: 7.0 	 Demand: 119
	Edge: 73 <--> 74 	 Freq: 7.0 	 Demand: 663
	Edge: 11 <--> 73 	 Freq: 7.0 	 Demand: 357
	Edge: 12 <--> 73 	 Freq: 7.0 	 Demand: 935

Day 45, number of edges 20, number of routes 5

	Edges:

	Edge: 75 <--> 12 	 Freq: 7.0 	 Demand: 1207
	Edge: 70 <--> 47 	 Freq: 7.0 	 Demand: 1105
	Edge: 43 <--> 70 	 Freq: 7.0 	 Demand: 204
	Edge: 16 <--> 58 	 Freq: 7.0 	 Demand: 2822
	Edge: 38 <--> 42 	 Freq: 7.0 	 Demand: 510
	Edge: 36 <--> 24 	 Freq: 7.0 	 Demand: 765
	Edge: 61 <--> 60 	 Freq: 7.0 	 Demand: 510
	Edge: 0 <--> 71 	 Freq: 7.0 	 Demand: 1870
	Edge: 66 <--> 53 	 Freq: 7.0 	 Demand: 510
	Edge: 25 <--> 26 	 Freq: 7.0 	 Demand: 510
	Edge: 27 <--> 3 	 Freq: 7.0 	 Demand: 4751
	Edge: 61 <--> 62 	 Freq: 3.5 	 Demand: 4080
	Edge: 35 <--> 1 	 Freq: 3.5 	 Demand: 4235
	Edge: 65 <--> 52 	 Freq: 3.5 	 Demand: 3974
	Edge: 37 <--> 23 	 Freq: 3.5 	 Demand: 3060
	Edge: 32 <--> 33 	 Freq: 3.5 	 Demand: 3777
	Edge: 39 <--> 25 	 Freq: 3.5 	 Demand: 4080
	Edge: 25 <--> 26 	 Freq: 2.3 	 Demand: 4247
	Edge: 3 <--> 49 	 Freq: 2.3 	 Demand: 3570
	Edge: 39 <--> 25 	 Freq: 28.0 	 Demand: 1870

	Routes:

	Route: 1
	Route length (960.0) and demand (4484)
	Edge: 65 <--> 52 	 Freq: 3.5 	 Demand: 3974
	Edge: 66 <--> 53 	 Freq: 7.0 	 Demand: 510
	Route: 2
	Route length (1182.0) and demand (11191)
	Edge: 43 <--> 70 	 Freq: 7.0 	 Demand: 204
	Edge: 70 <--> 47 	 Freq: 7.0 	 Demand: 1105
	Edge: 35 <--> 1 	 Freq: 3.5 	 Demand: 4235
	Edge: 39 <--> 25 	 Freq: 28.0 	 Demand: 1870
	Edge: 32 <--> 33 	 Freq: 3.5 	 Demand: 3777
	Route: 3
	Route length (1426.0) and demand (11747)
	Edge: 37 <--> 23 	 Freq: 3.5 	 Demand: 3060
	Edge: 36 <--> 24 	 Freq: 7.0 	 Demand: 765
	Edge: 61 <--> 62 	 Freq: 3.5 	 Demand: 4080
	Edge: 61 <--> 60 	 Freq: 7.0 	 Demand: 510
	Edge: 16 <--> 58 	 Freq: 7.0 	 Demand: 2822
	Edge: 38 <--> 42 	 Freq: 7.0 	 Demand: 510
	Route: 4
	Route length (935.0) and demand (8321)
	Edge: 3 <--> 49 	 Freq: 2.3 	 Demand: 3570
	Edge: 27 <--> 3 	 Freq: 7.0 	 Demand: 4751
	Route: 5
	Route length (1078.0) and demand (11914)
	Edge: 25 <--> 26 	 Freq: 2.3 	 Demand: 4247
	Edge: 25 <--> 26 	 Freq: 7.0 	 Demand: 510
	Edge: 39 <--> 25 	 Freq: 3.5 	 Demand: 4080
	Edge: 75 <--> 12 	 Freq: 7.0 	 Demand: 1207
	Edge: 0 <--> 71 	 Freq: 7.0 	 Demand: 1870

Day 46, number of edges 32, number of routes 10

	Edges:

	Edge: 57 <--> 55 	 Freq: 28.0 	 Demand: 3468
	Edge: 9 <--> 47 	 Freq: 7.0 	 Demand: 561
	Edge: 10 <--> 44 	 Freq: 7.0 	 Demand: 646
	Edge: 57 <--> 55 	 Freq: 7.0 	 Demand: 2992
	Edge: 38 <--> 42 	 Freq: 14.0 	 Demand: 1870
	Edge: 43 <--> 70 	 Freq: 3.5 	 Demand: 3060
	Edge: 78 <--> 71 	 Freq: 3.5 	 Demand: 3825
	Edge: 40 <--> 15 	 Freq: 3.5 	 Demand: 2244
	Edge: 14 <--> 15 	 Freq: 3.5 	 Demand: 3895
	Edge: 7 <--> 50 	 Freq: 3.5 	 Demand: 1530
	Edge: 53 <--> 51 	 Freq: 3.5 	 Demand: 3568
	Edge: 4 <--> 5 	 Freq: 3.5 	 Demand: 2550
	Edge: 50 <--> 3 	 Freq: 3.5 	 Demand: 1530
	Edge: 67 <--> 68 	 Freq: 3.5 	 Demand: 3656
	Edge: 67 <--> 66 	 Freq: 3.5 	 Demand: 3970
	Edge: 34 <--> 66 	 Freq: 3.5 	 Demand: 1700
	Edge: 27 <--> 8 	 Freq: 3.5 	 Demand: 4182
	Edge: 36 <--> 16 	 Freq: 3.5 	 Demand: 3927
	Edge: 38 <--> 42 	 Freq: 3.5 	 Demand: 4031
	Edge: 68 <--> 69 	 Freq: 3.5 	 Demand: 3653
	Edge: 34 <--> 0 	 Freq: 3.5 	 Demand: 3697
	Edge: 40 <--> 41 	 Freq: 3.5 	 Demand: 3516
	Edge: 61 <--> 60 	 Freq: 3.5 	 Demand: 2720
	Edge: 23 <--> 24 	 Freq: 3.5 	 Demand: 4080
	Edge: 27 <--> 3 	 Freq: 3.5 	 Demand: 3060
	Edge: 25 <--> 26 	 Freq: 2.3 	 Demand: 4247
	Edge: 28 <--> 7 	 Freq: 2.3 	 Demand: 1020
	Edge: 3 <--> 49 	 Freq: 2.3 	 Demand: 3570
	Edge: 66 <--> 53 	 Freq: 2.3 	 Demand: 3913
	Edge: 30 <--> 67 	 Freq: 2.3 	 Demand: 4213
	Edge: 40 <--> 41 	 Freq: 28.0 	 Demand: 4080
	Edge: 57 <--> 18 	 Freq: 28.0 	 Demand: 1836

	Routes:

	Route: 1
	Route length (994.0) and demand (11522)
	Edge: 30 <--> 67 	 Freq: 2.3 	 Demand: 4213
	Edge: 67 <--> 68 	 Freq: 3.5 	 Demand: 3656
	Edge: 68 <--> 69 	 Freq: 3.5 	 Demand: 3653
	Route: 2
	Route length (814.0) and demand (11977)
	Edge: 27 <--> 8 	 Freq: 3.5 	 Demand: 4182
	Edge: 67 <--> 66 	 Freq: 3.5 	 Demand: 3970
	Edge: 78 <--> 71 	 Freq: 3.5 	 Demand: 3825
	Route: 3
	Route length (1214.0) and demand (10316)
	Edge: 40 <--> 41 	 Freq: 28.0 	 Demand: 4080
	Edge: 40 <--> 41 	 Freq: 3.5 	 Demand: 3516
	Edge: 61 <--> 60 	 Freq: 3.5 	 Demand: 2720
	Route: 4
	Route length (807.0) and demand (10066)
	Edge: 40 <--> 15 	 Freq: 3.5 	 Demand: 2244
	Edge: 14 <--> 15 	 Freq: 3.5 	 Demand: 3895
	Edge: 36 <--> 16 	 Freq: 3.5 	 Demand: 3927
	Route: 5
	Route length (987.0) and demand (10166)
	Edge: 38 <--> 42 	 Freq: 14.0 	 Demand: 1870
	Edge: 57 <--> 18 	 Freq: 28.0 	 Demand: 1836
	Edge: 57 <--> 55 	 Freq: 7.0 	 Demand: 2992
	Edge: 57 <--> 55 	 Freq: 28.0 	 Demand: 3468
	Route: 6
	Route length (684.0) and demand (8111)
	Edge: 23 <--> 24 	 Freq: 3.5 	 Demand: 4080
	Edge: 38 <--> 42 	 Freq: 3.5 	 Demand: 4031
	Route: 7
	Route length (1377.0) and demand (8514)
	Edge: 25 <--> 26 	 Freq: 2.3 	 Demand: 4247
	Edge: 10 <--> 44 	 Freq: 7.0 	 Demand: 646
	Edge: 9 <--> 47 	 Freq: 7.0 	 Demand: 561
	Edge: 43 <--> 70 	 Freq: 3.5 	 Demand: 3060
	Route: 8
	Route length (81.0) and demand (3697)
	Edge: 34 <--> 0 	 Freq: 3.5 	 Demand: 3697
	Route: 9
	Route length (1165.0) and demand (10710)
	Edge: 27 <--> 3 	 Freq: 3.5 	 Demand: 3060
	Edge: 3 <--> 49 	 Freq: 2.3 	 Demand: 3570
	Edge: 50 <--> 3 	 Freq: 3.5 	 Demand: 1530
	Edge: 4 <--> 5 	 Freq: 3.5 	 Demand: 2550
	Route: 10
	Route length (1093.0) and demand (11731)
	Edge: 7 <--> 50 	 Freq: 3.5 	 Demand: 1530
	Edge: 28 <--> 7 	 Freq: 2.3 	 Demand: 1020
	Edge: 53 <--> 51 	 Freq: 3.5 	 Demand: 3568
	Edge: 66 <--> 53 	 Freq: 2.3 	 Demand: 3913
	Edge: 34 <--> 66 	 Freq: 3.5 	 Demand: 1700

Day 47, number of edges 0, number of routes 0

	Edges:


	Routes:


Day 48, number of edges 0, number of routes 0

	Edges:


	Routes:


Day 49, number of edges 33, number of routes 9

	Edges:

	Edge: 10 <--> 11 	 Freq: 7.0 	 Demand: 663
	Edge: 44 <--> 77 	 Freq: 7.0 	 Demand: 612
	Edge: 78 <--> 71 	 Freq: 7.0 	 Demand: 238
	Edge: 58 <--> 21 	 Freq: 7.0 	 Demand: 306
	Edge: 15 <--> 22 	 Freq: 7.0 	 Demand: 4080
	Edge: 55 <--> 19 	 Freq: 7.0 	 Demand: 782
	Edge: 50 <--> 3 	 Freq: 7.0 	 Demand: 3060
	Edge: 7 <--> 50 	 Freq: 7.0 	 Demand: 238
	Edge: 28 <--> 29 	 Freq: 7.0 	 Demand: 510
	Edge: 23 <--> 24 	 Freq: 7.0 	 Demand: 3978
	Edge: 43 <--> 70 	 Freq: 3.5 	 Demand: 3060
	Edge: 78 <--> 71 	 Freq: 3.5 	 Demand: 3825
	Edge: 7 <--> 50 	 Freq: 3.5 	 Demand: 1530
	Edge: 53 <--> 51 	 Freq: 3.5 	 Demand: 3568
	Edge: 61 <--> 62 	 Freq: 3.5 	 Demand: 4080
	Edge: 4 <--> 5 	 Freq: 3.5 	 Demand: 2550
	Edge: 50 <--> 3 	 Freq: 3.5 	 Demand: 1530
	Edge: 35 <--> 1 	 Freq: 3.5 	 Demand: 4235
	Edge: 65 <--> 52 	 Freq: 3.5 	 Demand: 3974
	Edge: 67 <--> 66 	 Freq: 3.5 	 Demand: 3970
	Edge: 34 <--> 66 	 Freq: 3.5 	 Demand: 1700
	Edge: 36 <--> 16 	 Freq: 3.5 	 Demand: 3927
	Edge: 38 <--> 42 	 Freq: 3.5 	 Demand: 4031
	Edge: 37 <--> 23 	 Freq: 3.5 	 Demand: 3060
	Edge: 40 <--> 41 	 Freq: 3.5 	 Demand: 3516
	Edge: 61 <--> 60 	 Freq: 3.5 	 Demand: 2720
	Edge: 32 <--> 33 	 Freq: 3.5 	 Demand: 3777
	Edge: 39 <--> 25 	 Freq: 3.5 	 Demand: 4080
	Edge: 25 <--> 26 	 Freq: 2.3 	 Demand: 4247
	Edge: 28 <--> 7 	 Freq: 2.3 	 Demand: 1020
	Edge: 3 <--> 49 	 Freq: 2.3 	 Demand: 3570
	Edge: 66 <--> 53 	 Freq: 2.3 	 Demand: 3913
	Edge: 30 <--> 67 	 Freq: 2.3 	 Demand: 4213

	Routes:

	Route: 1
	Route length (1125.0) and demand (11421)
	Edge: 36 <--> 16 	 Freq: 3.5 	 Demand: 3927
	Edge: 23 <--> 24 	 Freq: 7.0 	 Demand: 3978
	Edge: 40 <--> 41 	 Freq: 3.5 	 Demand: 3516
	Route: 2
	Route length (1266.0) and demand (10710)
	Edge: 3 <--> 49 	 Freq: 2.3 	 Demand: 3570
	Edge: 50 <--> 3 	 Freq: 3.5 	 Demand: 1530
	Edge: 4 <--> 5 	 Freq: 3.5 	 Demand: 2550
	Edge: 50 <--> 3 	 Freq: 7.0 	 Demand: 3060
	Route: 3
	Route length (1019.0) and demand (11937)
	Edge: 66 <--> 53 	 Freq: 2.3 	 Demand: 3913
	Edge: 25 <--> 26 	 Freq: 2.3 	 Demand: 4247
	Edge: 32 <--> 33 	 Freq: 3.5 	 Demand: 3777
	Route: 4
	Route length (1143.0) and demand (11987)
	Edge: 44 <--> 77 	 Freq: 7.0 	 Demand: 612
	Edge: 43 <--> 70 	 Freq: 3.5 	 Demand: 3060
	Edge: 35 <--> 1 	 Freq: 3.5 	 Demand: 4235
	Edge: 39 <--> 25 	 Freq: 3.5 	 Demand: 4080
	Route: 5
	Route length (2014.0) and demand (11968)
	Edge: 55 <--> 19 	 Freq: 7.0 	 Demand: 782
	Edge: 58 <--> 21 	 Freq: 7.0 	 Demand: 306
	Edge: 15 <--> 22 	 Freq: 7.0 	 Demand: 4080
	Edge: 61 <--> 60 	 Freq: 3.5 	 Demand: 2720
	Edge: 61 <--> 62 	 Freq: 3.5 	 Demand: 4080
	Route: 6
	Route length (1110.0) and demand (10840)
	Edge: 7 <--> 50 	 Freq: 3.5 	 Demand: 1530
	Edge: 7 <--> 50 	 Freq: 7.0 	 Demand: 238
	Edge: 28 <--> 7 	 Freq: 2.3 	 Demand: 1020
	Edge: 28 <--> 29 	 Freq: 7.0 	 Demand: 510
	Edge: 53 <--> 51 	 Freq: 3.5 	 Demand: 3568
	Edge: 65 <--> 52 	 Freq: 3.5 	 Demand: 3974
	Route: 7
	Route length (712.0) and demand (4726)
	Edge: 78 <--> 71 	 Freq: 7.0 	 Demand: 238
	Edge: 10 <--> 11 	 Freq: 7.0 	 Demand: 663
	Edge: 78 <--> 71 	 Freq: 3.5 	 Demand: 3825
	Route: 8
	Route length (715.0) and demand (9883)
	Edge: 34 <--> 66 	 Freq: 3.5 	 Demand: 1700
	Edge: 67 <--> 66 	 Freq: 3.5 	 Demand: 3970
	Edge: 30 <--> 67 	 Freq: 2.3 	 Demand: 4213
	Route: 9
	Route length (367.0) and demand (7091)
	Edge: 37 <--> 23 	 Freq: 3.5 	 Demand: 3060
	Edge: 38 <--> 42 	 Freq: 3.5 	 Demand: 4031

Day 50, number of edges 27, number of routes 6

	Edges:

	Edge: 9 <--> 47 	 Freq: 28.0 	 Demand: 1020
	Edge: 6 <--> 7 	 Freq: 28.0 	 Demand: 3910
	Edge: 71 <--> 72 	 Freq: 28.0 	 Demand: 2040
	Edge: 45 <--> 10 	 Freq: 7.0 	 Demand: 765
	Edge: 73 <--> 74 	 Freq: 7.0 	 Demand: 663
	Edge: 74 <--> 72 	 Freq: 7.0 	 Demand: 153
	Edge: 12 <--> 73 	 Freq: 7.0 	 Demand: 935
	Edge: 11 <--> 73 	 Freq: 7.0 	 Demand: 357
	Edge: 45 <--> 74 	 Freq: 7.0 	 Demand: 119
	Edge: 48 <--> 9 	 Freq: 7.0 	 Demand: 918
	Edge: 13 <--> 9 	 Freq: 7.0 	 Demand: 816
	Edge: 70 <--> 13 	 Freq: 7.0 	 Demand: 2278
	Edge: 31 <--> 77 	 Freq: 7.0 	 Demand: 1020
	Edge: 76 <--> 75 	 Freq: 7.0 	 Demand: 510
	Edge: 46 <--> 56 	 Freq: 7.0 	 Demand: 408
	Edge: 42 <--> 57 	 Freq: 7.0 	 Demand: 1989
	Edge: 0 <--> 27 	 Freq: 7.0 	 Demand: 306
	Edge: 40 <--> 15 	 Freq: 3.5 	 Demand: 2244
	Edge: 14 <--> 15 	 Freq: 3.5 	 Demand: 3895
	Edge: 67 <--> 68 	 Freq: 3.5 	 Demand: 3656
	Edge: 27 <--> 8 	 Freq: 3.5 	 Demand: 4182
	Edge: 68 <--> 69 	 Freq: 3.5 	 Demand: 3653
	Edge: 34 <--> 0 	 Freq: 3.5 	 Demand: 3697
	Edge: 23 <--> 24 	 Freq: 3.5 	 Demand: 4080
	Edge: 27 <--> 3 	 Freq: 3.5 	 Demand: 3060
	Edge: 54 <--> 20 	 Freq: 2.3 	 Demand: 4080
	Edge: 9 <--> 47 	 Freq: 56.0 	 Demand: 844

	Routes:

	Route: 1
	Route length (2076.0) and demand (11418)
	Edge: 71 <--> 72 	 Freq: 28.0 	 Demand: 2040
	Edge: 74 <--> 72 	 Freq: 7.0 	 Demand: 153
	Edge: 73 <--> 74 	 Freq: 7.0 	 Demand: 663
	Edge: 45 <--> 74 	 Freq: 7.0 	 Demand: 119
	Edge: 45 <--> 10 	 Freq: 7.0 	 Demand: 765
	Edge: 48 <--> 9 	 Freq: 7.0 	 Demand: 918
	Edge: 9 <--> 47 	 Freq: 28.0 	 Demand: 1020
	Edge: 70 <--> 13 	 Freq: 7.0 	 Demand: 2278
	Edge: 13 <--> 9 	 Freq: 7.0 	 Demand: 816
	Edge: 9 <--> 47 	 Freq: 56.0 	 Demand: 844
	Edge: 11 <--> 73 	 Freq: 7.0 	 Demand: 357
	Edge: 12 <--> 73 	 Freq: 7.0 	 Demand: 935
	Edge: 76 <--> 75 	 Freq: 7.0 	 Demand: 510
	Route: 2
	Route length (1080.0) and demand (6477)
	Edge: 42 <--> 57 	 Freq: 7.0 	 Demand: 1989
	Edge: 54 <--> 20 	 Freq: 2.3 	 Demand: 4080
	Edge: 46 <--> 56 	 Freq: 7.0 	 Demand: 408
	Route: 3
	Route length (1125.0) and demand (8329)
	Edge: 68 <--> 69 	 Freq: 3.5 	 Demand: 3653
	Edge: 67 <--> 68 	 Freq: 3.5 	 Demand: 3656
	Edge: 31 <--> 77 	 Freq: 7.0 	 Demand: 1020
	Route: 4
	Route length (81.0) and demand (3697)
	Edge: 34 <--> 0 	 Freq: 3.5 	 Demand: 3697
	Route: 5
	Route length (969.0) and demand (11458)
	Edge: 0 <--> 27 	 Freq: 7.0 	 Demand: 306
	Edge: 27 <--> 3 	 Freq: 3.5 	 Demand: 3060
	Edge: 6 <--> 7 	 Freq: 28.0 	 Demand: 3910
	Edge: 27 <--> 8 	 Freq: 3.5 	 Demand: 4182
	Route: 6
	Route length (936.0) and demand (10219)
	Edge: 14 <--> 15 	 Freq: 3.5 	 Demand: 3895
	Edge: 40 <--> 15 	 Freq: 3.5 	 Demand: 2244
	Edge: 23 <--> 24 	 Freq: 3.5 	 Demand: 4080

Day 51, number of edges 27, number of routes 7

	Edges:

	Edge: 42 <--> 16 	 Freq: 56.0 	 Demand: 592
	Edge: 58 <--> 21 	 Freq: 28.0 	 Demand: 408
	Edge: 42 <--> 16 	 Freq: 28.0 	 Demand: 1428
	Edge: 14 <--> 15 	 Freq: 28.0 	 Demand: 2040
	Edge: 77 <--> 76 	 Freq: 7.0 	 Demand: 578
	Edge: 21 <--> 22 	 Freq: 7.0 	 Demand: 1020
	Edge: 21 <--> 59 	 Freq: 7.0 	 Demand: 578
	Edge: 18 <--> 58 	 Freq: 7.0 	 Demand: 578
	Edge: 18 <--> 19 	 Freq: 7.0 	 Demand: 2686
	Edge: 16 <--> 58 	 Freq: 7.0 	 Demand: 2822
	Edge: 38 <--> 42 	 Freq: 7.0 	 Demand: 510
	Edge: 71 <--> 72 	 Freq: 7.0 	 Demand: 1836
	Edge: 61 <--> 60 	 Freq: 7.0 	 Demand: 510
	Edge: 61 <--> 62 	 Freq: 7.0 	 Demand: 1530
	Edge: 3 <--> 49 	 Freq: 7.0 	 Demand: 1530
	Edge: 0 <--> 71 	 Freq: 7.0 	 Demand: 1870
	Edge: 30 <--> 67 	 Freq: 7.0 	 Demand: 204
	Edge: 37 <--> 23 	 Freq: 7.0 	 Demand: 1683
	Edge: 23 <--> 63 	 Freq: 7.0 	 Demand: 4998
	Edge: 27 <--> 3 	 Freq: 7.0 	 Demand: 4751
	Edge: 23 <--> 24 	 Freq: 14.0 	 Demand: 1870
	Edge: 25 <--> 26 	 Freq: 2.3 	 Demand: 4247
	Edge: 28 <--> 7 	 Freq: 2.3 	 Demand: 1020
	Edge: 3 <--> 49 	 Freq: 2.3 	 Demand: 3570
	Edge: 66 <--> 53 	 Freq: 2.3 	 Demand: 3913
	Edge: 30 <--> 67 	 Freq: 2.3 	 Demand: 4213
	Edge: 36 <--> 16 	 Freq: 28.0 	 Demand: 2482

	Routes:

	Route: 1
	Route length (1367.0) and demand (7378)
	Edge: 23 <--> 24 	 Freq: 14.0 	 Demand: 1870
	Edge: 61 <--> 60 	 Freq: 7.0 	 Demand: 510
	Edge: 61 <--> 62 	 Freq: 7.0 	 Demand: 1530
	Edge: 14 <--> 15 	 Freq: 28.0 	 Demand: 2040
	Edge: 42 <--> 16 	 Freq: 28.0 	 Demand: 1428
	Route: 2
	Route length (610.0) and demand (6681)
	Edge: 23 <--> 63 	 Freq: 7.0 	 Demand: 4998
	Edge: 37 <--> 23 	 Freq: 7.0 	 Demand: 1683
	Route: 3
	Route length (85.0) and demand (1870)
	Edge: 0 <--> 71 	 Freq: 7.0 	 Demand: 1870
	Route: 4
	Route length (1503.0) and demand (10237)
	Edge: 30 <--> 67 	 Freq: 7.0 	 Demand: 204
	Edge: 66 <--> 53 	 Freq: 2.3 	 Demand: 3913
	Edge: 28 <--> 7 	 Freq: 2.3 	 Demand: 1020
	Edge: 3 <--> 49 	 Freq: 7.0 	 Demand: 1530
	Edge: 3 <--> 49 	 Freq: 2.3 	 Demand: 3570
	Route: 5
	Route length (512.0) and demand (4751)
	Edge: 27 <--> 3 	 Freq: 7.0 	 Demand: 4751
	Route: 6
	Route length (1541.0) and demand (11676)
	Edge: 18 <--> 19 	 Freq: 7.0 	 Demand: 2686
	Edge: 18 <--> 58 	 Freq: 7.0 	 Demand: 578
	Edge: 16 <--> 58 	 Freq: 7.0 	 Demand: 2822
	Edge: 21 <--> 22 	 Freq: 7.0 	 Demand: 1020
	Edge: 21 <--> 59 	 Freq: 7.0 	 Demand: 578
	Edge: 58 <--> 21 	 Freq: 28.0 	 Demand: 408
	Edge: 36 <--> 16 	 Freq: 28.0 	 Demand: 2482
	Edge: 42 <--> 16 	 Freq: 56.0 	 Demand: 592
	Edge: 38 <--> 42 	 Freq: 7.0 	 Demand: 510
	Route: 7
	Route length (1253.0) and demand (10874)
	Edge: 25 <--> 26 	 Freq: 2.3 	 Demand: 4247
	Edge: 30 <--> 67 	 Freq: 2.3 	 Demand: 4213
	Edge: 77 <--> 76 	 Freq: 7.0 	 Demand: 578
	Edge: 71 <--> 72 	 Freq: 7.0 	 Demand: 1836

Day 52, number of edges 20, number of routes 5

	Edges:

	Edge: 65 <--> 52 	 Freq: 28.0 	 Demand: 4250
	Edge: 67 <--> 68 	 Freq: 28.0 	 Demand: 1190
	Edge: 34 <--> 0 	 Freq: 28.0 	 Demand: 3060
	Edge: 57 <--> 18 	 Freq: 7.0 	 Demand: 1394
	Edge: 57 <--> 55 	 Freq: 7.0 	 Demand: 2992
	Edge: 36 <--> 24 	 Freq: 7.0 	 Demand: 765
	Edge: 65 <--> 6 	 Freq: 7.0 	 Demand: 306
	Edge: 6 <--> 7 	 Freq: 7.0 	 Demand: 1955
	Edge: 27 <--> 8 	 Freq: 7.0 	 Demand: 833
	Edge: 42 <--> 16 	 Freq: 7.0 	 Demand: 1173
	Edge: 68 <--> 69 	 Freq: 7.0 	 Demand: 3508
	Edge: 34 <--> 66 	 Freq: 7.0 	 Demand: 3604
	Edge: 25 <--> 26 	 Freq: 14.0 	 Demand: 680
	Edge: 7 <--> 50 	 Freq: 3.5 	 Demand: 1530
	Edge: 4 <--> 5 	 Freq: 3.5 	 Demand: 2550
	Edge: 50 <--> 3 	 Freq: 3.5 	 Demand: 1530
	Edge: 65 <--> 52 	 Freq: 3.5 	 Demand: 3974
	Edge: 34 <--> 66 	 Freq: 3.5 	 Demand: 1700
	Edge: 40 <--> 41 	 Freq: 3.5 	 Demand: 3516
	Edge: 38 <--> 42 	 Freq: 28.0 	 Demand: 850

	Routes:

	Route: 1
	Route length (942.0) and demand (11063)
	Edge: 27 <--> 8 	 Freq: 7.0 	 Demand: 833
	Edge: 65 <--> 52 	 Freq: 3.5 	 Demand: 3974
	Edge: 65 <--> 52 	 Freq: 28.0 	 Demand: 4250
	Edge: 65 <--> 6 	 Freq: 7.0 	 Demand: 306
	Edge: 34 <--> 66 	 Freq: 3.5 	 Demand: 1700
	Route: 2
	Route length (1107.0) and demand (8982)
	Edge: 34 <--> 66 	 Freq: 7.0 	 Demand: 3604
	Edge: 68 <--> 69 	 Freq: 7.0 	 Demand: 3508
	Edge: 67 <--> 68 	 Freq: 28.0 	 Demand: 1190
	Edge: 25 <--> 26 	 Freq: 14.0 	 Demand: 680
	Route: 3
	Route length (81.0) and demand (3060)
	Edge: 34 <--> 0 	 Freq: 28.0 	 Demand: 3060
	Route: 4
	Route length (1094.0) and demand (7565)
	Edge: 6 <--> 7 	 Freq: 7.0 	 Demand: 1955
	Edge: 7 <--> 50 	 Freq: 3.5 	 Demand: 1530
	Edge: 50 <--> 3 	 Freq: 3.5 	 Demand: 1530
	Edge: 4 <--> 5 	 Freq: 3.5 	 Demand: 2550
	Route: 5
	Route length (1466.0) and demand (10690)
	Edge: 40 <--> 41 	 Freq: 3.5 	 Demand: 3516
	Edge: 36 <--> 24 	 Freq: 7.0 	 Demand: 765
	Edge: 42 <--> 16 	 Freq: 7.0 	 Demand: 1173
	Edge: 57 <--> 55 	 Freq: 7.0 	 Demand: 2992
	Edge: 57 <--> 18 	 Freq: 7.0 	 Demand: 1394
	Edge: 38 <--> 42 	 Freq: 28.0 	 Demand: 850

Day 53, number of edges 36, number of routes 10

	Edges:

	Edge: 25 <--> 26 	 Freq: 2.3 	 Demand: 4247
	Edge: 54 <--> 20 	 Freq: 2.3 	 Demand: 4080
	Edge: 28 <--> 7 	 Freq: 2.3 	 Demand: 1020
	Edge: 3 <--> 49 	 Freq: 2.3 	 Demand: 3570
	Edge: 66 <--> 53 	 Freq: 2.3 	 Demand: 3913
	Edge: 30 <--> 67 	 Freq: 2.3 	 Demand: 4213
	Edge: 9 <--> 47 	 Freq: 7.0 	 Demand: 561
	Edge: 70 <--> 47 	 Freq: 7.0 	 Demand: 1105
	Edge: 43 <--> 70 	 Freq: 7.0 	 Demand: 204
	Edge: 10 <--> 44 	 Freq: 7.0 	 Demand: 646
	Edge: 66 <--> 53 	 Freq: 7.0 	 Demand: 510
	Edge: 25 <--> 26 	 Freq: 7.0 	 Demand: 510
	Edge: 43 <--> 70 	 Freq: 14.0 	 Demand: 1530
	Edge: 43 <--> 70 	 Freq: 3.5 	 Demand: 3060
	Edge: 78 <--> 71 	 Freq: 3.5 	 Demand: 3825
	Edge: 40 <--> 15 	 Freq: 3.5 	 Demand: 2244
	Edge: 14 <--> 15 	 Freq: 3.5 	 Demand: 3895
	Edge: 53 <--> 51 	 Freq: 3.5 	 Demand: 3568
	Edge: 61 <--> 62 	 Freq: 3.5 	 Demand: 4080
	Edge: 35 <--> 1 	 Freq: 3.5 	 Demand: 4235
	Edge: 67 <--> 68 	 Freq: 3.5 	 Demand: 3656
	Edge: 67 <--> 66 	 Freq: 3.5 	 Demand: 3970
	Edge: 27 <--> 8 	 Freq: 3.5 	 Demand: 4182
	Edge: 36 <--> 16 	 Freq: 3.5 	 Demand: 3927
	Edge: 38 <--> 42 	 Freq: 3.5 	 Demand: 4031
	Edge: 37 <--> 23 	 Freq: 3.5 	 Demand: 3060
	Edge: 68 <--> 69 	 Freq: 3.5 	 Demand: 3653
	Edge: 34 <--> 0 	 Freq: 3.5 	 Demand: 3697
	Edge: 61 <--> 60 	 Freq: 3.5 	 Demand: 2720
	Edge: 32 <--> 33 	 Freq: 3.5 	 Demand: 3777
	Edge: 39 <--> 25 	 Freq: 3.5 	 Demand: 4080
	Edge: 23 <--> 24 	 Freq: 3.5 	 Demand: 4080
	Edge: 27 <--> 3 	 Freq: 3.5 	 Demand: 3060
	Edge: 48 <--> 9 	 Freq: 28.0 	 Demand: 612
	Edge: 70 <--> 47 	 Freq: 28.0 	 Demand: 612
	Edge: 10 <--> 11 	 Freq: 56.0 	 Demand: 556

	Routes:

	Route: 1
	Route length (1660.0) and demand (8886)
	Edge: 10 <--> 11 	 Freq: 56.0 	 Demand: 556
	Edge: 10 <--> 44 	 Freq: 7.0 	 Demand: 646
	Edge: 48 <--> 9 	 Freq: 28.0 	 Demand: 612
	Edge: 9 <--> 47 	 Freq: 7.0 	 Demand: 561
	Edge: 70 <--> 47 	 Freq: 7.0 	 Demand: 1105
	Edge: 43 <--> 70 	 Freq: 3.5 	 Demand: 3060
	Edge: 43 <--> 70 	 Freq: 14.0 	 Demand: 1530
	Edge: 70 <--> 47 	 Freq: 28.0 	 Demand: 612
	Edge: 43 <--> 70 	 Freq: 7.0 	 Demand: 204
	Route: 2
	Route length (801.0) and demand (11849)
	Edge: 78 <--> 71 	 Freq: 3.5 	 Demand: 3825
	Edge: 25 <--> 26 	 Freq: 2.3 	 Demand: 4247
	Edge: 32 <--> 33 	 Freq: 3.5 	 Demand: 3777
	Route: 3
	Route length (994.0) and demand (11522)
	Edge: 68 <--> 69 	 Freq: 3.5 	 Demand: 3653
	Edge: 67 <--> 68 	 Freq: 3.5 	 Demand: 3656
	Edge: 30 <--> 67 	 Freq: 2.3 	 Demand: 4213
	Route: 4
	Route length (1184.0) and demand (10880)
	Edge: 61 <--> 62 	 Freq: 3.5 	 Demand: 4080
	Edge: 61 <--> 60 	 Freq: 3.5 	 Demand: 2720
	Edge: 23 <--> 24 	 Freq: 3.5 	 Demand: 4080
	Route: 5
	Route length (807.0) and demand (10066)
	Edge: 40 <--> 15 	 Freq: 3.5 	 Demand: 2244
	Edge: 14 <--> 15 	 Freq: 3.5 	 Demand: 3895
	Edge: 36 <--> 16 	 Freq: 3.5 	 Demand: 3927
	Route: 6
	Route length (1052.0) and demand (11961)
	Edge: 66 <--> 53 	 Freq: 7.0 	 Demand: 510
	Edge: 53 <--> 51 	 Freq: 3.5 	 Demand: 3568
	Edge: 66 <--> 53 	 Freq: 2.3 	 Demand: 3913
	Edge: 67 <--> 66 	 Freq: 3.5 	 Demand: 3970
	Route: 7
	Route length (1123.0) and demand (11832)
	Edge: 27 <--> 8 	 Freq: 3.5 	 Demand: 4182
	Edge: 28 <--> 7 	 Freq: 2.3 	 Demand: 1020
	Edge: 3 <--> 49 	 Freq: 2.3 	 Demand: 3570
	Edge: 27 <--> 3 	 Freq: 3.5 	 Demand: 3060
	Route: 8
	Route length (81.0) and demand (3697)
	Edge: 34 <--> 0 	 Freq: 3.5 	 Demand: 3697
	Route: 9
	Route length (960.0) and demand (8825)
	Edge: 25 <--> 26 	 Freq: 7.0 	 Demand: 510
	Edge: 35 <--> 1 	 Freq: 3.5 	 Demand: 4235
	Edge: 39 <--> 25 	 Freq: 3.5 	 Demand: 4080
	Route: 10
	Route length (1183.0) and demand (11171)
	Edge: 54 <--> 20 	 Freq: 2.3 	 Demand: 4080
	Edge: 38 <--> 42 	 Freq: 3.5 	 Demand: 4031
	Edge: 37 <--> 23 	 Freq: 3.5 	 Demand: 3060

Day 54, number of edges 0, number of routes 0

	Edges:


	Routes:


Day 55, number of edges 0, number of routes 0

	Edges:


	Routes:


----- MARKER - SOLUTION PRINTED ABOVE -------

Printing greedy algorithm time to avoid scrolling or ctrl+f
Greedy algorithm time: 0:00:00.210103 seconds
LS time: 0:11:36.591763
Greedy algorithm score: 1369569918.0
LS return score: 29294207.0
Final solution score: 29294207.0
Maximum routes among all days: 13
Minimum routes among all days: 4

Penalties count:
Overloaded route count: 0
Irregular services count: 1.5
Irregular spacing count: 26
