Using greedy single algorithm!
Graph Data file used: SP-CARP_K9_p_graph.dat
Vehicle Data file used: SP-CARP_1-8.veh

Program starting at: 2026-08-09 01:36:20.970313
Greedy algorithm time: 0.042267 seconds
Cost of initial solution: 684657415.0
Total number of edges: 509
Number of unsatisfied edges: 399
0 edges were not serviced at all!
Running Local Search with top 50 operations according to estimation


Phase 1 mid-report:
Iteration count: 1
Last iteration time: 5.468746662139893
Average iteration time: 5.468746662139893
Current score: 403511572.0

Phase 1 ended! Current time: 2026-08-09 01:36:30.341295
Phase 1 Report:
Iteration count: 3
Last iteration time: 0.0
Average iteration time: 2.4791653156280518
Current score: 266770921.0


Phase 2 (only move_services) mid-report:
Iteration count: 1
Last iteration time: 4.8125081062316895
Average iteration time: 4.8125081062316895
Current score: 265770921.0


Phase 2 (only move_services) ended! Current time: 2026-08-09 01:37:17.481920
Phase 2 (only move_services) Report:
Iteration count: 19
Last iteration time: 0.4218733310699463
Average iteration time: 2.2343749121615755
Current score: 248838745.0


Phase 3 (using only swap_services) mid-report:
Iteration count: 1
Last iteration time: 1.2187459468841553
Average iteration time: 1.2187459468841553
Current score: 248813432.0


Phase 3 (using only swap_services) ended! Current time: 2026-08-09 01:40:42.169426
Phase 3 (using only swap_services) Report:
Iteration count: 132
Last iteration time: 0.14062213897705078
Average iteration time: 0.9541903517462987
Current score: 248491961.0


Phase 4 (routing operators) mid-report:
Current day: 0
Iteration count: 1
Last iteration time: 9.281246423721313
Average iteration time: 9.281246423721313
Current score: 248490629.0


Phase 4 (routing operators) day 0 ended!
Phase 4 (routing operators) day report:
Current Iteration count: 2
Last iteration time: 0.03125739097595215
Average iteration time: 4.656251907348633
Current score: 248490629.0


Phase 4 (routing operators) day 1 ended!
Phase 4 (routing operators) day report:
Current Iteration count: 5
Last iteration time: 0.0
Average iteration time: 1.865625810623169
Current score: 248488692.0


Phase 4 (routing operators) day 2 ended!
Phase 4 (routing operators) day report:
Current Iteration count: 8
Last iteration time: 0.01562047004699707
Average iteration time: 1.3437504470348358
Current score: 248487953.0


Phase 4 (routing operators) day 3 ended!
Phase 4 (routing operators) day report:
Current Iteration count: 9
Last iteration time: 0.015625476837158203
Average iteration time: 1.1961810059017606
Current score: 248487953.0


Phase 4 (routing operators) day 4 ended!
Phase 4 (routing operators) day report:
Current Iteration count: 12
Last iteration time: 0.03125166893005371
Average iteration time: 1.2747400999069212
Current score: 248486649.0


Phase 4 (routing operators) day 7 ended!
Phase 4 (routing operators) day report:
Current Iteration count: 15
Last iteration time: 0.015626192092895508
Average iteration time: 1.129166968663533
Current score: 248480905.0


Phase 4 (routing operators) day 8 ended!
Phase 4 (routing operators) day report:
Current Iteration count: 18
Last iteration time: 0.031247854232788086
Average iteration time: 1.0512156486511226
Current score: 248478743.0


Phase 4 (routing operators) day 9 ended!
Phase 4 (routing operators) day report:
Current Iteration count: 21
Last iteration time: 0.0
Average iteration time: 0.9129466215769446
Current score: 248471688.0


Phase 4 (routing operators) day 10 ended!
Phase 4 (routing operators) day report:
Current Iteration count: 27
Last iteration time: 0.0
Average iteration time: 0.7146994272867836
Current score: 248460228.0


Phase 4 (routing operators) day 11 ended!
Phase 4 (routing operators) day report:
Current Iteration count: 30
Last iteration time: 0.04687857627868652
Average iteration time: 0.7354171673456826
Current score: 248460105.0


Phase 4 (routing operators) day 14 ended!
Phase 4 (routing operators) day report:
Current Iteration count: 31
Last iteration time: 0.0
Average iteration time: 0.7116940329151767
Current score: 248460105.0


Phase 4 (routing operators) day 15 ended!
Phase 4 (routing operators) day report:
Current Iteration count: 32
Last iteration time: 0.0
Average iteration time: 0.6894535943865775
Current score: 248460105.0


Phase 4 (routing operators) day 16 ended!
Phase 4 (routing operators) day report:
Current Iteration count: 33
Last iteration time: 0.0
Average iteration time: 0.6685610612233479
Current score: 248460105.0


Phase 4 (routing operators) day 17 ended!
Phase 4 (routing operators) day report:
Current Iteration count: 36
Last iteration time: 0.0
Average iteration time: 0.6132817069689431
Current score: 248455355.0


Phase 4 (routing operators) day 18 ended!
Phase 4 (routing operators) day report:
Current Iteration count: 38
Last iteration time: 0.0
Average iteration time: 0.5810037223916303
Current score: 248451545.0


Phase 4 (routing operators) day 21 ended!
Phase 4 (routing operators) day report:
Current Iteration count: 39
Last iteration time: 0.0
Average iteration time: 0.5661061910482552
Current score: 248451545.0


Phase 4 (routing operators) day 22 ended!
Phase 4 (routing operators) day report:
Current Iteration count: 40
Last iteration time: 0.0
Average iteration time: 0.5519535362720489
Current score: 248451545.0


Phase 4 (routing operators) day 23 ended!
Phase 4 (routing operators) day report:
Current Iteration count: 41
Last iteration time: 0.0
Average iteration time: 0.53849125489956
Current score: 248451545.0


Phase 4 (routing operators) day 24 ended!
Phase 4 (routing operators) day report:
Current Iteration count: 42
Last iteration time: 0.015619516372680664
Average iteration time: 0.5260419277917772
Current score: 248451545.0


Phase 4 (routing operators) day 25 ended!
Phase 4 (routing operators) day report:
Current Iteration count: 45
Last iteration time: 0.0
Average iteration time: 0.49236143959893136
Current score: 248444615.0


Phase 4 (routing operators) day 28 ended!
Phase 4 (routing operators) day report:
Current Iteration count: 48
Last iteration time: 0.03125143051147461
Average iteration time: 0.5556644499301912
Current score: 248443311.0


Phase 4 (routing operators) day 29 ended!
Phase 4 (routing operators) day report:
Current Iteration count: 51
Last iteration time: 0.031245708465576172
Average iteration time: 0.5484072694591449
Current score: 248440894.0


Phase 4 (routing operators) day 30 ended!
Phase 4 (routing operators) day report:
Current Iteration count: 53
Last iteration time: 0.0312504768371582
Average iteration time: 0.5421583787450251
Current score: 248440853.0


Phase 4 (routing operators) day 31 ended!
Phase 4 (routing operators) day report:
Current Iteration count: 55
Last iteration time: 0.01561737060546875
Average iteration time: 0.5281252470883457
Current score: 248438343.0


Phase 4 (routing operators) day 32 ended!
Phase 4 (routing operators) day report:
Current Iteration count: 63
Last iteration time: 0.0
Average iteration time: 0.46850219983903224
Current score: 248423915.0


Phase 4 (routing operators) day 35 ended!
Phase 4 (routing operators) day report:
Current Iteration count: 66
Last iteration time: 0.046874284744262695
Average iteration time: 0.4907672585863059
Current score: 248423792.0


Phase 4 (routing operators) day 36 ended!
Phase 4 (routing operators) day report:
Current Iteration count: 69
Last iteration time: 0.03125596046447754
Average iteration time: 0.4859603626140653
Current score: 248423053.0


Phase 4 (routing operators) day 37 ended!
Phase 4 (routing operators) day report:
Current Iteration count: 76
Last iteration time: 0.015627145767211914
Average iteration time: 0.49917785117500735
Current score: 248418024.0


Phase 4 (routing operators) day 38 ended!
Phase 4 (routing operators) day report:
Current Iteration count: 77
Last iteration time: 0.0
Average iteration time: 0.4926950219389683
Current score: 248418024.0


Phase 4 (routing operators) day 39 ended!
Phase 4 (routing operators) day report:
Current Iteration count: 78
Last iteration time: 0.0
Average iteration time: 0.4863784190935969
Current score: 248418024.0


Phase 4 (routing operators) day 42 ended!
Phase 4 (routing operators) day report:
Current Iteration count: 79
Last iteration time: 0.0
Average iteration time: 0.48022173024431086
Current score: 248418024.0


Phase 4 (routing operators) day 43 ended!
Phase 4 (routing operators) day report:
Current Iteration count: 80
Last iteration time: 0.0
Average iteration time: 0.47421895861625696
Current score: 248418024.0


Phase 4 (routing operators) day 44 ended!
Phase 4 (routing operators) day report:
Current Iteration count: 81
Last iteration time: 0.0
Average iteration time: 0.46836440357161185
Current score: 248418024.0


Phase 4 (routing operators) day 45 ended!
Phase 4 (routing operators) day report:
Current Iteration count: 82
Last iteration time: 0.0
Average iteration time: 0.4626526425524458
Current score: 248418024.0


Phase 4 (routing operators) day 46 ended!
Phase 4 (routing operators) day report:
Current Iteration count: 83
Last iteration time: 0.0
Average iteration time: 0.4570785143289224
Current score: 248418024.0


Phase 4 (routing operators) day 49 ended!
Phase 4 (routing operators) day report:
Current Iteration count: 84
Last iteration time: 0.01562666893005371
Average iteration time: 0.4518231352170311
Current score: 248418024.0


Phase 4 (routing operators) day 50 ended!
Phase 4 (routing operators) day report:
Current Iteration count: 85
Last iteration time: 0.0
Average iteration time: 0.44650756892036014
Current score: 248418024.0


Phase 4 (routing operators) day 51 ended!
Phase 4 (routing operators) day report:
Current Iteration count: 86
Last iteration time: 0.0
Average iteration time: 0.441315620444542
Current score: 248418024.0


Phase 4 (routing operators) day 52 ended!
Phase 4 (routing operators) day report:
Current Iteration count: 87
Last iteration time: 0.0
Average iteration time: 0.43624302710609897
Current score: 248418024.0


Phase 4 (routing operators) day 53 ended!
Phase 4 (routing operators) day report:
Current Iteration count: 88
Last iteration time: 0.0
Average iteration time: 0.43128571997989334
Current score: 248418024.0


Phase 4 (routing operators) ended! Current time: 2026-08-09 01:41:49.981927
Phase 4 (routing operators) Report:
Iteration count: 88
Last iteration time: 0.0
Average iteration time: 0.43128571997989334
Current score: 248418024.0


Local search report:
Iteration count: 1 iterations
Last iteration time: 327.0781283378601 seconds
Iteration average time: 327.0781283378601 seconds
Current score: 248418024.0

Solution after going through each phase once:


Day 0, number of edges 121, number of routes 6

	Edges:

	Edge: 244 <--> 241 	 Freq: 56.0 	 Demand: 204
	Edge: 466 <--> 467 	 Freq: 56.0 	 Demand: 560
	Edge: 1587 <--> 1588 	 Freq: 56.0 	 Demand: 560
	Edge: 499 <--> 500 	 Freq: 56.0 	 Demand: 204
	Edge: 1163 <--> 1164 	 Freq: 56.0 	 Demand: 204
	Edge: 672 <--> 673 	 Freq: 56.0 	 Demand: 560
	Edge: 263 <--> 1129 	 Freq: 56.0 	 Demand: 560
	Edge: 893 <--> 909 	 Freq: 56.0 	 Demand: 560
	Edge: 225 <--> 226 	 Freq: 56.0 	 Demand: 204
	Edge: 11 <--> 604 	 Freq: 56.0 	 Demand: 560
	Edge: 1699 <--> 1700 	 Freq: 56.0 	 Demand: 560
	Edge: 1067 <--> 1055 	 Freq: 56.0 	 Demand: 204
	Edge: 1524 <--> 1525 	 Freq: 56.0 	 Demand: 1120
	Edge: 1198 <--> 1199 	 Freq: 56.0 	 Demand: 236
	Edge: 1042 <--> 56 	 Freq: 56.0 	 Demand: 204
	Edge: 377 <--> 725 	 Freq: 56.0 	 Demand: 204
	Edge: 537 <--> 546 	 Freq: 56.0 	 Demand: 340
	Edge: 1274 <--> 1275 	 Freq: 56.0 	 Demand: 408
	Edge: 272 <--> 85 	 Freq: 56.0 	 Demand: 116
	Edge: 547 <--> 548 	 Freq: 56.0 	 Demand: 204
	Edge: 394 <--> 599 	 Freq: 56.0 	 Demand: 560
	Edge: 944 <--> 922 	 Freq: 56.0 	 Demand: 560
	Edge: 447 <--> 448 	 Freq: 56.0 	 Demand: 204
	Edge: 244 <--> 245 	 Freq: 56.0 	 Demand: 408
	Edge: 351 <--> 390 	 Freq: 56.0 	 Demand: 560
	Edge: 549 <--> 33 	 Freq: 56.0 	 Demand: 204
	Edge: 90 <--> 942 	 Freq: 56.0 	 Demand: 204
	Edge: 1589 <--> 1654 	 Freq: 56.0 	 Demand: 408
	Edge: 130 <--> 1036 	 Freq: 56.0 	 Demand: 204
	Edge: 1436 <--> 1411 	 Freq: 56.0 	 Demand: 560
	Edge: 1621 <--> 1646 	 Freq: 56.0 	 Demand: 408
	Edge: 1068 <--> 1072 	 Freq: 56.0 	 Demand: 560
	Edge: 793 <--> 606 	 Freq: 56.0 	 Demand: 204
	Edge: 104 <--> 224 	 Freq: 56.0 	 Demand: 652
	Edge: 1513 <--> 1514 	 Freq: 56.0 	 Demand: 204
	Edge: 921 <--> 335 	 Freq: 56.0 	 Demand: 204
	Edge: 173 <--> 174 	 Freq: 56.0 	 Demand: 408
	Edge: 529 <--> 1041 	 Freq: 56.0 	 Demand: 560
	Edge: 1010 <--> 1012 	 Freq: 56.0 	 Demand: 204
	Edge: 723 <--> 724 	 Freq: 56.0 	 Demand: 320
	Edge: 444 <--> 1128 	 Freq: 56.0 	 Demand: 204
	Edge: 1109 <--> 1145 	 Freq: 56.0 	 Demand: 204
	Edge: 1079 <--> 522 	 Freq: 56.0 	 Demand: 204
	Edge: 1296 <--> 1297 	 Freq: 56.0 	 Demand: 408
	Edge: 1689 <--> 1690 	 Freq: 56.0 	 Demand: 204
	Edge: 1131 <--> 1133 	 Freq: 56.0 	 Demand: 204
	Edge: 1236 <--> 1237 	 Freq: 56.0 	 Demand: 408
	Edge: 379 <--> 600 	 Freq: 56.0 	 Demand: 560
	Edge: 1409 <--> 1372 	 Freq: 56.0 	 Demand: 560
	Edge: 523 <--> 524 	 Freq: 56.0 	 Demand: 160
	Edge: 99 <--> 928 	 Freq: 56.0 	 Demand: 560
	Edge: 1141 <--> 1140 	 Freq: 56.0 	 Demand: 204
	Edge: 1234 <--> 1242 	 Freq: 56.0 	 Demand: 204
	Edge: 1648 <--> 1649 	 Freq: 56.0 	 Demand: 408
	Edge: 1586 <--> 1428 	 Freq: 56.0 	 Demand: 408
	Edge: 555 <--> 796 	 Freq: 56.0 	 Demand: 204
	Edge: 1373 <--> 1374 	 Freq: 56.0 	 Demand: 560
	Edge: 584 <--> 1142 	 Freq: 56.0 	 Demand: 204
	Edge: 331 <--> 248 	 Freq: 56.0 	 Demand: 204
	Edge: 1034 <--> 1035 	 Freq: 56.0 	 Demand: 204
	Edge: 1684 <--> 1685 	 Freq: 56.0 	 Demand: 764
	Edge: 1731 <--> 1504 	 Freq: 56.0 	 Demand: 816
	Edge: 1686 <--> 1687 	 Freq: 56.0 	 Demand: 560
	Edge: 1144 <--> 708 	 Freq: 56.0 	 Demand: 560
	Edge: 395 <--> 497 	 Freq: 56.0 	 Demand: 560
	Edge: 436 <--> 520 	 Freq: 56.0 	 Demand: 560
	Edge: 1526 <--> 1527 	 Freq: 56.0 	 Demand: 408
	Edge: 422 <--> 423 	 Freq: 56.0 	 Demand: 204
	Edge: 1603 <--> 1656 	 Freq: 56.0 	 Demand: 204
	Edge: 1491 <--> 1555 	 Freq: 56.0 	 Demand: 408
	Edge: 450 <--> 367 	 Freq: 56.0 	 Demand: 560
	Edge: 1138 <--> 449 	 Freq: 56.0 	 Demand: 340
	Edge: 1521 <--> 1522 	 Freq: 56.0 	 Demand: 408
	Edge: 1500 <--> 1501 	 Freq: 56.0 	 Demand: 408
	Edge: 586 <--> 788 	 Freq: 56.0 	 Demand: 204
	Edge: 608 <--> 609 	 Freq: 56.0 	 Demand: 204
	Edge: 105 <--> 106 	 Freq: 56.0 	 Demand: 204
	Edge: 191 <--> 940 	 Freq: 56.0 	 Demand: 340
	Edge: 636 <--> 635 	 Freq: 56.0 	 Demand: 560
	Edge: 432 <--> 526 	 Freq: 56.0 	 Demand: 204
	Edge: 327 <--> 585 	 Freq: 56.0 	 Demand: 560
	Edge: 398 <--> 797 	 Freq: 56.0 	 Demand: 204
	Edge: 1397 <--> 1368 	 Freq: 56.0 	 Demand: 204
	Edge: 590 <--> 591 	 Freq: 56.0 	 Demand: 560
	Edge: 1574 <--> 1576 	 Freq: 56.0 	 Demand: 408
	Edge: 1192 <--> 1193 	 Freq: 56.0 	 Demand: 408
	Edge: 892 <--> 886 	 Freq: 56.0 	 Demand: 1308
	Edge: 1104 <--> 943 	 Freq: 56.0 	 Demand: 204
	Edge: 332 <--> 356 	 Freq: 56.0 	 Demand: 560
	Edge: 1406 <--> 1407 	 Freq: 56.0 	 Demand: 408
	Edge: 1665 <--> 1680 	 Freq: 56.0 	 Demand: 560
	Edge: 891 <--> 901 	 Freq: 56.0 	 Demand: 1308
	Edge: 910 <--> 1075 	 Freq: 56.0 	 Demand: 652
	Edge: 946 <--> 1043 	 Freq: 56.0 	 Demand: 560
	Edge: 413 <--> 722 	 Freq: 56.0 	 Demand: 560
	Edge: 1658 <--> 1659 	 Freq: 56.0 	 Demand: 116
	Edge: 407 <--> 1080 	 Freq: 56.0 	 Demand: 204
	Edge: 719 <--> 1143 	 Freq: 56.0 	 Demand: 204
	Edge: 1135 <--> 1134 	 Freq: 56.0 	 Demand: 204
	Edge: 915 <--> 1071 	 Freq: 56.0 	 Demand: 652
	Edge: 455 <--> 456 	 Freq: 56.0 	 Demand: 560
	Edge: 944 <--> 1105 	 Freq: 56.0 	 Demand: 560
	Edge: 601 <--> 602 	 Freq: 56.0 	 Demand: 612
	Edge: 456 <--> 457 	 Freq: 56.0 	 Demand: 560
	Edge: 1259 <--> 1678 	 Freq: 56.0 	 Demand: 408
	Edge: 334 <--> 406 	 Freq: 56.0 	 Demand: 560
	Edge: 243 <--> 1126 	 Freq: 56.0 	 Demand: 1120
	Edge: 674 <--> 675 	 Freq: 56.0 	 Demand: 1120
	Edge: 790 <--> 1116 	 Freq: 56.0 	 Demand: 204
	Edge: 1311 <--> 1312 	 Freq: 56.0 	 Demand: 612
	Edge: 1324 <--> 1325 	 Freq: 28.0 	 Demand: 2244
	Edge: 477 <--> 490 	 Freq: 28.0 	 Demand: 1308
	Edge: 1480 <--> 1481 	 Freq: 28.0 	 Demand: 1122
	Edge: 485 <--> 486 	 Freq: 28.0 	 Demand: 1682
	Edge: 687 <--> 688 	 Freq: 28.0 	 Demand: 1308
	Edge: 1123 <--> 138 	 Freq: 28.0 	 Demand: 2244
	Edge: 476 <--> 489 	 Freq: 28.0 	 Demand: 1308
	Edge: 1276 <--> 1277 	 Freq: 28.0 	 Demand: 764
	Edge: 21 <--> 22 	 Freq: 28.0 	 Demand: 654
	Edge: 572 <--> 573 	 Freq: 28.0 	 Demand: 654
	Edge: 112 <--> 116 	 Freq: 28.0 	 Demand: 1122

	Routes:

	Route: 1
	Route length (62029.0) and demand (11450)
	Edge: 447 <--> 448 	 Freq: 56.0 	 Demand: 204
	Edge: 687 <--> 688 	 Freq: 28.0 	 Demand: 1308
	Edge: 1163 <--> 1164 	 Freq: 56.0 	 Demand: 204
	Edge: 395 <--> 497 	 Freq: 56.0 	 Demand: 560
	Edge: 394 <--> 599 	 Freq: 56.0 	 Demand: 560
	Edge: 351 <--> 390 	 Freq: 56.0 	 Demand: 560
	Edge: 1665 <--> 1680 	 Freq: 56.0 	 Demand: 560
	Edge: 1574 <--> 1576 	 Freq: 56.0 	 Demand: 408
	Edge: 1274 <--> 1275 	 Freq: 56.0 	 Demand: 408
	Edge: 1324 <--> 1325 	 Freq: 28.0 	 Demand: 2244
	Edge: 1276 <--> 1277 	 Freq: 28.0 	 Demand: 764
	Edge: 1480 <--> 1481 	 Freq: 28.0 	 Demand: 1122
	Edge: 1621 <--> 1646 	 Freq: 56.0 	 Demand: 408
	Edge: 1526 <--> 1527 	 Freq: 56.0 	 Demand: 408
	Edge: 1436 <--> 1411 	 Freq: 56.0 	 Demand: 560
	Edge: 601 <--> 602 	 Freq: 56.0 	 Demand: 612
	Edge: 379 <--> 600 	 Freq: 56.0 	 Demand: 560
	Route: 2
	Route length (83313.0) and demand (10848)
	Edge: 413 <--> 722 	 Freq: 56.0 	 Demand: 560
	Edge: 398 <--> 797 	 Freq: 56.0 	 Demand: 204
	Edge: 672 <--> 673 	 Freq: 56.0 	 Demand: 560
	Edge: 946 <--> 1043 	 Freq: 56.0 	 Demand: 560
	Edge: 90 <--> 942 	 Freq: 56.0 	 Demand: 204
	Edge: 555 <--> 796 	 Freq: 56.0 	 Demand: 204
	Edge: 921 <--> 335 	 Freq: 56.0 	 Demand: 204
	Edge: 944 <--> 1105 	 Freq: 56.0 	 Demand: 560
	Edge: 944 <--> 922 	 Freq: 56.0 	 Demand: 560
	Edge: 104 <--> 224 	 Freq: 56.0 	 Demand: 652
	Edge: 105 <--> 106 	 Freq: 56.0 	 Demand: 204
	Edge: 1042 <--> 56 	 Freq: 56.0 	 Demand: 204
	Edge: 432 <--> 526 	 Freq: 56.0 	 Demand: 204
	Edge: 529 <--> 1041 	 Freq: 56.0 	 Demand: 560
	Edge: 173 <--> 174 	 Freq: 56.0 	 Demand: 408
	Edge: 1010 <--> 1012 	 Freq: 56.0 	 Demand: 204
	Edge: 1034 <--> 1035 	 Freq: 56.0 	 Demand: 204
	Edge: 723 <--> 724 	 Freq: 56.0 	 Demand: 320
	Edge: 377 <--> 725 	 Freq: 56.0 	 Demand: 204
	Edge: 674 <--> 675 	 Freq: 56.0 	 Demand: 1120
	Edge: 130 <--> 1036 	 Freq: 56.0 	 Demand: 204
	Edge: 547 <--> 548 	 Freq: 56.0 	 Demand: 204
	Edge: 422 <--> 423 	 Freq: 56.0 	 Demand: 204
	Edge: 485 <--> 486 	 Freq: 28.0 	 Demand: 1682
	Edge: 21 <--> 22 	 Freq: 28.0 	 Demand: 654
	Route: 3
	Route length (3015.0) and demand (2616)
	Edge: 477 <--> 490 	 Freq: 28.0 	 Demand: 1308
	Edge: 476 <--> 489 	 Freq: 28.0 	 Demand: 1308
	Route: 4
	Route length (118294.0) and demand (11850)
	Edge: 586 <--> 788 	 Freq: 56.0 	 Demand: 204
	Edge: 191 <--> 940 	 Freq: 56.0 	 Demand: 340
	Edge: 499 <--> 500 	 Freq: 56.0 	 Demand: 204
	Edge: 549 <--> 33 	 Freq: 56.0 	 Demand: 204
	Edge: 11 <--> 604 	 Freq: 56.0 	 Demand: 560
	Edge: 1104 <--> 943 	 Freq: 56.0 	 Demand: 204
	Edge: 790 <--> 1116 	 Freq: 56.0 	 Demand: 204
	Edge: 608 <--> 609 	 Freq: 56.0 	 Demand: 204
	Edge: 636 <--> 635 	 Freq: 56.0 	 Demand: 560
	Edge: 590 <--> 591 	 Freq: 56.0 	 Demand: 560
	Edge: 99 <--> 928 	 Freq: 56.0 	 Demand: 560
	Edge: 1131 <--> 1133 	 Freq: 56.0 	 Demand: 204
	Edge: 263 <--> 1129 	 Freq: 56.0 	 Demand: 560
	Edge: 1141 <--> 1140 	 Freq: 56.0 	 Demand: 204
	Edge: 793 <--> 606 	 Freq: 56.0 	 Demand: 204
	Edge: 272 <--> 85 	 Freq: 56.0 	 Demand: 116
	Edge: 891 <--> 901 	 Freq: 56.0 	 Demand: 1308
	Edge: 436 <--> 520 	 Freq: 56.0 	 Demand: 560
	Edge: 893 <--> 909 	 Freq: 56.0 	 Demand: 560
	Edge: 466 <--> 467 	 Freq: 56.0 	 Demand: 560
	Edge: 892 <--> 886 	 Freq: 56.0 	 Demand: 1308
	Edge: 1079 <--> 522 	 Freq: 56.0 	 Demand: 204
	Edge: 572 <--> 573 	 Freq: 28.0 	 Demand: 654
	Edge: 407 <--> 1080 	 Freq: 56.0 	 Demand: 204
	Edge: 334 <--> 406 	 Freq: 56.0 	 Demand: 560
	Edge: 523 <--> 524 	 Freq: 56.0 	 Demand: 160
	Edge: 1138 <--> 449 	 Freq: 56.0 	 Demand: 340
	Edge: 537 <--> 546 	 Freq: 56.0 	 Demand: 340
	Route: 5
	Route length (97801.0) and demand (11972)
	Edge: 1198 <--> 1199 	 Freq: 56.0 	 Demand: 236
	Edge: 1521 <--> 1522 	 Freq: 56.0 	 Demand: 408
	Edge: 1524 <--> 1525 	 Freq: 56.0 	 Demand: 1120
	Edge: 1296 <--> 1297 	 Freq: 56.0 	 Demand: 408
	Edge: 1648 <--> 1649 	 Freq: 56.0 	 Demand: 408
	Edge: 1192 <--> 1193 	 Freq: 56.0 	 Demand: 408
	Edge: 1513 <--> 1514 	 Freq: 56.0 	 Demand: 204
	Edge: 1731 <--> 1504 	 Freq: 56.0 	 Demand: 816
	Edge: 1658 <--> 1659 	 Freq: 56.0 	 Demand: 116
	Edge: 1699 <--> 1700 	 Freq: 56.0 	 Demand: 560
	Edge: 1409 <--> 1372 	 Freq: 56.0 	 Demand: 560
	Edge: 1406 <--> 1407 	 Freq: 56.0 	 Demand: 408
	Edge: 1373 <--> 1374 	 Freq: 56.0 	 Demand: 560
	Edge: 1587 <--> 1588 	 Freq: 56.0 	 Demand: 560
	Edge: 1586 <--> 1428 	 Freq: 56.0 	 Demand: 408
	Edge: 1491 <--> 1555 	 Freq: 56.0 	 Demand: 408
	Edge: 1397 <--> 1368 	 Freq: 56.0 	 Demand: 204
	Edge: 1500 <--> 1501 	 Freq: 56.0 	 Demand: 408
	Edge: 1236 <--> 1237 	 Freq: 56.0 	 Demand: 408
	Edge: 1684 <--> 1685 	 Freq: 56.0 	 Demand: 764
	Edge: 1689 <--> 1690 	 Freq: 56.0 	 Demand: 204
	Edge: 1686 <--> 1687 	 Freq: 56.0 	 Demand: 560
	Edge: 1589 <--> 1654 	 Freq: 56.0 	 Demand: 408
	Edge: 1603 <--> 1656 	 Freq: 56.0 	 Demand: 204
	Edge: 1234 <--> 1242 	 Freq: 56.0 	 Demand: 204
	Edge: 1259 <--> 1678 	 Freq: 56.0 	 Demand: 408
	Edge: 1311 <--> 1312 	 Freq: 56.0 	 Demand: 612
	Route: 6
	Route length (45449.0) and demand (11954)
	Edge: 1135 <--> 1134 	 Freq: 56.0 	 Demand: 204
	Edge: 450 <--> 367 	 Freq: 56.0 	 Demand: 560
	Edge: 243 <--> 1126 	 Freq: 56.0 	 Demand: 1120
	Edge: 244 <--> 245 	 Freq: 56.0 	 Demand: 408
	Edge: 244 <--> 241 	 Freq: 56.0 	 Demand: 204
	Edge: 719 <--> 1143 	 Freq: 56.0 	 Demand: 204
	Edge: 1144 <--> 708 	 Freq: 56.0 	 Demand: 560
	Edge: 1109 <--> 1145 	 Freq: 56.0 	 Demand: 204
	Edge: 584 <--> 1142 	 Freq: 56.0 	 Demand: 204
	Edge: 327 <--> 585 	 Freq: 56.0 	 Demand: 560
	Edge: 1068 <--> 1072 	 Freq: 56.0 	 Demand: 560
	Edge: 1067 <--> 1055 	 Freq: 56.0 	 Demand: 204
	Edge: 910 <--> 1075 	 Freq: 56.0 	 Demand: 652
	Edge: 455 <--> 456 	 Freq: 56.0 	 Demand: 560
	Edge: 456 <--> 457 	 Freq: 56.0 	 Demand: 560
	Edge: 915 <--> 1071 	 Freq: 56.0 	 Demand: 652
	Edge: 332 <--> 356 	 Freq: 56.0 	 Demand: 560
	Edge: 331 <--> 248 	 Freq: 56.0 	 Demand: 204
	Edge: 1123 <--> 138 	 Freq: 28.0 	 Demand: 2244
	Edge: 112 <--> 116 	 Freq: 28.0 	 Demand: 1122
	Edge: 225 <--> 226 	 Freq: 56.0 	 Demand: 204
	Edge: 444 <--> 1128 	 Freq: 56.0 	 Demand: 204

Day 1, number of edges 3, number of routes 1

	Edges:

	Edge: 1048 <--> 866 	 Freq: 28.0 	 Demand: 654
	Edge: 494 <--> 664 	 Freq: 28.0 	 Demand: 4108
	Edge: 30 <--> 31 	 Freq: 28.0 	 Demand: 1122

	Routes:

	Route: 1
	Route length (11349.0) and demand (5884)
	Edge: 1048 <--> 866 	 Freq: 28.0 	 Demand: 654
	Edge: 30 <--> 31 	 Freq: 28.0 	 Demand: 1122
	Edge: 494 <--> 664 	 Freq: 28.0 	 Demand: 4108

Day 2, number of edges 52, number of routes 6

	Edges:

	Edge: 135 <--> 234 	 Freq: 28.0 	 Demand: 2788
	Edge: 1376 <--> 1719 	 Freq: 28.0 	 Demand: 2244
	Edge: 156 <--> 249 	 Freq: 28.0 	 Demand: 560
	Edge: 463 <--> 72 	 Freq: 28.0 	 Demand: 560
	Edge: 896 <--> 897 	 Freq: 28.0 	 Demand: 1682
	Edge: 342 <--> 1064 	 Freq: 28.0 	 Demand: 1308
	Edge: 1047 <--> 739 	 Freq: 28.0 	 Demand: 1122
	Edge: 953 <--> 954 	 Freq: 28.0 	 Demand: 1122
	Edge: 701 <--> 702 	 Freq: 28.0 	 Demand: 1122
	Edge: 180 <--> 181 	 Freq: 28.0 	 Demand: 1308
	Edge: 739 <--> 740 	 Freq: 28.0 	 Demand: 560
	Edge: 339 <--> 340 	 Freq: 28.0 	 Demand: 560
	Edge: 729 <--> 731 	 Freq: 28.0 	 Demand: 4210
	Edge: 1073 <--> 1074 	 Freq: 28.0 	 Demand: 1122
	Edge: 1004 <--> 1005 	 Freq: 28.0 	 Demand: 356
	Edge: 828 <--> 830 	 Freq: 28.0 	 Demand: 560
	Edge: 1492 <--> 1493 	 Freq: 28.0 	 Demand: 1122
	Edge: 75 <--> 403 	 Freq: 28.0 	 Demand: 560
	Edge: 1387 <--> 1201 	 Freq: 28.0 	 Demand: 238
	Edge: 307 <--> 311 	 Freq: 28.0 	 Demand: 560
	Edge: 916 <--> 1081 	 Freq: 28.0 	 Demand: 3926
	Edge: 1252 <--> 1253 	 Freq: 28.0 	 Demand: 3366
	Edge: 1216 <--> 1217 	 Freq: 28.0 	 Demand: 560
	Edge: 762 <--> 763 	 Freq: 28.0 	 Demand: 560
	Edge: 1149 <--> 1150 	 Freq: 28.0 	 Demand: 952
	Edge: 323 <--> 321 	 Freq: 28.0 	 Demand: 1122
	Edge: 1691 <--> 1495 	 Freq: 28.0 	 Demand: 968
	Edge: 773 <--> 774 	 Freq: 28.0 	 Demand: 560
	Edge: 1106 <--> 1111 	 Freq: 28.0 	 Demand: 560
	Edge: 1705 <--> 1706 	 Freq: 28.0 	 Demand: 560
	Edge: 1136 <--> 1137 	 Freq: 28.0 	 Demand: 560
	Edge: 1545 <--> 1572 	 Freq: 28.0 	 Demand: 560
	Edge: 1327 <--> 1560 	 Freq: 28.0 	 Demand: 118
	Edge: 504 <--> 505 	 Freq: 28.0 	 Demand: 1122
	Edge: 769 <--> 770 	 Freq: 28.0 	 Demand: 1122
	Edge: 514 <--> 1115 	 Freq: 28.0 	 Demand: 1122
	Edge: 864 <--> 865 	 Freq: 28.0 	 Demand: 2804
	Edge: 1639 <--> 1640 	 Freq: 28.0 	 Demand: 560
	Edge: 254 <--> 5 	 Freq: 28.0 	 Demand: 204
	Edge: 981 <--> 807 	 Freq: 28.0 	 Demand: 204
	Edge: 563 <--> 564 	 Freq: 28.0 	 Demand: 560
	Edge: 1605 <--> 1515 	 Freq: 28.0 	 Demand: 118
	Edge: 955 <--> 253 	 Freq: 28.0 	 Demand: 1122
	Edge: 1390 <--> 1677 	 Freq: 28.0 	 Demand: 560
	Edge: 346 <--> 347 	 Freq: 28.0 	 Demand: 952
	Edge: 1510 <--> 1653 	 Freq: 28.0 	 Demand: 1020
	Edge: 310 <--> 136 	 Freq: 28.0 	 Demand: 1462
	Edge: 387 <--> 671 	 Freq: 28.0 	 Demand: 560
	Edge: 756 <--> 550 	 Freq: 28.0 	 Demand: 1682
	Edge: 1729 <--> 1730 	 Freq: 28.0 	 Demand: 560
	Edge: 1292 <--> 1363 	 Freq: 28.0 	 Demand: 1326
	Edge: 948 <--> 1110 	 Freq: 28.0 	 Demand: 204

	Routes:

	Route: 1
	Route length (56913.0) and demand (10126)
	Edge: 916 <--> 1081 	 Freq: 28.0 	 Demand: 3926
	Edge: 387 <--> 671 	 Freq: 28.0 	 Demand: 560
	Edge: 504 <--> 505 	 Freq: 28.0 	 Demand: 1122
	Edge: 981 <--> 807 	 Freq: 28.0 	 Demand: 204
	Edge: 514 <--> 1115 	 Freq: 28.0 	 Demand: 1122
	Edge: 948 <--> 1110 	 Freq: 28.0 	 Demand: 204
	Edge: 1106 <--> 1111 	 Freq: 28.0 	 Demand: 560
	Edge: 1004 <--> 1005 	 Freq: 28.0 	 Demand: 356
	Edge: 1149 <--> 1150 	 Freq: 28.0 	 Demand: 952
	Edge: 762 <--> 763 	 Freq: 28.0 	 Demand: 560
	Edge: 563 <--> 564 	 Freq: 28.0 	 Demand: 560
	Route: 2
	Route length (7669.0) and demand (8410)
	Edge: 756 <--> 550 	 Freq: 28.0 	 Demand: 1682
	Edge: 864 <--> 865 	 Freq: 28.0 	 Demand: 2804
	Edge: 769 <--> 770 	 Freq: 28.0 	 Demand: 1122
	Edge: 339 <--> 340 	 Freq: 28.0 	 Demand: 560
	Edge: 828 <--> 830 	 Freq: 28.0 	 Demand: 560
	Edge: 739 <--> 740 	 Freq: 28.0 	 Demand: 560
	Edge: 1047 <--> 739 	 Freq: 28.0 	 Demand: 1122
	Route: 3
	Route length (61338.0) and demand (9156)
	Edge: 1492 <--> 1493 	 Freq: 28.0 	 Demand: 1122
	Edge: 1545 <--> 1572 	 Freq: 28.0 	 Demand: 560
	Edge: 1691 <--> 1495 	 Freq: 28.0 	 Demand: 968
	Edge: 1387 <--> 1201 	 Freq: 28.0 	 Demand: 238
	Edge: 1510 <--> 1653 	 Freq: 28.0 	 Demand: 1020
	Edge: 1390 <--> 1677 	 Freq: 28.0 	 Demand: 560
	Edge: 1136 <--> 1137 	 Freq: 28.0 	 Demand: 560
	Edge: 773 <--> 774 	 Freq: 28.0 	 Demand: 560
	Edge: 346 <--> 347 	 Freq: 28.0 	 Demand: 952
	Edge: 180 <--> 181 	 Freq: 28.0 	 Demand: 1308
	Edge: 342 <--> 1064 	 Freq: 28.0 	 Demand: 1308
	Route: 4
	Route length (35847.0) and demand (8134)
	Edge: 729 <--> 731 	 Freq: 28.0 	 Demand: 4210
	Edge: 1073 <--> 1074 	 Freq: 28.0 	 Demand: 1122
	Edge: 896 <--> 897 	 Freq: 28.0 	 Demand: 1682
	Edge: 463 <--> 72 	 Freq: 28.0 	 Demand: 560
	Edge: 75 <--> 403 	 Freq: 28.0 	 Demand: 560
	Route: 5
	Route length (45137.0) and demand (9412)
	Edge: 1605 <--> 1515 	 Freq: 28.0 	 Demand: 118
	Edge: 1639 <--> 1640 	 Freq: 28.0 	 Demand: 560
	Edge: 1705 <--> 1706 	 Freq: 28.0 	 Demand: 560
	Edge: 1729 <--> 1730 	 Freq: 28.0 	 Demand: 560
	Edge: 1252 <--> 1253 	 Freq: 28.0 	 Demand: 3366
	Edge: 1376 <--> 1719 	 Freq: 28.0 	 Demand: 2244
	Edge: 1327 <--> 1560 	 Freq: 28.0 	 Demand: 118
	Edge: 1292 <--> 1363 	 Freq: 28.0 	 Demand: 1326
	Edge: 1216 <--> 1217 	 Freq: 28.0 	 Demand: 560
	Route: 6
	Route length (20831.0) and demand (10062)
	Edge: 135 <--> 234 	 Freq: 28.0 	 Demand: 2788
	Edge: 310 <--> 136 	 Freq: 28.0 	 Demand: 1462
	Edge: 955 <--> 253 	 Freq: 28.0 	 Demand: 1122
	Edge: 254 <--> 5 	 Freq: 28.0 	 Demand: 204
	Edge: 953 <--> 954 	 Freq: 28.0 	 Demand: 1122
	Edge: 156 <--> 249 	 Freq: 28.0 	 Demand: 560
	Edge: 701 <--> 702 	 Freq: 28.0 	 Demand: 1122
	Edge: 323 <--> 321 	 Freq: 28.0 	 Demand: 1122
	Edge: 307 <--> 311 	 Freq: 28.0 	 Demand: 560

Day 3, number of edges 59, number of routes 5

	Edges:

	Edge: 1278 <--> 1279 	 Freq: 28.0 	 Demand: 560
	Edge: 1113 <--> 1114 	 Freq: 28.0 	 Demand: 408
	Edge: 1306 <--> 1307 	 Freq: 28.0 	 Demand: 1682
	Edge: 978 <--> 979 	 Freq: 28.0 	 Demand: 1122
	Edge: 1120 <--> 115 	 Freq: 28.0 	 Demand: 1122
	Edge: 643 <--> 644 	 Freq: 28.0 	 Demand: 714
	Edge: 1204 <--> 1205 	 Freq: 28.0 	 Demand: 238
	Edge: 859 <--> 1018 	 Freq: 28.0 	 Demand: 1954
	Edge: 220 <--> 320 	 Freq: 28.0 	 Demand: 560
	Edge: 836 <--> 837 	 Freq: 28.0 	 Demand: 2244
	Edge: 1302 <--> 1303 	 Freq: 28.0 	 Demand: 560
	Edge: 996 <--> 997 	 Freq: 28.0 	 Demand: 1308
	Edge: 308 <--> 445 	 Freq: 28.0 	 Demand: 560
	Edge: 1146 <--> 1147 	 Freq: 28.0 	 Demand: 1682
	Edge: 1153 <--> 1154 	 Freq: 28.0 	 Demand: 1308
	Edge: 1290 <--> 1289 	 Freq: 28.0 	 Demand: 560
	Edge: 861 <--> 862 	 Freq: 28.0 	 Demand: 204
	Edge: 971 <--> 1048 	 Freq: 28.0 	 Demand: 1334
	Edge: 188 <--> 1061 	 Freq: 28.0 	 Demand: 654
	Edge: 304 <--> 305 	 Freq: 28.0 	 Demand: 560
	Edge: 578 <--> 579 	 Freq: 28.0 	 Demand: 560
	Edge: 536 <--> 738 	 Freq: 28.0 	 Demand: 1308
	Edge: 745 <--> 1172 	 Freq: 28.0 	 Demand: 2804
	Edge: 280 <--> 1094 	 Freq: 28.0 	 Demand: 560
	Edge: 1094 <--> 1095 	 Freq: 28.0 	 Demand: 560
	Edge: 172 <--> 848 	 Freq: 28.0 	 Demand: 1682
	Edge: 1028 <--> 1026 	 Freq: 28.0 	 Demand: 118
	Edge: 691 <--> 746 	 Freq: 28.0 	 Demand: 560
	Edge: 52 <--> 39 	 Freq: 28.0 	 Demand: 3970
	Edge: 45 <--> 46 	 Freq: 28.0 	 Demand: 654
	Edge: 1243 <--> 1244 	 Freq: 28.0 	 Demand: 560
	Edge: 831 <--> 832 	 Freq: 28.0 	 Demand: 1308
	Edge: 570 <--> 571 	 Freq: 28.0 	 Demand: 408
	Edge: 1472 <--> 1291 	 Freq: 28.0 	 Demand: 238
	Edge: 696 <--> 697 	 Freq: 28.0 	 Demand: 340
	Edge: 1299 <--> 1300 	 Freq: 28.0 	 Demand: 1122
	Edge: 199 <--> 200 	 Freq: 28.0 	 Demand: 560
	Edge: 323 <--> 443 	 Freq: 28.0 	 Demand: 560
	Edge: 667 <--> 668 	 Freq: 28.0 	 Demand: 2618
	Edge: 1121 <--> 1122 	 Freq: 28.0 	 Demand: 1122
	Edge: 1124 <--> 1125 	 Freq: 28.0 	 Demand: 1122
	Edge: 902 <--> 903 	 Freq: 28.0 	 Demand: 654
	Edge: 835 <--> 1180 	 Freq: 28.0 	 Demand: 654
	Edge: 1674 <--> 1675 	 Freq: 28.0 	 Demand: 560
	Edge: 645 <--> 646 	 Freq: 28.0 	 Demand: 560
	Edge: 257 <--> 598 	 Freq: 28.0 	 Demand: 560
	Edge: 824 <--> 838 	 Freq: 28.0 	 Demand: 654
	Edge: 349 <--> 350 	 Freq: 28.0 	 Demand: 118
	Edge: 543 <--> 478 	 Freq: 28.0 	 Demand: 204
	Edge: 509 <--> 1100 	 Freq: 28.0 	 Demand: 560
	Edge: 970 <--> 1160 	 Freq: 28.0 	 Demand: 238
	Edge: 1634 <--> 1635 	 Freq: 28.0 	 Demand: 1122
	Edge: 1720 <--> 1369 	 Freq: 28.0 	 Demand: 560
	Edge: 800 <--> 801 	 Freq: 28.0 	 Demand: 356
	Edge: 190 <--> 802 	 Freq: 28.0 	 Demand: 560
	Edge: 860 <--> 1038 	 Freq: 28.0 	 Demand: 1122
	Edge: 1038 <--> 1159 	 Freq: 28.0 	 Demand: 1002
	Edge: 1363 <--> 1348 	 Freq: 28.0 	 Demand: 560
	Edge: 1017 <--> 337 	 Freq: 28.0 	 Demand: 654

	Routes:

	Route: 1
	Route length (6022.0) and demand (9202)
	Edge: 835 <--> 1180 	 Freq: 28.0 	 Demand: 654
	Edge: 836 <--> 837 	 Freq: 28.0 	 Demand: 2244
	Edge: 860 <--> 1038 	 Freq: 28.0 	 Demand: 1122
	Edge: 970 <--> 1160 	 Freq: 28.0 	 Demand: 238
	Edge: 971 <--> 1048 	 Freq: 28.0 	 Demand: 1334
	Edge: 1038 <--> 1159 	 Freq: 28.0 	 Demand: 1002
	Edge: 859 <--> 1018 	 Freq: 28.0 	 Demand: 1954
	Edge: 824 <--> 838 	 Freq: 28.0 	 Demand: 654
	Route: 2
	Route length (9270.0) and demand (11258)
	Edge: 831 <--> 832 	 Freq: 28.0 	 Demand: 1308
	Edge: 536 <--> 738 	 Freq: 28.0 	 Demand: 1308
	Edge: 1153 <--> 1154 	 Freq: 28.0 	 Demand: 1308
	Edge: 52 <--> 39 	 Freq: 28.0 	 Demand: 3970
	Edge: 745 <--> 1172 	 Freq: 28.0 	 Demand: 2804
	Edge: 691 <--> 746 	 Freq: 28.0 	 Demand: 560
	Route: 3
	Route length (44570.0) and demand (9784)
	Edge: 570 <--> 571 	 Freq: 28.0 	 Demand: 408
	Edge: 696 <--> 697 	 Freq: 28.0 	 Demand: 340
	Edge: 643 <--> 644 	 Freq: 28.0 	 Demand: 714
	Edge: 1302 <--> 1303 	 Freq: 28.0 	 Demand: 560
	Edge: 1674 <--> 1675 	 Freq: 28.0 	 Demand: 560
	Edge: 1299 <--> 1300 	 Freq: 28.0 	 Demand: 1122
	Edge: 1306 <--> 1307 	 Freq: 28.0 	 Demand: 1682
	Edge: 1204 <--> 1205 	 Freq: 28.0 	 Demand: 238
	Edge: 1720 <--> 1369 	 Freq: 28.0 	 Demand: 560
	Edge: 1472 <--> 1291 	 Freq: 28.0 	 Demand: 238
	Edge: 1290 <--> 1289 	 Freq: 28.0 	 Demand: 560
	Edge: 1363 <--> 1348 	 Freq: 28.0 	 Demand: 560
	Edge: 1278 <--> 1279 	 Freq: 28.0 	 Demand: 560
	Edge: 1634 <--> 1635 	 Freq: 28.0 	 Demand: 1122
	Edge: 1243 <--> 1244 	 Freq: 28.0 	 Demand: 560
	Route: 4
	Route length (23616.0) and demand (11774)
	Edge: 996 <--> 997 	 Freq: 28.0 	 Demand: 1308
	Edge: 308 <--> 445 	 Freq: 28.0 	 Demand: 560
	Edge: 323 <--> 443 	 Freq: 28.0 	 Demand: 560
	Edge: 220 <--> 320 	 Freq: 28.0 	 Demand: 560
	Edge: 1146 <--> 1147 	 Freq: 28.0 	 Demand: 1682
	Edge: 257 <--> 598 	 Freq: 28.0 	 Demand: 560
	Edge: 1124 <--> 1125 	 Freq: 28.0 	 Demand: 1122
	Edge: 667 <--> 668 	 Freq: 28.0 	 Demand: 2618
	Edge: 1120 <--> 115 	 Freq: 28.0 	 Demand: 1122
	Edge: 304 <--> 305 	 Freq: 28.0 	 Demand: 560
	Edge: 1121 <--> 1122 	 Freq: 28.0 	 Demand: 1122
	Route: 5
	Route length (66265.0) and demand (10748)
	Edge: 1017 <--> 337 	 Freq: 28.0 	 Demand: 654
	Edge: 45 <--> 46 	 Freq: 28.0 	 Demand: 654
	Edge: 1028 <--> 1026 	 Freq: 28.0 	 Demand: 118
	Edge: 861 <--> 862 	 Freq: 28.0 	 Demand: 204
	Edge: 543 <--> 478 	 Freq: 28.0 	 Demand: 204
	Edge: 645 <--> 646 	 Freq: 28.0 	 Demand: 560
	Edge: 349 <--> 350 	 Freq: 28.0 	 Demand: 118
	Edge: 578 <--> 579 	 Freq: 28.0 	 Demand: 560
	Edge: 172 <--> 848 	 Freq: 28.0 	 Demand: 1682
	Edge: 199 <--> 200 	 Freq: 28.0 	 Demand: 560
	Edge: 190 <--> 802 	 Freq: 28.0 	 Demand: 560
	Edge: 280 <--> 1094 	 Freq: 28.0 	 Demand: 560
	Edge: 1094 <--> 1095 	 Freq: 28.0 	 Demand: 560
	Edge: 509 <--> 1100 	 Freq: 28.0 	 Demand: 560
	Edge: 978 <--> 979 	 Freq: 28.0 	 Demand: 1122
	Edge: 800 <--> 801 	 Freq: 28.0 	 Demand: 356
	Edge: 1113 <--> 1114 	 Freq: 28.0 	 Demand: 408
	Edge: 902 <--> 903 	 Freq: 28.0 	 Demand: 654
	Edge: 188 <--> 1061 	 Freq: 28.0 	 Demand: 654

Day 4, number of edges 73, number of routes 5

	Edges:

	Edge: 596 <--> 718 	 Freq: 28.0 	 Demand: 1122
	Edge: 661 <--> 1158 	 Freq: 28.0 	 Demand: 340
	Edge: 717 <--> 595 	 Freq: 28.0 	 Demand: 764
	Edge: 399 <--> 400 	 Freq: 28.0 	 Demand: 560
	Edge: 752 <--> 1171 	 Freq: 28.0 	 Demand: 764
	Edge: 196 <--> 615 	 Freq: 28.0 	 Demand: 560
	Edge: 1240 <--> 1241 	 Freq: 28.0 	 Demand: 764
	Edge: 1472 <--> 1660 	 Freq: 28.0 	 Demand: 1122
	Edge: 1362 <--> 1714 	 Freq: 28.0 	 Demand: 560
	Edge: 803 <--> 804 	 Freq: 28.0 	 Demand: 204
	Edge: 774 <--> 783 	 Freq: 28.0 	 Demand: 560
	Edge: 1644 <--> 1645 	 Freq: 28.0 	 Demand: 408
	Edge: 1715 <--> 1716 	 Freq: 28.0 	 Demand: 764
	Edge: 1162 <--> 533 	 Freq: 28.0 	 Demand: 1428
	Edge: 709 <--> 711 	 Freq: 28.0 	 Demand: 1216
	Edge: 637 <--> 638 	 Freq: 28.0 	 Demand: 1122
	Edge: 55 <--> 1139 	 Freq: 28.0 	 Demand: 748
	Edge: 806 <--> 1092 	 Freq: 28.0 	 Demand: 560
	Edge: 1076 <--> 1077 	 Freq: 28.0 	 Demand: 1682
	Edge: 1322 <--> 1323 	 Freq: 28.0 	 Demand: 1122
	Edge: 145 <--> 286 	 Freq: 28.0 	 Demand: 3696
	Edge: 746 <--> 491 	 Freq: 28.0 	 Demand: 654
	Edge: 835 <--> 836 	 Freq: 28.0 	 Demand: 322
	Edge: 693 <--> 861 	 Freq: 28.0 	 Demand: 1122
	Edge: 479 <--> 693 	 Freq: 28.0 	 Demand: 526
	Edge: 948 <--> 949 	 Freq: 28.0 	 Demand: 654
	Edge: 1334 <--> 1672 	 Freq: 28.0 	 Demand: 560
	Edge: 445 <--> 446 	 Freq: 28.0 	 Demand: 798
	Edge: 619 <--> 620 	 Freq: 28.0 	 Demand: 1122
	Edge: 1608 <--> 1609 	 Freq: 28.0 	 Demand: 118
	Edge: 1716 <--> 1697 	 Freq: 28.0 	 Demand: 798
	Edge: 1088 <--> 1082 	 Freq: 28.0 	 Demand: 680
	Edge: 1670 <--> 1345 	 Freq: 28.0 	 Demand: 204
	Edge: 617 <--> 618 	 Freq: 28.0 	 Demand: 1122
	Edge: 1709 <--> 1721 	 Freq: 28.0 	 Demand: 356
	Edge: 1208 <--> 1498 	 Freq: 28.0 	 Demand: 1122
	Edge: 1168 <--> 1169 	 Freq: 28.0 	 Demand: 118
	Edge: 639 <--> 640 	 Freq: 28.0 	 Demand: 1122
	Edge: 1189 <--> 1466 	 Freq: 28.0 	 Demand: 1682
	Edge: 1051 <--> 1052 	 Freq: 28.0 	 Demand: 340
	Edge: 559 <--> 560 	 Freq: 28.0 	 Demand: 118
	Edge: 139 <--> 140 	 Freq: 28.0 	 Demand: 2244
	Edge: 1254 <--> 1255 	 Freq: 28.0 	 Demand: 204
	Edge: 690 <--> 692 	 Freq: 28.0 	 Demand: 1122
	Edge: 1230 <--> 1231 	 Freq: 28.0 	 Demand: 560
	Edge: 1424 <--> 1722 	 Freq: 28.0 	 Demand: 204
	Edge: 1139 <--> 1046 	 Freq: 28.0 	 Demand: 118
	Edge: 58 <--> 59 	 Freq: 28.0 	 Demand: 118
	Edge: 1345 <--> 1290 	 Freq: 28.0 	 Demand: 680
	Edge: 1426 <--> 1425 	 Freq: 28.0 	 Demand: 118
	Edge: 197 <--> 198 	 Freq: 28.0 	 Demand: 560
	Edge: 20 <--> 1049 	 Freq: 28.0 	 Demand: 560
	Edge: 660 <--> 661 	 Freq: 28.0 	 Demand: 654
	Edge: 803 <--> 1103 	 Freq: 28.0 	 Demand: 340
	Edge: 837 <--> 859 	 Freq: 28.0 	 Demand: 1682
	Edge: 535 <--> 1165 	 Freq: 28.0 	 Demand: 560
	Edge: 270 <--> 401 	 Freq: 28.0 	 Demand: 764
	Edge: 765 <--> 559 	 Freq: 28.0 	 Demand: 118
	Edge: 1698 <--> 1710 	 Freq: 28.0 	 Demand: 204
	Edge: 313 <--> 219 	 Freq: 28.0 	 Demand: 340
	Edge: 734 <--> 735 	 Freq: 28.0 	 Demand: 2244
	Edge: 1552 <--> 1363 	 Freq: 28.0 	 Demand: 1036
	Edge: 557 <--> 558 	 Freq: 28.0 	 Demand: 118
	Edge: 54 <--> 55 	 Freq: 28.0 	 Demand: 118
	Edge: 1400 <--> 1401 	 Freq: 28.0 	 Demand: 560
	Edge: 60 <--> 61 	 Freq: 28.0 	 Demand: 1216
	Edge: 1249 <--> 1666 	 Freq: 28.0 	 Demand: 118
	Edge: 541 <--> 542 	 Freq: 28.0 	 Demand: 1326
	Edge: 111 <--> 158 	 Freq: 28.0 	 Demand: 560
	Edge: 140 <--> 295 	 Freq: 28.0 	 Demand: 1122
	Edge: 1733 <--> 1351 	 Freq: 28.0 	 Demand: 1122
	Edge: 1155 <--> 1151 	 Freq: 28.0 	 Demand: 612
	Edge: 511 <--> 924 	 Freq: 28.0 	 Demand: 654

	Routes:

	Route: 1
	Route length (71447.0) and demand (11798)
	Edge: 1162 <--> 533 	 Freq: 28.0 	 Demand: 1428
	Edge: 1334 <--> 1672 	 Freq: 28.0 	 Demand: 560
	Edge: 1322 <--> 1323 	 Freq: 28.0 	 Demand: 1122
	Edge: 1716 <--> 1697 	 Freq: 28.0 	 Demand: 798
	Edge: 1715 <--> 1716 	 Freq: 28.0 	 Demand: 764
	Edge: 1362 <--> 1714 	 Freq: 28.0 	 Demand: 560
	Edge: 774 <--> 783 	 Freq: 28.0 	 Demand: 560
	Edge: 1168 <--> 1169 	 Freq: 28.0 	 Demand: 118
	Edge: 1076 <--> 1077 	 Freq: 28.0 	 Demand: 1682
	Edge: 709 <--> 711 	 Freq: 28.0 	 Demand: 1216
	Edge: 1051 <--> 1052 	 Freq: 28.0 	 Demand: 340
	Edge: 270 <--> 401 	 Freq: 28.0 	 Demand: 764
	Edge: 596 <--> 718 	 Freq: 28.0 	 Demand: 1122
	Edge: 717 <--> 595 	 Freq: 28.0 	 Demand: 764
	Route: 2
	Route length (12646.0) and demand (12000)
	Edge: 835 <--> 836 	 Freq: 28.0 	 Demand: 322
	Edge: 837 <--> 859 	 Freq: 28.0 	 Demand: 1682
	Edge: 541 <--> 542 	 Freq: 28.0 	 Demand: 1326
	Edge: 693 <--> 861 	 Freq: 28.0 	 Demand: 1122
	Edge: 479 <--> 693 	 Freq: 28.0 	 Demand: 526
	Edge: 557 <--> 558 	 Freq: 28.0 	 Demand: 118
	Edge: 752 <--> 1171 	 Freq: 28.0 	 Demand: 764
	Edge: 765 <--> 559 	 Freq: 28.0 	 Demand: 118
	Edge: 559 <--> 560 	 Freq: 28.0 	 Demand: 118
	Edge: 1139 <--> 1046 	 Freq: 28.0 	 Demand: 118
	Edge: 55 <--> 1139 	 Freq: 28.0 	 Demand: 748
	Edge: 54 <--> 55 	 Freq: 28.0 	 Demand: 118
	Edge: 734 <--> 735 	 Freq: 28.0 	 Demand: 2244
	Edge: 535 <--> 1165 	 Freq: 28.0 	 Demand: 560
	Edge: 660 <--> 661 	 Freq: 28.0 	 Demand: 654
	Edge: 661 <--> 1158 	 Freq: 28.0 	 Demand: 340
	Edge: 637 <--> 638 	 Freq: 28.0 	 Demand: 1122
	Route: 3
	Route length (19927.0) and demand (8760)
	Edge: 111 <--> 158 	 Freq: 28.0 	 Demand: 560
	Edge: 139 <--> 140 	 Freq: 28.0 	 Demand: 2244
	Edge: 140 <--> 295 	 Freq: 28.0 	 Demand: 1122
	Edge: 145 <--> 286 	 Freq: 28.0 	 Demand: 3696
	Edge: 313 <--> 219 	 Freq: 28.0 	 Demand: 340
	Edge: 445 <--> 446 	 Freq: 28.0 	 Demand: 798
	Route: 4
	Route length (43230.0) and demand (11086)
	Edge: 746 <--> 491 	 Freq: 28.0 	 Demand: 654
	Edge: 690 <--> 692 	 Freq: 28.0 	 Demand: 1122
	Edge: 1155 <--> 1151 	 Freq: 28.0 	 Demand: 612
	Edge: 20 <--> 1049 	 Freq: 28.0 	 Demand: 560
	Edge: 511 <--> 924 	 Freq: 28.0 	 Demand: 654
	Edge: 803 <--> 1103 	 Freq: 28.0 	 Demand: 340
	Edge: 948 <--> 949 	 Freq: 28.0 	 Demand: 654
	Edge: 806 <--> 1092 	 Freq: 28.0 	 Demand: 560
	Edge: 803 <--> 804 	 Freq: 28.0 	 Demand: 204
	Edge: 1088 <--> 1082 	 Freq: 28.0 	 Demand: 680
	Edge: 619 <--> 620 	 Freq: 28.0 	 Demand: 1122
	Edge: 399 <--> 400 	 Freq: 28.0 	 Demand: 560
	Edge: 617 <--> 618 	 Freq: 28.0 	 Demand: 1122
	Edge: 196 <--> 615 	 Freq: 28.0 	 Demand: 560
	Edge: 197 <--> 198 	 Freq: 28.0 	 Demand: 560
	Edge: 639 <--> 640 	 Freq: 28.0 	 Demand: 1122
	Route: 5
	Route length (68544.0) and demand (11916)
	Edge: 60 <--> 61 	 Freq: 28.0 	 Demand: 1216
	Edge: 58 <--> 59 	 Freq: 28.0 	 Demand: 118
	Edge: 1424 <--> 1722 	 Freq: 28.0 	 Demand: 204
	Edge: 1240 <--> 1241 	 Freq: 28.0 	 Demand: 764
	Edge: 1709 <--> 1721 	 Freq: 28.0 	 Demand: 356
	Edge: 1254 <--> 1255 	 Freq: 28.0 	 Demand: 204
	Edge: 1472 <--> 1660 	 Freq: 28.0 	 Demand: 1122
	Edge: 1345 <--> 1290 	 Freq: 28.0 	 Demand: 680
	Edge: 1670 <--> 1345 	 Freq: 28.0 	 Demand: 204
	Edge: 1552 <--> 1363 	 Freq: 28.0 	 Demand: 1036
	Edge: 1189 <--> 1466 	 Freq: 28.0 	 Demand: 1682
	Edge: 1644 <--> 1645 	 Freq: 28.0 	 Demand: 408
	Edge: 1208 <--> 1498 	 Freq: 28.0 	 Demand: 1122
	Edge: 1733 <--> 1351 	 Freq: 28.0 	 Demand: 1122
	Edge: 1249 <--> 1666 	 Freq: 28.0 	 Demand: 118
	Edge: 1698 <--> 1710 	 Freq: 28.0 	 Demand: 204
	Edge: 1230 <--> 1231 	 Freq: 28.0 	 Demand: 560
	Edge: 1426 <--> 1425 	 Freq: 28.0 	 Demand: 118
	Edge: 1608 <--> 1609 	 Freq: 28.0 	 Demand: 118
	Edge: 1400 <--> 1401 	 Freq: 28.0 	 Demand: 560

Day 5, number of edges 0, number of routes 0

	Edges:


	Routes:


Day 6, number of edges 0, number of routes 0

	Edges:


	Routes:


Day 7, number of edges 53, number of routes 5

	Edges:

	Edge: 535 <--> 823 	 Freq: 28.0 	 Demand: 560
	Edge: 766 <--> 484 	 Freq: 28.0 	 Demand: 1122
	Edge: 1727 <--> 1728 	 Freq: 28.0 	 Demand: 654
	Edge: 155 <--> 1127 	 Freq: 28.0 	 Demand: 408
	Edge: 1715 <--> 1713 	 Freq: 28.0 	 Demand: 560
	Edge: 1720 <--> 1287 	 Freq: 28.0 	 Demand: 764
	Edge: 807 <--> 594 	 Freq: 28.0 	 Demand: 238
	Edge: 1264 <--> 1263 	 Freq: 28.0 	 Demand: 1122
	Edge: 1636 <--> 1637 	 Freq: 28.0 	 Demand: 560
	Edge: 1553 <--> 1642 	 Freq: 28.0 	 Demand: 560
	Edge: 1724 <--> 1725 	 Freq: 28.0 	 Demand: 1682
	Edge: 1183 <--> 1184 	 Freq: 28.0 	 Demand: 1598
	Edge: 1185 <--> 1186 	 Freq: 28.0 	 Demand: 560
	Edge: 1663 <--> 1664 	 Freq: 28.0 	 Demand: 3926
	Edge: 1467 <--> 1715 	 Freq: 28.0 	 Demand: 238
	Edge: 1350 <--> 1679 	 Freq: 28.0 	 Demand: 3366
	Edge: 362 <--> 231 	 Freq: 28.0 	 Demand: 1428
	Edge: 683 <--> 684 	 Freq: 28.0 	 Demand: 654
	Edge: 1650 <--> 1511 	 Freq: 28.0 	 Demand: 560
	Edge: 1187 <--> 1188 	 Freq: 28.0 	 Demand: 3926
	Edge: 767 <--> 1175 	 Freq: 28.0 	 Demand: 1682
	Edge: 1553 <--> 1214 	 Freq: 28.0 	 Demand: 1682
	Edge: 1347 <--> 1464 	 Freq: 28.0 	 Demand: 356
	Edge: 1681 <--> 1693 	 Freq: 28.0 	 Demand: 1122
	Edge: 1310 <--> 1717 	 Freq: 28.0 	 Demand: 2804
	Edge: 741 <--> 742 	 Freq: 28.0 	 Demand: 322
	Edge: 1662 <--> 1663 	 Freq: 28.0 	 Demand: 1122
	Edge: 153 <--> 1 	 Freq: 28.0 	 Demand: 560
	Edge: 111 <--> 112 	 Freq: 28.0 	 Demand: 2244
	Edge: 1473 <--> 1474 	 Freq: 28.0 	 Demand: 1326
	Edge: 1552 <--> 1344 	 Freq: 28.0 	 Demand: 4216
	Edge: 1048 <--> 754 	 Freq: 28.0 	 Demand: 1216
	Edge: 1325 <--> 1326 	 Freq: 28.0 	 Demand: 204
	Edge: 849 <--> 850 	 Freq: 28.0 	 Demand: 1682
	Edge: 841 <--> 994 	 Freq: 28.0 	 Demand: 476
	Edge: 1289 <--> 1268 	 Freq: 28.0 	 Demand: 118
	Edge: 219 <--> 220 	 Freq: 28.0 	 Demand: 560
	Edge: 1268 <--> 1269 	 Freq: 28.0 	 Demand: 238
	Edge: 1637 <--> 1266 	 Freq: 28.0 	 Demand: 560
	Edge: 306 <--> 308 	 Freq: 28.0 	 Demand: 238
	Edge: 1547 <--> 1734 	 Freq: 28.0 	 Demand: 118
	Edge: 1713 <--> 1342 	 Freq: 28.0 	 Demand: 1122
	Edge: 1288 <--> 1383 	 Freq: 28.0 	 Demand: 408
	Edge: 231 <--> 153 	 Freq: 28.0 	 Demand: 356
	Edge: 530 <--> 531 	 Freq: 28.0 	 Demand: 118
	Edge: 1319 <--> 1320 	 Freq: 28.0 	 Demand: 2244
	Edge: 1157 <--> 659 	 Freq: 28.0 	 Demand: 204
	Edge: 1084 <--> 468 	 Freq: 28.0 	 Demand: 560
	Edge: 641 <--> 642 	 Freq: 28.0 	 Demand: 560
	Edge: 192 <--> 815 	 Freq: 28.0 	 Demand: 560
	Edge: 1214 <--> 1215 	 Freq: 28.0 	 Demand: 1682
	Edge: 1159 <--> 970 	 Freq: 28.0 	 Demand: 118
	Edge: 1202 <--> 1203 	 Freq: 28.0 	 Demand: 560

	Routes:

	Route: 1
	Route length (37311.0) and demand (8942)
	Edge: 535 <--> 823 	 Freq: 28.0 	 Demand: 560
	Edge: 1048 <--> 754 	 Freq: 28.0 	 Demand: 1216
	Edge: 741 <--> 742 	 Freq: 28.0 	 Demand: 322
	Edge: 767 <--> 1175 	 Freq: 28.0 	 Demand: 1682
	Edge: 766 <--> 484 	 Freq: 28.0 	 Demand: 1122
	Edge: 1159 <--> 970 	 Freq: 28.0 	 Demand: 118
	Edge: 1157 <--> 659 	 Freq: 28.0 	 Demand: 204
	Edge: 530 <--> 531 	 Freq: 28.0 	 Demand: 118
	Edge: 849 <--> 850 	 Freq: 28.0 	 Demand: 1682
	Edge: 1084 <--> 468 	 Freq: 28.0 	 Demand: 560
	Edge: 641 <--> 642 	 Freq: 28.0 	 Demand: 560
	Edge: 807 <--> 594 	 Freq: 28.0 	 Demand: 238
	Edge: 192 <--> 815 	 Freq: 28.0 	 Demand: 560
	Route: 2
	Route length (38551.0) and demand (11096)
	Edge: 1319 <--> 1320 	 Freq: 28.0 	 Demand: 2244
	Edge: 1310 <--> 1717 	 Freq: 28.0 	 Demand: 2804
	Edge: 1553 <--> 1642 	 Freq: 28.0 	 Demand: 560
	Edge: 1553 <--> 1214 	 Freq: 28.0 	 Demand: 1682
	Edge: 1214 <--> 1215 	 Freq: 28.0 	 Demand: 1682
	Edge: 1713 <--> 1342 	 Freq: 28.0 	 Demand: 1122
	Edge: 1467 <--> 1715 	 Freq: 28.0 	 Demand: 238
	Edge: 1715 <--> 1713 	 Freq: 28.0 	 Demand: 560
	Edge: 1325 <--> 1326 	 Freq: 28.0 	 Demand: 204
	Route: 3
	Route length (51106.0) and demand (11972)
	Edge: 1663 <--> 1664 	 Freq: 28.0 	 Demand: 3926
	Edge: 1662 <--> 1663 	 Freq: 28.0 	 Demand: 1122
	Edge: 683 <--> 684 	 Freq: 28.0 	 Demand: 654
	Edge: 841 <--> 994 	 Freq: 28.0 	 Demand: 476
	Edge: 306 <--> 308 	 Freq: 28.0 	 Demand: 238
	Edge: 219 <--> 220 	 Freq: 28.0 	 Demand: 560
	Edge: 153 <--> 1 	 Freq: 28.0 	 Demand: 560
	Edge: 155 <--> 1127 	 Freq: 28.0 	 Demand: 408
	Edge: 362 <--> 231 	 Freq: 28.0 	 Demand: 1428
	Edge: 231 <--> 153 	 Freq: 28.0 	 Demand: 356
	Edge: 111 <--> 112 	 Freq: 28.0 	 Demand: 2244
	Route: 4
	Route length (39207.0) and demand (11982)
	Edge: 1552 <--> 1344 	 Freq: 28.0 	 Demand: 4216
	Edge: 1183 <--> 1184 	 Freq: 28.0 	 Demand: 1598
	Edge: 1473 <--> 1474 	 Freq: 28.0 	 Demand: 1326
	Edge: 1289 <--> 1268 	 Freq: 28.0 	 Demand: 118
	Edge: 1268 <--> 1269 	 Freq: 28.0 	 Demand: 238
	Edge: 1187 <--> 1188 	 Freq: 28.0 	 Demand: 3926
	Edge: 1202 <--> 1203 	 Freq: 28.0 	 Demand: 560
	Route: 5
	Route length (61739.0) and demand (11832)
	Edge: 1347 <--> 1464 	 Freq: 28.0 	 Demand: 356
	Edge: 1185 <--> 1186 	 Freq: 28.0 	 Demand: 560
	Edge: 1288 <--> 1383 	 Freq: 28.0 	 Demand: 408
	Edge: 1720 <--> 1287 	 Freq: 28.0 	 Demand: 764
	Edge: 1636 <--> 1637 	 Freq: 28.0 	 Demand: 560
	Edge: 1637 <--> 1266 	 Freq: 28.0 	 Demand: 560
	Edge: 1264 <--> 1263 	 Freq: 28.0 	 Demand: 1122
	Edge: 1350 <--> 1679 	 Freq: 28.0 	 Demand: 3366
	Edge: 1724 <--> 1725 	 Freq: 28.0 	 Demand: 1682
	Edge: 1547 <--> 1734 	 Freq: 28.0 	 Demand: 118
	Edge: 1681 <--> 1693 	 Freq: 28.0 	 Demand: 1122
	Edge: 1650 <--> 1511 	 Freq: 28.0 	 Demand: 560
	Edge: 1727 <--> 1728 	 Freq: 28.0 	 Demand: 654

Day 8, number of edges 54, number of routes 6

	Edges:

	Edge: 657 <--> 654 	 Freq: 28.0 	 Demand: 1308
	Edge: 381 <--> 382 	 Freq: 28.0 	 Demand: 118
	Edge: 551 <--> 542 	 Freq: 28.0 	 Demand: 654
	Edge: 471 <--> 472 	 Freq: 28.0 	 Demand: 560
	Edge: 1326 <--> 1217 	 Freq: 28.0 	 Demand: 560
	Edge: 388 <--> 863 	 Freq: 28.0 	 Demand: 560
	Edge: 1107 <--> 976 	 Freq: 28.0 	 Demand: 118
	Edge: 834 <--> 1015 	 Freq: 28.0 	 Demand: 1308
	Edge: 1321 <--> 1362 	 Freq: 28.0 	 Demand: 1648
	Edge: 429 <--> 430 	 Freq: 28.0 	 Demand: 560
	Edge: 930 <--> 931 	 Freq: 28.0 	 Demand: 204
	Edge: 1505 <--> 1507 	 Freq: 28.0 	 Demand: 118
	Edge: 1320 <--> 1321 	 Freq: 28.0 	 Demand: 3734
	Edge: 550 <--> 551 	 Freq: 28.0 	 Demand: 3578
	Edge: 1218 <--> 1219 	 Freq: 28.0 	 Demand: 2244
	Edge: 820 <--> 821 	 Freq: 28.0 	 Demand: 1308
	Edge: 625 <--> 381 	 Freq: 28.0 	 Demand: 204
	Edge: 1495 <--> 1692 	 Freq: 28.0 	 Demand: 118
	Edge: 50 <--> 51 	 Freq: 28.0 	 Demand: 3986
	Edge: 1224 <--> 1225 	 Freq: 28.0 	 Demand: 1122
	Edge: 1341 <--> 1301 	 Freq: 28.0 	 Demand: 1122
	Edge: 1173 <--> 1024 	 Freq: 28.0 	 Demand: 322
	Edge: 1362 <--> 1292 	 Freq: 28.0 	 Demand: 3110
	Edge: 929 <--> 932 	 Freq: 28.0 	 Demand: 560
	Edge: 1167 <--> 823 	 Freq: 28.0 	 Demand: 1394
	Edge: 1025 <--> 1033 	 Freq: 28.0 	 Demand: 654
	Edge: 1159 <--> 991 	 Freq: 28.0 	 Demand: 2066
	Edge: 1285 <--> 1286 	 Freq: 28.0 	 Demand: 560
	Edge: 1021 <--> 819 	 Freq: 28.0 	 Demand: 654
	Edge: 1132 <--> 249 	 Freq: 28.0 	 Demand: 560
	Edge: 754 <--> 755 	 Freq: 28.0 	 Demand: 2210
	Edge: 1238 <--> 1239 	 Freq: 28.0 	 Demand: 1122
	Edge: 781 <--> 817 	 Freq: 28.0 	 Demand: 118
	Edge: 156 <--> 157 	 Freq: 28.0 	 Demand: 476
	Edge: 1065 <--> 1066 	 Freq: 28.0 	 Demand: 560
	Edge: 308 <--> 309 	 Freq: 28.0 	 Demand: 2244
	Edge: 1200 <--> 1201 	 Freq: 28.0 	 Demand: 764
	Edge: 320 <--> 321 	 Freq: 28.0 	 Demand: 560
	Edge: 1389 <--> 1590 	 Freq: 28.0 	 Demand: 408
	Edge: 1013 <--> 1014 	 Freq: 28.0 	 Demand: 204
	Edge: 39 <--> 40 	 Freq: 28.0 	 Demand: 3548
	Edge: 1673 <--> 1674 	 Freq: 28.0 	 Demand: 3926
	Edge: 1148 <--> 1027 	 Freq: 28.0 	 Demand: 118
	Edge: 995 <--> 268 	 Freq: 28.0 	 Demand: 238
	Edge: 1331 <--> 1332 	 Freq: 28.0 	 Demand: 118
	Edge: 53 <--> 1045 	 Freq: 28.0 	 Demand: 118
	Edge: 1652 <--> 1423 	 Freq: 28.0 	 Demand: 204
	Edge: 1723 <--> 1726 	 Freq: 28.0 	 Demand: 356
	Edge: 137 <--> 296 	 Freq: 28.0 	 Demand: 816
	Edge: 1510 <--> 1487 	 Freq: 28.0 	 Demand: 560
	Edge: 755 <--> 756 	 Freq: 28.0 	 Demand: 2040
	Edge: 826 <--> 1167 	 Freq: 28.0 	 Demand: 118
	Edge: 654 <--> 655 	 Freq: 28.0 	 Demand: 654
	Edge: 1214 <--> 1202 	 Freq: 28.0 	 Demand: 476

	Routes:

	Route: 1
	Route length (62780.0) and demand (10704)
	Edge: 1389 <--> 1590 	 Freq: 28.0 	 Demand: 408
	Edge: 1495 <--> 1692 	 Freq: 28.0 	 Demand: 118
	Edge: 1200 <--> 1201 	 Freq: 28.0 	 Demand: 764
	Edge: 1510 <--> 1487 	 Freq: 28.0 	 Demand: 560
	Edge: 1331 <--> 1332 	 Freq: 28.0 	 Demand: 118
	Edge: 1505 <--> 1507 	 Freq: 28.0 	 Demand: 118
	Edge: 1652 <--> 1423 	 Freq: 28.0 	 Demand: 204
	Edge: 1238 <--> 1239 	 Freq: 28.0 	 Demand: 1122
	Edge: 1218 <--> 1219 	 Freq: 28.0 	 Demand: 2244
	Edge: 1673 <--> 1674 	 Freq: 28.0 	 Demand: 3926
	Edge: 1341 <--> 1301 	 Freq: 28.0 	 Demand: 1122
	Route: 2
	Route length (8301.0) and demand (11126)
	Edge: 1173 <--> 1024 	 Freq: 28.0 	 Demand: 322
	Edge: 657 <--> 654 	 Freq: 28.0 	 Demand: 1308
	Edge: 654 <--> 655 	 Freq: 28.0 	 Demand: 654
	Edge: 50 <--> 51 	 Freq: 28.0 	 Demand: 3986
	Edge: 39 <--> 40 	 Freq: 28.0 	 Demand: 3548
	Edge: 834 <--> 1015 	 Freq: 28.0 	 Demand: 1308
	Route: 3
	Route length (2833.0) and demand (1962)
	Edge: 1021 <--> 819 	 Freq: 28.0 	 Demand: 654
	Edge: 820 <--> 821 	 Freq: 28.0 	 Demand: 1308
	Route: 4
	Route length (38889.0) and demand (11566)
	Edge: 1224 <--> 1225 	 Freq: 28.0 	 Demand: 1122
	Edge: 1326 <--> 1217 	 Freq: 28.0 	 Demand: 560
	Edge: 1320 <--> 1321 	 Freq: 28.0 	 Demand: 3734
	Edge: 1321 <--> 1362 	 Freq: 28.0 	 Demand: 1648
	Edge: 1362 <--> 1292 	 Freq: 28.0 	 Demand: 3110
	Edge: 1214 <--> 1202 	 Freq: 28.0 	 Demand: 476
	Edge: 1285 <--> 1286 	 Freq: 28.0 	 Demand: 560
	Edge: 1723 <--> 1726 	 Freq: 28.0 	 Demand: 356
	Route: 5
	Route length (6841.0) and demand (10666)
	Edge: 1159 <--> 991 	 Freq: 28.0 	 Demand: 2066
	Edge: 754 <--> 755 	 Freq: 28.0 	 Demand: 2210
	Edge: 551 <--> 542 	 Freq: 28.0 	 Demand: 654
	Edge: 1148 <--> 1027 	 Freq: 28.0 	 Demand: 118
	Edge: 550 <--> 551 	 Freq: 28.0 	 Demand: 3578
	Edge: 755 <--> 756 	 Freq: 28.0 	 Demand: 2040
	Route: 6
	Route length (71415.0) and demand (10944)
	Edge: 995 <--> 268 	 Freq: 28.0 	 Demand: 238
	Edge: 308 <--> 309 	 Freq: 28.0 	 Demand: 2244
	Edge: 320 <--> 321 	 Freq: 28.0 	 Demand: 560
	Edge: 156 <--> 157 	 Freq: 28.0 	 Demand: 476
	Edge: 1132 <--> 249 	 Freq: 28.0 	 Demand: 560
	Edge: 429 <--> 430 	 Freq: 28.0 	 Demand: 560
	Edge: 137 <--> 296 	 Freq: 28.0 	 Demand: 816
	Edge: 471 <--> 472 	 Freq: 28.0 	 Demand: 560
	Edge: 929 <--> 932 	 Freq: 28.0 	 Demand: 560
	Edge: 930 <--> 931 	 Freq: 28.0 	 Demand: 204
	Edge: 1107 <--> 976 	 Freq: 28.0 	 Demand: 118
	Edge: 625 <--> 381 	 Freq: 28.0 	 Demand: 204
	Edge: 381 <--> 382 	 Freq: 28.0 	 Demand: 118
	Edge: 388 <--> 863 	 Freq: 28.0 	 Demand: 560
	Edge: 1065 <--> 1066 	 Freq: 28.0 	 Demand: 560
	Edge: 1013 <--> 1014 	 Freq: 28.0 	 Demand: 204
	Edge: 781 <--> 817 	 Freq: 28.0 	 Demand: 118
	Edge: 53 <--> 1045 	 Freq: 28.0 	 Demand: 118
	Edge: 1025 <--> 1033 	 Freq: 28.0 	 Demand: 654
	Edge: 826 <--> 1167 	 Freq: 28.0 	 Demand: 118
	Edge: 1167 <--> 823 	 Freq: 28.0 	 Demand: 1394

Day 9, number of edges 27, number of routes 3

	Edges:

	Edge: 1022 <--> 764 	 Freq: 28.0 	 Demand: 118
	Edge: 736 <--> 737 	 Freq: 28.0 	 Demand: 1308
	Edge: 1222 <--> 1223 	 Freq: 28.0 	 Demand: 560
	Edge: 757 <--> 758 	 Freq: 28.0 	 Demand: 1682
	Edge: 437 <--> 438 	 Freq: 28.0 	 Demand: 1122
	Edge: 749 <--> 372 	 Freq: 28.0 	 Demand: 858
	Edge: 1270 <--> 1470 	 Freq: 28.0 	 Demand: 560
	Edge: 726 <--> 727 	 Freq: 28.0 	 Demand: 118
	Edge: 1536 <--> 1262 	 Freq: 28.0 	 Demand: 3366
	Edge: 1367 <--> 1644 	 Freq: 28.0 	 Demand: 654
	Edge: 1564 <--> 1227 	 Freq: 28.0 	 Demand: 1326
	Edge: 1530 <--> 1305 	 Freq: 28.0 	 Demand: 560
	Edge: 1708 <--> 1310 	 Freq: 28.0 	 Demand: 1122
	Edge: 991 <--> 989 	 Freq: 28.0 	 Demand: 560
	Edge: 656 <--> 748 	 Freq: 28.0 	 Demand: 2430
	Edge: 1206 <--> 1207 	 Freq: 28.0 	 Demand: 3514
	Edge: 1220 <--> 1221 	 Freq: 28.0 	 Demand: 1122
	Edge: 1265 <--> 1266 	 Freq: 28.0 	 Demand: 1598
	Edge: 376 <--> 751 	 Freq: 28.0 	 Demand: 3086
	Edge: 1033 <--> 1038 	 Freq: 28.0 	 Demand: 560
	Edge: 23 <--> 24 	 Freq: 28.0 	 Demand: 3638
	Edge: 847 <--> 843 	 Freq: 28.0 	 Demand: 714
	Edge: 727 <--> 728 	 Freq: 28.0 	 Demand: 340
	Edge: 1696 <--> 1460 	 Freq: 28.0 	 Demand: 560
	Edge: 1465 <--> 1348 	 Freq: 28.0 	 Demand: 1122
	Edge: 1348 <--> 1290 	 Freq: 28.0 	 Demand: 1444
	Edge: 1017 <--> 1181 	 Freq: 28.0 	 Demand: 654

	Routes:

	Route: 1
	Route length (60684.0) and demand (11454)
	Edge: 1222 <--> 1223 	 Freq: 28.0 	 Demand: 560
	Edge: 1220 <--> 1221 	 Freq: 28.0 	 Demand: 1122
	Edge: 1564 <--> 1227 	 Freq: 28.0 	 Demand: 1326
	Edge: 1530 <--> 1305 	 Freq: 28.0 	 Demand: 560
	Edge: 1348 <--> 1290 	 Freq: 28.0 	 Demand: 1444
	Edge: 1465 <--> 1348 	 Freq: 28.0 	 Demand: 1122
	Edge: 757 <--> 758 	 Freq: 28.0 	 Demand: 1682
	Edge: 23 <--> 24 	 Freq: 28.0 	 Demand: 3638
	Route: 2
	Route length (39906.0) and demand (11868)
	Edge: 1033 <--> 1038 	 Freq: 28.0 	 Demand: 560
	Edge: 991 <--> 989 	 Freq: 28.0 	 Demand: 560
	Edge: 1017 <--> 1181 	 Freq: 28.0 	 Demand: 654
	Edge: 376 <--> 751 	 Freq: 28.0 	 Demand: 3086
	Edge: 656 <--> 748 	 Freq: 28.0 	 Demand: 2430
	Edge: 749 <--> 372 	 Freq: 28.0 	 Demand: 858
	Edge: 1022 <--> 764 	 Freq: 28.0 	 Demand: 118
	Edge: 736 <--> 737 	 Freq: 28.0 	 Demand: 1308
	Edge: 726 <--> 727 	 Freq: 28.0 	 Demand: 118
	Edge: 727 <--> 728 	 Freq: 28.0 	 Demand: 340
	Edge: 437 <--> 438 	 Freq: 28.0 	 Demand: 1122
	Edge: 847 <--> 843 	 Freq: 28.0 	 Demand: 714
	Route: 3
	Route length (41110.0) and demand (11374)
	Edge: 1696 <--> 1460 	 Freq: 28.0 	 Demand: 560
	Edge: 1708 <--> 1310 	 Freq: 28.0 	 Demand: 1122
	Edge: 1367 <--> 1644 	 Freq: 28.0 	 Demand: 654
	Edge: 1206 <--> 1207 	 Freq: 28.0 	 Demand: 3514
	Edge: 1265 <--> 1266 	 Freq: 28.0 	 Demand: 1598
	Edge: 1536 <--> 1262 	 Freq: 28.0 	 Demand: 3366
	Edge: 1270 <--> 1470 	 Freq: 28.0 	 Demand: 560

Day 10, number of edges 6, number of routes 1

	Edges:

	Edge: 37 <--> 38 	 Freq: 28.0 	 Demand: 1546
	Edge: 29 <--> 62 	 Freq: 28.0 	 Demand: 2618
	Edge: 1174 <--> 35 	 Freq: 28.0 	 Demand: 408
	Edge: 28 <--> 761 	 Freq: 28.0 	 Demand: 3692
	Edge: 534 <--> 535 	 Freq: 28.0 	 Demand: 654
	Edge: 24 <--> 25 	 Freq: 28.0 	 Demand: 560

	Routes:

	Route: 1
	Route length (8489.0) and demand (9478)
	Edge: 24 <--> 25 	 Freq: 28.0 	 Demand: 560
	Edge: 1174 <--> 35 	 Freq: 28.0 	 Demand: 408
	Edge: 534 <--> 535 	 Freq: 28.0 	 Demand: 654
	Edge: 37 <--> 38 	 Freq: 28.0 	 Demand: 1546
	Edge: 28 <--> 761 	 Freq: 28.0 	 Demand: 3692
	Edge: 29 <--> 62 	 Freq: 28.0 	 Demand: 2618

Day 11, number of edges 58, number of routes 6

	Edges:

	Edge: 1329 <--> 1330 	 Freq: 28.0 	 Demand: 3926
	Edge: 907 <--> 908 	 Freq: 28.0 	 Demand: 1122
	Edge: 319 <--> 318 	 Freq: 28.0 	 Demand: 118
	Edge: 462 <--> 513 	 Freq: 28.0 	 Demand: 560
	Edge: 1550 <--> 1551 	 Freq: 28.0 	 Demand: 1122
	Edge: 993 <--> 842 	 Freq: 28.0 	 Demand: 118
	Edge: 678 <--> 677 	 Freq: 28.0 	 Demand: 560
	Edge: 132 <--> 133 	 Freq: 28.0 	 Demand: 1666
	Edge: 404 <--> 405 	 Freq: 28.0 	 Demand: 560
	Edge: 685 <--> 686 	 Freq: 28.0 	 Demand: 2618
	Edge: 961 <--> 962 	 Freq: 28.0 	 Demand: 1122
	Edge: 715 <--> 716 	 Freq: 28.0 	 Demand: 1326
	Edge: 808 <--> 809 	 Freq: 28.0 	 Demand: 3694
	Edge: 1474 <--> 1475 	 Freq: 28.0 	 Demand: 2244
	Edge: 1476 <--> 1499 	 Freq: 28.0 	 Demand: 1682
	Edge: 1669 <--> 1212 	 Freq: 28.0 	 Demand: 204
	Edge: 8 <--> 1023 	 Freq: 28.0 	 Demand: 654
	Edge: 464 <--> 465 	 Freq: 28.0 	 Demand: 560
	Edge: 561 <--> 562 	 Freq: 28.0 	 Demand: 560
	Edge: 680 <--> 681 	 Freq: 28.0 	 Demand: 654
	Edge: 1280 <--> 1281 	 Freq: 28.0 	 Demand: 1682
	Edge: 1661 <--> 1346 	 Freq: 28.0 	 Demand: 1530
	Edge: 43 <--> 44 	 Freq: 28.0 	 Demand: 1122
	Edge: 960 <--> 961 	 Freq: 28.0 	 Demand: 1122
	Edge: 110 <--> 1096 	 Freq: 28.0 	 Demand: 560
	Edge: 470 <--> 250 	 Freq: 28.0 	 Demand: 204
	Edge: 1152 <--> 771 	 Freq: 28.0 	 Demand: 654
	Edge: 487 <--> 488 	 Freq: 28.0 	 Demand: 2618
	Edge: 1360 <--> 1708 	 Freq: 28.0 	 Demand: 118
	Edge: 565 <--> 566 	 Freq: 28.0 	 Demand: 1682
	Edge: 48 <--> 49 	 Freq: 28.0 	 Demand: 2618
	Edge: 747 <--> 482 	 Freq: 28.0 	 Demand: 1122
	Edge: 1531 <--> 1532 	 Freq: 28.0 	 Demand: 1122
	Edge: 1456 <--> 1448 	 Freq: 28.0 	 Demand: 1122
	Edge: 482 <--> 483 	 Freq: 28.0 	 Demand: 1870
	Edge: 838 <--> 839 	 Freq: 28.0 	 Demand: 560
	Edge: 1469 <--> 1482 	 Freq: 28.0 	 Demand: 3624
	Edge: 1600 <--> 1395 	 Freq: 28.0 	 Demand: 204
	Edge: 318 <--> 1118 	 Freq: 28.0 	 Demand: 118
	Edge: 1346 <--> 1347 	 Freq: 28.0 	 Demand: 118
	Edge: 938 <--> 939 	 Freq: 28.0 	 Demand: 560
	Edge: 597 <--> 107 	 Freq: 28.0 	 Demand: 204
	Edge: 839 <--> 1018 	 Freq: 28.0 	 Demand: 118
	Edge: 699 <--> 700 	 Freq: 28.0 	 Demand: 118
	Edge: 582 <--> 581 	 Freq: 28.0 	 Demand: 118
	Edge: 592 <--> 593 	 Freq: 28.0 	 Demand: 560
	Edge: 1667 <--> 1668 	 Freq: 28.0 	 Demand: 560
	Edge: 1023 <--> 1022 	 Freq: 28.0 	 Demand: 408
	Edge: 109 <--> 938 	 Freq: 28.0 	 Demand: 560
	Edge: 1478 <--> 1479 	 Freq: 28.0 	 Demand: 1682
	Edge: 662 <--> 663 	 Freq: 28.0 	 Demand: 560
	Edge: 904 <--> 905 	 Freq: 28.0 	 Demand: 560
	Edge: 826 <--> 835 	 Freq: 28.0 	 Demand: 1122
	Edge: 259 <--> 360 	 Freq: 28.0 	 Demand: 118
	Edge: 1151 <--> 1001 	 Freq: 28.0 	 Demand: 560
	Edge: 107 <--> 108 	 Freq: 28.0 	 Demand: 560
	Edge: 1732 <--> 1381 	 Freq: 28.0 	 Demand: 560
	Edge: 825 <--> 826 	 Freq: 28.0 	 Demand: 892

	Routes:

	Route: 1
	Route length (11443.0) and demand (11802)
	Edge: 838 <--> 839 	 Freq: 28.0 	 Demand: 560
	Edge: 839 <--> 1018 	 Freq: 28.0 	 Demand: 118
	Edge: 561 <--> 562 	 Freq: 28.0 	 Demand: 560
	Edge: 826 <--> 835 	 Freq: 28.0 	 Demand: 1122
	Edge: 482 <--> 483 	 Freq: 28.0 	 Demand: 1870
	Edge: 747 <--> 482 	 Freq: 28.0 	 Demand: 1122
	Edge: 1152 <--> 771 	 Freq: 28.0 	 Demand: 654
	Edge: 1151 <--> 1001 	 Freq: 28.0 	 Demand: 560
	Edge: 48 <--> 49 	 Freq: 28.0 	 Demand: 2618
	Edge: 487 <--> 488 	 Freq: 28.0 	 Demand: 2618
	Route: 2
	Route length (62940.0) and demand (11980)
	Edge: 1478 <--> 1479 	 Freq: 28.0 	 Demand: 1682
	Edge: 1280 <--> 1281 	 Freq: 28.0 	 Demand: 1682
	Edge: 1476 <--> 1499 	 Freq: 28.0 	 Demand: 1682
	Edge: 1474 <--> 1475 	 Freq: 28.0 	 Demand: 2244
	Edge: 1600 <--> 1395 	 Freq: 28.0 	 Demand: 204
	Edge: 1456 <--> 1448 	 Freq: 28.0 	 Demand: 1122
	Edge: 1550 <--> 1551 	 Freq: 28.0 	 Demand: 1122
	Edge: 565 <--> 566 	 Freq: 28.0 	 Demand: 1682
	Edge: 662 <--> 663 	 Freq: 28.0 	 Demand: 560
	Route: 3
	Route length (2635.0) and demand (3694)
	Edge: 808 <--> 809 	 Freq: 28.0 	 Demand: 3694
	Route: 4
	Route length (52931.0) and demand (9882)
	Edge: 404 <--> 405 	 Freq: 28.0 	 Demand: 560
	Edge: 462 <--> 513 	 Freq: 28.0 	 Demand: 560
	Edge: 464 <--> 465 	 Freq: 28.0 	 Demand: 560
	Edge: 907 <--> 908 	 Freq: 28.0 	 Demand: 1122
	Edge: 904 <--> 905 	 Freq: 28.0 	 Demand: 560
	Edge: 715 <--> 716 	 Freq: 28.0 	 Demand: 1326
	Edge: 582 <--> 581 	 Freq: 28.0 	 Demand: 118
	Edge: 699 <--> 700 	 Freq: 28.0 	 Demand: 118
	Edge: 107 <--> 108 	 Freq: 28.0 	 Demand: 560
	Edge: 592 <--> 593 	 Freq: 28.0 	 Demand: 560
	Edge: 597 <--> 107 	 Freq: 28.0 	 Demand: 204
	Edge: 109 <--> 938 	 Freq: 28.0 	 Demand: 560
	Edge: 938 <--> 939 	 Freq: 28.0 	 Demand: 560
	Edge: 110 <--> 1096 	 Freq: 28.0 	 Demand: 560
	Edge: 8 <--> 1023 	 Freq: 28.0 	 Demand: 654
	Edge: 1023 <--> 1022 	 Freq: 28.0 	 Demand: 408
	Edge: 825 <--> 826 	 Freq: 28.0 	 Demand: 892
	Route: 5
	Route length (44470.0) and demand (11762)
	Edge: 1732 <--> 1381 	 Freq: 28.0 	 Demand: 560
	Edge: 1360 <--> 1708 	 Freq: 28.0 	 Demand: 118
	Edge: 1669 <--> 1212 	 Freq: 28.0 	 Demand: 204
	Edge: 1667 <--> 1668 	 Freq: 28.0 	 Demand: 560
	Edge: 1531 <--> 1532 	 Freq: 28.0 	 Demand: 1122
	Edge: 1329 <--> 1330 	 Freq: 28.0 	 Demand: 3926
	Edge: 1469 <--> 1482 	 Freq: 28.0 	 Demand: 3624
	Edge: 1346 <--> 1347 	 Freq: 28.0 	 Demand: 118
	Edge: 1661 <--> 1346 	 Freq: 28.0 	 Demand: 1530
	Route: 6
	Route length (24777.0) and demand (9540)
	Edge: 680 <--> 681 	 Freq: 28.0 	 Demand: 654
	Edge: 993 <--> 842 	 Freq: 28.0 	 Demand: 118
	Edge: 132 <--> 133 	 Freq: 28.0 	 Demand: 1666
	Edge: 470 <--> 250 	 Freq: 28.0 	 Demand: 204
	Edge: 961 <--> 962 	 Freq: 28.0 	 Demand: 1122
	Edge: 960 <--> 961 	 Freq: 28.0 	 Demand: 1122
	Edge: 259 <--> 360 	 Freq: 28.0 	 Demand: 118
	Edge: 319 <--> 318 	 Freq: 28.0 	 Demand: 118
	Edge: 318 <--> 1118 	 Freq: 28.0 	 Demand: 118
	Edge: 678 <--> 677 	 Freq: 28.0 	 Demand: 560
	Edge: 43 <--> 44 	 Freq: 28.0 	 Demand: 1122
	Edge: 685 <--> 686 	 Freq: 28.0 	 Demand: 2618

Day 12, number of edges 0, number of routes 0

	Edges:


	Routes:


Day 13, number of edges 0, number of routes 0

	Edges:


	Routes:


Day 14, number of edges 0, number of routes 0

	Edges:


	Routes:


Day 15, number of edges 0, number of routes 0

	Edges:


	Routes:


Day 16, number of edges 0, number of routes 0

	Edges:


	Routes:


Day 17, number of edges 4, number of routes 1

	Edges:

	Edge: 480 <--> 481 	 Freq: 28.0 	 Demand: 3926
	Edge: 1467 <--> 1715 	 Freq: 28.0 	 Demand: 238
	Edge: 153 <--> 1 	 Freq: 28.0 	 Demand: 560
	Edge: 841 <--> 994 	 Freq: 28.0 	 Demand: 476

	Routes:

	Route: 1
	Route length (49552.0) and demand (5200)
	Edge: 1467 <--> 1715 	 Freq: 28.0 	 Demand: 238
	Edge: 841 <--> 994 	 Freq: 28.0 	 Demand: 476
	Edge: 153 <--> 1 	 Freq: 28.0 	 Demand: 560
	Edge: 480 <--> 481 	 Freq: 28.0 	 Demand: 3926

Day 18, number of edges 2, number of routes 1

	Edges:

	Edge: 156 <--> 157 	 Freq: 28.0 	 Demand: 476
	Edge: 1723 <--> 1726 	 Freq: 28.0 	 Demand: 356

	Routes:

	Route: 1
	Route length (44362.0) and demand (832)
	Edge: 156 <--> 157 	 Freq: 28.0 	 Demand: 476
	Edge: 1723 <--> 1726 	 Freq: 28.0 	 Demand: 356

Day 19, number of edges 0, number of routes 0

	Edges:


	Routes:


Day 20, number of edges 0, number of routes 0

	Edges:


	Routes:


Day 21, number of edges 0, number of routes 0

	Edges:


	Routes:


Day 22, number of edges 0, number of routes 0

	Edges:


	Routes:


Day 23, number of edges 0, number of routes 0

	Edges:


	Routes:


Day 24, number of edges 3, number of routes 1

	Edges:

	Edge: 254 <--> 5 	 Freq: 28.0 	 Demand: 204
	Edge: 955 <--> 253 	 Freq: 28.0 	 Demand: 1122
	Edge: 310 <--> 136 	 Freq: 28.0 	 Demand: 1462

	Routes:

	Route: 1
	Route length (16460.0) and demand (2788)
	Edge: 310 <--> 136 	 Freq: 28.0 	 Demand: 1462
	Edge: 955 <--> 253 	 Freq: 28.0 	 Demand: 1122
	Edge: 254 <--> 5 	 Freq: 28.0 	 Demand: 204

Day 25, number of edges 13, number of routes 1

	Edges:

	Edge: 1278 <--> 1279 	 Freq: 28.0 	 Demand: 560
	Edge: 643 <--> 644 	 Freq: 28.0 	 Demand: 714
	Edge: 304 <--> 305 	 Freq: 28.0 	 Demand: 560
	Edge: 280 <--> 1094 	 Freq: 28.0 	 Demand: 560
	Edge: 1094 <--> 1095 	 Freq: 28.0 	 Demand: 560
	Edge: 1243 <--> 1244 	 Freq: 28.0 	 Demand: 560
	Edge: 570 <--> 571 	 Freq: 28.0 	 Demand: 408
	Edge: 696 <--> 697 	 Freq: 28.0 	 Demand: 340
	Edge: 199 <--> 200 	 Freq: 28.0 	 Demand: 560
	Edge: 509 <--> 1100 	 Freq: 28.0 	 Demand: 560
	Edge: 1634 <--> 1635 	 Freq: 28.0 	 Demand: 1122
	Edge: 823 <--> 824 	 Freq: 28.0 	 Demand: 798
	Edge: 45 <--> 46 	 Freq: 28.0 	 Demand: 654

	Routes:

	Route: 1
	Route length (80127.0) and demand (7956)
	Edge: 1243 <--> 1244 	 Freq: 28.0 	 Demand: 560
	Edge: 1634 <--> 1635 	 Freq: 28.0 	 Demand: 1122
	Edge: 1278 <--> 1279 	 Freq: 28.0 	 Demand: 560
	Edge: 643 <--> 644 	 Freq: 28.0 	 Demand: 714
	Edge: 696 <--> 697 	 Freq: 28.0 	 Demand: 340
	Edge: 570 <--> 571 	 Freq: 28.0 	 Demand: 408
	Edge: 304 <--> 305 	 Freq: 28.0 	 Demand: 560
	Edge: 823 <--> 824 	 Freq: 28.0 	 Demand: 798
	Edge: 45 <--> 46 	 Freq: 28.0 	 Demand: 654
	Edge: 199 <--> 200 	 Freq: 28.0 	 Demand: 560
	Edge: 280 <--> 1094 	 Freq: 28.0 	 Demand: 560
	Edge: 1094 <--> 1095 	 Freq: 28.0 	 Demand: 560
	Edge: 509 <--> 1100 	 Freq: 28.0 	 Demand: 560

Day 26, number of edges 0, number of routes 0

	Edges:


	Routes:


Day 27, number of edges 0, number of routes 0

	Edges:


	Routes:


Day 28, number of edges 73, number of routes 5

	Edges:

	Edge: 596 <--> 718 	 Freq: 28.0 	 Demand: 1122
	Edge: 661 <--> 1158 	 Freq: 28.0 	 Demand: 340
	Edge: 717 <--> 595 	 Freq: 28.0 	 Demand: 764
	Edge: 399 <--> 400 	 Freq: 28.0 	 Demand: 560
	Edge: 752 <--> 1171 	 Freq: 28.0 	 Demand: 764
	Edge: 196 <--> 615 	 Freq: 28.0 	 Demand: 560
	Edge: 1240 <--> 1241 	 Freq: 28.0 	 Demand: 764
	Edge: 1472 <--> 1660 	 Freq: 28.0 	 Demand: 1122
	Edge: 1362 <--> 1714 	 Freq: 28.0 	 Demand: 560
	Edge: 803 <--> 804 	 Freq: 28.0 	 Demand: 204
	Edge: 774 <--> 783 	 Freq: 28.0 	 Demand: 560
	Edge: 1644 <--> 1645 	 Freq: 28.0 	 Demand: 408
	Edge: 1715 <--> 1716 	 Freq: 28.0 	 Demand: 764
	Edge: 1162 <--> 533 	 Freq: 28.0 	 Demand: 1428
	Edge: 709 <--> 711 	 Freq: 28.0 	 Demand: 1216
	Edge: 637 <--> 638 	 Freq: 28.0 	 Demand: 1122
	Edge: 55 <--> 1139 	 Freq: 28.0 	 Demand: 748
	Edge: 806 <--> 1092 	 Freq: 28.0 	 Demand: 560
	Edge: 1076 <--> 1077 	 Freq: 28.0 	 Demand: 1682
	Edge: 1322 <--> 1323 	 Freq: 28.0 	 Demand: 1122
	Edge: 145 <--> 286 	 Freq: 28.0 	 Demand: 3696
	Edge: 746 <--> 491 	 Freq: 28.0 	 Demand: 654
	Edge: 835 <--> 836 	 Freq: 28.0 	 Demand: 322
	Edge: 693 <--> 861 	 Freq: 28.0 	 Demand: 1122
	Edge: 479 <--> 693 	 Freq: 28.0 	 Demand: 526
	Edge: 948 <--> 949 	 Freq: 28.0 	 Demand: 654
	Edge: 1334 <--> 1672 	 Freq: 28.0 	 Demand: 560
	Edge: 445 <--> 446 	 Freq: 28.0 	 Demand: 798
	Edge: 619 <--> 620 	 Freq: 28.0 	 Demand: 1122
	Edge: 1608 <--> 1609 	 Freq: 28.0 	 Demand: 118
	Edge: 1716 <--> 1697 	 Freq: 28.0 	 Demand: 798
	Edge: 1088 <--> 1082 	 Freq: 28.0 	 Demand: 680
	Edge: 1670 <--> 1345 	 Freq: 28.0 	 Demand: 204
	Edge: 617 <--> 618 	 Freq: 28.0 	 Demand: 1122
	Edge: 1709 <--> 1721 	 Freq: 28.0 	 Demand: 356
	Edge: 1208 <--> 1498 	 Freq: 28.0 	 Demand: 1122
	Edge: 1168 <--> 1169 	 Freq: 28.0 	 Demand: 118
	Edge: 639 <--> 640 	 Freq: 28.0 	 Demand: 1122
	Edge: 1189 <--> 1466 	 Freq: 28.0 	 Demand: 1682
	Edge: 1051 <--> 1052 	 Freq: 28.0 	 Demand: 340
	Edge: 559 <--> 560 	 Freq: 28.0 	 Demand: 118
	Edge: 139 <--> 140 	 Freq: 28.0 	 Demand: 2244
	Edge: 1254 <--> 1255 	 Freq: 28.0 	 Demand: 204
	Edge: 690 <--> 692 	 Freq: 28.0 	 Demand: 1122
	Edge: 1230 <--> 1231 	 Freq: 28.0 	 Demand: 560
	Edge: 1424 <--> 1722 	 Freq: 28.0 	 Demand: 204
	Edge: 1139 <--> 1046 	 Freq: 28.0 	 Demand: 118
	Edge: 58 <--> 59 	 Freq: 28.0 	 Demand: 118
	Edge: 1345 <--> 1290 	 Freq: 28.0 	 Demand: 680
	Edge: 1426 <--> 1425 	 Freq: 28.0 	 Demand: 118
	Edge: 197 <--> 198 	 Freq: 28.0 	 Demand: 560
	Edge: 20 <--> 1049 	 Freq: 28.0 	 Demand: 560
	Edge: 660 <--> 661 	 Freq: 28.0 	 Demand: 654
	Edge: 803 <--> 1103 	 Freq: 28.0 	 Demand: 340
	Edge: 837 <--> 859 	 Freq: 28.0 	 Demand: 1682
	Edge: 535 <--> 1165 	 Freq: 28.0 	 Demand: 560
	Edge: 270 <--> 401 	 Freq: 28.0 	 Demand: 764
	Edge: 765 <--> 559 	 Freq: 28.0 	 Demand: 118
	Edge: 1698 <--> 1710 	 Freq: 28.0 	 Demand: 204
	Edge: 313 <--> 219 	 Freq: 28.0 	 Demand: 340
	Edge: 734 <--> 735 	 Freq: 28.0 	 Demand: 2244
	Edge: 1552 <--> 1363 	 Freq: 28.0 	 Demand: 1036
	Edge: 557 <--> 558 	 Freq: 28.0 	 Demand: 118
	Edge: 54 <--> 55 	 Freq: 28.0 	 Demand: 118
	Edge: 1400 <--> 1401 	 Freq: 28.0 	 Demand: 560
	Edge: 60 <--> 61 	 Freq: 28.0 	 Demand: 1216
	Edge: 1249 <--> 1666 	 Freq: 28.0 	 Demand: 118
	Edge: 541 <--> 542 	 Freq: 28.0 	 Demand: 1326
	Edge: 111 <--> 158 	 Freq: 28.0 	 Demand: 560
	Edge: 140 <--> 295 	 Freq: 28.0 	 Demand: 1122
	Edge: 1733 <--> 1351 	 Freq: 28.0 	 Demand: 1122
	Edge: 1155 <--> 1151 	 Freq: 28.0 	 Demand: 612
	Edge: 511 <--> 924 	 Freq: 28.0 	 Demand: 654

	Routes:

	Route: 1
	Route length (71447.0) and demand (11798)
	Edge: 1162 <--> 533 	 Freq: 28.0 	 Demand: 1428
	Edge: 1334 <--> 1672 	 Freq: 28.0 	 Demand: 560
	Edge: 1322 <--> 1323 	 Freq: 28.0 	 Demand: 1122
	Edge: 1716 <--> 1697 	 Freq: 28.0 	 Demand: 798
	Edge: 1715 <--> 1716 	 Freq: 28.0 	 Demand: 764
	Edge: 1362 <--> 1714 	 Freq: 28.0 	 Demand: 560
	Edge: 774 <--> 783 	 Freq: 28.0 	 Demand: 560
	Edge: 1168 <--> 1169 	 Freq: 28.0 	 Demand: 118
	Edge: 717 <--> 595 	 Freq: 28.0 	 Demand: 764
	Edge: 596 <--> 718 	 Freq: 28.0 	 Demand: 1122
	Edge: 270 <--> 401 	 Freq: 28.0 	 Demand: 764
	Edge: 1051 <--> 1052 	 Freq: 28.0 	 Demand: 340
	Edge: 709 <--> 711 	 Freq: 28.0 	 Demand: 1216
	Edge: 1076 <--> 1077 	 Freq: 28.0 	 Demand: 1682
	Route: 2
	Route length (12646.0) and demand (12000)
	Edge: 835 <--> 836 	 Freq: 28.0 	 Demand: 322
	Edge: 837 <--> 859 	 Freq: 28.0 	 Demand: 1682
	Edge: 541 <--> 542 	 Freq: 28.0 	 Demand: 1326
	Edge: 479 <--> 693 	 Freq: 28.0 	 Demand: 526
	Edge: 693 <--> 861 	 Freq: 28.0 	 Demand: 1122
	Edge: 557 <--> 558 	 Freq: 28.0 	 Demand: 118
	Edge: 752 <--> 1171 	 Freq: 28.0 	 Demand: 764
	Edge: 765 <--> 559 	 Freq: 28.0 	 Demand: 118
	Edge: 559 <--> 560 	 Freq: 28.0 	 Demand: 118
	Edge: 1139 <--> 1046 	 Freq: 28.0 	 Demand: 118
	Edge: 55 <--> 1139 	 Freq: 28.0 	 Demand: 748
	Edge: 54 <--> 55 	 Freq: 28.0 	 Demand: 118
	Edge: 734 <--> 735 	 Freq: 28.0 	 Demand: 2244
	Edge: 535 <--> 1165 	 Freq: 28.0 	 Demand: 560
	Edge: 660 <--> 661 	 Freq: 28.0 	 Demand: 654
	Edge: 661 <--> 1158 	 Freq: 28.0 	 Demand: 340
	Edge: 637 <--> 638 	 Freq: 28.0 	 Demand: 1122
	Route: 3
	Route length (19927.0) and demand (8760)
	Edge: 111 <--> 158 	 Freq: 28.0 	 Demand: 560
	Edge: 139 <--> 140 	 Freq: 28.0 	 Demand: 2244
	Edge: 140 <--> 295 	 Freq: 28.0 	 Demand: 1122
	Edge: 145 <--> 286 	 Freq: 28.0 	 Demand: 3696
	Edge: 313 <--> 219 	 Freq: 28.0 	 Demand: 340
	Edge: 445 <--> 446 	 Freq: 28.0 	 Demand: 798
	Route: 4
	Route length (43086.0) and demand (11086)
	Edge: 746 <--> 491 	 Freq: 28.0 	 Demand: 654
	Edge: 690 <--> 692 	 Freq: 28.0 	 Demand: 1122
	Edge: 1155 <--> 1151 	 Freq: 28.0 	 Demand: 612
	Edge: 20 <--> 1049 	 Freq: 28.0 	 Demand: 560
	Edge: 511 <--> 924 	 Freq: 28.0 	 Demand: 654
	Edge: 948 <--> 949 	 Freq: 28.0 	 Demand: 654
	Edge: 806 <--> 1092 	 Freq: 28.0 	 Demand: 560
	Edge: 803 <--> 1103 	 Freq: 28.0 	 Demand: 340
	Edge: 803 <--> 804 	 Freq: 28.0 	 Demand: 204
	Edge: 1088 <--> 1082 	 Freq: 28.0 	 Demand: 680
	Edge: 619 <--> 620 	 Freq: 28.0 	 Demand: 1122
	Edge: 399 <--> 400 	 Freq: 28.0 	 Demand: 560
	Edge: 617 <--> 618 	 Freq: 28.0 	 Demand: 1122
	Edge: 196 <--> 615 	 Freq: 28.0 	 Demand: 560
	Edge: 197 <--> 198 	 Freq: 28.0 	 Demand: 560
	Edge: 639 <--> 640 	 Freq: 28.0 	 Demand: 1122
	Route: 5
	Route length (68544.0) and demand (11916)
	Edge: 60 <--> 61 	 Freq: 28.0 	 Demand: 1216
	Edge: 58 <--> 59 	 Freq: 28.0 	 Demand: 118
	Edge: 1424 <--> 1722 	 Freq: 28.0 	 Demand: 204
	Edge: 1240 <--> 1241 	 Freq: 28.0 	 Demand: 764
	Edge: 1709 <--> 1721 	 Freq: 28.0 	 Demand: 356
	Edge: 1254 <--> 1255 	 Freq: 28.0 	 Demand: 204
	Edge: 1472 <--> 1660 	 Freq: 28.0 	 Demand: 1122
	Edge: 1345 <--> 1290 	 Freq: 28.0 	 Demand: 680
	Edge: 1670 <--> 1345 	 Freq: 28.0 	 Demand: 204
	Edge: 1552 <--> 1363 	 Freq: 28.0 	 Demand: 1036
	Edge: 1189 <--> 1466 	 Freq: 28.0 	 Demand: 1682
	Edge: 1644 <--> 1645 	 Freq: 28.0 	 Demand: 408
	Edge: 1208 <--> 1498 	 Freq: 28.0 	 Demand: 1122
	Edge: 1733 <--> 1351 	 Freq: 28.0 	 Demand: 1122
	Edge: 1249 <--> 1666 	 Freq: 28.0 	 Demand: 118
	Edge: 1698 <--> 1710 	 Freq: 28.0 	 Demand: 204
	Edge: 1230 <--> 1231 	 Freq: 28.0 	 Demand: 560
	Edge: 1426 <--> 1425 	 Freq: 28.0 	 Demand: 118
	Edge: 1608 <--> 1609 	 Freq: 28.0 	 Demand: 118
	Edge: 1400 <--> 1401 	 Freq: 28.0 	 Demand: 560

Day 29, number of edges 53, number of routes 6

	Edges:

	Edge: 535 <--> 823 	 Freq: 28.0 	 Demand: 560
	Edge: 766 <--> 484 	 Freq: 28.0 	 Demand: 1122
	Edge: 1727 <--> 1728 	 Freq: 28.0 	 Demand: 654
	Edge: 155 <--> 1127 	 Freq: 28.0 	 Demand: 408
	Edge: 1715 <--> 1713 	 Freq: 28.0 	 Demand: 560
	Edge: 1720 <--> 1287 	 Freq: 28.0 	 Demand: 764
	Edge: 807 <--> 594 	 Freq: 28.0 	 Demand: 238
	Edge: 1264 <--> 1263 	 Freq: 28.0 	 Demand: 1122
	Edge: 1636 <--> 1637 	 Freq: 28.0 	 Demand: 560
	Edge: 1553 <--> 1642 	 Freq: 28.0 	 Demand: 560
	Edge: 1724 <--> 1725 	 Freq: 28.0 	 Demand: 1682
	Edge: 1183 <--> 1184 	 Freq: 28.0 	 Demand: 1598
	Edge: 1185 <--> 1186 	 Freq: 28.0 	 Demand: 560
	Edge: 1663 <--> 1664 	 Freq: 28.0 	 Demand: 3926
	Edge: 1350 <--> 1679 	 Freq: 28.0 	 Demand: 3366
	Edge: 1048 <--> 866 	 Freq: 28.0 	 Demand: 654
	Edge: 362 <--> 231 	 Freq: 28.0 	 Demand: 1428
	Edge: 683 <--> 684 	 Freq: 28.0 	 Demand: 654
	Edge: 1650 <--> 1511 	 Freq: 28.0 	 Demand: 560
	Edge: 1187 <--> 1188 	 Freq: 28.0 	 Demand: 3926
	Edge: 767 <--> 1175 	 Freq: 28.0 	 Demand: 1682
	Edge: 1553 <--> 1214 	 Freq: 28.0 	 Demand: 1682
	Edge: 1347 <--> 1464 	 Freq: 28.0 	 Demand: 356
	Edge: 1681 <--> 1693 	 Freq: 28.0 	 Demand: 1122
	Edge: 1310 <--> 1717 	 Freq: 28.0 	 Demand: 2804
	Edge: 494 <--> 664 	 Freq: 28.0 	 Demand: 4108
	Edge: 741 <--> 742 	 Freq: 28.0 	 Demand: 322
	Edge: 1662 <--> 1663 	 Freq: 28.0 	 Demand: 1122
	Edge: 1159 <--> 970 	 Freq: 28.0 	 Demand: 118
	Edge: 111 <--> 112 	 Freq: 28.0 	 Demand: 2244
	Edge: 1473 <--> 1474 	 Freq: 28.0 	 Demand: 1326
	Edge: 1552 <--> 1344 	 Freq: 28.0 	 Demand: 4216
	Edge: 1048 <--> 754 	 Freq: 28.0 	 Demand: 1216
	Edge: 1325 <--> 1326 	 Freq: 28.0 	 Demand: 204
	Edge: 849 <--> 850 	 Freq: 28.0 	 Demand: 1682
	Edge: 1289 <--> 1268 	 Freq: 28.0 	 Demand: 118
	Edge: 219 <--> 220 	 Freq: 28.0 	 Demand: 560
	Edge: 1268 <--> 1269 	 Freq: 28.0 	 Demand: 238
	Edge: 1637 <--> 1266 	 Freq: 28.0 	 Demand: 560
	Edge: 306 <--> 308 	 Freq: 28.0 	 Demand: 238
	Edge: 1547 <--> 1734 	 Freq: 28.0 	 Demand: 118
	Edge: 1713 <--> 1342 	 Freq: 28.0 	 Demand: 1122
	Edge: 1288 <--> 1383 	 Freq: 28.0 	 Demand: 408
	Edge: 231 <--> 153 	 Freq: 28.0 	 Demand: 356
	Edge: 530 <--> 531 	 Freq: 28.0 	 Demand: 118
	Edge: 1319 <--> 1320 	 Freq: 28.0 	 Demand: 2244
	Edge: 1157 <--> 659 	 Freq: 28.0 	 Demand: 204
	Edge: 1084 <--> 468 	 Freq: 28.0 	 Demand: 560
	Edge: 641 <--> 642 	 Freq: 28.0 	 Demand: 560
	Edge: 192 <--> 815 	 Freq: 28.0 	 Demand: 560
	Edge: 1019 <--> 860 	 Freq: 28.0 	 Demand: 560
	Edge: 1214 <--> 1215 	 Freq: 28.0 	 Demand: 1682
	Edge: 1202 <--> 1203 	 Freq: 28.0 	 Demand: 560

	Routes:

	Route: 1
	Route length (38362.0) and demand (5048)
	Edge: 1663 <--> 1664 	 Freq: 28.0 	 Demand: 3926
	Edge: 1662 <--> 1663 	 Freq: 28.0 	 Demand: 1122
	Route: 2
	Route length (38380.0) and demand (10858)
	Edge: 1325 <--> 1326 	 Freq: 28.0 	 Demand: 204
	Edge: 1715 <--> 1713 	 Freq: 28.0 	 Demand: 560
	Edge: 1713 <--> 1342 	 Freq: 28.0 	 Demand: 1122
	Edge: 1214 <--> 1215 	 Freq: 28.0 	 Demand: 1682
	Edge: 1553 <--> 1214 	 Freq: 28.0 	 Demand: 1682
	Edge: 1553 <--> 1642 	 Freq: 28.0 	 Demand: 560
	Edge: 1310 <--> 1717 	 Freq: 28.0 	 Demand: 2804
	Edge: 1319 <--> 1320 	 Freq: 28.0 	 Demand: 2244
	Route: 3
	Route length (38414.0) and demand (10156)
	Edge: 1048 <--> 754 	 Freq: 28.0 	 Demand: 1216
	Edge: 1048 <--> 866 	 Freq: 28.0 	 Demand: 654
	Edge: 741 <--> 742 	 Freq: 28.0 	 Demand: 322
	Edge: 767 <--> 1175 	 Freq: 28.0 	 Demand: 1682
	Edge: 766 <--> 484 	 Freq: 28.0 	 Demand: 1122
	Edge: 1019 <--> 860 	 Freq: 28.0 	 Demand: 560
	Edge: 1159 <--> 970 	 Freq: 28.0 	 Demand: 118
	Edge: 535 <--> 823 	 Freq: 28.0 	 Demand: 560
	Edge: 1157 <--> 659 	 Freq: 28.0 	 Demand: 204
	Edge: 530 <--> 531 	 Freq: 28.0 	 Demand: 118
	Edge: 849 <--> 850 	 Freq: 28.0 	 Demand: 1682
	Edge: 1084 <--> 468 	 Freq: 28.0 	 Demand: 560
	Edge: 641 <--> 642 	 Freq: 28.0 	 Demand: 560
	Edge: 807 <--> 594 	 Freq: 28.0 	 Demand: 238
	Edge: 192 <--> 815 	 Freq: 28.0 	 Demand: 560
	Route: 4
	Route length (17005.0) and demand (9996)
	Edge: 111 <--> 112 	 Freq: 28.0 	 Demand: 2244
	Edge: 231 <--> 153 	 Freq: 28.0 	 Demand: 356
	Edge: 362 <--> 231 	 Freq: 28.0 	 Demand: 1428
	Edge: 155 <--> 1127 	 Freq: 28.0 	 Demand: 408
	Edge: 219 <--> 220 	 Freq: 28.0 	 Demand: 560
	Edge: 306 <--> 308 	 Freq: 28.0 	 Demand: 238
	Edge: 683 <--> 684 	 Freq: 28.0 	 Demand: 654
	Edge: 494 <--> 664 	 Freq: 28.0 	 Demand: 4108
	Route: 5
	Route length (61739.0) and demand (11832)
	Edge: 1347 <--> 1464 	 Freq: 28.0 	 Demand: 356
	Edge: 1185 <--> 1186 	 Freq: 28.0 	 Demand: 560
	Edge: 1288 <--> 1383 	 Freq: 28.0 	 Demand: 408
	Edge: 1720 <--> 1287 	 Freq: 28.0 	 Demand: 764
	Edge: 1636 <--> 1637 	 Freq: 28.0 	 Demand: 560
	Edge: 1637 <--> 1266 	 Freq: 28.0 	 Demand: 560
	Edge: 1264 <--> 1263 	 Freq: 28.0 	 Demand: 1122
	Edge: 1350 <--> 1679 	 Freq: 28.0 	 Demand: 3366
	Edge: 1724 <--> 1725 	 Freq: 28.0 	 Demand: 1682
	Edge: 1547 <--> 1734 	 Freq: 28.0 	 Demand: 118
	Edge: 1681 <--> 1693 	 Freq: 28.0 	 Demand: 1122
	Edge: 1650 <--> 1511 	 Freq: 28.0 	 Demand: 560
	Edge: 1727 <--> 1728 	 Freq: 28.0 	 Demand: 654
	Route: 6
	Route length (39207.0) and demand (11982)
	Edge: 1552 <--> 1344 	 Freq: 28.0 	 Demand: 4216
	Edge: 1473 <--> 1474 	 Freq: 28.0 	 Demand: 1326
	Edge: 1183 <--> 1184 	 Freq: 28.0 	 Demand: 1598
	Edge: 1289 <--> 1268 	 Freq: 28.0 	 Demand: 118
	Edge: 1268 <--> 1269 	 Freq: 28.0 	 Demand: 238
	Edge: 1187 <--> 1188 	 Freq: 28.0 	 Demand: 3926
	Edge: 1202 <--> 1203 	 Freq: 28.0 	 Demand: 560

Day 30, number of edges 53, number of routes 6

	Edges:

	Edge: 657 <--> 654 	 Freq: 28.0 	 Demand: 1308
	Edge: 381 <--> 382 	 Freq: 28.0 	 Demand: 118
	Edge: 551 <--> 542 	 Freq: 28.0 	 Demand: 654
	Edge: 471 <--> 472 	 Freq: 28.0 	 Demand: 560
	Edge: 1326 <--> 1217 	 Freq: 28.0 	 Demand: 560
	Edge: 388 <--> 863 	 Freq: 28.0 	 Demand: 560
	Edge: 1107 <--> 976 	 Freq: 28.0 	 Demand: 118
	Edge: 834 <--> 1015 	 Freq: 28.0 	 Demand: 1308
	Edge: 1321 <--> 1362 	 Freq: 28.0 	 Demand: 1648
	Edge: 429 <--> 430 	 Freq: 28.0 	 Demand: 560
	Edge: 930 <--> 931 	 Freq: 28.0 	 Demand: 204
	Edge: 1505 <--> 1507 	 Freq: 28.0 	 Demand: 118
	Edge: 1320 <--> 1321 	 Freq: 28.0 	 Demand: 3734
	Edge: 550 <--> 551 	 Freq: 28.0 	 Demand: 3578
	Edge: 1218 <--> 1219 	 Freq: 28.0 	 Demand: 2244
	Edge: 820 <--> 821 	 Freq: 28.0 	 Demand: 1308
	Edge: 625 <--> 381 	 Freq: 28.0 	 Demand: 204
	Edge: 1495 <--> 1692 	 Freq: 28.0 	 Demand: 118
	Edge: 50 <--> 51 	 Freq: 28.0 	 Demand: 3986
	Edge: 1224 <--> 1225 	 Freq: 28.0 	 Demand: 1122
	Edge: 1341 <--> 1301 	 Freq: 28.0 	 Demand: 1122
	Edge: 1173 <--> 1024 	 Freq: 28.0 	 Demand: 322
	Edge: 1362 <--> 1292 	 Freq: 28.0 	 Demand: 3110
	Edge: 929 <--> 932 	 Freq: 28.0 	 Demand: 560
	Edge: 1167 <--> 823 	 Freq: 28.0 	 Demand: 1394
	Edge: 1025 <--> 1033 	 Freq: 28.0 	 Demand: 654
	Edge: 1159 <--> 991 	 Freq: 28.0 	 Demand: 2066
	Edge: 1285 <--> 1286 	 Freq: 28.0 	 Demand: 560
	Edge: 30 <--> 31 	 Freq: 28.0 	 Demand: 1122
	Edge: 1021 <--> 819 	 Freq: 28.0 	 Demand: 654
	Edge: 1132 <--> 249 	 Freq: 28.0 	 Demand: 560
	Edge: 754 <--> 755 	 Freq: 28.0 	 Demand: 2210
	Edge: 1238 <--> 1239 	 Freq: 28.0 	 Demand: 1122
	Edge: 781 <--> 817 	 Freq: 28.0 	 Demand: 118
	Edge: 1065 <--> 1066 	 Freq: 28.0 	 Demand: 560
	Edge: 308 <--> 309 	 Freq: 28.0 	 Demand: 2244
	Edge: 1200 <--> 1201 	 Freq: 28.0 	 Demand: 764
	Edge: 320 <--> 321 	 Freq: 28.0 	 Demand: 560
	Edge: 1389 <--> 1590 	 Freq: 28.0 	 Demand: 408
	Edge: 1013 <--> 1014 	 Freq: 28.0 	 Demand: 204
	Edge: 39 <--> 40 	 Freq: 28.0 	 Demand: 3548
	Edge: 1673 <--> 1674 	 Freq: 28.0 	 Demand: 3926
	Edge: 1148 <--> 1027 	 Freq: 28.0 	 Demand: 118
	Edge: 995 <--> 268 	 Freq: 28.0 	 Demand: 238
	Edge: 1331 <--> 1332 	 Freq: 28.0 	 Demand: 118
	Edge: 53 <--> 1045 	 Freq: 28.0 	 Demand: 118
	Edge: 1652 <--> 1423 	 Freq: 28.0 	 Demand: 204
	Edge: 137 <--> 296 	 Freq: 28.0 	 Demand: 816
	Edge: 1510 <--> 1487 	 Freq: 28.0 	 Demand: 560
	Edge: 755 <--> 756 	 Freq: 28.0 	 Demand: 2040
	Edge: 826 <--> 1167 	 Freq: 28.0 	 Demand: 118
	Edge: 654 <--> 655 	 Freq: 28.0 	 Demand: 654
	Edge: 1214 <--> 1202 	 Freq: 28.0 	 Demand: 476

	Routes:

	Route: 1
	Route length (63486.0) and demand (11740)
	Edge: 1389 <--> 1590 	 Freq: 28.0 	 Demand: 408
	Edge: 1495 <--> 1692 	 Freq: 28.0 	 Demand: 118
	Edge: 1200 <--> 1201 	 Freq: 28.0 	 Demand: 764
	Edge: 1510 <--> 1487 	 Freq: 28.0 	 Demand: 560
	Edge: 1331 <--> 1332 	 Freq: 28.0 	 Demand: 118
	Edge: 1505 <--> 1507 	 Freq: 28.0 	 Demand: 118
	Edge: 1652 <--> 1423 	 Freq: 28.0 	 Demand: 204
	Edge: 1238 <--> 1239 	 Freq: 28.0 	 Demand: 1122
	Edge: 1218 <--> 1219 	 Freq: 28.0 	 Demand: 2244
	Edge: 1673 <--> 1674 	 Freq: 28.0 	 Demand: 3926
	Edge: 1341 <--> 1301 	 Freq: 28.0 	 Demand: 1122
	Edge: 1214 <--> 1202 	 Freq: 28.0 	 Demand: 476
	Edge: 1285 <--> 1286 	 Freq: 28.0 	 Demand: 560
	Route: 2
	Route length (8301.0) and demand (11126)
	Edge: 1173 <--> 1024 	 Freq: 28.0 	 Demand: 322
	Edge: 657 <--> 654 	 Freq: 28.0 	 Demand: 1308
	Edge: 654 <--> 655 	 Freq: 28.0 	 Demand: 654
	Edge: 50 <--> 51 	 Freq: 28.0 	 Demand: 3986
	Edge: 39 <--> 40 	 Freq: 28.0 	 Demand: 3548
	Edge: 834 <--> 1015 	 Freq: 28.0 	 Demand: 1308
	Route: 3
	Route length (4501.0) and demand (3084)
	Edge: 30 <--> 31 	 Freq: 28.0 	 Demand: 1122
	Edge: 1021 <--> 819 	 Freq: 28.0 	 Demand: 654
	Edge: 820 <--> 821 	 Freq: 28.0 	 Demand: 1308
	Route: 4
	Route length (37523.0) and demand (10174)
	Edge: 1224 <--> 1225 	 Freq: 28.0 	 Demand: 1122
	Edge: 1326 <--> 1217 	 Freq: 28.0 	 Demand: 560
	Edge: 1320 <--> 1321 	 Freq: 28.0 	 Demand: 3734
	Edge: 1321 <--> 1362 	 Freq: 28.0 	 Demand: 1648
	Edge: 1362 <--> 1292 	 Freq: 28.0 	 Demand: 3110
	Route: 5
	Route length (6841.0) and demand (10666)
	Edge: 1159 <--> 991 	 Freq: 28.0 	 Demand: 2066
	Edge: 754 <--> 755 	 Freq: 28.0 	 Demand: 2210
	Edge: 551 <--> 542 	 Freq: 28.0 	 Demand: 654
	Edge: 1148 <--> 1027 	 Freq: 28.0 	 Demand: 118
	Edge: 550 <--> 551 	 Freq: 28.0 	 Demand: 3578
	Edge: 755 <--> 756 	 Freq: 28.0 	 Demand: 2040
	Route: 6
	Route length (71262.0) and demand (10468)
	Edge: 995 <--> 268 	 Freq: 28.0 	 Demand: 238
	Edge: 308 <--> 309 	 Freq: 28.0 	 Demand: 2244
	Edge: 320 <--> 321 	 Freq: 28.0 	 Demand: 560
	Edge: 1132 <--> 249 	 Freq: 28.0 	 Demand: 560
	Edge: 429 <--> 430 	 Freq: 28.0 	 Demand: 560
	Edge: 137 <--> 296 	 Freq: 28.0 	 Demand: 816
	Edge: 471 <--> 472 	 Freq: 28.0 	 Demand: 560
	Edge: 929 <--> 932 	 Freq: 28.0 	 Demand: 560
	Edge: 930 <--> 931 	 Freq: 28.0 	 Demand: 204
	Edge: 1107 <--> 976 	 Freq: 28.0 	 Demand: 118
	Edge: 625 <--> 381 	 Freq: 28.0 	 Demand: 204
	Edge: 381 <--> 382 	 Freq: 28.0 	 Demand: 118
	Edge: 388 <--> 863 	 Freq: 28.0 	 Demand: 560
	Edge: 1065 <--> 1066 	 Freq: 28.0 	 Demand: 560
	Edge: 1013 <--> 1014 	 Freq: 28.0 	 Demand: 204
	Edge: 781 <--> 817 	 Freq: 28.0 	 Demand: 118
	Edge: 53 <--> 1045 	 Freq: 28.0 	 Demand: 118
	Edge: 1025 <--> 1033 	 Freq: 28.0 	 Demand: 654
	Edge: 826 <--> 1167 	 Freq: 28.0 	 Demand: 118
	Edge: 1167 <--> 823 	 Freq: 28.0 	 Demand: 1394

Day 31, number of edges 25, number of routes 3

	Edges:

	Edge: 1022 <--> 764 	 Freq: 28.0 	 Demand: 118
	Edge: 1222 <--> 1223 	 Freq: 28.0 	 Demand: 560
	Edge: 437 <--> 438 	 Freq: 28.0 	 Demand: 1122
	Edge: 749 <--> 372 	 Freq: 28.0 	 Demand: 858
	Edge: 1270 <--> 1470 	 Freq: 28.0 	 Demand: 560
	Edge: 726 <--> 727 	 Freq: 28.0 	 Demand: 118
	Edge: 1536 <--> 1262 	 Freq: 28.0 	 Demand: 3366
	Edge: 1367 <--> 1644 	 Freq: 28.0 	 Demand: 654
	Edge: 1564 <--> 1227 	 Freq: 28.0 	 Demand: 1326
	Edge: 1530 <--> 1305 	 Freq: 28.0 	 Demand: 560
	Edge: 1708 <--> 1310 	 Freq: 28.0 	 Demand: 1122
	Edge: 991 <--> 989 	 Freq: 28.0 	 Demand: 560
	Edge: 656 <--> 748 	 Freq: 28.0 	 Demand: 2430
	Edge: 1206 <--> 1207 	 Freq: 28.0 	 Demand: 3514
	Edge: 1220 <--> 1221 	 Freq: 28.0 	 Demand: 1122
	Edge: 1265 <--> 1266 	 Freq: 28.0 	 Demand: 1598
	Edge: 376 <--> 751 	 Freq: 28.0 	 Demand: 3086
	Edge: 1033 <--> 1038 	 Freq: 28.0 	 Demand: 560
	Edge: 23 <--> 24 	 Freq: 28.0 	 Demand: 3638
	Edge: 847 <--> 843 	 Freq: 28.0 	 Demand: 714
	Edge: 727 <--> 728 	 Freq: 28.0 	 Demand: 340
	Edge: 1696 <--> 1460 	 Freq: 28.0 	 Demand: 560
	Edge: 1465 <--> 1348 	 Freq: 28.0 	 Demand: 1122
	Edge: 1348 <--> 1290 	 Freq: 28.0 	 Demand: 1444
	Edge: 1017 <--> 1181 	 Freq: 28.0 	 Demand: 654

	Routes:

	Route: 1
	Route length (86487.0) and demand (8428)
	Edge: 726 <--> 727 	 Freq: 28.0 	 Demand: 118
	Edge: 727 <--> 728 	 Freq: 28.0 	 Demand: 340
	Edge: 437 <--> 438 	 Freq: 28.0 	 Demand: 1122
	Edge: 847 <--> 843 	 Freq: 28.0 	 Demand: 714
	Edge: 1465 <--> 1348 	 Freq: 28.0 	 Demand: 1122
	Edge: 1348 <--> 1290 	 Freq: 28.0 	 Demand: 1444
	Edge: 1530 <--> 1305 	 Freq: 28.0 	 Demand: 560
	Edge: 1564 <--> 1227 	 Freq: 28.0 	 Demand: 1326
	Edge: 1220 <--> 1221 	 Freq: 28.0 	 Demand: 1122
	Edge: 1222 <--> 1223 	 Freq: 28.0 	 Demand: 560
	Route: 2
	Route length (9009.0) and demand (11904)
	Edge: 1033 <--> 1038 	 Freq: 28.0 	 Demand: 560
	Edge: 991 <--> 989 	 Freq: 28.0 	 Demand: 560
	Edge: 1017 <--> 1181 	 Freq: 28.0 	 Demand: 654
	Edge: 376 <--> 751 	 Freq: 28.0 	 Demand: 3086
	Edge: 656 <--> 748 	 Freq: 28.0 	 Demand: 2430
	Edge: 749 <--> 372 	 Freq: 28.0 	 Demand: 858
	Edge: 1022 <--> 764 	 Freq: 28.0 	 Demand: 118
	Edge: 23 <--> 24 	 Freq: 28.0 	 Demand: 3638
	Route: 3
	Route length (41110.0) and demand (11374)
	Edge: 1696 <--> 1460 	 Freq: 28.0 	 Demand: 560
	Edge: 1708 <--> 1310 	 Freq: 28.0 	 Demand: 1122
	Edge: 1367 <--> 1644 	 Freq: 28.0 	 Demand: 654
	Edge: 1206 <--> 1207 	 Freq: 28.0 	 Demand: 3514
	Edge: 1265 <--> 1266 	 Freq: 28.0 	 Demand: 1598
	Edge: 1536 <--> 1262 	 Freq: 28.0 	 Demand: 3366
	Edge: 1270 <--> 1470 	 Freq: 28.0 	 Demand: 560

Day 32, number of edges 15, number of routes 2

	Edges:

	Edge: 1324 <--> 1325 	 Freq: 28.0 	 Demand: 2244
	Edge: 477 <--> 490 	 Freq: 28.0 	 Demand: 1308
	Edge: 1480 <--> 1481 	 Freq: 28.0 	 Demand: 1122
	Edge: 485 <--> 486 	 Freq: 28.0 	 Demand: 1682
	Edge: 687 <--> 688 	 Freq: 28.0 	 Demand: 1308
	Edge: 1123 <--> 138 	 Freq: 28.0 	 Demand: 2244
	Edge: 476 <--> 489 	 Freq: 28.0 	 Demand: 1308
	Edge: 342 <--> 1064 	 Freq: 28.0 	 Demand: 1308
	Edge: 180 <--> 181 	 Freq: 28.0 	 Demand: 1308
	Edge: 762 <--> 763 	 Freq: 28.0 	 Demand: 560
	Edge: 859 <--> 1018 	 Freq: 28.0 	 Demand: 1954
	Edge: 1276 <--> 1277 	 Freq: 28.0 	 Demand: 764
	Edge: 21 <--> 22 	 Freq: 28.0 	 Demand: 654
	Edge: 572 <--> 573 	 Freq: 28.0 	 Demand: 654
	Edge: 112 <--> 116 	 Freq: 28.0 	 Demand: 1122

	Routes:

	Route: 1
	Route length (46067.0) and demand (11596)
	Edge: 476 <--> 489 	 Freq: 28.0 	 Demand: 1308
	Edge: 477 <--> 490 	 Freq: 28.0 	 Demand: 1308
	Edge: 859 <--> 1018 	 Freq: 28.0 	 Demand: 1954
	Edge: 485 <--> 486 	 Freq: 28.0 	 Demand: 1682
	Edge: 21 <--> 22 	 Freq: 28.0 	 Demand: 654
	Edge: 762 <--> 763 	 Freq: 28.0 	 Demand: 560
	Edge: 1324 <--> 1325 	 Freq: 28.0 	 Demand: 2244
	Edge: 1276 <--> 1277 	 Freq: 28.0 	 Demand: 764
	Edge: 1480 <--> 1481 	 Freq: 28.0 	 Demand: 1122
	Route: 2
	Route length (38891.0) and demand (7944)
	Edge: 342 <--> 1064 	 Freq: 28.0 	 Demand: 1308
	Edge: 180 <--> 181 	 Freq: 28.0 	 Demand: 1308
	Edge: 687 <--> 688 	 Freq: 28.0 	 Demand: 1308
	Edge: 112 <--> 116 	 Freq: 28.0 	 Demand: 1122
	Edge: 1123 <--> 138 	 Freq: 28.0 	 Demand: 2244
	Edge: 572 <--> 573 	 Freq: 28.0 	 Demand: 654

Day 33, number of edges 0, number of routes 0

	Edges:


	Routes:


Day 34, number of edges 0, number of routes 0

	Edges:


	Routes:


Day 35, number of edges 58, number of routes 6

	Edges:

	Edge: 1329 <--> 1330 	 Freq: 28.0 	 Demand: 3926
	Edge: 907 <--> 908 	 Freq: 28.0 	 Demand: 1122
	Edge: 319 <--> 318 	 Freq: 28.0 	 Demand: 118
	Edge: 462 <--> 513 	 Freq: 28.0 	 Demand: 560
	Edge: 1550 <--> 1551 	 Freq: 28.0 	 Demand: 1122
	Edge: 993 <--> 842 	 Freq: 28.0 	 Demand: 118
	Edge: 678 <--> 677 	 Freq: 28.0 	 Demand: 560
	Edge: 132 <--> 133 	 Freq: 28.0 	 Demand: 1666
	Edge: 404 <--> 405 	 Freq: 28.0 	 Demand: 560
	Edge: 685 <--> 686 	 Freq: 28.0 	 Demand: 2618
	Edge: 961 <--> 962 	 Freq: 28.0 	 Demand: 1122
	Edge: 715 <--> 716 	 Freq: 28.0 	 Demand: 1326
	Edge: 808 <--> 809 	 Freq: 28.0 	 Demand: 3694
	Edge: 1474 <--> 1475 	 Freq: 28.0 	 Demand: 2244
	Edge: 1476 <--> 1499 	 Freq: 28.0 	 Demand: 1682
	Edge: 1669 <--> 1212 	 Freq: 28.0 	 Demand: 204
	Edge: 8 <--> 1023 	 Freq: 28.0 	 Demand: 654
	Edge: 464 <--> 465 	 Freq: 28.0 	 Demand: 560
	Edge: 561 <--> 562 	 Freq: 28.0 	 Demand: 560
	Edge: 680 <--> 681 	 Freq: 28.0 	 Demand: 654
	Edge: 1280 <--> 1281 	 Freq: 28.0 	 Demand: 1682
	Edge: 1661 <--> 1346 	 Freq: 28.0 	 Demand: 1530
	Edge: 43 <--> 44 	 Freq: 28.0 	 Demand: 1122
	Edge: 960 <--> 961 	 Freq: 28.0 	 Demand: 1122
	Edge: 110 <--> 1096 	 Freq: 28.0 	 Demand: 560
	Edge: 470 <--> 250 	 Freq: 28.0 	 Demand: 204
	Edge: 1152 <--> 771 	 Freq: 28.0 	 Demand: 654
	Edge: 487 <--> 488 	 Freq: 28.0 	 Demand: 2618
	Edge: 1360 <--> 1708 	 Freq: 28.0 	 Demand: 118
	Edge: 565 <--> 566 	 Freq: 28.0 	 Demand: 1682
	Edge: 48 <--> 49 	 Freq: 28.0 	 Demand: 2618
	Edge: 747 <--> 482 	 Freq: 28.0 	 Demand: 1122
	Edge: 1531 <--> 1532 	 Freq: 28.0 	 Demand: 1122
	Edge: 1456 <--> 1448 	 Freq: 28.0 	 Demand: 1122
	Edge: 482 <--> 483 	 Freq: 28.0 	 Demand: 1870
	Edge: 838 <--> 839 	 Freq: 28.0 	 Demand: 560
	Edge: 1469 <--> 1482 	 Freq: 28.0 	 Demand: 3624
	Edge: 1600 <--> 1395 	 Freq: 28.0 	 Demand: 204
	Edge: 318 <--> 1118 	 Freq: 28.0 	 Demand: 118
	Edge: 1346 <--> 1347 	 Freq: 28.0 	 Demand: 118
	Edge: 938 <--> 939 	 Freq: 28.0 	 Demand: 560
	Edge: 597 <--> 107 	 Freq: 28.0 	 Demand: 204
	Edge: 839 <--> 1018 	 Freq: 28.0 	 Demand: 118
	Edge: 699 <--> 700 	 Freq: 28.0 	 Demand: 118
	Edge: 582 <--> 581 	 Freq: 28.0 	 Demand: 118
	Edge: 592 <--> 593 	 Freq: 28.0 	 Demand: 560
	Edge: 1667 <--> 1668 	 Freq: 28.0 	 Demand: 560
	Edge: 1023 <--> 1022 	 Freq: 28.0 	 Demand: 408
	Edge: 109 <--> 938 	 Freq: 28.0 	 Demand: 560
	Edge: 1478 <--> 1479 	 Freq: 28.0 	 Demand: 1682
	Edge: 662 <--> 663 	 Freq: 28.0 	 Demand: 560
	Edge: 904 <--> 905 	 Freq: 28.0 	 Demand: 560
	Edge: 826 <--> 835 	 Freq: 28.0 	 Demand: 1122
	Edge: 259 <--> 360 	 Freq: 28.0 	 Demand: 118
	Edge: 1151 <--> 1001 	 Freq: 28.0 	 Demand: 560
	Edge: 107 <--> 108 	 Freq: 28.0 	 Demand: 560
	Edge: 1732 <--> 1381 	 Freq: 28.0 	 Demand: 560
	Edge: 825 <--> 826 	 Freq: 28.0 	 Demand: 892

	Routes:

	Route: 1
	Route length (11443.0) and demand (11802)
	Edge: 838 <--> 839 	 Freq: 28.0 	 Demand: 560
	Edge: 839 <--> 1018 	 Freq: 28.0 	 Demand: 118
	Edge: 561 <--> 562 	 Freq: 28.0 	 Demand: 560
	Edge: 826 <--> 835 	 Freq: 28.0 	 Demand: 1122
	Edge: 482 <--> 483 	 Freq: 28.0 	 Demand: 1870
	Edge: 747 <--> 482 	 Freq: 28.0 	 Demand: 1122
	Edge: 1152 <--> 771 	 Freq: 28.0 	 Demand: 654
	Edge: 1151 <--> 1001 	 Freq: 28.0 	 Demand: 560
	Edge: 48 <--> 49 	 Freq: 28.0 	 Demand: 2618
	Edge: 487 <--> 488 	 Freq: 28.0 	 Demand: 2618
	Route: 2
	Route length (62940.0) and demand (11980)
	Edge: 1478 <--> 1479 	 Freq: 28.0 	 Demand: 1682
	Edge: 1280 <--> 1281 	 Freq: 28.0 	 Demand: 1682
	Edge: 1476 <--> 1499 	 Freq: 28.0 	 Demand: 1682
	Edge: 1474 <--> 1475 	 Freq: 28.0 	 Demand: 2244
	Edge: 1600 <--> 1395 	 Freq: 28.0 	 Demand: 204
	Edge: 1456 <--> 1448 	 Freq: 28.0 	 Demand: 1122
	Edge: 1550 <--> 1551 	 Freq: 28.0 	 Demand: 1122
	Edge: 565 <--> 566 	 Freq: 28.0 	 Demand: 1682
	Edge: 662 <--> 663 	 Freq: 28.0 	 Demand: 560
	Route: 3
	Route length (2635.0) and demand (3694)
	Edge: 808 <--> 809 	 Freq: 28.0 	 Demand: 3694
	Route: 4
	Route length (52931.0) and demand (9882)
	Edge: 404 <--> 405 	 Freq: 28.0 	 Demand: 560
	Edge: 462 <--> 513 	 Freq: 28.0 	 Demand: 560
	Edge: 464 <--> 465 	 Freq: 28.0 	 Demand: 560
	Edge: 907 <--> 908 	 Freq: 28.0 	 Demand: 1122
	Edge: 904 <--> 905 	 Freq: 28.0 	 Demand: 560
	Edge: 715 <--> 716 	 Freq: 28.0 	 Demand: 1326
	Edge: 582 <--> 581 	 Freq: 28.0 	 Demand: 118
	Edge: 699 <--> 700 	 Freq: 28.0 	 Demand: 118
	Edge: 107 <--> 108 	 Freq: 28.0 	 Demand: 560
	Edge: 592 <--> 593 	 Freq: 28.0 	 Demand: 560
	Edge: 597 <--> 107 	 Freq: 28.0 	 Demand: 204
	Edge: 109 <--> 938 	 Freq: 28.0 	 Demand: 560
	Edge: 938 <--> 939 	 Freq: 28.0 	 Demand: 560
	Edge: 110 <--> 1096 	 Freq: 28.0 	 Demand: 560
	Edge: 8 <--> 1023 	 Freq: 28.0 	 Demand: 654
	Edge: 1023 <--> 1022 	 Freq: 28.0 	 Demand: 408
	Edge: 825 <--> 826 	 Freq: 28.0 	 Demand: 892
	Route: 5
	Route length (44470.0) and demand (11762)
	Edge: 1732 <--> 1381 	 Freq: 28.0 	 Demand: 560
	Edge: 1360 <--> 1708 	 Freq: 28.0 	 Demand: 118
	Edge: 1669 <--> 1212 	 Freq: 28.0 	 Demand: 204
	Edge: 1667 <--> 1668 	 Freq: 28.0 	 Demand: 560
	Edge: 1531 <--> 1532 	 Freq: 28.0 	 Demand: 1122
	Edge: 1329 <--> 1330 	 Freq: 28.0 	 Demand: 3926
	Edge: 1469 <--> 1482 	 Freq: 28.0 	 Demand: 3624
	Edge: 1346 <--> 1347 	 Freq: 28.0 	 Demand: 118
	Edge: 1661 <--> 1346 	 Freq: 28.0 	 Demand: 1530
	Route: 6
	Route length (24777.0) and demand (9540)
	Edge: 680 <--> 681 	 Freq: 28.0 	 Demand: 654
	Edge: 993 <--> 842 	 Freq: 28.0 	 Demand: 118
	Edge: 132 <--> 133 	 Freq: 28.0 	 Demand: 1666
	Edge: 470 <--> 250 	 Freq: 28.0 	 Demand: 204
	Edge: 961 <--> 962 	 Freq: 28.0 	 Demand: 1122
	Edge: 960 <--> 961 	 Freq: 28.0 	 Demand: 1122
	Edge: 259 <--> 360 	 Freq: 28.0 	 Demand: 118
	Edge: 319 <--> 318 	 Freq: 28.0 	 Demand: 118
	Edge: 318 <--> 1118 	 Freq: 28.0 	 Demand: 118
	Edge: 678 <--> 677 	 Freq: 28.0 	 Demand: 560
	Edge: 43 <--> 44 	 Freq: 28.0 	 Demand: 1122
	Edge: 685 <--> 686 	 Freq: 28.0 	 Demand: 2618

Day 36, number of edges 50, number of routes 6

	Edges:

	Edge: 736 <--> 737 	 Freq: 28.0 	 Demand: 1308
	Edge: 135 <--> 234 	 Freq: 28.0 	 Demand: 2788
	Edge: 1376 <--> 1719 	 Freq: 28.0 	 Demand: 2244
	Edge: 156 <--> 249 	 Freq: 28.0 	 Demand: 560
	Edge: 463 <--> 72 	 Freq: 28.0 	 Demand: 560
	Edge: 896 <--> 897 	 Freq: 28.0 	 Demand: 1682
	Edge: 1047 <--> 739 	 Freq: 28.0 	 Demand: 1122
	Edge: 953 <--> 954 	 Freq: 28.0 	 Demand: 1122
	Edge: 37 <--> 38 	 Freq: 28.0 	 Demand: 1546
	Edge: 701 <--> 702 	 Freq: 28.0 	 Demand: 1122
	Edge: 739 <--> 740 	 Freq: 28.0 	 Demand: 560
	Edge: 29 <--> 62 	 Freq: 28.0 	 Demand: 2618
	Edge: 339 <--> 340 	 Freq: 28.0 	 Demand: 560
	Edge: 729 <--> 731 	 Freq: 28.0 	 Demand: 4210
	Edge: 1073 <--> 1074 	 Freq: 28.0 	 Demand: 1122
	Edge: 1004 <--> 1005 	 Freq: 28.0 	 Demand: 356
	Edge: 828 <--> 830 	 Freq: 28.0 	 Demand: 560
	Edge: 1492 <--> 1493 	 Freq: 28.0 	 Demand: 1122
	Edge: 75 <--> 403 	 Freq: 28.0 	 Demand: 560
	Edge: 1387 <--> 1201 	 Freq: 28.0 	 Demand: 238
	Edge: 1174 <--> 35 	 Freq: 28.0 	 Demand: 408
	Edge: 307 <--> 311 	 Freq: 28.0 	 Demand: 560
	Edge: 916 <--> 1081 	 Freq: 28.0 	 Demand: 3926
	Edge: 1252 <--> 1253 	 Freq: 28.0 	 Demand: 3366
	Edge: 1216 <--> 1217 	 Freq: 28.0 	 Demand: 560
	Edge: 1149 <--> 1150 	 Freq: 28.0 	 Demand: 952
	Edge: 323 <--> 321 	 Freq: 28.0 	 Demand: 1122
	Edge: 1691 <--> 1495 	 Freq: 28.0 	 Demand: 968
	Edge: 773 <--> 774 	 Freq: 28.0 	 Demand: 560
	Edge: 1106 <--> 1111 	 Freq: 28.0 	 Demand: 560
	Edge: 1705 <--> 1706 	 Freq: 28.0 	 Demand: 560
	Edge: 1136 <--> 1137 	 Freq: 28.0 	 Demand: 560
	Edge: 1545 <--> 1572 	 Freq: 28.0 	 Demand: 560
	Edge: 1327 <--> 1560 	 Freq: 28.0 	 Demand: 118
	Edge: 504 <--> 505 	 Freq: 28.0 	 Demand: 1122
	Edge: 769 <--> 770 	 Freq: 28.0 	 Demand: 1122
	Edge: 514 <--> 1115 	 Freq: 28.0 	 Demand: 1122
	Edge: 864 <--> 865 	 Freq: 28.0 	 Demand: 2804
	Edge: 1639 <--> 1640 	 Freq: 28.0 	 Demand: 560
	Edge: 981 <--> 807 	 Freq: 28.0 	 Demand: 204
	Edge: 563 <--> 564 	 Freq: 28.0 	 Demand: 560
	Edge: 1605 <--> 1515 	 Freq: 28.0 	 Demand: 118
	Edge: 1390 <--> 1677 	 Freq: 28.0 	 Demand: 560
	Edge: 346 <--> 347 	 Freq: 28.0 	 Demand: 952
	Edge: 1510 <--> 1653 	 Freq: 28.0 	 Demand: 1020
	Edge: 387 <--> 671 	 Freq: 28.0 	 Demand: 560
	Edge: 756 <--> 550 	 Freq: 28.0 	 Demand: 1682
	Edge: 1729 <--> 1730 	 Freq: 28.0 	 Demand: 560
	Edge: 1292 <--> 1363 	 Freq: 28.0 	 Demand: 1326
	Edge: 948 <--> 1110 	 Freq: 28.0 	 Demand: 204

	Routes:

	Route: 1
	Route length (58048.0) and demand (10874)
	Edge: 916 <--> 1081 	 Freq: 28.0 	 Demand: 3926
	Edge: 387 <--> 671 	 Freq: 28.0 	 Demand: 560
	Edge: 504 <--> 505 	 Freq: 28.0 	 Demand: 1122
	Edge: 981 <--> 807 	 Freq: 28.0 	 Demand: 204
	Edge: 514 <--> 1115 	 Freq: 28.0 	 Demand: 1122
	Edge: 948 <--> 1110 	 Freq: 28.0 	 Demand: 204
	Edge: 1106 <--> 1111 	 Freq: 28.0 	 Demand: 560
	Edge: 1004 <--> 1005 	 Freq: 28.0 	 Demand: 356
	Edge: 1149 <--> 1150 	 Freq: 28.0 	 Demand: 952
	Edge: 563 <--> 564 	 Freq: 28.0 	 Demand: 560
	Edge: 736 <--> 737 	 Freq: 28.0 	 Demand: 1308
	Route: 2
	Route length (8397.0) and demand (10364)
	Edge: 37 <--> 38 	 Freq: 28.0 	 Demand: 1546
	Edge: 756 <--> 550 	 Freq: 28.0 	 Demand: 1682
	Edge: 864 <--> 865 	 Freq: 28.0 	 Demand: 2804
	Edge: 769 <--> 770 	 Freq: 28.0 	 Demand: 1122
	Edge: 339 <--> 340 	 Freq: 28.0 	 Demand: 560
	Edge: 828 <--> 830 	 Freq: 28.0 	 Demand: 560
	Edge: 739 <--> 740 	 Freq: 28.0 	 Demand: 560
	Edge: 1047 <--> 739 	 Freq: 28.0 	 Demand: 1122
	Edge: 1174 <--> 35 	 Freq: 28.0 	 Demand: 408
	Route: 3
	Route length (61363.0) and demand (9158)
	Edge: 29 <--> 62 	 Freq: 28.0 	 Demand: 2618
	Edge: 1390 <--> 1677 	 Freq: 28.0 	 Demand: 560
	Edge: 1510 <--> 1653 	 Freq: 28.0 	 Demand: 1020
	Edge: 1387 <--> 1201 	 Freq: 28.0 	 Demand: 238
	Edge: 1691 <--> 1495 	 Freq: 28.0 	 Demand: 968
	Edge: 1545 <--> 1572 	 Freq: 28.0 	 Demand: 560
	Edge: 1492 <--> 1493 	 Freq: 28.0 	 Demand: 1122
	Edge: 1136 <--> 1137 	 Freq: 28.0 	 Demand: 560
	Edge: 773 <--> 774 	 Freq: 28.0 	 Demand: 560
	Edge: 346 <--> 347 	 Freq: 28.0 	 Demand: 952
	Route: 4
	Route length (35847.0) and demand (8134)
	Edge: 729 <--> 731 	 Freq: 28.0 	 Demand: 4210
	Edge: 1073 <--> 1074 	 Freq: 28.0 	 Demand: 1122
	Edge: 896 <--> 897 	 Freq: 28.0 	 Demand: 1682
	Edge: 463 <--> 72 	 Freq: 28.0 	 Demand: 560
	Edge: 75 <--> 403 	 Freq: 28.0 	 Demand: 560
	Route: 5
	Route length (45137.0) and demand (9412)
	Edge: 1605 <--> 1515 	 Freq: 28.0 	 Demand: 118
	Edge: 1705 <--> 1706 	 Freq: 28.0 	 Demand: 560
	Edge: 1639 <--> 1640 	 Freq: 28.0 	 Demand: 560
	Edge: 1729 <--> 1730 	 Freq: 28.0 	 Demand: 560
	Edge: 1252 <--> 1253 	 Freq: 28.0 	 Demand: 3366
	Edge: 1376 <--> 1719 	 Freq: 28.0 	 Demand: 2244
	Edge: 1327 <--> 1560 	 Freq: 28.0 	 Demand: 118
	Edge: 1292 <--> 1363 	 Freq: 28.0 	 Demand: 1326
	Edge: 1216 <--> 1217 	 Freq: 28.0 	 Demand: 560
	Route: 6
	Route length (20013.0) and demand (7274)
	Edge: 135 <--> 234 	 Freq: 28.0 	 Demand: 2788
	Edge: 953 <--> 954 	 Freq: 28.0 	 Demand: 1122
	Edge: 156 <--> 249 	 Freq: 28.0 	 Demand: 560
	Edge: 701 <--> 702 	 Freq: 28.0 	 Demand: 1122
	Edge: 323 <--> 321 	 Freq: 28.0 	 Demand: 1122
	Edge: 307 <--> 311 	 Freq: 28.0 	 Demand: 560

Day 37, number of edges 50, number of routes 5

	Edges:

	Edge: 1113 <--> 1114 	 Freq: 28.0 	 Demand: 408
	Edge: 1306 <--> 1307 	 Freq: 28.0 	 Demand: 1682
	Edge: 978 <--> 979 	 Freq: 28.0 	 Demand: 1122
	Edge: 1120 <--> 115 	 Freq: 28.0 	 Demand: 1122
	Edge: 28 <--> 761 	 Freq: 28.0 	 Demand: 3692
	Edge: 757 <--> 758 	 Freq: 28.0 	 Demand: 1682
	Edge: 1204 <--> 1205 	 Freq: 28.0 	 Demand: 238
	Edge: 220 <--> 320 	 Freq: 28.0 	 Demand: 560
	Edge: 836 <--> 837 	 Freq: 28.0 	 Demand: 2244
	Edge: 1302 <--> 1303 	 Freq: 28.0 	 Demand: 560
	Edge: 996 <--> 997 	 Freq: 28.0 	 Demand: 1308
	Edge: 308 <--> 445 	 Freq: 28.0 	 Demand: 560
	Edge: 1146 <--> 1147 	 Freq: 28.0 	 Demand: 1682
	Edge: 1153 <--> 1154 	 Freq: 28.0 	 Demand: 1308
	Edge: 1290 <--> 1289 	 Freq: 28.0 	 Demand: 560
	Edge: 861 <--> 862 	 Freq: 28.0 	 Demand: 204
	Edge: 971 <--> 1048 	 Freq: 28.0 	 Demand: 1334
	Edge: 188 <--> 1061 	 Freq: 28.0 	 Demand: 654
	Edge: 578 <--> 579 	 Freq: 28.0 	 Demand: 560
	Edge: 536 <--> 738 	 Freq: 28.0 	 Demand: 1308
	Edge: 745 <--> 1172 	 Freq: 28.0 	 Demand: 2804
	Edge: 172 <--> 848 	 Freq: 28.0 	 Demand: 1682
	Edge: 1028 <--> 1026 	 Freq: 28.0 	 Demand: 118
	Edge: 691 <--> 746 	 Freq: 28.0 	 Demand: 560
	Edge: 534 <--> 535 	 Freq: 28.0 	 Demand: 654
	Edge: 52 <--> 39 	 Freq: 28.0 	 Demand: 3970
	Edge: 831 <--> 832 	 Freq: 28.0 	 Demand: 1308
	Edge: 1472 <--> 1291 	 Freq: 28.0 	 Demand: 238
	Edge: 1299 <--> 1300 	 Freq: 28.0 	 Demand: 1122
	Edge: 323 <--> 443 	 Freq: 28.0 	 Demand: 560
	Edge: 667 <--> 668 	 Freq: 28.0 	 Demand: 2618
	Edge: 1121 <--> 1122 	 Freq: 28.0 	 Demand: 1122
	Edge: 1124 <--> 1125 	 Freq: 28.0 	 Demand: 1122
	Edge: 902 <--> 903 	 Freq: 28.0 	 Demand: 654
	Edge: 835 <--> 1180 	 Freq: 28.0 	 Demand: 654
	Edge: 1674 <--> 1675 	 Freq: 28.0 	 Demand: 560
	Edge: 645 <--> 646 	 Freq: 28.0 	 Demand: 560
	Edge: 257 <--> 598 	 Freq: 28.0 	 Demand: 560
	Edge: 824 <--> 838 	 Freq: 28.0 	 Demand: 654
	Edge: 24 <--> 25 	 Freq: 28.0 	 Demand: 560
	Edge: 349 <--> 350 	 Freq: 28.0 	 Demand: 118
	Edge: 543 <--> 478 	 Freq: 28.0 	 Demand: 204
	Edge: 970 <--> 1160 	 Freq: 28.0 	 Demand: 238
	Edge: 1720 <--> 1369 	 Freq: 28.0 	 Demand: 560
	Edge: 800 <--> 801 	 Freq: 28.0 	 Demand: 356
	Edge: 190 <--> 802 	 Freq: 28.0 	 Demand: 560
	Edge: 860 <--> 1038 	 Freq: 28.0 	 Demand: 1122
	Edge: 1038 <--> 1159 	 Freq: 28.0 	 Demand: 1002
	Edge: 1363 <--> 1348 	 Freq: 28.0 	 Demand: 560
	Edge: 1017 <--> 337 	 Freq: 28.0 	 Demand: 654

	Routes:

	Route: 1
	Route length (2601.0) and demand (3692)
	Edge: 28 <--> 761 	 Freq: 28.0 	 Demand: 3692
	Route: 2
	Route length (65415.0) and demand (11550)
	Edge: 860 <--> 1038 	 Freq: 28.0 	 Demand: 1122
	Edge: 1038 <--> 1159 	 Freq: 28.0 	 Demand: 1002
	Edge: 970 <--> 1160 	 Freq: 28.0 	 Demand: 238
	Edge: 971 <--> 1048 	 Freq: 28.0 	 Demand: 1334
	Edge: 1017 <--> 337 	 Freq: 28.0 	 Demand: 654
	Edge: 1028 <--> 1026 	 Freq: 28.0 	 Demand: 118
	Edge: 861 <--> 862 	 Freq: 28.0 	 Demand: 204
	Edge: 543 <--> 478 	 Freq: 28.0 	 Demand: 204
	Edge: 645 <--> 646 	 Freq: 28.0 	 Demand: 560
	Edge: 349 <--> 350 	 Freq: 28.0 	 Demand: 118
	Edge: 578 <--> 579 	 Freq: 28.0 	 Demand: 560
	Edge: 172 <--> 848 	 Freq: 28.0 	 Demand: 1682
	Edge: 190 <--> 802 	 Freq: 28.0 	 Demand: 560
	Edge: 978 <--> 979 	 Freq: 28.0 	 Demand: 1122
	Edge: 800 <--> 801 	 Freq: 28.0 	 Demand: 356
	Edge: 1113 <--> 1114 	 Freq: 28.0 	 Demand: 408
	Edge: 902 <--> 903 	 Freq: 28.0 	 Demand: 654
	Edge: 188 <--> 1061 	 Freq: 28.0 	 Demand: 654
	Route: 3
	Route length (42650.0) and demand (11968)
	Edge: 757 <--> 758 	 Freq: 28.0 	 Demand: 1682
	Edge: 835 <--> 1180 	 Freq: 28.0 	 Demand: 654
	Edge: 836 <--> 837 	 Freq: 28.0 	 Demand: 2244
	Edge: 824 <--> 838 	 Freq: 28.0 	 Demand: 654
	Edge: 534 <--> 535 	 Freq: 28.0 	 Demand: 654
	Edge: 1363 <--> 1348 	 Freq: 28.0 	 Demand: 560
	Edge: 1290 <--> 1289 	 Freq: 28.0 	 Demand: 560
	Edge: 1472 <--> 1291 	 Freq: 28.0 	 Demand: 238
	Edge: 1720 <--> 1369 	 Freq: 28.0 	 Demand: 560
	Edge: 1204 <--> 1205 	 Freq: 28.0 	 Demand: 238
	Edge: 1306 <--> 1307 	 Freq: 28.0 	 Demand: 1682
	Edge: 1299 <--> 1300 	 Freq: 28.0 	 Demand: 1122
	Edge: 1674 <--> 1675 	 Freq: 28.0 	 Demand: 560
	Edge: 1302 <--> 1303 	 Freq: 28.0 	 Demand: 560
	Route: 4
	Route length (10197.0) and demand (11818)
	Edge: 24 <--> 25 	 Freq: 28.0 	 Demand: 560
	Edge: 831 <--> 832 	 Freq: 28.0 	 Demand: 1308
	Edge: 536 <--> 738 	 Freq: 28.0 	 Demand: 1308
	Edge: 1153 <--> 1154 	 Freq: 28.0 	 Demand: 1308
	Edge: 52 <--> 39 	 Freq: 28.0 	 Demand: 3970
	Edge: 745 <--> 1172 	 Freq: 28.0 	 Demand: 2804
	Edge: 691 <--> 746 	 Freq: 28.0 	 Demand: 560
	Route: 5
	Route length (22500.0) and demand (11214)
	Edge: 996 <--> 997 	 Freq: 28.0 	 Demand: 1308
	Edge: 308 <--> 445 	 Freq: 28.0 	 Demand: 560
	Edge: 323 <--> 443 	 Freq: 28.0 	 Demand: 560
	Edge: 220 <--> 320 	 Freq: 28.0 	 Demand: 560
	Edge: 1146 <--> 1147 	 Freq: 28.0 	 Demand: 1682
	Edge: 257 <--> 598 	 Freq: 28.0 	 Demand: 560
	Edge: 1124 <--> 1125 	 Freq: 28.0 	 Demand: 1122
	Edge: 667 <--> 668 	 Freq: 28.0 	 Demand: 2618
	Edge: 1120 <--> 115 	 Freq: 28.0 	 Demand: 1122
	Edge: 1121 <--> 1122 	 Freq: 28.0 	 Demand: 1122

Day 38, number of edges 0, number of routes 0

	Edges:


	Routes:


Day 39, number of edges 0, number of routes 0

	Edges:


	Routes:


Day 40, number of edges 0, number of routes 0

	Edges:


	Routes:


Day 41, number of edges 0, number of routes 0

	Edges:


	Routes:


Day 42, number of edges 0, number of routes 0

	Edges:


	Routes:


Day 43, number of edges 1, number of routes 1

	Edges:

	Edge: 480 <--> 481 	 Freq: 28.0 	 Demand: 3926

	Routes:

	Route: 1
	Route length (1845.0) and demand (3926)
	Edge: 480 <--> 481 	 Freq: 28.0 	 Demand: 3926

Day 44, number of edges 0, number of routes 0

	Edges:


	Routes:


Day 45, number of edges 0, number of routes 0

	Edges:


	Routes:


Day 46, number of edges 0, number of routes 0

	Edges:


	Routes:


Day 47, number of edges 0, number of routes 0

	Edges:


	Routes:


Day 48, number of edges 0, number of routes 0

	Edges:


	Routes:


Day 49, number of edges 0, number of routes 0

	Edges:


	Routes:


Day 50, number of edges 1, number of routes 1

	Edges:

	Edge: 823 <--> 824 	 Freq: 28.0 	 Demand: 798

	Routes:

	Route: 1
	Route length (4112.0) and demand (798)
	Edge: 823 <--> 824 	 Freq: 28.0 	 Demand: 798

Day 51, number of edges 0, number of routes 0

	Edges:


	Routes:


Day 52, number of edges 0, number of routes 0

	Edges:


	Routes:


Day 53, number of edges 1, number of routes 1

	Edges:

	Edge: 1019 <--> 860 	 Freq: 28.0 	 Demand: 560

	Routes:

	Route: 1
	Route length (5087.0) and demand (560)
	Edge: 1019 <--> 860 	 Freq: 28.0 	 Demand: 560

Day 54, number of edges 0, number of routes 0

	Edges:


	Routes:


Day 55, number of edges 0, number of routes 0

	Edges:


	Routes:





Phase 1 ended! Current time: 2026-08-09 01:41:49.981927
Phase 1 Report:
Iteration count: 1
Last iteration time: 0.0
Average iteration time: 0.0
Current score: 248418024.0


Phase 2 (only move_services) mid-report:
Iteration count: 1
Last iteration time: 0.9062514305114746
Average iteration time: 0.9062514305114746
Current score: 247421221.0


Phase 2 (only move_services) ended! Current time: 2026-08-09 01:44:24.060057
Phase 2 (only move_services) Report:
Iteration count: 60
Last iteration time: 0.5468823909759521
Average iteration time: 2.488020932674409
Current score: 190159501.0


Phase 3 (using only swap_services) mid-report:
Iteration count: 1
Last iteration time: 0.9375033378601074
Average iteration time: 0.9375033378601074
Current score: 190094889.0


Phase 3 (using only swap_services) ended! Current time: 2026-08-09 01:48:10.188475
Phase 3 (using only swap_services) Report:
Iteration count: 161
Last iteration time: 0.18749547004699707
Average iteration time: 0.9213139862747668
Current score: 189624964.0


Phase 4 (routing operators) mid-report:
Current day: 0
Iteration count: 1
Last iteration time: 7.3437511920928955
Average iteration time: 7.3437511920928955
Current score: 189620945.0


Phase 4 (routing operators) day 0 ended!
Phase 4 (routing operators) day report:
Current Iteration count: 3
Last iteration time: 0.0468754768371582
Average iteration time: 5.125000715255737
Current score: 189620373.0


Phase 4 (routing operators) day 1 ended!
Phase 4 (routing operators) day report:
Current Iteration count: 9
Last iteration time: 0.0
Average iteration time: 1.723958969116211
Current score: 189600097.0


Phase 4 (routing operators) day 2 ended!
Phase 4 (routing operators) day report:
Current Iteration count: 11
Last iteration time: 0.031244277954101562
Average iteration time: 1.4815338958393443
Current score: 189599186.0


Phase 4 (routing operators) day 3 ended!
Phase 4 (routing operators) day report:
Current Iteration count: 13
Last iteration time: 0.03125309944152832
Average iteration time: 1.2896633514991174
Current score: 189594566.0


Phase 4 (routing operators) day 4 ended!
Phase 4 (routing operators) day report:
Current Iteration count: 14
Last iteration time: 0.03124690055847168
Average iteration time: 1.1997764621462141
Current score: 189594566.0


Phase 4 (routing operators) day 7 ended!
Phase 4 (routing operators) day report:
Current Iteration count: 16
Last iteration time: 0.031250715255737305
Average iteration time: 1.091796651482582
Current score: 189580360.0


Phase 4 (routing operators) day 8 ended!
Phase 4 (routing operators) day report:
Current Iteration count: 19
Last iteration time: 0.03125476837158203
Average iteration time: 1.00822387243572
Current score: 189578847.0


Phase 4 (routing operators) day 9 ended!
Phase 4 (routing operators) day report:
Current Iteration count: 24
Last iteration time: 0.01563096046447754
Average iteration time: 0.8457035422325132
Current score: 189556000.0


Phase 4 (routing operators) day 10 ended!
Phase 4 (routing operators) day report:
Current Iteration count: 30
Last iteration time: 0.0
Average iteration time: 0.6828128576278684
Current score: 189531816.0


Phase 4 (routing operators) day 11 ended!
Phase 4 (routing operators) day report:
Current Iteration count: 35
Last iteration time: 0.03125119209289551
Average iteration time: 0.6933038166591097
Current score: 189530400.0


Phase 4 (routing operators) day 14 ended!
Phase 4 (routing operators) day report:
Current Iteration count: 36
Last iteration time: 0.0
Average iteration time: 0.6740453773074677
Current score: 189530400.0


Phase 4 (routing operators) day 15 ended!
Phase 4 (routing operators) day report:
Current Iteration count: 37
Last iteration time: 0.015624284744262695
Average iteration time: 0.6562502126435973
Current score: 189530400.0


Phase 4 (routing operators) day 16 ended!
Phase 4 (routing operators) day report:
Current Iteration count: 38
Last iteration time: 0.0
Average iteration time: 0.6389804702056079
Current score: 189530400.0


Phase 4 (routing operators) day 17 ended!
Phase 4 (routing operators) day report:
Current Iteration count: 39
Last iteration time: 0.0
Average iteration time: 0.6225963555849513
Current score: 189530400.0


Phase 4 (routing operators) day 18 ended!
Phase 4 (routing operators) day report:
Current Iteration count: 40
Last iteration time: 0.0
Average iteration time: 0.6070314466953275
Current score: 189530400.0


Phase 4 (routing operators) day 21 ended!
Phase 4 (routing operators) day report:
Current Iteration count: 41
Last iteration time: 0.0
Average iteration time: 0.5922258016539781
Current score: 189530400.0


Phase 4 (routing operators) day 22 ended!
Phase 4 (routing operators) day report:
Current Iteration count: 42
Last iteration time: 0.0
Average iteration time: 0.5781251873288834
Current score: 189530400.0


Phase 4 (routing operators) day 23 ended!
Phase 4 (routing operators) day report:
Current Iteration count: 43
Last iteration time: 0.0
Average iteration time: 0.5646804155305373
Current score: 189530400.0


Phase 4 (routing operators) day 24 ended!
Phase 4 (routing operators) day report:
Current Iteration count: 44
Last iteration time: 0.0
Average iteration time: 0.551846769723025
Current score: 189530400.0


Phase 4 (routing operators) day 25 ended!
Phase 4 (routing operators) day report:
Current Iteration count: 45
Last iteration time: 0.0
Average iteration time: 0.5395835081736245
Current score: 189530400.0


Phase 4 (routing operators) day 28 ended!
Phase 4 (routing operators) day report:
Current Iteration count: 46
Last iteration time: 0.03125333786010742
Average iteration time: 0.5285328522972437
Current score: 189530400.0


Phase 4 (routing operators) day 29 ended!
Phase 4 (routing operators) day report:
Current Iteration count: 48
Last iteration time: 0.031249523162841797
Average iteration time: 0.5133465627829232
Current score: 189526590.0


Phase 4 (routing operators) day 30 ended!
Phase 4 (routing operators) day report:
Current Iteration count: 49
Last iteration time: 0.031250715255737305
Average iteration time: 0.5035078720170623
Current score: 189526590.0


Phase 4 (routing operators) day 31 ended!
Phase 4 (routing operators) day report:
Current Iteration count: 53
Last iteration time: 0.0
Average iteration time: 0.4722879202860704
Current score: 189511339.0


Phase 4 (routing operators) day 32 ended!
Phase 4 (routing operators) day report:
Current Iteration count: 59
Last iteration time: 0.015622615814208984
Average iteration time: 0.43405737715252357
Current score: 189493563.0


Phase 4 (routing operators) day 35 ended!
Phase 4 (routing operators) day report:
Current Iteration count: 64
Last iteration time: 0.015621423721313477
Average iteration time: 0.4650880359113215
Current score: 189492147.0


Phase 4 (routing operators) day 36 ended!
Phase 4 (routing operators) day report:
Current Iteration count: 65
Last iteration time: 0.031250953674316406
Average iteration time: 0.4584136192615214
Current score: 189492147.0


Phase 4 (routing operators) day 37 ended!
Phase 4 (routing operators) day report:
Current Iteration count: 69
Last iteration time: 0.015625476837158203
Average iteration time: 0.4750906695490296
Current score: 189488511.0


Phase 4 (routing operators) day 38 ended!
Phase 4 (routing operators) day report:
Current Iteration count: 75
Last iteration time: 0.0
Average iteration time: 0.43791675567626936
Current score: 189464680.0


Phase 4 (routing operators) day 39 ended!
Phase 4 (routing operators) day report:
Current Iteration count: 81
Last iteration time: 0.0
Average iteration time: 0.4068288332150304
Current score: 189441204.0


Phase 4 (routing operators) day 42 ended!
Phase 4 (routing operators) day report:
Current Iteration count: 83
Last iteration time: 0.0
Average iteration time: 0.39702572880021036
Current score: 189440264.0


Phase 4 (routing operators) day 43 ended!
Phase 4 (routing operators) day report:
Current Iteration count: 84
Last iteration time: 0.0
Average iteration time: 0.39229923202877925
Current score: 189440264.0


Phase 4 (routing operators) day 44 ended!
Phase 4 (routing operators) day report:
Current Iteration count: 86
Last iteration time: 0.0
Average iteration time: 0.3833576496257336
Current score: 189433844.0


Phase 4 (routing operators) day 45 ended!
Phase 4 (routing operators) day report:
Current Iteration count: 87
Last iteration time: 0.0
Average iteration time: 0.3789512398599206
Current score: 189433844.0


Phase 4 (routing operators) day 46 ended!
Phase 4 (routing operators) day report:
Current Iteration count: 88
Last iteration time: 0.0
Average iteration time: 0.3746449757706033
Current score: 189433844.0


Phase 4 (routing operators) day 49 ended!
Phase 4 (routing operators) day report:
Current Iteration count: 92
Last iteration time: 0.0
Average iteration time: 0.3585259396096932
Current score: 189424706.0


Phase 4 (routing operators) day 50 ended!
Phase 4 (routing operators) day report:
Current Iteration count: 97
Last iteration time: 0.015626907348632812
Average iteration time: 0.3405284316269391
Current score: 189409857.0


Phase 4 (routing operators) day 51 ended!
Phase 4 (routing operators) day report:
Current Iteration count: 101
Last iteration time: 0.0
Average iteration time: 0.3271968600773573
Current score: 189400623.0


Phase 4 (routing operators) day 52 ended!
Phase 4 (routing operators) day report:
Current Iteration count: 104
Last iteration time: 0.0
Average iteration time: 0.3177584891135874
Current score: 189389612.0


Phase 4 (routing operators) day 53 ended!
Phase 4 (routing operators) day report:
Current Iteration count: 110
Last iteration time: 0.0
Average iteration time: 0.3009943875399501
Current score: 189369728.0


Phase 4 (routing operators) ended! Current time: 2026-08-09 01:49:10.579100
Phase 4 (routing operators) Report:
Iteration count: 110
Last iteration time: 0.0
Average iteration time: 0.3009943875399501
Current score: 189369728.0


Local search report:
Iteration count: 2 iterations
Last iteration time: 440.5971727371216 seconds
Iteration average time: 383.83765053749084 seconds
Current score: 189369728.0

Phase 1 ended! Current time: 2026-08-09 01:49:10.579100
Phase 1 Report:
Iteration count: 1
Last iteration time: 0.0
Average iteration time: 0.0
Current score: 189369728.0


Phase 2 (only move_services) mid-report:
Iteration count: 1
Last iteration time: 0.8281280994415283
Average iteration time: 0.8281280994415283
Current score: 188375138.0


Phase 2 (only move_services) ended! Current time: 2026-08-09 01:50:41.058250
Phase 2 (only move_services) Report:
Iteration count: 36
Last iteration time: 0.5156257152557373
Average iteration time: 2.3995943864186597
Current score: 154818968.0


Phase 3 (using only swap_services) mid-report:
Iteration count: 1
Last iteration time: 1.0781176090240479
Average iteration time: 1.0781176090240479
Current score: 154802601.0


Phase 3 (using only swap_services) ended! Current time: 2026-08-09 01:53:29.620747
Phase 3 (using only swap_services) Report:
Iteration count: 100
Last iteration time: 0.1718740463256836
Average iteration time: 0.9226561665534971
Current score: 154640423.0


Phase 4 (routing operators) mid-report:
Current day: 0
Iteration count: 1
Last iteration time: 11.140621185302734
Average iteration time: 11.140621185302734
Current score: 154640407.0


Phase 4 (routing operators) day 0 ended!
Phase 4 (routing operators) day report:
Current Iteration count: 3
Last iteration time: 0.031252384185791016
Average iteration time: 7.479165871938069
Current score: 154640333.0


Phase 4 (routing operators) day 1 ended!
Phase 4 (routing operators) day report:
Current Iteration count: 9
Last iteration time: 0.0
Average iteration time: 2.52604177263048
Current score: 154603327.0


Phase 4 (routing operators) day 2 ended!
Phase 4 (routing operators) day report:
Current Iteration count: 13
Last iteration time: 0.015626192092895508
Average iteration time: 1.8401441207298865
Current score: 154547540.0


Phase 4 (routing operators) day 3 ended!
Phase 4 (routing operators) day report:
Current Iteration count: 16
Last iteration time: 0.015628576278686523
Average iteration time: 1.5839845091104507
Current score: 154542096.0


Phase 4 (routing operators) day 4 ended!
Phase 4 (routing operators) day report:
Current Iteration count: 17
Last iteration time: 0.03125429153442383
Average iteration time: 1.4926474374883314
Current score: 154542096.0


Phase 4 (routing operators) day 7 ended!
Phase 4 (routing operators) day report:
Current Iteration count: 18
Last iteration time: 0.031252145767211914
Average iteration time: 1.4114588101704915
Current score: 154542096.0


Phase 4 (routing operators) day 8 ended!
Phase 4 (routing operators) day report:
Current Iteration count: 22
Last iteration time: 0.01562356948852539
Average iteration time: 1.2329549572684548
Current score: 154539953.0


Phase 4 (routing operators) day 9 ended!
Phase 4 (routing operators) day report:
Current Iteration count: 26
Last iteration time: 0.015621423721313477
Average iteration time: 1.0847359345509455
Current score: 154512152.0


Phase 4 (routing operators) day 10 ended!
Phase 4 (routing operators) day report:
Current Iteration count: 31
Last iteration time: 0.0
Average iteration time: 0.913810799198766
Current score: 154488589.0


Phase 4 (routing operators) day 11 ended!
Phase 4 (routing operators) day report:
Current Iteration count: 32
Last iteration time: 0.04687762260437012
Average iteration time: 0.886719137430191
Current score: 154488589.0


Phase 4 (routing operators) day 14 ended!
Phase 4 (routing operators) day report:
Current Iteration count: 33
Last iteration time: 0.0
Average iteration time: 0.8598488605383671
Current score: 154488589.0


Phase 4 (routing operators) day 15 ended!
Phase 4 (routing operators) day report:
Current Iteration count: 34
Last iteration time: 0.0
Average iteration time: 0.8345591881695915
Current score: 154488589.0


Phase 4 (routing operators) day 16 ended!
Phase 4 (routing operators) day report:
Current Iteration count: 35
Last iteration time: 0.0
Average iteration time: 0.8107146399361747
Current score: 154488589.0


Phase 4 (routing operators) day 17 ended!
Phase 4 (routing operators) day report:
Current Iteration count: 36
Last iteration time: 0.0
Average iteration time: 0.7881947888268365
Current score: 154488589.0


Phase 4 (routing operators) day 18 ended!
Phase 4 (routing operators) day report:
Current Iteration count: 37
Last iteration time: 0.0
Average iteration time: 0.7668922269666517
Current score: 154488589.0


Phase 4 (routing operators) day 21 ended!
Phase 4 (routing operators) day report:
Current Iteration count: 38
Last iteration time: 0.015623331069946289
Average iteration time: 0.7471219928641069
Current score: 154488589.0


Phase 4 (routing operators) day 22 ended!
Phase 4 (routing operators) day report:
Current Iteration count: 39
Last iteration time: 0.0
Average iteration time: 0.727965018688104
Current score: 154488589.0


Phase 4 (routing operators) day 23 ended!
Phase 4 (routing operators) day report:
Current Iteration count: 40
Last iteration time: 0.0
Average iteration time: 0.7097658932209014
Current score: 154488589.0


Phase 4 (routing operators) day 24 ended!
Phase 4 (routing operators) day report:
Current Iteration count: 41
Last iteration time: 0.0
Average iteration time: 0.6924545299716112
Current score: 154488589.0


Phase 4 (routing operators) day 25 ended!
Phase 4 (routing operators) day report:
Current Iteration count: 42
Last iteration time: 0.0
Average iteration time: 0.6759675173532396
Current score: 154488589.0


Phase 4 (routing operators) day 28 ended!
Phase 4 (routing operators) day report:
Current Iteration count: 43
Last iteration time: 0.015628576278686523
Average iteration time: 0.6606107977933663
Current score: 154488589.0


Phase 4 (routing operators) day 29 ended!
Phase 4 (routing operators) day report:
Current Iteration count: 44
Last iteration time: 0.03125286102294922
Average iteration time: 0.6463072083213113
Current score: 154488589.0


Phase 4 (routing operators) day 30 ended!
Phase 4 (routing operators) day report:
Current Iteration count: 47
Last iteration time: 0.03125262260437012
Average iteration time: 0.630652072581839
Current score: 154486177.0


Phase 4 (routing operators) day 31 ended!
Phase 4 (routing operators) day report:
Current Iteration count: 51
Last iteration time: 0.015624761581420898
Average iteration time: 0.5912994169721416
Current score: 154464281.0


Phase 4 (routing operators) day 32 ended!
Phase 4 (routing operators) day report:
Current Iteration count: 57
Last iteration time: 0.0
Average iteration time: 0.542215154882063
Current score: 154448740.0


Phase 4 (routing operators) day 35 ended!
Phase 4 (routing operators) day report:
Current Iteration count: 58
Last iteration time: 0.03125166893005371
Average iteration time: 0.5334054396070284
Current score: 154448740.0


Phase 4 (routing operators) day 36 ended!
Phase 4 (routing operators) day report:
Current Iteration count: 63
Last iteration time: 0.03125262260437012
Average iteration time: 0.5210816406068346
Current score: 154427722.0


Phase 4 (routing operators) day 37 ended!
Phase 4 (routing operators) day report:
Current Iteration count: 68
Last iteration time: 0.015624523162841797
Average iteration time: 0.525735515005448
Current score: 154417467.0


Phase 4 (routing operators) day 38 ended!
Phase 4 (routing operators) day report:
Current Iteration count: 74
Last iteration time: 0.0
Average iteration time: 0.4850087165832517
Current score: 154387195.0


Phase 4 (routing operators) day 39 ended!
Phase 4 (routing operators) day report:
Current Iteration count: 80
Last iteration time: 0.015617847442626953
Average iteration time: 0.45058612525463076
Current score: 154354228.0


Phase 4 (routing operators) day 42 ended!
Phase 4 (routing operators) day report:
Current Iteration count: 81
Last iteration time: 0.0
Average iteration time: 0.44502333358482055
Current score: 154354228.0


Phase 4 (routing operators) day 43 ended!
Phase 4 (routing operators) day report:
Current Iteration count: 82
Last iteration time: 0.0
Average iteration time: 0.4395962197606154
Current score: 154354228.0


Phase 4 (routing operators) day 44 ended!
Phase 4 (routing operators) day report:
Current Iteration count: 83
Last iteration time: 0.0
Average iteration time: 0.43429987976349954
Current score: 154354228.0


Phase 4 (routing operators) day 45 ended!
Phase 4 (routing operators) day report:
Current Iteration count: 84
Last iteration time: 0.0
Average iteration time: 0.42912964309964835
Current score: 154354228.0


Phase 4 (routing operators) day 46 ended!
Phase 4 (routing operators) day report:
Current Iteration count: 85
Last iteration time: 0.0
Average iteration time: 0.4240810590631819
Current score: 154354228.0


Phase 4 (routing operators) day 49 ended!
Phase 4 (routing operators) day report:
Current Iteration count: 86
Last iteration time: 0.0
Average iteration time: 0.41914988395779607
Current score: 154354228.0


Phase 4 (routing operators) day 50 ended!
Phase 4 (routing operators) day report:
Current Iteration count: 87
Last iteration time: 0.0
Average iteration time: 0.4143320691996605
Current score: 154354228.0


Phase 4 (routing operators) day 51 ended!
Phase 4 (routing operators) day report:
Current Iteration count: 88
Last iteration time: 0.0
Average iteration time: 0.4096237502314825
Current score: 154354228.0


Phase 4 (routing operators) day 52 ended!
Phase 4 (routing operators) day report:
Current Iteration count: 89
Last iteration time: 0.0
Average iteration time: 0.40502123618393776
Current score: 154354228.0


Phase 4 (routing operators) day 53 ended!
Phase 4 (routing operators) day report:
Current Iteration count: 95
Last iteration time: 0.0
Average iteration time: 0.3810856743862752
Current score: 154337787.0


Phase 4 (routing operators) ended! Current time: 2026-08-09 01:54:33.214499
Phase 4 (routing operators) Report:
Iteration count: 95
Last iteration time: 0.0
Average iteration time: 0.3810856743862752
Current score: 154337787.0


Local search report:
Iteration count: 3 iterations
Last iteration time: 322.6353991031647 seconds
Iteration average time: 363.43690005938214 seconds
Current score: 154337787.0

Phase 1 ended! Current time: 2026-08-09 01:54:33.214499
Phase 1 Report:
Iteration count: 1
Last iteration time: 0.0
Average iteration time: 0.0
Current score: 154337787.0


Phase 2 (only move_services) mid-report:
Iteration count: 1
Last iteration time: 0.9375014305114746
Average iteration time: 0.9375014305114746
Current score: 153343315.0


Phase 2 (only move_services) ended! Current time: 2026-08-09 01:56:15.636372
Phase 2 (only move_services) Report:
Iteration count: 38
Last iteration time: 0.499997615814209
Average iteration time: 2.568256610318234
Current score: 118190398.0


Phase 3 (using only swap_services) mid-report:
Iteration count: 1
Last iteration time: 0.6718692779541016
Average iteration time: 0.6718692779541016
Current score: 118157019.0


Phase 3 (using only swap_services) ended! Current time: 2026-08-09 01:59:34.560777
Phase 3 (using only swap_services) Report:
Iteration count: 128
Last iteration time: 0.21875381469726562
Average iteration time: 0.9562988188117741
Current score: 117868082.0


Phase 4 (routing operators) mid-report:
Current day: 0
Iteration count: 1
Last iteration time: 8.890627145767212
Average iteration time: 8.890627145767212
Current score: 117865964.0


Phase 4 (routing operators) day 0 ended!
Phase 4 (routing operators) day report:
Current Iteration count: 2
Last iteration time: 0.015628814697265625
Average iteration time: 4.453127980232239
Current score: 117865964.0


Phase 4 (routing operators) day 1 ended!
Phase 4 (routing operators) day report:
Current Iteration count: 7
Last iteration time: 0.0
Average iteration time: 1.3258934361594064
Current score: 117842441.0


Phase 4 (routing operators) day 2 ended!
Phase 4 (routing operators) day report:
Current Iteration count: 12
Last iteration time: 0.015624761581420898
Average iteration time: 0.9869795242945353
Current score: 117821297.0


Phase 4 (routing operators) day 3 ended!
Phase 4 (routing operators) day report:
Current Iteration count: 15
Last iteration time: 0.015631675720214844
Average iteration time: 0.831250206629435
Current score: 117818494.0


Phase 4 (routing operators) day 4 ended!
Phase 4 (routing operators) day report:
Current Iteration count: 16
Last iteration time: 0.031255483627319336
Average iteration time: 0.7812505364418029
Current score: 117818494.0


Phase 4 (routing operators) day 7 ended!
Phase 4 (routing operators) day report:
Current Iteration count: 24
Last iteration time: 0.015620231628417969
Average iteration time: 0.6471355160077413
Current score: 117731190.0


Phase 4 (routing operators) day 8 ended!
Phase 4 (routing operators) day report:
Current Iteration count: 29
Last iteration time: 0.031252145767211914
Average iteration time: 0.6099139904153759
Current score: 117701669.0


Phase 4 (routing operators) day 9 ended!
Phase 4 (routing operators) day report:
Current Iteration count: 34
Last iteration time: 0.01562666893005371
Average iteration time: 0.5528495522106396
Current score: 117638062.0


Phase 4 (routing operators) day 10 ended!
Phase 4 (routing operators) day report:
Current Iteration count: 40
Last iteration time: 0.015625
Average iteration time: 0.4824221014976502
Current score: 117625590.0


Phase 4 (routing operators) day 11 ended!
Phase 4 (routing operators) day report:
Current Iteration count: 41
Last iteration time: 0.04687833786010742
Average iteration time: 0.47179908287234423
Current score: 117625590.0


Phase 4 (routing operators) day 14 ended!
Phase 4 (routing operators) day report:
Current Iteration count: 42
Last iteration time: 0.0
Average iteration time: 0.4605657713753836
Current score: 117625590.0


Phase 4 (routing operators) day 15 ended!
Phase 4 (routing operators) day report:
Current Iteration count: 43
Last iteration time: 0.0
Average iteration time: 0.44985493948293287
Current score: 117625590.0


Phase 4 (routing operators) day 16 ended!
Phase 4 (routing operators) day report:
Current Iteration count: 44
Last iteration time: 0.0
Average iteration time: 0.4396309635855935
Current score: 117625590.0


Phase 4 (routing operators) day 17 ended!
Phase 4 (routing operators) day report:
Current Iteration count: 45
Last iteration time: 0.0
Average iteration time: 0.4298613866170247
Current score: 117625590.0


Phase 4 (routing operators) day 18 ended!
Phase 4 (routing operators) day report:
Current Iteration count: 46
Last iteration time: 0.015625
Average iteration time: 0.4208562477775242
Current score: 117625590.0


Phase 4 (routing operators) day 21 ended!
Phase 4 (routing operators) day report:
Current Iteration count: 47
Last iteration time: 0.0
Average iteration time: 0.4119018595269386
Current score: 117625590.0


Phase 4 (routing operators) day 22 ended!
Phase 4 (routing operators) day report:
Current Iteration count: 48
Last iteration time: 0.0
Average iteration time: 0.403320570786794
Current score: 117625590.0


Phase 4 (routing operators) day 23 ended!
Phase 4 (routing operators) day report:
Current Iteration count: 49
Last iteration time: 0.0
Average iteration time: 0.3950895387299207
Current score: 117625590.0


Phase 4 (routing operators) day 24 ended!
Phase 4 (routing operators) day report:
Current Iteration count: 50
Last iteration time: 0.015627622604370117
Average iteration time: 0.3875003004074097
Current score: 117625590.0


Phase 4 (routing operators) day 25 ended!
Phase 4 (routing operators) day report:
Current Iteration count: 51
Last iteration time: 0.0
Average iteration time: 0.37990225530138205
Current score: 117625590.0


Phase 4 (routing operators) day 28 ended!
Phase 4 (routing operators) day report:
Current Iteration count: 52
Last iteration time: 0.03125143051147461
Average iteration time: 0.37319743174772996
Current score: 117625590.0


Phase 4 (routing operators) day 29 ended!
Phase 4 (routing operators) day report:
Current Iteration count: 55
Last iteration time: 0.0312497615814209
Average iteration time: 0.3650570869445801
Current score: 117619077.0


Phase 4 (routing operators) day 30 ended!
Phase 4 (routing operators) day report:
Current Iteration count: 57
Last iteration time: 0.03125572204589844
Average iteration time: 0.3615683003475792
Current score: 117614101.0


Phase 4 (routing operators) day 31 ended!
Phase 4 (routing operators) day report:
Current Iteration count: 61
Last iteration time: 0.01562356948852539
Average iteration time: 0.34861721757982606
Current score: 117562668.0


Phase 4 (routing operators) day 32 ended!
Phase 4 (routing operators) day report:
Current Iteration count: 67
Last iteration time: 0.0
Average iteration time: 0.3262597233501834
Current score: 117539083.0


Phase 4 (routing operators) day 35 ended!
Phase 4 (routing operators) day report:
Current Iteration count: 68
Last iteration time: 0.01562356948852539
Average iteration time: 0.32169154461692373
Current score: 117539083.0


Phase 4 (routing operators) day 36 ended!
Phase 4 (routing operators) day report:
Current Iteration count: 71
Last iteration time: 0.015625953674316406
Average iteration time: 0.32218345118240577
Current score: 117526745.0


Phase 4 (routing operators) day 37 ended!
Phase 4 (routing operators) day report:
Current Iteration count: 72
Last iteration time: 0.015627145767211914
Average iteration time: 0.3179257247183059
Current score: 117526745.0


Phase 4 (routing operators) day 38 ended!
Phase 4 (routing operators) day report:
Current Iteration count: 77
Last iteration time: 0.0
Average iteration time: 0.29991919344121776
Current score: 117493397.0


Phase 4 (routing operators) day 39 ended!
Phase 4 (routing operators) day report:
Current Iteration count: 85
Last iteration time: 0.0
Average iteration time: 0.27904444862814526
Current score: 117471527.0


Phase 4 (routing operators) day 42 ended!
Phase 4 (routing operators) day report:
Current Iteration count: 86
Last iteration time: 0.0
Average iteration time: 0.27579974573712035
Current score: 117471527.0


Phase 4 (routing operators) day 43 ended!
Phase 4 (routing operators) day report:
Current Iteration count: 87
Last iteration time: 0.0
Average iteration time: 0.2726296337171535
Current score: 117471527.0


Phase 4 (routing operators) day 44 ended!
Phase 4 (routing operators) day report:
Current Iteration count: 88
Last iteration time: 0.0
Average iteration time: 0.26953156969764036
Current score: 117471527.0


Phase 4 (routing operators) day 45 ended!
Phase 4 (routing operators) day report:
Current Iteration count: 89
Last iteration time: 0.015626192092895508
Average iteration time: 0.2666787002863511
Current score: 117471527.0


Phase 4 (routing operators) day 46 ended!
Phase 4 (routing operators) day report:
Current Iteration count: 90
Last iteration time: 0.0
Average iteration time: 0.26371560361650276
Current score: 117471527.0


Phase 4 (routing operators) day 49 ended!
Phase 4 (routing operators) day report:
Current Iteration count: 91
Last iteration time: 0.0
Average iteration time: 0.2608176299503873
Current score: 117471527.0


Phase 4 (routing operators) day 50 ended!
Phase 4 (routing operators) day report:
Current Iteration count: 92
Last iteration time: 0.0
Average iteration time: 0.2579826557117962
Current score: 117471527.0


Phase 4 (routing operators) day 51 ended!
Phase 4 (routing operators) day report:
Current Iteration count: 93
Last iteration time: 0.0
Average iteration time: 0.2552086486611317
Current score: 117471527.0


Phase 4 (routing operators) day 52 ended!
Phase 4 (routing operators) day report:
Current Iteration count: 94
Last iteration time: 0.0
Average iteration time: 0.2524936630370771
Current score: 117471527.0


Phase 4 (routing operators) day 53 ended!
Phase 4 (routing operators) day report:
Current Iteration count: 100
Last iteration time: 0.0
Average iteration time: 0.24078150987625135
Current score: 117383525.0


Phase 4 (routing operators) ended! Current time: 2026-08-09 02:00:26.560771
Phase 4 (routing operators) Report:
Iteration count: 100
Last iteration time: 0.0
Average iteration time: 0.24078150987625135
Current score: 117383525.0


Local search report:
Iteration count: 4 iterations
Last iteration time: 353.34627199172974 seconds
Iteration average time: 360.914243042469 seconds
Current score: 117383525.0

Phase 1 ended! Current time: 2026-08-09 02:00:26.560771
Phase 1 Report:
Iteration count: 1
Last iteration time: 0.0
Average iteration time: 0.0
Current score: 117383525.0


Phase 2 (only move_services) mid-report:
Iteration count: 1
Last iteration time: 0.6718804836273193
Average iteration time: 0.6718804836273193
Current score: 116398775.0


Phase 2 (only move_services) ended! Current time: 2026-08-09 02:01:58.185775
Phase 2 (only move_services) Report:
Iteration count: 33
Last iteration time: 0.40624570846557617
Average iteration time: 2.6553031820239448
Current score: 86290903.0


Phase 3 (using only swap_services) mid-report:
Iteration count: 1
Last iteration time: 0.8593780994415283
Average iteration time: 0.8593780994415283
Current score: 86251383.0


Phase 3 (using only swap_services) ended! Current time: 2026-08-09 02:04:35.873272
Phase 3 (using only swap_services) Report:
Iteration count: 92
Last iteration time: 0.21874713897705078
Average iteration time: 0.9149116666420647
Current score: 85869235.0


Phase 4 (routing operators) mid-report:
Current day: 0
Iteration count: 1
Last iteration time: 11.062499523162842
Average iteration time: 11.062499523162842
Current score: 85868490.0


Phase 4 (routing operators) day 0 ended!
Phase 4 (routing operators) day report:
Current Iteration count: 2
Last iteration time: 0.031246185302734375
Average iteration time: 5.546872854232788
Current score: 85868490.0


Phase 4 (routing operators) day 1 ended!
Phase 4 (routing operators) day report:
Current Iteration count: 8
Last iteration time: 0.015624523162841797
Average iteration time: 1.4667963087558746
Current score: 85856501.0


Phase 4 (routing operators) day 2 ended!
Phase 4 (routing operators) day report:
Current Iteration count: 11
Last iteration time: 0.015626907348632812
Average iteration time: 1.1534073786302048
Current score: 85817241.0


Phase 4 (routing operators) day 3 ended!
Phase 4 (routing operators) day report:
Current Iteration count: 16
Last iteration time: 0.0
Average iteration time: 0.894530326128006
Current score: 85767740.0


Phase 4 (routing operators) day 4 ended!
Phase 4 (routing operators) day report:
Current Iteration count: 17
Last iteration time: 0.0312504768371582
Average iteration time: 0.843749158522662
Current score: 85767740.0


Phase 4 (routing operators) day 7 ended!
Phase 4 (routing operators) day report:
Current Iteration count: 21
Last iteration time: 0.0156252384185791
Average iteration time: 0.7403267451695034
Current score: 85734328.0


Phase 4 (routing operators) day 8 ended!
Phase 4 (routing operators) day report:
Current Iteration count: 27
Last iteration time: 0.01562643051147461
Average iteration time: 0.6458328829871282
Current score: 85700803.0


Phase 4 (routing operators) day 9 ended!
Phase 4 (routing operators) day report:
Current Iteration count: 30
Last iteration time: 0.01563119888305664
Average iteration time: 0.5989579836527503
Current score: 85657517.0


Phase 4 (routing operators) day 10 ended!
Phase 4 (routing operators) day report:
Current Iteration count: 34
Last iteration time: 0.015623092651367188
Average iteration time: 0.5436579269521374
Current score: 85630670.0


Phase 4 (routing operators) day 11 ended!
Phase 4 (routing operators) day report:
Current Iteration count: 35
Last iteration time: 0.0312504768371582
Average iteration time: 0.5290177140917094
Current score: 85630670.0


Phase 4 (routing operators) day 14 ended!
Phase 4 (routing operators) day report:
Current Iteration count: 36
Last iteration time: 0.0
Average iteration time: 0.5143227775891619
Current score: 85630670.0


Phase 4 (routing operators) day 15 ended!
Phase 4 (routing operators) day report:
Current Iteration count: 37
Last iteration time: 0.0
Average iteration time: 0.500422161978644
Current score: 85630670.0


Phase 4 (routing operators) day 16 ended!
Phase 4 (routing operators) day report:
Current Iteration count: 38
Last iteration time: 0.0
Average iteration time: 0.4872531577160481
Current score: 85630670.0


Phase 4 (routing operators) day 17 ended!
Phase 4 (routing operators) day report:
Current Iteration count: 39
Last iteration time: 0.0
Average iteration time: 0.47475948700538023
Current score: 85630670.0


Phase 4 (routing operators) day 18 ended!
Phase 4 (routing operators) day report:
Current Iteration count: 40
Last iteration time: 0.0
Average iteration time: 0.4628904998302457
Current score: 85630670.0


Phase 4 (routing operators) day 21 ended!
Phase 4 (routing operators) day report:
Current Iteration count: 41
Last iteration time: 0.0
Average iteration time: 0.4516004876392641
Current score: 85630670.0


Phase 4 (routing operators) day 22 ended!
Phase 4 (routing operators) day report:
Current Iteration count: 42
Last iteration time: 0.0
Average iteration time: 0.4408480950764245
Current score: 85630670.0


Phase 4 (routing operators) day 23 ended!
Phase 4 (routing operators) day report:
Current Iteration count: 43
Last iteration time: 0.0
Average iteration time: 0.4305958137955774
Current score: 85630670.0


Phase 4 (routing operators) day 24 ended!
Phase 4 (routing operators) day report:
Current Iteration count: 44
Last iteration time: 0.0
Average iteration time: 0.42080954530022335
Current score: 85630670.0


Phase 4 (routing operators) day 25 ended!
Phase 4 (routing operators) day report:
Current Iteration count: 45
Last iteration time: 0.015625953674316406
Average iteration time: 0.41180546548631436
Current score: 85630670.0


Phase 4 (routing operators) day 28 ended!
Phase 4 (routing operators) day report:
Current Iteration count: 46
Last iteration time: 0.031248807907104492
Average iteration time: 0.40353249466937496
Current score: 85630670.0


Phase 4 (routing operators) day 29 ended!
Phase 4 (routing operators) day report:
Current Iteration count: 54
Last iteration time: 0.015627145767211914
Average iteration time: 0.4059605510146527
Current score: 85582735.0


Phase 4 (routing operators) day 30 ended!
Phase 4 (routing operators) day report:
Current Iteration count: 58
Last iteration time: 0.03125262260437012
Average iteration time: 0.3976291171435649
Current score: 85556744.0


Phase 4 (routing operators) day 31 ended!
Phase 4 (routing operators) day report:
Current Iteration count: 63
Last iteration time: 0.0
Average iteration time: 0.3816962204282243
Current score: 85525504.0


Phase 4 (routing operators) day 32 ended!
Phase 4 (routing operators) day report:
Current Iteration count: 70
Last iteration time: 0.015625476837158203
Average iteration time: 0.36406227520533957
Current score: 85495481.0


Phase 4 (routing operators) day 35 ended!
Phase 4 (routing operators) day report:
Current Iteration count: 71
Last iteration time: 0.03125429153442383
Average iteration time: 0.35937483881560833
Current score: 85495481.0


Phase 4 (routing operators) day 36 ended!
Phase 4 (routing operators) day report:
Current Iteration count: 76
Last iteration time: 0.015622377395629883
Average iteration time: 0.3698599683611014
Current score: 85488445.0


Phase 4 (routing operators) day 37 ended!
Phase 4 (routing operators) day report:
Current Iteration count: 79
Last iteration time: 0.03125
Average iteration time: 0.36471488807774766
Current score: 85480992.0


Phase 4 (routing operators) day 38 ended!
Phase 4 (routing operators) day report:
Current Iteration count: 86
Last iteration time: 0.0
Average iteration time: 0.34520322223042305
Current score: 85430114.0


Phase 4 (routing operators) day 39 ended!
Phase 4 (routing operators) day report:
Current Iteration count: 91
Last iteration time: 0.0
Average iteration time: 0.33379100181244203
Current score: 85399128.0


Phase 4 (routing operators) day 42 ended!
Phase 4 (routing operators) day report:
Current Iteration count: 92
Last iteration time: 0.0
Average iteration time: 0.33016283874926333
Current score: 85399128.0


Phase 4 (routing operators) day 43 ended!
Phase 4 (routing operators) day report:
Current Iteration count: 93
Last iteration time: 0.0
Average iteration time: 0.326612700698196
Current score: 85399128.0


Phase 4 (routing operators) day 44 ended!
Phase 4 (routing operators) day report:
Current Iteration count: 94
Last iteration time: 0.0
Average iteration time: 0.323138097499279
Current score: 85399128.0


Phase 4 (routing operators) day 45 ended!
Phase 4 (routing operators) day report:
Current Iteration count: 95
Last iteration time: 0.0
Average iteration time: 0.3197366438413919
Current score: 85399128.0


Phase 4 (routing operators) day 46 ended!
Phase 4 (routing operators) day report:
Current Iteration count: 96
Last iteration time: 0.0
Average iteration time: 0.3164060538013774
Current score: 85399128.0


Phase 4 (routing operators) day 49 ended!
Phase 4 (routing operators) day report:
Current Iteration count: 97
Last iteration time: 0.0
Average iteration time: 0.31314413572095084
Current score: 85399128.0


Phase 4 (routing operators) day 50 ended!
Phase 4 (routing operators) day report:
Current Iteration count: 98
Last iteration time: 0.0
Average iteration time: 0.30994878739726767
Current score: 85399128.0


Phase 4 (routing operators) day 51 ended!
Phase 4 (routing operators) day report:
Current Iteration count: 99
Last iteration time: 0.015620231628417969
Average iteration time: 0.3069757716824308
Current score: 85399128.0


Phase 4 (routing operators) day 52 ended!
Phase 4 (routing operators) day report:
Current Iteration count: 100
Last iteration time: 0.0
Average iteration time: 0.30390601396560646
Current score: 85399128.0


Phase 4 (routing operators) day 53 ended!
Phase 4 (routing operators) day report:
Current Iteration count: 105
Last iteration time: 0.0
Average iteration time: 0.2946426255362372
Current score: 85393310.0


Phase 4 (routing operators) ended! Current time: 2026-08-09 02:05:32.795150
Phase 4 (routing operators) Report:
Iteration count: 105
Last iteration time: 0.0
Average iteration time: 0.2946426255362372
Current score: 85393310.0


Local search report:
Iteration count: 5 iterations
Last iteration time: 306.2343792915344 seconds
Iteration average time: 349.9782702922821 seconds
Current score: 85393310.0

Phase 1 ended! Current time: 2026-08-09 02:05:32.810775
Phase 1 Report:
Iteration count: 1
Last iteration time: 0.0
Average iteration time: 0.0
Current score: 85393310.0


Phase 2 (only move_services) mid-report:
Iteration count: 1
Last iteration time: 0.953122615814209
Average iteration time: 0.953122615814209
Current score: 84419234.0


Phase 2 (only move_services) ended! Current time: 2026-08-09 02:06:47.721369
Phase 2 (only move_services) Report:
Iteration count: 31
Last iteration time: 0.4062478542327881
Average iteration time: 2.2839102745056152
Current score: 56390729.0


Phase 3 (using only swap_services) mid-report:
Iteration count: 1
Last iteration time: 0.8906192779541016
Average iteration time: 0.8906192779541016
Current score: 56359078.0


Phase 3 (using only swap_services) ended! Current time: 2026-08-09 02:10:02.783868
Phase 3 (using only swap_services) Report:
Iteration count: 130
Last iteration time: 0.2500007152557373
Average iteration time: 0.9282451574619001
Current score: 56100329.0


Phase 4 (routing operators) mid-report:
Current day: 0
Iteration count: 1
Last iteration time: 0.046887874603271484
Average iteration time: 0.046887874603271484
Current score: 56100329.0


Phase 4 (routing operators) day 0 ended!
Phase 4 (routing operators) day report:
Current Iteration count: 1
Last iteration time: 0.046887874603271484
Average iteration time: 0.046887874603271484
Current score: 56100329.0


Phase 4 (routing operators) day 1 ended!
Phase 4 (routing operators) day report:
Current Iteration count: 5
Last iteration time: 0.0156252384185791
Average iteration time: 0.10312790870666505
Current score: 56090481.0


Phase 4 (routing operators) day 2 ended!
Phase 4 (routing operators) day report:
Current Iteration count: 14
Last iteration time: 0.01562643051147461
Average iteration time: 0.3515640326908656
Current score: 55981524.0


Phase 4 (routing operators) day 3 ended!
Phase 4 (routing operators) day report:
Current Iteration count: 17
Last iteration time: 0.015628576278686523
Average iteration time: 0.3336409119998707
Current score: 55979538.0


Phase 4 (routing operators) day 4 ended!
Phase 4 (routing operators) day report:
Current Iteration count: 18
Last iteration time: 0.0
Average iteration time: 0.3151053057776557
Current score: 55979538.0


Phase 4 (routing operators) day 7 ended!
Phase 4 (routing operators) day report:
Current Iteration count: 21
Last iteration time: 0.01563119888305664
Average iteration time: 0.31622144154139925
Current score: 55978682.0


Phase 4 (routing operators) day 8 ended!
Phase 4 (routing operators) day report:
Current Iteration count: 25
Last iteration time: 0.0
Average iteration time: 0.3143758678436279
Current score: 55966677.0


Phase 4 (routing operators) day 9 ended!
Phase 4 (routing operators) day report:
Current Iteration count: 29
Last iteration time: 0.0156252384185791
Average iteration time: 0.30819028821484795
Current score: 55950224.0


Phase 4 (routing operators) day 10 ended!
Phase 4 (routing operators) day report:
Current Iteration count: 36
Last iteration time: 0.01562786102294922
Average iteration time: 0.2873270114262898
Current score: 55892754.0


Phase 4 (routing operators) day 11 ended!
Phase 4 (routing operators) day report:
Current Iteration count: 37
Last iteration time: 0.03125429153442383
Average iteration time: 0.280406127104888
Current score: 55892754.0


Phase 4 (routing operators) day 14 ended!
Phase 4 (routing operators) day report:
Current Iteration count: 38
Last iteration time: 0.0
Average iteration time: 0.2730270184968646
Current score: 55892754.0


Phase 4 (routing operators) day 15 ended!
Phase 4 (routing operators) day report:
Current Iteration count: 39
Last iteration time: 0.0
Average iteration time: 0.26602632571489376
Current score: 55892754.0


Phase 4 (routing operators) day 16 ended!
Phase 4 (routing operators) day report:
Current Iteration count: 40
Last iteration time: 0.0
Average iteration time: 0.25937566757202146
Current score: 55892754.0


Phase 4 (routing operators) day 17 ended!
Phase 4 (routing operators) day report:
Current Iteration count: 41
Last iteration time: 0.0
Average iteration time: 0.25304943177758193
Current score: 55892754.0


Phase 4 (routing operators) day 18 ended!
Phase 4 (routing operators) day report:
Current Iteration count: 42
Last iteration time: 0.0
Average iteration time: 0.24702444530668713
Current score: 55892754.0


Phase 4 (routing operators) day 21 ended!
Phase 4 (routing operators) day report:
Current Iteration count: 43
Last iteration time: 0.0
Average iteration time: 0.24127969076467115
Current score: 55892754.0


Phase 4 (routing operators) day 22 ended!
Phase 4 (routing operators) day report:
Current Iteration count: 44
Last iteration time: 0.0
Average iteration time: 0.23579606142911044
Current score: 55892754.0


Phase 4 (routing operators) day 23 ended!
Phase 4 (routing operators) day report:
Current Iteration count: 45
Last iteration time: 0.0
Average iteration time: 0.230556148952908
Current score: 55892754.0


Phase 4 (routing operators) day 24 ended!
Phase 4 (routing operators) day report:
Current Iteration count: 46
Last iteration time: 0.0
Average iteration time: 0.22554405875827954
Current score: 55892754.0


Phase 4 (routing operators) day 25 ended!
Phase 4 (routing operators) day report:
Current Iteration count: 47
Last iteration time: 0.0156252384185791
Average iteration time: 0.22107770087871145
Current score: 55892754.0


Phase 4 (routing operators) day 28 ended!
Phase 4 (routing operators) day report:
Current Iteration count: 48
Last iteration time: 0.015625953674316406
Average iteration time: 0.21679745614528656
Current score: 55892754.0


Phase 4 (routing operators) day 29 ended!
Phase 4 (routing operators) day report:
Current Iteration count: 56
Last iteration time: 0.015627622604370117
Average iteration time: 0.23911892942019877
Current score: 55822489.0


Phase 4 (routing operators) day 30 ended!
Phase 4 (routing operators) day report:
Current Iteration count: 62
Last iteration time: 0.015625715255737305
Average iteration time: 0.24067594543580093
Current score: 55776949.0


Phase 4 (routing operators) day 31 ended!
Phase 4 (routing operators) day report:
Current Iteration count: 67
Last iteration time: 0.01562190055847168
Average iteration time: 0.2430042508822769
Current score: 55676494.0


Phase 4 (routing operators) day 32 ended!
Phase 4 (routing operators) day report:
Current Iteration count: 73
Last iteration time: 0.015625715255737305
Average iteration time: 0.24058266535197223
Current score: 55610200.0


Phase 4 (routing operators) day 35 ended!
Phase 4 (routing operators) day report:
Current Iteration count: 74
Last iteration time: 0.04687666893005371
Average iteration time: 0.23796501675167603
Current score: 55610200.0


Phase 4 (routing operators) day 36 ended!
Phase 4 (routing operators) day report:
Current Iteration count: 79
Last iteration time: 0.015624284744262695
Average iteration time: 0.25217604335350335
Current score: 55585052.0


Phase 4 (routing operators) day 37 ended!
Phase 4 (routing operators) day report:
Current Iteration count: 85
Last iteration time: 0.015624284744262695
Average iteration time: 0.24687541512882014
Current score: 55498266.0


Phase 4 (routing operators) day 38 ended!
Phase 4 (routing operators) day report:
Current Iteration count: 91
Last iteration time: 0.0
Average iteration time: 0.2402132605458354
Current score: 55414309.0


Phase 4 (routing operators) day 39 ended!
Phase 4 (routing operators) day report:
Current Iteration count: 96
Last iteration time: 0.0
Average iteration time: 0.23714226235946015
Current score: 55367234.0


Phase 4 (routing operators) day 42 ended!
Phase 4 (routing operators) day report:
Current Iteration count: 97
Last iteration time: 0.0
Average iteration time: 0.2346974967681255
Current score: 55367234.0


Phase 4 (routing operators) day 43 ended!
Phase 4 (routing operators) day report:
Current Iteration count: 98
Last iteration time: 0.015626907348632812
Average iteration time: 0.2324620825903756
Current score: 55367234.0


Phase 4 (routing operators) day 44 ended!
Phase 4 (routing operators) day report:
Current Iteration count: 99
Last iteration time: 0.0
Average iteration time: 0.23011398074602837
Current score: 55367234.0


Phase 4 (routing operators) day 45 ended!
Phase 4 (routing operators) day report:
Current Iteration count: 100
Last iteration time: 0.0
Average iteration time: 0.22781284093856807
Current score: 55367234.0


Phase 4 (routing operators) day 46 ended!
Phase 4 (routing operators) day report:
Current Iteration count: 101
Last iteration time: 0.0
Average iteration time: 0.225557268256008
Current score: 55367234.0


Phase 4 (routing operators) day 49 ended!
Phase 4 (routing operators) day report:
Current Iteration count: 102
Last iteration time: 0.0
Average iteration time: 0.22334592248879223
Current score: 55367234.0


Phase 4 (routing operators) day 50 ended!
Phase 4 (routing operators) day report:
Current Iteration count: 103
Last iteration time: 0.0
Average iteration time: 0.22117751547433795
Current score: 55367234.0


Phase 4 (routing operators) day 51 ended!
Phase 4 (routing operators) day report:
Current Iteration count: 104
Last iteration time: 0.015629291534423828
Average iteration time: 0.21920109024414644
Current score: 55367234.0


Phase 4 (routing operators) day 52 ended!
Phase 4 (routing operators) day report:
Current Iteration count: 105
Last iteration time: 0.0
Average iteration time: 0.21711346081324978
Current score: 55367234.0


Phase 4 (routing operators) day 53 ended!
Phase 4 (routing operators) day report:
Current Iteration count: 107
Last iteration time: 0.0
Average iteration time: 0.21436951762047876
Current score: 55329430.0


Phase 4 (routing operators) ended! Current time: 2026-08-09 02:10:52.018241
Phase 4 (routing operators) Report:
Iteration count: 107
Last iteration time: 0.0
Average iteration time: 0.21436951762047876
Current score: 55329430.0


Local search report:
Iteration count: 6 iterations
Last iteration time: 319.2230911254883 seconds
Iteration average time: 344.85240709781647 seconds
Current score: 55329430.0

Phase 1 ended! Current time: 2026-08-09 02:10:52.018241
Phase 1 Report:
Iteration count: 1
Last iteration time: 0.0
Average iteration time: 0.0
Current score: 55329430.0


Phase 2 (only move_services) mid-report:
Iteration count: 1
Last iteration time: 0.7500066757202148
Average iteration time: 0.7500066757202148
Current score: 54359120.0


Phase 2 (only move_services) ended! Current time: 2026-08-09 02:12:26.065113
Phase 2 (only move_services) Report:
Iteration count: 39
Last iteration time: 0.24999594688415527
Average iteration time: 2.292868559177105
Current score: 18840798.0


Phase 3 (using only swap_services) mid-report:
Iteration count: 1
Last iteration time: 0.8906238079071045
Average iteration time: 0.8906238079071045
Current score: 18809244.0


Phase 3 (using only swap_services) ended! Current time: 2026-08-09 02:15:00.611994
Phase 3 (using only swap_services) Report:
Iteration count: 91
Last iteration time: 0.2499990463256836
Average iteration time: 0.8780906593406593
Current score: 18424681.0


Phase 4 (routing operators) mid-report:
Current day: 0
Iteration count: 1
Last iteration time: 0.031250715255737305
Average iteration time: 0.031250715255737305
Current score: 18424681.0


Phase 4 (routing operators) day 0 ended!
Phase 4 (routing operators) day report:
Current Iteration count: 1
Last iteration time: 0.031250715255737305
Average iteration time: 0.031250715255737305
Current score: 18424681.0


Phase 4 (routing operators) day 1 ended!
Phase 4 (routing operators) day report:
Current Iteration count: 5
Last iteration time: 0.031249046325683594
Average iteration time: 0.13124990463256836
Current score: 18345282.0


Phase 4 (routing operators) day 2 ended!
Phase 4 (routing operators) day report:
Current Iteration count: 14
Last iteration time: 0.015622854232788086
Average iteration time: 0.2868298803056989
Current score: 18324526.0


Phase 4 (routing operators) day 3 ended!
Phase 4 (routing operators) day report:
Current Iteration count: 17
Last iteration time: 0.015624761581420898
Average iteration time: 0.28033030734342684
Current score: 18258078.0


Phase 4 (routing operators) day 4 ended!
Phase 4 (routing operators) day report:
Current Iteration count: 18
Last iteration time: 0.0
Average iteration time: 0.2647564013799031
Current score: 18258078.0


Phase 4 (routing operators) day 7 ended!
Phase 4 (routing operators) day report:
Current Iteration count: 25
Last iteration time: 0.0
Average iteration time: 0.2812494087219238
Current score: 18139690.0


Phase 4 (routing operators) day 8 ended!
Phase 4 (routing operators) day report:
Current Iteration count: 29
Last iteration time: 0.03125572204589844
Average iteration time: 0.28071087804333905
Current score: 18098582.0


Phase 4 (routing operators) day 9 ended!
Phase 4 (routing operators) day report:
Current Iteration count: 33
Last iteration time: 0.01562356948852539
Average iteration time: 0.26657166625514156
Current score: 17985805.0


Phase 4 (routing operators) day 10 ended!
Phase 4 (routing operators) day report:
Current Iteration count: 38
Last iteration time: 0.0
Average iteration time: 0.2623354008323266
Current score: 17886688.0


Phase 4 (routing operators) day 11 ended!
Phase 4 (routing operators) day report:
Current Iteration count: 42
Last iteration time: 0.0468752384185791
Average iteration time: 0.31398795332227425
Current score: 17886414.0


Phase 4 (routing operators) day 14 ended!
Phase 4 (routing operators) day report:
Current Iteration count: 43
Last iteration time: 0.0
Average iteration time: 0.30668590789617484
Current score: 17886414.0


Phase 4 (routing operators) day 15 ended!
Phase 4 (routing operators) day report:
Current Iteration count: 44
Last iteration time: 0.0
Average iteration time: 0.2997157736258072
Current score: 17886414.0


Phase 4 (routing operators) day 16 ended!
Phase 4 (routing operators) day report:
Current Iteration count: 45
Last iteration time: 0.015625953674316406
Average iteration time: 0.29340266651577407
Current score: 17886414.0


Phase 4 (routing operators) day 17 ended!
Phase 4 (routing operators) day report:
Current Iteration count: 46
Last iteration time: 0.0
Average iteration time: 0.2870243476784746
Current score: 17886414.0


Phase 4 (routing operators) day 18 ended!
Phase 4 (routing operators) day report:
Current Iteration count: 47
Last iteration time: 0.0
Average iteration time: 0.28091744666403895
Current score: 17886414.0


Phase 4 (routing operators) day 21 ended!
Phase 4 (routing operators) day report:
Current Iteration count: 48
Last iteration time: 0.0
Average iteration time: 0.2750649998585381
Current score: 17886414.0


Phase 4 (routing operators) day 22 ended!
Phase 4 (routing operators) day report:
Current Iteration count: 49
Last iteration time: 0.0
Average iteration time: 0.26945142843285363
Current score: 17886414.0


Phase 4 (routing operators) day 23 ended!
Phase 4 (routing operators) day report:
Current Iteration count: 50
Last iteration time: 0.0
Average iteration time: 0.26406239986419655
Current score: 17886414.0


Phase 4 (routing operators) day 24 ended!
Phase 4 (routing operators) day report:
Current Iteration count: 51
Last iteration time: 0.01562809944152832
Average iteration time: 0.2591911390715952
Current score: 17886414.0


Phase 4 (routing operators) day 25 ended!
Phase 4 (routing operators) day report:
Current Iteration count: 52
Last iteration time: 0.0
Average iteration time: 0.2542066940894491
Current score: 17886414.0


Phase 4 (routing operators) day 28 ended!
Phase 4 (routing operators) day report:
Current Iteration count: 53
Last iteration time: 0.03125190734863281
Average iteration time: 0.24999999999999975
Current score: 17886414.0


Phase 4 (routing operators) day 29 ended!
Phase 4 (routing operators) day report:
Current Iteration count: 58
Last iteration time: 0.015624284744262695
Average iteration time: 0.24649785304891625
Current score: 17881805.0


Phase 4 (routing operators) day 30 ended!
Phase 4 (routing operators) day report:
Current Iteration count: 64
Last iteration time: 0.01563262939453125
Average iteration time: 0.25219738110899903
Current score: 17844656.0


Phase 4 (routing operators) day 31 ended!
Phase 4 (routing operators) day report:
Current Iteration count: 70
Last iteration time: 0.01562666893005371
Average iteration time: 0.25491075515747047
Current score: 17753843.0


Phase 4 (routing operators) day 32 ended!
Phase 4 (routing operators) day report:
Current Iteration count: 74
Last iteration time: 0.0312504768371582
Average iteration time: 0.2491554472897501
Current score: 17714135.0


Phase 4 (routing operators) day 35 ended!
Phase 4 (routing operators) day report:
Current Iteration count: 78
Last iteration time: 0.031246662139892578
Average iteration time: 0.27684297928443297
Current score: 17713861.0


Phase 4 (routing operators) day 36 ended!
Phase 4 (routing operators) day report:
Current Iteration count: 83
Last iteration time: 0.015623807907104492
Average iteration time: 0.2900978800762128
Current score: 17709551.0


Phase 4 (routing operators) day 37 ended!
Phase 4 (routing operators) day report:
Current Iteration count: 86
Last iteration time: 0.01562666893005371
Average iteration time: 0.28524708193401926
Current score: 17668008.0


Phase 4 (routing operators) day 38 ended!
Phase 4 (routing operators) day report:
Current Iteration count: 92
Last iteration time: 0.01562786102294922
Average iteration time: 0.28091036495955074
Current score: 17587600.0


Phase 4 (routing operators) day 39 ended!
Phase 4 (routing operators) day report:
Current Iteration count: 97
Last iteration time: 0.0
Average iteration time: 0.2796392612850541
Current score: 17493885.0


Phase 4 (routing operators) day 42 ended!
Phase 4 (routing operators) day report:
Current Iteration count: 98
Last iteration time: 0.0
Average iteration time: 0.27678579943520665
Current score: 17493885.0


Phase 4 (routing operators) day 43 ended!
Phase 4 (routing operators) day report:
Current Iteration count: 99
Last iteration time: 0.01562976837158203
Average iteration time: 0.2741478597274933
Current score: 17493885.0


Phase 4 (routing operators) day 44 ended!
Phase 4 (routing operators) day report:
Current Iteration count: 100
Last iteration time: 0.0
Average iteration time: 0.27140638113021837
Current score: 17493885.0


Phase 4 (routing operators) day 45 ended!
Phase 4 (routing operators) day report:
Current Iteration count: 101
Last iteration time: 0.0
Average iteration time: 0.26871918923783994
Current score: 17493885.0


Phase 4 (routing operators) day 46 ended!
Phase 4 (routing operators) day report:
Current Iteration count: 102
Last iteration time: 0.0
Average iteration time: 0.26608468738256696
Current score: 17493885.0


Phase 4 (routing operators) day 49 ended!
Phase 4 (routing operators) day report:
Current Iteration count: 103
Last iteration time: 0.0
Average iteration time: 0.26350134090312455
Current score: 17493885.0


Phase 4 (routing operators) day 50 ended!
Phase 4 (routing operators) day report:
Current Iteration count: 104
Last iteration time: 0.0
Average iteration time: 0.26096767416367145
Current score: 17493885.0


Phase 4 (routing operators) day 51 ended!
Phase 4 (routing operators) day report:
Current Iteration count: 105
Last iteration time: 0.0
Average iteration time: 0.25848226774306504
Current score: 17493885.0


Phase 4 (routing operators) day 52 ended!
Phase 4 (routing operators) day report:
Current Iteration count: 106
Last iteration time: 0.0
Average iteration time: 0.2560437557832248
Current score: 17493885.0


Phase 4 (routing operators) day 53 ended!
Phase 4 (routing operators) day report:
Current Iteration count: 117
Last iteration time: 0.0
Average iteration time: 0.2517361905839706
Current score: 17348792.0


Phase 4 (routing operators) ended! Current time: 2026-08-09 02:15:57.096364
Phase 4 (routing operators) Report:
Iteration count: 117
Last iteration time: 0.0
Average iteration time: 0.2517361905839706
Current score: 17348792.0


Local search report:
Iteration count: 7 iterations
Last iteration time: 305.0781226158142 seconds
Iteration average time: 339.1703664575304 seconds
Current score: 17348792.0

Phase 1 ended! Current time: 2026-08-09 02:15:57.096364
Phase 1 Report:
Iteration count: 1
Last iteration time: 0.0
Average iteration time: 0.0
Current score: 17348792.0


Phase 2 (only move_services) mid-report:
Iteration count: 1
Last iteration time: 4.812500476837158
Average iteration time: 4.812500476837158
Current score: 16384876.0


Phase 2 (only move_services) ended! Current time: 2026-08-09 02:16:18.252621
Phase 2 (only move_services) Report:
Iteration count: 9
Last iteration time: 0.1718759536743164
Average iteration time: 1.8906252914004855
Current score: 9734679.0


Phase 3 (using only swap_services) mid-report:
Iteration count: 1
Last iteration time: 1.0000033378601074
Average iteration time: 1.0000033378601074
Current score: 9720091.0


Phase 3 (using only swap_services) ended! Current time: 2026-08-09 02:18:31.822902
Phase 3 (using only swap_services) Report:
Iteration count: 62
Last iteration time: 0.20312142372131348
Average iteration time: 0.9182556213871123
Current score: 9428667.0


Phase 4 (routing operators) mid-report:
Current day: 0
Iteration count: 1
Last iteration time: 0.031252145767211914
Average iteration time: 0.031252145767211914
Current score: 9428667.0


Phase 4 (routing operators) day 0 ended!
Phase 4 (routing operators) day report:
Current Iteration count: 1
Last iteration time: 0.031252145767211914
Average iteration time: 0.031252145767211914
Current score: 9428667.0


Phase 4 (routing operators) day 1 ended!
Phase 4 (routing operators) day report:
Current Iteration count: 3
Last iteration time: 0.015625715255737305
Average iteration time: 0.07291777928670247
Current score: 9390719.0


Phase 4 (routing operators) day 2 ended!
Phase 4 (routing operators) day report:
Current Iteration count: 5
Last iteration time: 0.0
Average iteration time: 0.13125190734863282
Current score: 9359239.0


Phase 4 (routing operators) day 3 ended!
Phase 4 (routing operators) day report:
Current Iteration count: 6
Last iteration time: 0.01562356948852539
Average iteration time: 0.11198051770528158
Current score: 9359239.0


Phase 4 (routing operators) day 4 ended!
Phase 4 (routing operators) day report:
Current Iteration count: 7
Last iteration time: 0.015632152557373047
Average iteration time: 0.09821646554129464
Current score: 9359239.0


Phase 4 (routing operators) day 7 ended!
Phase 4 (routing operators) day report:
Current Iteration count: 9
Last iteration time: 0.015624523162841797
Average iteration time: 0.1215295261806912
Current score: 9357767.0


Phase 4 (routing operators) day 8 ended!
Phase 4 (routing operators) day report:
Current Iteration count: 11
Last iteration time: 0.015623331069946289
Average iteration time: 0.12500151720913974
Current score: 9356295.0


Phase 4 (routing operators) day 9 ended!
Phase 4 (routing operators) day report:
Current Iteration count: 14
Last iteration time: 0.015624761581420898
Average iteration time: 0.15401932171412877
Current score: 9351005.0


Phase 4 (routing operators) day 10 ended!
Phase 4 (routing operators) day report:
Current Iteration count: 15
Last iteration time: 0.015625476837158203
Average iteration time: 0.1447930653889974
Current score: 9351005.0


Phase 4 (routing operators) day 11 ended!
Phase 4 (routing operators) day report:
Current Iteration count: 16
Last iteration time: 0.015625715255737305
Average iteration time: 0.13672010600566864
Current score: 9351005.0


Phase 4 (routing operators) day 14 ended!
Phase 4 (routing operators) day report:
Current Iteration count: 17
Last iteration time: 0.015620708465576172
Average iteration time: 0.12959661203272202
Current score: 9351005.0


Phase 4 (routing operators) day 15 ended!
Phase 4 (routing operators) day report:
Current Iteration count: 18
Last iteration time: 0.0
Average iteration time: 0.12239680025312635
Current score: 9351005.0


Phase 4 (routing operators) day 16 ended!
Phase 4 (routing operators) day report:
Current Iteration count: 19
Last iteration time: 0.0
Average iteration time: 0.11595486339769866
Current score: 9351005.0


Phase 4 (routing operators) day 17 ended!
Phase 4 (routing operators) day report:
Current Iteration count: 20
Last iteration time: 0.0
Average iteration time: 0.11015712022781372
Current score: 9351005.0


Phase 4 (routing operators) day 18 ended!
Phase 4 (routing operators) day report:
Current Iteration count: 21
Last iteration time: 0.0
Average iteration time: 0.1049115430741083
Current score: 9351005.0


Phase 4 (routing operators) day 21 ended!
Phase 4 (routing operators) day report:
Current Iteration count: 22
Last iteration time: 0.0
Average iteration time: 0.10014283657073975
Current score: 9351005.0


Phase 4 (routing operators) day 22 ended!
Phase 4 (routing operators) day report:
Current Iteration count: 23
Last iteration time: 0.0
Average iteration time: 0.09578880019809889
Current score: 9351005.0


Phase 4 (routing operators) day 23 ended!
Phase 4 (routing operators) day report:
Current Iteration count: 24
Last iteration time: 0.0
Average iteration time: 0.09179760018984477
Current score: 9351005.0


Phase 4 (routing operators) day 24 ended!
Phase 4 (routing operators) day report:
Current Iteration count: 25
Last iteration time: 0.0
Average iteration time: 0.08812569618225098
Current score: 9351005.0


Phase 4 (routing operators) day 25 ended!
Phase 4 (routing operators) day report:
Current Iteration count: 26
Last iteration time: 0.0
Average iteration time: 0.08473624632908748
Current score: 9351005.0


Phase 4 (routing operators) day 28 ended!
Phase 4 (routing operators) day report:
Current Iteration count: 27
Last iteration time: 0.031249284744262695
Average iteration time: 0.08275524775187175
Current score: 9351005.0


Phase 4 (routing operators) day 29 ended!
Phase 4 (routing operators) day report:
Current Iteration count: 32
Last iteration time: 0.015621423721313477
Average iteration time: 0.11230519413948058
Current score: 9340617.0


Phase 4 (routing operators) day 30 ended!
Phase 4 (routing operators) day report:
Current Iteration count: 33
Last iteration time: 0.0
Average iteration time: 0.1089020064382842
Current score: 9340617.0


Phase 4 (routing operators) day 31 ended!
Phase 4 (routing operators) day report:
Current Iteration count: 35
Last iteration time: 0.015627145767211914
Average iteration time: 0.1116077491215297
Current score: 9335721.0


Phase 4 (routing operators) day 32 ended!
Phase 4 (routing operators) day report:
Current Iteration count: 37
Last iteration time: 0.031262874603271484
Average iteration time: 0.11486562522681981
Current score: 9330715.0


Phase 4 (routing operators) day 35 ended!
Phase 4 (routing operators) day report:
Current Iteration count: 38
Last iteration time: 0.03125262260437012
Average iteration time: 0.11266528305254482
Current score: 9330715.0


Phase 4 (routing operators) day 36 ended!
Phase 4 (routing operators) day report:
Current Iteration count: 40
Last iteration time: 0.0
Average iteration time: 0.11640697121620176
Current score: 9329661.0


Phase 4 (routing operators) day 37 ended!
Phase 4 (routing operators) day report:
Current Iteration count: 42
Last iteration time: 0.01562666893005371
Average iteration time: 0.1145840940021333
Current score: 9327891.0


Phase 4 (routing operators) day 38 ended!
Phase 4 (routing operators) day report:
Current Iteration count: 44
Last iteration time: 0.015620231628417969
Average iteration time: 0.11896380511197177
Current score: 9326508.0


Phase 4 (routing operators) day 39 ended!
Phase 4 (routing operators) day report:
Current Iteration count: 45
Last iteration time: 0.015621185302734375
Average iteration time: 0.11666730244954428
Current score: 9326508.0


Phase 4 (routing operators) day 42 ended!
Phase 4 (routing operators) day report:
Current Iteration count: 46
Last iteration time: 0.0
Average iteration time: 0.1141310567441194
Current score: 9326508.0


Phase 4 (routing operators) day 43 ended!
Phase 4 (routing operators) day report:
Current Iteration count: 47
Last iteration time: 0.0
Average iteration time: 0.11170273638786153
Current score: 9326508.0


Phase 4 (routing operators) day 44 ended!
Phase 4 (routing operators) day report:
Current Iteration count: 48
Last iteration time: 0.0
Average iteration time: 0.10937559604644775
Current score: 9326508.0


Phase 4 (routing operators) day 45 ended!
Phase 4 (routing operators) day report:
Current Iteration count: 49
Last iteration time: 0.0
Average iteration time: 0.10714344102509167
Current score: 9326508.0


Phase 4 (routing operators) day 46 ended!
Phase 4 (routing operators) day report:
Current Iteration count: 50
Last iteration time: 0.0
Average iteration time: 0.10500057220458985
Current score: 9326508.0


Phase 4 (routing operators) day 49 ended!
Phase 4 (routing operators) day report:
Current Iteration count: 51
Last iteration time: 0.0
Average iteration time: 0.10294173745548024
Current score: 9326508.0


Phase 4 (routing operators) day 50 ended!
Phase 4 (routing operators) day report:
Current Iteration count: 52
Last iteration time: 0.0
Average iteration time: 0.10096208865825947
Current score: 9326508.0


Phase 4 (routing operators) day 51 ended!
Phase 4 (routing operators) day report:
Current Iteration count: 53
Last iteration time: 0.0
Average iteration time: 0.0990571435892357
Current score: 9326508.0


Phase 4 (routing operators) day 52 ended!
Phase 4 (routing operators) day report:
Current Iteration count: 54
Last iteration time: 0.0
Average iteration time: 0.09722275204128689
Current score: 9326508.0


Phase 4 (routing operators) day 53 ended!
Phase 4 (routing operators) day report:
Current Iteration count: 56
Last iteration time: 0.01561880111694336
Average iteration time: 0.09821475403649466
Current score: 9323826.0


Phase 4 (routing operators) ended! Current time: 2026-08-09 02:19:04.276028
Phase 4 (routing operators) Report:
Iteration count: 56
Last iteration time: 0.01561880111694336
Average iteration time: 0.09821475403649466
Current score: 9323826.0


Local search report:
Iteration count: 8 iterations
Last iteration time: 187.17966437339783 seconds
Iteration average time: 320.17152869701385 seconds
Current score: 9323826.0

Phase 1 ended! Current time: 2026-08-09 02:19:04.276028
Phase 1 Report:
Iteration count: 1
Last iteration time: 0.0
Average iteration time: 0.0
Current score: 9323826.0


Phase 2 (only move_services) mid-report:
Iteration count: 1
Last iteration time: 0.23437047004699707
Average iteration time: 0.23437047004699707
Current score: 9323826.0


Phase 2 (only move_services) ended! Current time: 2026-08-09 02:19:08.822901
Phase 2 (only move_services) Report:
Iteration count: 1
Last iteration time: 0.23437047004699707
Average iteration time: 0.23437047004699707
Current score: 9323826.0


Phase 3 (using only swap_services) mid-report:
Iteration count: 1
Last iteration time: 1.0781276226043701
Average iteration time: 1.0781276226043701
Current score: 9323145.0


Phase 3 (using only swap_services) ended! Current time: 2026-08-09 02:21:12.822905
Phase 3 (using only swap_services) Report:
Iteration count: 49
Last iteration time: 0.2187488079071045
Average iteration time: 0.9540816764442288
Current score: 9316171.0


Phase 4 (routing operators) mid-report:
Current day: 0
Iteration count: 1
Last iteration time: 0.0312502384185791
Average iteration time: 0.0312502384185791
Current score: 9316171.0


Phase 4 (routing operators) day 0 ended!
Phase 4 (routing operators) day report:
Current Iteration count: 1
Last iteration time: 0.0312502384185791
Average iteration time: 0.0312502384185791
Current score: 9316171.0


Phase 4 (routing operators) day 1 ended!
Phase 4 (routing operators) day report:
Current Iteration count: 2
Last iteration time: 0.015628576278686523
Average iteration time: 0.023439407348632812
Current score: 9316171.0


Phase 4 (routing operators) day 2 ended!
Phase 4 (routing operators) day report:
Current Iteration count: 5
Last iteration time: 0.0
Average iteration time: 0.1718738079071045
Current score: 9309544.0


Phase 4 (routing operators) day 3 ended!
Phase 4 (routing operators) day report:
Current Iteration count: 6
Last iteration time: 0.015626192092895508
Average iteration time: 0.14583253860473633
Current score: 9309544.0


Phase 4 (routing operators) day 4 ended!
Phase 4 (routing operators) day report:
Current Iteration count: 8
Last iteration time: 0.03125357627868652
Average iteration time: 0.49023428559303284
Current score: 9309542.0


Phase 4 (routing operators) day 7 ended!
Phase 4 (routing operators) day report:
Current Iteration count: 11
Last iteration time: 0.0
Average iteration time: 0.4460230957378041
Current score: 9308521.0


Phase 4 (routing operators) day 8 ended!
Phase 4 (routing operators) day report:
Current Iteration count: 12
Last iteration time: 0.03125119209289551
Average iteration time: 0.41145877043406165
Current score: 9308521.0


Phase 4 (routing operators) day 9 ended!
Phase 4 (routing operators) day report:
Current Iteration count: 13
Last iteration time: 0.0
Average iteration time: 0.37980809578528774
Current score: 9308521.0


Phase 4 (routing operators) day 10 ended!
Phase 4 (routing operators) day report:
Current Iteration count: 14
Last iteration time: 0.015624284744262695
Average iteration time: 0.3537949664252145
Current score: 9308521.0


Phase 4 (routing operators) day 11 ended!
Phase 4 (routing operators) day report:
Current Iteration count: 15
Last iteration time: 0.03125405311584473
Average iteration time: 0.3322922388712565
Current score: 9308521.0


Phase 4 (routing operators) day 14 ended!
Phase 4 (routing operators) day report:
Current Iteration count: 16
Last iteration time: 0.0
Average iteration time: 0.3115239739418029
Current score: 9308521.0


Phase 4 (routing operators) day 15 ended!
Phase 4 (routing operators) day report:
Current Iteration count: 17
Last iteration time: 0.0
Average iteration time: 0.29319903429816746
Current score: 9308521.0


Phase 4 (routing operators) day 16 ended!
Phase 4 (routing operators) day report:
Current Iteration count: 18
Last iteration time: 0.01563096046447754
Average iteration time: 0.2777785857518513
Current score: 9308521.0


Phase 4 (routing operators) day 17 ended!
Phase 4 (routing operators) day report:
Current Iteration count: 19
Last iteration time: 0.0
Average iteration time: 0.2631586601859644
Current score: 9308521.0


Phase 4 (routing operators) day 18 ended!
Phase 4 (routing operators) day report:
Current Iteration count: 20
Last iteration time: 0.0
Average iteration time: 0.25000072717666616
Current score: 9308521.0


Phase 4 (routing operators) day 21 ended!
Phase 4 (routing operators) day report:
Current Iteration count: 21
Last iteration time: 0.0
Average iteration time: 0.23809593064444398
Current score: 9308521.0


Phase 4 (routing operators) day 22 ended!
Phase 4 (routing operators) day report:
Current Iteration count: 22
Last iteration time: 0.0
Average iteration time: 0.2272733883424238
Current score: 9308521.0


Phase 4 (routing operators) day 23 ended!
Phase 4 (routing operators) day report:
Current Iteration count: 23
Last iteration time: 0.0
Average iteration time: 0.21739193667536189
Current score: 9308521.0


Phase 4 (routing operators) day 24 ended!
Phase 4 (routing operators) day report:
Current Iteration count: 24
Last iteration time: 0.0
Average iteration time: 0.20833393931388847
Current score: 9308521.0


Phase 4 (routing operators) day 25 ended!
Phase 4 (routing operators) day report:
Current Iteration count: 25
Last iteration time: 0.0
Average iteration time: 0.20000058174133295
Current score: 9308521.0


Phase 4 (routing operators) day 28 ended!
Phase 4 (routing operators) day report:
Current Iteration count: 27
Last iteration time: 0.01562952995300293
Average iteration time: 0.29108855459425176
Current score: 9308519.0


Phase 4 (routing operators) day 29 ended!
Phase 4 (routing operators) day report:
Current Iteration count: 28
Last iteration time: 0.0
Average iteration time: 0.2806925347873142
Current score: 9308519.0


Phase 4 (routing operators) day 30 ended!
Phase 4 (routing operators) day report:
Current Iteration count: 30
Last iteration time: 0.0
Average iteration time: 0.27447966734568274
Current score: 9308488.0


Phase 4 (routing operators) day 31 ended!
Phase 4 (routing operators) day report:
Current Iteration count: 31
Last iteration time: 0.0
Average iteration time: 0.26562548452808005
Current score: 9308488.0


Phase 4 (routing operators) day 32 ended!
Phase 4 (routing operators) day report:
Current Iteration count: 34
Last iteration time: 0.015625715255737305
Average iteration time: 0.2647065204732558
Current score: 9307566.0


Phase 4 (routing operators) day 35 ended!
Phase 4 (routing operators) day report:
Current Iteration count: 35
Last iteration time: 0.015627622604370117
Average iteration time: 0.2575899805341448
Current score: 9307566.0


Phase 4 (routing operators) day 36 ended!
Phase 4 (routing operators) day report:
Current Iteration count: 36
Last iteration time: 0.015625953674316406
Average iteration time: 0.25086875756581617
Current score: 9307566.0


Phase 4 (routing operators) day 37 ended!
Phase 4 (routing operators) day report:
Current Iteration count: 37
Last iteration time: 0.03125190734863281
Average iteration time: 0.2449331670194058
Current score: 9307566.0


Phase 4 (routing operators) day 38 ended!
Phase 4 (routing operators) day report:
Current Iteration count: 38
Last iteration time: 0.01562190055847168
Average iteration time: 0.23889866000727591
Current score: 9307566.0


Phase 4 (routing operators) day 39 ended!
Phase 4 (routing operators) day report:
Current Iteration count: 39
Last iteration time: 0.0
Average iteration time: 0.23277305334042267
Current score: 9307566.0


Phase 4 (routing operators) day 42 ended!
Phase 4 (routing operators) day report:
Current Iteration count: 40
Last iteration time: 0.0
Average iteration time: 0.2269537270069121
Current score: 9307566.0


Phase 4 (routing operators) day 43 ended!
Phase 4 (routing operators) day report:
Current Iteration count: 41
Last iteration time: 0.0
Average iteration time: 0.22141827025064595
Current score: 9307566.0


Phase 4 (routing operators) day 44 ended!
Phase 4 (routing operators) day report:
Current Iteration count: 42
Last iteration time: 0.0
Average iteration time: 0.2161464066732496
Current score: 9307566.0


Phase 4 (routing operators) day 45 ended!
Phase 4 (routing operators) day report:
Current Iteration count: 43
Last iteration time: 0.0
Average iteration time: 0.21111974605294148
Current score: 9307566.0


Phase 4 (routing operators) day 46 ended!
Phase 4 (routing operators) day report:
Current Iteration count: 44
Last iteration time: 0.0
Average iteration time: 0.20632157000628373
Current score: 9307566.0


Phase 4 (routing operators) day 49 ended!
Phase 4 (routing operators) day report:
Current Iteration count: 45
Last iteration time: 0.01563239097595215
Average iteration time: 0.2020840326944986
Current score: 9307566.0


Phase 4 (routing operators) day 50 ended!
Phase 4 (routing operators) day report:
Current Iteration count: 46
Last iteration time: 0.0
Average iteration time: 0.197690901548966
Current score: 9307566.0


Phase 4 (routing operators) day 51 ended!
Phase 4 (routing operators) day report:
Current Iteration count: 47
Last iteration time: 0.0
Average iteration time: 0.19348471215430715
Current score: 9307566.0


Phase 4 (routing operators) day 52 ended!
Phase 4 (routing operators) day report:
Current Iteration count: 48
Last iteration time: 0.0
Average iteration time: 0.18945378065109242
Current score: 9307566.0


Phase 4 (routing operators) day 53 ended!
Phase 4 (routing operators) day report:
Current Iteration count: 49
Last iteration time: 0.015625715255737305
Average iteration time: 0.1859062691124117
Current score: 9307566.0


Phase 4 (routing operators) ended! Current time: 2026-08-09 02:21:47.901029
Phase 4 (routing operators) Report:
Iteration count: 49
Last iteration time: 0.015625715255737305
Average iteration time: 0.1859062691124117
Current score: 9307566.0


Local search report:
Iteration count: 9 iterations
Last iteration time: 163.62500071525574 seconds
Iteration average time: 302.7774700323741 seconds
Current score: 9307566.0

Phase 1 ended! Current time: 2026-08-09 02:21:47.901029
Phase 1 Report:
Iteration count: 1
Last iteration time: 0.0
Average iteration time: 0.0
Current score: 9307566.0


Phase 2 (only move_services) mid-report:
Iteration count: 1
Last iteration time: 0.17187142372131348
Average iteration time: 0.17187142372131348
Current score: 9307566.0


Phase 2 (only move_services) ended! Current time: 2026-08-09 02:21:52.385401
Phase 2 (only move_services) Report:
Iteration count: 1
Last iteration time: 0.17187142372131348
Average iteration time: 0.17187142372131348
Current score: 9307566.0


Phase 3 (using only swap_services) mid-report:
Iteration count: 1
Last iteration time: 0.9375083446502686
Average iteration time: 0.9375083446502686
Current score: 9306402.0


Phase 3 (using only swap_services) ended! Current time: 2026-08-09 02:23:21.135405
Phase 3 (using only swap_services) Report:
Iteration count: 13
Last iteration time: 0.2187497615814209
Average iteration time: 0.8774041212522067
Current score: 9303622.0


Phase 4 (routing operators) mid-report:
Current day: 0
Iteration count: 1
Last iteration time: 0.04687952995300293
Average iteration time: 0.04687952995300293
Current score: 9303622.0


Phase 4 (routing operators) day 0 ended!
Phase 4 (routing operators) day report:
Current Iteration count: 1
Last iteration time: 0.04687952995300293
Average iteration time: 0.04687952995300293
Current score: 9303622.0


Phase 4 (routing operators) day 1 ended!
Phase 4 (routing operators) day report:
Current Iteration count: 2
Last iteration time: 0.015621423721313477
Average iteration time: 0.0312504768371582
Current score: 9303622.0


Phase 4 (routing operators) day 2 ended!
Phase 4 (routing operators) day report:
Current Iteration count: 3
Last iteration time: 0.015626907348632812
Average iteration time: 0.026042620340983074
Current score: 9303622.0


Phase 4 (routing operators) day 3 ended!
Phase 4 (routing operators) day report:
Current Iteration count: 4
Last iteration time: 0.015623331069946289
Average iteration time: 0.023437798023223877
Current score: 9303622.0


Phase 4 (routing operators) day 4 ended!
Phase 4 (routing operators) day report:
Current Iteration count: 5
Last iteration time: 0.03125190734863281
Average iteration time: 0.025000619888305663
Current score: 9303622.0


Phase 4 (routing operators) day 7 ended!
Phase 4 (routing operators) day report:
Current Iteration count: 6
Last iteration time: 0.015625953674316406
Average iteration time: 0.023438175519307453
Current score: 9303622.0


Phase 4 (routing operators) day 8 ended!
Phase 4 (routing operators) day report:
Current Iteration count: 7
Last iteration time: 0.015621423721313477
Average iteration time: 0.0223214966910226
Current score: 9303622.0


Phase 4 (routing operators) day 9 ended!
Phase 4 (routing operators) day report:
Current Iteration count: 8
Last iteration time: 0.015622138977050781
Average iteration time: 0.021484076976776123
Current score: 9303622.0


Phase 4 (routing operators) day 10 ended!
Phase 4 (routing operators) day report:
Current Iteration count: 9
Last iteration time: 0.015624046325683594
Average iteration time: 0.02083296245998806
Current score: 9303622.0


Phase 4 (routing operators) day 11 ended!
Phase 4 (routing operators) day report:
Current Iteration count: 10
Last iteration time: 0.031249046325683594
Average iteration time: 0.021874570846557615
Current score: 9303622.0


Phase 4 (routing operators) day 14 ended!
Phase 4 (routing operators) day report:
Current Iteration count: 11
Last iteration time: 0.0
Average iteration time: 0.01988597349687056
Current score: 9303622.0


Phase 4 (routing operators) day 15 ended!
Phase 4 (routing operators) day report:
Current Iteration count: 12
Last iteration time: 0.015625476837158203
Average iteration time: 0.0195309321085612
Current score: 9303622.0


Phase 4 (routing operators) day 16 ended!
Phase 4 (routing operators) day report:
Current Iteration count: 13
Last iteration time: 0.0
Average iteration time: 0.01802855271559495
Current score: 9303622.0


Phase 4 (routing operators) day 17 ended!
Phase 4 (routing operators) day report:
Current Iteration count: 14
Last iteration time: 0.0
Average iteration time: 0.016740798950195312
Current score: 9303622.0


Phase 4 (routing operators) day 18 ended!
Phase 4 (routing operators) day report:
Current Iteration count: 15
Last iteration time: 0.0
Average iteration time: 0.015624745686848959
Current score: 9303622.0


Phase 4 (routing operators) day 21 ended!
Phase 4 (routing operators) day report:
Current Iteration count: 16
Last iteration time: 0.0
Average iteration time: 0.014648199081420898
Current score: 9303622.0


Phase 4 (routing operators) day 22 ended!
Phase 4 (routing operators) day report:
Current Iteration count: 17
Last iteration time: 0.0
Average iteration time: 0.013786540311925551
Current score: 9303622.0


Phase 4 (routing operators) day 23 ended!
Phase 4 (routing operators) day report:
Current Iteration count: 18
Last iteration time: 0.015624046325683594
Average iteration time: 0.013888623979356553
Current score: 9303622.0


Phase 4 (routing operators) day 24 ended!
Phase 4 (routing operators) day report:
Current Iteration count: 19
Last iteration time: 0.0
Average iteration time: 0.013157643769916735
Current score: 9303622.0


Phase 4 (routing operators) day 25 ended!
Phase 4 (routing operators) day report:
Current Iteration count: 20
Last iteration time: 0.0
Average iteration time: 0.012499761581420899
Current score: 9303622.0


Phase 4 (routing operators) day 28 ended!
Phase 4 (routing operators) day report:
Current Iteration count: 21
Last iteration time: 0.03124833106994629
Average iteration time: 0.01339255060468401
Current score: 9303622.0


Phase 4 (routing operators) day 29 ended!
Phase 4 (routing operators) day report:
Current Iteration count: 22
Last iteration time: 0.03125429153442383
Average iteration time: 0.014204447919672184
Current score: 9303622.0


Phase 4 (routing operators) day 30 ended!
Phase 4 (routing operators) day report:
Current Iteration count: 23
Last iteration time: 0.015625
Average iteration time: 0.01426621105359948
Current score: 9303622.0


Phase 4 (routing operators) day 31 ended!
Phase 4 (routing operators) day report:
Current Iteration count: 24
Last iteration time: 0.0
Average iteration time: 0.013671785593032835
Current score: 9303622.0


Phase 4 (routing operators) day 32 ended!
Phase 4 (routing operators) day report:
Current Iteration count: 25
Last iteration time: 0.015621662139892578
Average iteration time: 0.013749780654907224
Current score: 9303622.0


Phase 4 (routing operators) day 35 ended!
Phase 4 (routing operators) day report:
Current Iteration count: 26
Last iteration time: 0.046871185302734375
Average iteration time: 0.015023680833669808
Current score: 9303622.0


Phase 4 (routing operators) day 36 ended!
Phase 4 (routing operators) day report:
Current Iteration count: 27
Last iteration time: 0.015630245208740234
Average iteration time: 0.015046146180894638
Current score: 9303622.0


Phase 4 (routing operators) day 37 ended!
Phase 4 (routing operators) day report:
Current Iteration count: 29
Last iteration time: 0.015625715255737305
Average iteration time: 0.02209016372417581
Current score: 9303571.0


Phase 4 (routing operators) day 38 ended!
Phase 4 (routing operators) day report:
Current Iteration count: 30
Last iteration time: 0.01562190055847168
Average iteration time: 0.021874554951985672
Current score: 9303571.0


Phase 4 (routing operators) day 39 ended!
Phase 4 (routing operators) day report:
Current Iteration count: 31
Last iteration time: 0.01563239097595215
Average iteration time: 0.021673194823726528
Current score: 9303571.0


Phase 4 (routing operators) day 42 ended!
Phase 4 (routing operators) day report:
Current Iteration count: 32
Last iteration time: 0.0
Average iteration time: 0.020995907485485073
Current score: 9303571.0


Phase 4 (routing operators) day 43 ended!
Phase 4 (routing operators) day report:
Current Iteration count: 33
Last iteration time: 0.0
Average iteration time: 0.0203596678647128
Current score: 9303571.0


Phase 4 (routing operators) day 44 ended!
Phase 4 (routing operators) day report:
Current Iteration count: 34
Last iteration time: 0.0
Average iteration time: 0.019760854103985953
Current score: 9303571.0


Phase 4 (routing operators) day 45 ended!
Phase 4 (routing operators) day report:
Current Iteration count: 35
Last iteration time: 0.0
Average iteration time: 0.0191962582724435
Current score: 9303571.0


Phase 4 (routing operators) day 46 ended!
Phase 4 (routing operators) day report:
Current Iteration count: 36
Last iteration time: 0.0
Average iteration time: 0.018663028875986736
Current score: 9303571.0


Phase 4 (routing operators) day 49 ended!
Phase 4 (routing operators) day report:
Current Iteration count: 37
Last iteration time: 0.015618085861206055
Average iteration time: 0.0185807331188305
Current score: 9303571.0


Phase 4 (routing operators) day 50 ended!
Phase 4 (routing operators) day report:
Current Iteration count: 38
Last iteration time: 0.0
Average iteration time: 0.018091766457808644
Current score: 9303571.0


Phase 4 (routing operators) day 51 ended!
Phase 4 (routing operators) day report:
Current Iteration count: 39
Last iteration time: 0.0
Average iteration time: 0.017627875010172527
Current score: 9303571.0


Phase 4 (routing operators) day 52 ended!
Phase 4 (routing operators) day report:
Current Iteration count: 40
Last iteration time: 0.0
Average iteration time: 0.017187178134918213
Current score: 9303571.0


Phase 4 (routing operators) day 53 ended!
Phase 4 (routing operators) day report:
Current Iteration count: 42
Last iteration time: 0.0
Average iteration time: 0.02269329343523298
Current score: 9301821.0


Phase 4 (routing operators) ended! Current time: 2026-08-09 02:23:50.427725
Phase 4 (routing operators) Report:
Iteration count: 42
Last iteration time: 0.0
Average iteration time: 0.02269329343523298
Current score: 9301821.0


Local search report:
Iteration count: 10 iterations
Last iteration time: 122.526695728302 seconds
Iteration average time: 284.75239260196685 seconds
Current score: 9301821.0

Phase 1 ended! Current time: 2026-08-09 02:23:50.427725
Phase 1 Report:
Iteration count: 1
Last iteration time: 0.0
Average iteration time: 0.0
Current score: 9301821.0


Phase 2 (only move_services) mid-report:
Iteration count: 1
Last iteration time: 0.21874499320983887
Average iteration time: 0.21874499320983887
Current score: 9301821.0


Phase 2 (only move_services) ended! Current time: 2026-08-09 02:23:55.318345
Phase 2 (only move_services) Report:
Iteration count: 1
Last iteration time: 0.21874499320983887
Average iteration time: 0.21874499320983887
Current score: 9301821.0


Phase 3 (using only swap_services) mid-report:
Iteration count: 1
Last iteration time: 1.1406264305114746
Average iteration time: 1.1406264305114746
Current score: 9301323.0


Phase 3 (using only swap_services) ended! Current time: 2026-08-09 02:25:22.568342
Phase 3 (using only swap_services) Report:
Iteration count: 12
Last iteration time: 0.1874997615814209
Average iteration time: 0.890624721844991
Current score: 9298786.0


Phase 4 (routing operators) mid-report:
Current day: 0
Iteration count: 1
Last iteration time: 0.015620946884155273
Average iteration time: 0.015620946884155273
Current score: 9298786.0


Phase 4 (routing operators) day 0 ended!
Phase 4 (routing operators) day report:
Current Iteration count: 1
Last iteration time: 0.015620946884155273
Average iteration time: 0.015620946884155273
Current score: 9298786.0


Phase 4 (routing operators) day 1 ended!
Phase 4 (routing operators) day report:
Current Iteration count: 2
Last iteration time: 0.015625953674316406
Average iteration time: 0.01562345027923584
Current score: 9298786.0


Phase 4 (routing operators) day 2 ended!
Phase 4 (routing operators) day report:
Current Iteration count: 3
Last iteration time: 0.01562809944152832
Average iteration time: 0.015625
Current score: 9298786.0


Phase 4 (routing operators) day 3 ended!
Phase 4 (routing operators) day report:
Current Iteration count: 4
Last iteration time: 0.01562190055847168
Average iteration time: 0.01562422513961792
Current score: 9298786.0


Phase 4 (routing operators) day 4 ended!
Phase 4 (routing operators) day report:
Current Iteration count: 5
Last iteration time: 0.01562976837158203
Average iteration time: 0.01562533378601074
Current score: 9298786.0


Phase 4 (routing operators) day 7 ended!
Phase 4 (routing operators) day report:
Current Iteration count: 6
Last iteration time: 0.015625953674316406
Average iteration time: 0.01562543710072835
Current score: 9298786.0


Phase 4 (routing operators) day 8 ended!
Phase 4 (routing operators) day report:
Current Iteration count: 7
Last iteration time: 0.015631914138793945
Average iteration time: 0.01562636239188058
Current score: 9298786.0


Phase 4 (routing operators) day 9 ended!
Phase 4 (routing operators) day report:
Current Iteration count: 8
Last iteration time: 0.0
Average iteration time: 0.013673067092895508
Current score: 9298786.0


Phase 4 (routing operators) day 10 ended!
Phase 4 (routing operators) day report:
Current Iteration count: 9
Last iteration time: 0.01562976837158203
Average iteration time: 0.0138904783460829
Current score: 9298786.0


Phase 4 (routing operators) day 11 ended!
Phase 4 (routing operators) day report:
Current Iteration count: 10
Last iteration time: 0.031250715255737305
Average iteration time: 0.01562650203704834
Current score: 9298786.0


Phase 4 (routing operators) day 14 ended!
Phase 4 (routing operators) day report:
Current Iteration count: 11
Last iteration time: 0.01562976837158203
Average iteration time: 0.015626798976551403
Current score: 9298786.0


Phase 4 (routing operators) day 15 ended!
Phase 4 (routing operators) day report:
Current Iteration count: 12
Last iteration time: 0.0
Average iteration time: 0.014324565728505453
Current score: 9298786.0


Phase 4 (routing operators) day 16 ended!
Phase 4 (routing operators) day report:
Current Iteration count: 13
Last iteration time: 0.0
Average iteration time: 0.013222676057081956
Current score: 9298786.0


Phase 4 (routing operators) day 17 ended!
Phase 4 (routing operators) day report:
Current Iteration count: 14
Last iteration time: 0.0
Average iteration time: 0.012278199195861816
Current score: 9298786.0


Phase 4 (routing operators) day 18 ended!
Phase 4 (routing operators) day report:
Current Iteration count: 15
Last iteration time: 0.0
Average iteration time: 0.011459652582804363
Current score: 9298786.0


Phase 4 (routing operators) day 21 ended!
Phase 4 (routing operators) day report:
Current Iteration count: 16
Last iteration time: 0.0
Average iteration time: 0.01074342429637909
Current score: 9298786.0


Phase 4 (routing operators) day 22 ended!
Phase 4 (routing operators) day report:
Current Iteration count: 17
Last iteration time: 0.015625476837158203
Average iteration time: 0.011030603857601391
Current score: 9298786.0


Phase 4 (routing operators) day 23 ended!
Phase 4 (routing operators) day report:
Current Iteration count: 18
Last iteration time: 0.0
Average iteration time: 0.010417792532179091
Current score: 9298786.0


Phase 4 (routing operators) day 24 ended!
Phase 4 (routing operators) day report:
Current Iteration count: 19
Last iteration time: 0.0
Average iteration time: 0.009869487662064401
Current score: 9298786.0


Phase 4 (routing operators) day 25 ended!
Phase 4 (routing operators) day report:
Current Iteration count: 20
Last iteration time: 0.0
Average iteration time: 0.009376013278961181
Current score: 9298786.0


Phase 4 (routing operators) day 28 ended!
Phase 4 (routing operators) day report:
Current Iteration count: 21
Last iteration time: 0.03125190734863281
Average iteration time: 0.010417722520374116
Current score: 9298786.0


Phase 4 (routing operators) day 29 ended!
Phase 4 (routing operators) day report:
Current Iteration count: 22
Last iteration time: 0.015626192092895508
Average iteration time: 0.010654471137306906
Current score: 9298786.0


Phase 4 (routing operators) day 30 ended!
Phase 4 (routing operators) day report:
Current Iteration count: 23
Last iteration time: 0.015625953674316406
Average iteration time: 0.010870622551959492
Current score: 9298786.0


Phase 4 (routing operators) day 31 ended!
Phase 4 (routing operators) day report:
Current Iteration count: 25
Last iteration time: 0.015626907348632812
Average iteration time: 0.024375963211059566
Current score: 9296453.0


Phase 4 (routing operators) day 32 ended!
Phase 4 (routing operators) day report:
Current Iteration count: 26
Last iteration time: 0.015625476837158203
Average iteration time: 0.02403940604283259
Current score: 9296453.0


Phase 4 (routing operators) day 35 ended!
Phase 4 (routing operators) day report:
Current Iteration count: 27
Last iteration time: 0.015621662139892578
Average iteration time: 0.02372763775013111
Current score: 9296453.0


Phase 4 (routing operators) day 36 ended!
Phase 4 (routing operators) day report:
Current Iteration count: 29
Last iteration time: 0.0
Average iteration time: 0.03771611739849222
Current score: 9296305.0


Phase 4 (routing operators) day 37 ended!
Phase 4 (routing operators) day report:
Current Iteration count: 30
Last iteration time: 0.01562047004699707
Average iteration time: 0.03697959582010905
Current score: 9296305.0


Phase 4 (routing operators) day 38 ended!
Phase 4 (routing operators) day report:
Current Iteration count: 31
Last iteration time: 0.015626192092895508
Average iteration time: 0.03629077634503764
Current score: 9296305.0


Phase 4 (routing operators) day 39 ended!
Phase 4 (routing operators) day report:
Current Iteration count: 32
Last iteration time: 0.0
Average iteration time: 0.03515668958425521
Current score: 9296305.0


Phase 4 (routing operators) day 42 ended!
Phase 4 (routing operators) day report:
Current Iteration count: 33
Last iteration time: 0.0
Average iteration time: 0.0340913353544293
Current score: 9296305.0


Phase 4 (routing operators) day 43 ended!
Phase 4 (routing operators) day report:
Current Iteration count: 34
Last iteration time: 0.0
Average iteration time: 0.033088649020475494
Current score: 9296305.0


Phase 4 (routing operators) day 44 ended!
Phase 4 (routing operators) day report:
Current Iteration count: 35
Last iteration time: 0.0
Average iteration time: 0.03214325904846191
Current score: 9296305.0


Phase 4 (routing operators) day 45 ended!
Phase 4 (routing operators) day report:
Current Iteration count: 36
Last iteration time: 0.0
Average iteration time: 0.03125039074156019
Current score: 9296305.0


Phase 4 (routing operators) day 46 ended!
Phase 4 (routing operators) day report:
Current Iteration count: 37
Last iteration time: 0.0
Average iteration time: 0.03040578558638289
Current score: 9296305.0


Phase 4 (routing operators) day 49 ended!
Phase 4 (routing operators) day report:
Current Iteration count: 38
Last iteration time: 0.0
Average iteration time: 0.02960563333410966
Current score: 9296305.0


Phase 4 (routing operators) day 50 ended!
Phase 4 (routing operators) day report:
Current Iteration count: 39
Last iteration time: 0.0
Average iteration time: 0.02884651453067095
Current score: 9296305.0


Phase 4 (routing operators) day 51 ended!
Phase 4 (routing operators) day report:
Current Iteration count: 40
Last iteration time: 0.015628337860107422
Average iteration time: 0.02851606011390686
Current score: 9296305.0


Phase 4 (routing operators) day 52 ended!
Phase 4 (routing operators) day report:
Current Iteration count: 41
Last iteration time: 0.0
Average iteration time: 0.02782054645259206
Current score: 9296305.0


Phase 4 (routing operators) day 53 ended!
Phase 4 (routing operators) day report:
Current Iteration count: 42
Last iteration time: 0.015622854232788086
Average iteration time: 0.027530125209263394
Current score: 9296305.0


Phase 4 (routing operators) ended! Current time: 2026-08-09 02:25:50.380845
Phase 4 (routing operators) Report:
Iteration count: 42
Last iteration time: 0.015622854232788086
Average iteration time: 0.027530125209263394
Current score: 9296305.0


Local search report:
Iteration count: 11 iterations
Last iteration time: 119.953120470047 seconds
Iteration average time: 269.77064058997416 seconds
Current score: 9296305.0
Phase 1 mid-report:
Iteration count: 1
Last iteration time: 0.015631437301635742
Average iteration time: 0.015631437301635742
Current score: 9296305.0

Phase 1 ended! Current time: 2026-08-09 02:25:50.396477
Phase 1 Report:
Iteration count: 1
Last iteration time: 0.015631437301635742
Average iteration time: 0.015631437301635742
Current score: 9296305.0


Phase 2 (only move_services) mid-report:
Iteration count: 1
Last iteration time: 0.14062118530273438
Average iteration time: 0.14062118530273438
Current score: 9296305.0


Phase 2 (only move_services) ended! Current time: 2026-08-09 02:25:55.287095
Phase 2 (only move_services) Report:
Iteration count: 1
Last iteration time: 0.14062118530273438
Average iteration time: 0.14062118530273438
Current score: 9296305.0


Phase 3 (using only swap_services) mid-report:
Iteration count: 1
Last iteration time: 0.7812550067901611
Average iteration time: 0.7812550067901611
Current score: 9295420.0


Phase 3 (using only swap_services) ended! Current time: 2026-08-09 02:27:17.402930
Phase 3 (using only swap_services) Report:
Iteration count: 7
Last iteration time: 0.25000667572021484
Average iteration time: 0.7700901031494141
Current score: 9293711.0


Phase 4 (routing operators) mid-report:
Current day: 0
Iteration count: 1
Last iteration time: 0.03125596046447754
Average iteration time: 0.03125596046447754
Current score: 9293711.0


Phase 4 (routing operators) day 0 ended!
Phase 4 (routing operators) day report:
Current Iteration count: 1
Last iteration time: 0.03125596046447754
Average iteration time: 0.03125596046447754
Current score: 9293711.0


Phase 4 (routing operators) day 1 ended!
Phase 4 (routing operators) day report:
Current Iteration count: 2
Last iteration time: 0.015620708465576172
Average iteration time: 0.023438334465026855
Current score: 9293711.0


Phase 4 (routing operators) day 2 ended!
Phase 4 (routing operators) day report:
Current Iteration count: 3
Last iteration time: 0.0
Average iteration time: 0.015625556310017902
Current score: 9293711.0


Phase 4 (routing operators) day 3 ended!
Phase 4 (routing operators) day report:
Current Iteration count: 4
Last iteration time: 0.015624761581420898
Average iteration time: 0.015625357627868652
Current score: 9293711.0


Phase 4 (routing operators) day 4 ended!
Phase 4 (routing operators) day report:
Current Iteration count: 5
Last iteration time: 0.03124690055847168
Average iteration time: 0.01874966621398926
Current score: 9293711.0


Phase 4 (routing operators) day 7 ended!
Phase 4 (routing operators) day report:
Current Iteration count: 6
Last iteration time: 0.0
Average iteration time: 0.015624721844991049
Current score: 9293711.0


Phase 4 (routing operators) day 8 ended!
Phase 4 (routing operators) day report:
Current Iteration count: 7
Last iteration time: 0.01562952995300293
Average iteration time: 0.015625408717564175
Current score: 9293711.0


Phase 4 (routing operators) day 9 ended!
Phase 4 (routing operators) day report:
Current Iteration count: 8
Last iteration time: 0.015622138977050781
Average iteration time: 0.015625
Current score: 9293711.0


Phase 4 (routing operators) day 10 ended!
Phase 4 (routing operators) day report:
Current Iteration count: 9
Last iteration time: 0.015625953674316406
Average iteration time: 0.015625105963812932
Current score: 9293711.0


Phase 4 (routing operators) day 11 ended!
Phase 4 (routing operators) day report:
Current Iteration count: 10
Last iteration time: 0.04687690734863281
Average iteration time: 0.01875028610229492
Current score: 9293711.0


Phase 4 (routing operators) day 14 ended!
Phase 4 (routing operators) day report:
Current Iteration count: 11
Last iteration time: 0.0
Average iteration time: 0.01704571463844993
Current score: 9293711.0


Phase 4 (routing operators) day 15 ended!
Phase 4 (routing operators) day report:
Current Iteration count: 12
Last iteration time: 0.0
Average iteration time: 0.0156252384185791
Current score: 9293711.0


Phase 4 (routing operators) day 16 ended!
Phase 4 (routing operators) day report:
Current Iteration count: 13
Last iteration time: 0.0156252384185791
Average iteration time: 0.0156252384185791
Current score: 9293711.0


Phase 4 (routing operators) day 17 ended!
Phase 4 (routing operators) day report:
Current Iteration count: 14
Last iteration time: 0.0
Average iteration time: 0.014509149960109166
Current score: 9293711.0


Phase 4 (routing operators) day 18 ended!
Phase 4 (routing operators) day report:
Current Iteration count: 15
Last iteration time: 0.0
Average iteration time: 0.013541873296101887
Current score: 9293711.0


Phase 4 (routing operators) day 21 ended!
Phase 4 (routing operators) day report:
Current Iteration count: 16
Last iteration time: 0.0
Average iteration time: 0.01269550621509552
Current score: 9293711.0


Phase 4 (routing operators) day 22 ended!
Phase 4 (routing operators) day report:
Current Iteration count: 17
Last iteration time: 0.0
Average iteration time: 0.011948711731854607
Current score: 9293711.0


Phase 4 (routing operators) day 23 ended!
Phase 4 (routing operators) day report:
Current Iteration count: 18
Last iteration time: 0.0
Average iteration time: 0.01128489441341824
Current score: 9293711.0


Phase 4 (routing operators) day 24 ended!
Phase 4 (routing operators) day report:
Current Iteration count: 19
Last iteration time: 0.015619993209838867
Average iteration time: 0.011513057507966693
Current score: 9293711.0


Phase 4 (routing operators) day 25 ended!
Phase 4 (routing operators) day report:
Current Iteration count: 20
Last iteration time: 0.0
Average iteration time: 0.010937404632568358
Current score: 9293711.0


Phase 4 (routing operators) day 28 ended!
Phase 4 (routing operators) day report:
Current Iteration count: 21
Last iteration time: 0.015626907348632812
Average iteration time: 0.011160714285714284
Current score: 9293711.0


Phase 4 (routing operators) day 29 ended!
Phase 4 (routing operators) day report:
Current Iteration count: 22
Last iteration time: 0.01562786102294922
Average iteration time: 0.011363766410134054
Current score: 9293711.0


Phase 4 (routing operators) day 30 ended!
Phase 4 (routing operators) day report:
Current Iteration count: 23
Last iteration time: 0.03125333786010742
Average iteration time: 0.012228530386219854
Current score: 9293711.0


Phase 4 (routing operators) day 31 ended!
Phase 4 (routing operators) day report:
Current Iteration count: 24
Last iteration time: 0.0
Average iteration time: 0.011719008286794027
Current score: 9293711.0


Phase 4 (routing operators) day 32 ended!
Phase 4 (routing operators) day report:
Current Iteration count: 25
Last iteration time: 0.031252384185791016
Average iteration time: 0.012500343322753906
Current score: 9293711.0


Phase 4 (routing operators) day 35 ended!
Phase 4 (routing operators) day report:
Current Iteration count: 26
Last iteration time: 0.03125476837158203
Average iteration time: 0.013221667363093449
Current score: 9293711.0


Phase 4 (routing operators) day 36 ended!
Phase 4 (routing operators) day report:
Current Iteration count: 28
Last iteration time: 0.015626192092895508
Average iteration time: 0.030134354318891252
Current score: 9292937.0


Phase 4 (routing operators) day 37 ended!
Phase 4 (routing operators) day report:
Current Iteration count: 29
Last iteration time: 0.0
Average iteration time: 0.02909523865272259
Current score: 9292937.0


Phase 4 (routing operators) day 38 ended!
Phase 4 (routing operators) day report:
Current Iteration count: 30
Last iteration time: 0.0
Average iteration time: 0.0281253973642985
Current score: 9292937.0


Phase 4 (routing operators) day 39 ended!
Phase 4 (routing operators) day report:
Current Iteration count: 31
Last iteration time: 0.015625715255737305
Average iteration time: 0.02772218181240943
Current score: 9292937.0


Phase 4 (routing operators) day 42 ended!
Phase 4 (routing operators) day report:
Current Iteration count: 32
Last iteration time: 0.0
Average iteration time: 0.026855863630771637
Current score: 9292937.0


Phase 4 (routing operators) day 43 ended!
Phase 4 (routing operators) day report:
Current Iteration count: 33
Last iteration time: 0.0
Average iteration time: 0.026042049581354313
Current score: 9292937.0


Phase 4 (routing operators) day 44 ended!
Phase 4 (routing operators) day report:
Current Iteration count: 34
Last iteration time: 0.0
Average iteration time: 0.0252761069466086
Current score: 9292937.0


Phase 4 (routing operators) day 45 ended!
Phase 4 (routing operators) day report:
Current Iteration count: 35
Last iteration time: 0.0
Average iteration time: 0.024553932462419784
Current score: 9292937.0


Phase 4 (routing operators) day 46 ended!
Phase 4 (routing operators) day report:
Current Iteration count: 36
Last iteration time: 0.0
Average iteration time: 0.023871878782908123
Current score: 9292937.0


Phase 4 (routing operators) day 49 ended!
Phase 4 (routing operators) day report:
Current Iteration count: 37
Last iteration time: 0.01562666893005371
Average iteration time: 0.023649035273371515
Current score: 9292937.0


Phase 4 (routing operators) day 50 ended!
Phase 4 (routing operators) day report:
Current Iteration count: 38
Last iteration time: 0.0
Average iteration time: 0.02302669223986174
Current score: 9292937.0


Phase 4 (routing operators) day 51 ended!
Phase 4 (routing operators) day report:
Current Iteration count: 39
Last iteration time: 0.0
Average iteration time: 0.02243626423371144
Current score: 9292937.0


Phase 4 (routing operators) day 52 ended!
Phase 4 (routing operators) day report:
Current Iteration count: 40
Last iteration time: 0.0
Average iteration time: 0.021875357627868654
Current score: 9292937.0


Phase 4 (routing operators) day 53 ended!
Phase 4 (routing operators) day report:
Current Iteration count: 41
Last iteration time: 0.0
Average iteration time: 0.02134181231987186
Current score: 9292937.0


Phase 4 (routing operators) ended! Current time: 2026-08-09 02:27:45.027925
Phase 4 (routing operators) Report:
Iteration count: 41
Last iteration time: 0.0
Average iteration time: 0.02134181231987186
Current score: 9292937.0


Local search report:
Iteration count: 12 iterations
Last iteration time: 114.6470799446106 seconds
Iteration average time: 256.84367720286053 seconds
Current score: 9292937.0

Phase 1 ended! Current time: 2026-08-09 02:27:45.027925
Phase 1 Report:
Iteration count: 1
Last iteration time: 0.0
Average iteration time: 0.0
Current score: 9292937.0


Phase 2 (only move_services) mid-report:
Iteration count: 1
Last iteration time: 0.1406266689300537
Average iteration time: 0.1406266689300537
Current score: 9292937.0


Phase 2 (only move_services) ended! Current time: 2026-08-09 02:27:49.793549
Phase 2 (only move_services) Report:
Iteration count: 1
Last iteration time: 0.1406266689300537
Average iteration time: 0.1406266689300537
Current score: 9292937.0


Phase 3 (using only swap_services) mid-report:
Iteration count: 1
Last iteration time: 0.9062533378601074
Average iteration time: 0.9062533378601074
Current score: 9290751.0


Phase 3 (using only swap_services) ended! Current time: 2026-08-09 02:29:08.996674
Phase 3 (using only swap_services) Report:
Iteration count: 2
Last iteration time: 0.2656211853027344
Average iteration time: 0.5859372615814209
Current score: 9290751.0


Phase 4 (routing operators) mid-report:
Current day: 0
Iteration count: 1
Last iteration time: 0.015623807907104492
Average iteration time: 0.015623807907104492
Current score: 9290751.0


Phase 4 (routing operators) day 0 ended!
Phase 4 (routing operators) day report:
Current Iteration count: 1
Last iteration time: 0.015623807907104492
Average iteration time: 0.015623807907104492
Current score: 9290751.0


Phase 4 (routing operators) day 1 ended!
Phase 4 (routing operators) day report:
Current Iteration count: 2
Last iteration time: 0.015626907348632812
Average iteration time: 0.015625357627868652
Current score: 9290751.0


Phase 4 (routing operators) day 2 ended!
Phase 4 (routing operators) day report:
Current Iteration count: 3
Last iteration time: 0.01563119888305664
Average iteration time: 0.015627304712931313
Current score: 9290751.0


Phase 4 (routing operators) day 3 ended!
Phase 4 (routing operators) day report:
Current Iteration count: 4
Last iteration time: 0.015627384185791016
Average iteration time: 0.01562732458114624
Current score: 9290751.0


Phase 4 (routing operators) day 4 ended!
Phase 4 (routing operators) day report:
Current Iteration count: 5
Last iteration time: 0.031249046325683594
Average iteration time: 0.01875166893005371
Current score: 9290751.0


Phase 4 (routing operators) day 7 ended!
Phase 4 (routing operators) day report:
Current Iteration count: 6
Last iteration time: 0.01563286781311035
Average iteration time: 0.018231868743896484
Current score: 9290751.0


Phase 4 (routing operators) day 8 ended!
Phase 4 (routing operators) day report:
Current Iteration count: 7
Last iteration time: 0.015612125396728516
Average iteration time: 0.017857619694301063
Current score: 9290751.0


Phase 4 (routing operators) day 9 ended!
Phase 4 (routing operators) day report:
Current Iteration count: 8
Last iteration time: 0.015626907348632812
Average iteration time: 0.017578780651092533
Current score: 9290751.0


Phase 4 (routing operators) day 10 ended!
Phase 4 (routing operators) day report:
Current Iteration count: 9
Last iteration time: 0.015627145767211914
Average iteration time: 0.017361932330661353
Current score: 9290751.0


Phase 4 (routing operators) day 11 ended!
Phase 4 (routing operators) day report:
Current Iteration count: 10
Last iteration time: 0.03125
Average iteration time: 0.018750739097595216
Current score: 9290751.0


Phase 4 (routing operators) day 14 ended!
Phase 4 (routing operators) day report:
Current Iteration count: 11
Last iteration time: 0.015624284744262695
Average iteration time: 0.018466515974564987
Current score: 9290751.0


Phase 4 (routing operators) day 15 ended!
Phase 4 (routing operators) day report:
Current Iteration count: 12
Last iteration time: 0.0
Average iteration time: 0.016927639643351238
Current score: 9290751.0


Phase 4 (routing operators) day 16 ended!
Phase 4 (routing operators) day report:
Current Iteration count: 13
Last iteration time: 0.0
Average iteration time: 0.015625513516939603
Current score: 9290751.0


Phase 4 (routing operators) day 17 ended!
Phase 4 (routing operators) day report:
Current Iteration count: 14
Last iteration time: 0.0
Average iteration time: 0.014509405408586775
Current score: 9290751.0


Phase 4 (routing operators) day 18 ended!
Phase 4 (routing operators) day report:
Current Iteration count: 15
Last iteration time: 0.0
Average iteration time: 0.013542111714680989
Current score: 9290751.0


Phase 4 (routing operators) day 21 ended!
Phase 4 (routing operators) day report:
Current Iteration count: 16
Last iteration time: 0.015625715255737305
Average iteration time: 0.01367233693599701
Current score: 9290751.0


Phase 4 (routing operators) day 22 ended!
Phase 4 (routing operators) day report:
Current Iteration count: 17
Last iteration time: 0.0
Average iteration time: 0.012868081822114833
Current score: 9290751.0


Phase 4 (routing operators) day 23 ended!
Phase 4 (routing operators) day report:
Current Iteration count: 18
Last iteration time: 0.0
Average iteration time: 0.012153188387552897
Current score: 9290751.0


Phase 4 (routing operators) day 24 ended!
Phase 4 (routing operators) day report:
Current Iteration count: 19
Last iteration time: 0.0
Average iteration time: 0.011513546893471166
Current score: 9290751.0


Phase 4 (routing operators) day 25 ended!
Phase 4 (routing operators) day report:
Current Iteration count: 20
Last iteration time: 0.0
Average iteration time: 0.010937869548797607
Current score: 9290751.0


Phase 4 (routing operators) day 28 ended!
Phase 4 (routing operators) day report:
Current Iteration count: 21
Last iteration time: 0.031247854232788086
Average iteration time: 0.011905011676606677
Current score: 9290751.0


Phase 4 (routing operators) day 29 ended!
Phase 4 (routing operators) day report:
Current Iteration count: 22
Last iteration time: 0.01562190055847168
Average iteration time: 0.012073961171236906
Current score: 9290751.0


Phase 4 (routing operators) day 30 ended!
Phase 4 (routing operators) day report:
Current Iteration count: 23
Last iteration time: 0.015629053115844727
Average iteration time: 0.012228530386219854
Current score: 9290751.0


Phase 4 (routing operators) day 31 ended!
Phase 4 (routing operators) day report:
Current Iteration count: 24
Last iteration time: 0.015623807907104492
Average iteration time: 0.012370000282923382
Current score: 9290751.0


Phase 4 (routing operators) day 32 ended!
Phase 4 (routing operators) day report:
Current Iteration count: 25
Last iteration time: 0.031249284744262695
Average iteration time: 0.013125171661376953
Current score: 9290751.0


Phase 4 (routing operators) day 35 ended!
Phase 4 (routing operators) day report:
Current Iteration count: 26
Last iteration time: 0.031252145767211914
Average iteration time: 0.013822362973139836
Current score: 9290751.0


Phase 4 (routing operators) day 36 ended!
Phase 4 (routing operators) day report:
Current Iteration count: 27
Last iteration time: 0.01562643051147461
Average iteration time: 0.013889180289374458
Current score: 9290751.0


Phase 4 (routing operators) day 37 ended!
Phase 4 (routing operators) day report:
Current Iteration count: 28
Last iteration time: 0.01562666893005371
Average iteration time: 0.013951233455113001
Current score: 9290751.0


Phase 4 (routing operators) day 38 ended!
Phase 4 (routing operators) day report:
Current Iteration count: 29
Last iteration time: 0.0156252384185791
Average iteration time: 0.01400895776419804
Current score: 9290751.0


Phase 4 (routing operators) day 39 ended!
Phase 4 (routing operators) day report:
Current Iteration count: 30
Last iteration time: 0.0
Average iteration time: 0.013541992505391438
Current score: 9290751.0


Phase 4 (routing operators) day 42 ended!
Phase 4 (routing operators) day report:
Current Iteration count: 31
Last iteration time: 0.01563286781311035
Average iteration time: 0.013609440095963016
Current score: 9290751.0


Phase 4 (routing operators) day 43 ended!
Phase 4 (routing operators) day report:
Current Iteration count: 32
Last iteration time: 0.0
Average iteration time: 0.013184145092964172
Current score: 9290751.0


Phase 4 (routing operators) day 44 ended!
Phase 4 (routing operators) day report:
Current Iteration count: 33
Last iteration time: 0.0
Average iteration time: 0.012784625544692532
Current score: 9290751.0


Phase 4 (routing operators) day 45 ended!
Phase 4 (routing operators) day report:
Current Iteration count: 34
Last iteration time: 0.0
Average iteration time: 0.012408607146319221
Current score: 9290751.0


Phase 4 (routing operators) day 46 ended!
Phase 4 (routing operators) day report:
Current Iteration count: 35
Last iteration time: 0.0
Average iteration time: 0.012054075513567243
Current score: 9290751.0


Phase 4 (routing operators) day 49 ended!
Phase 4 (routing operators) day report:
Current Iteration count: 36
Last iteration time: 0.0
Average iteration time: 0.01171924008263482
Current score: 9290751.0


Phase 4 (routing operators) day 50 ended!
Phase 4 (routing operators) day report:
Current Iteration count: 37
Last iteration time: 0.0
Average iteration time: 0.01140250386418523
Current score: 9290751.0


Phase 4 (routing operators) day 51 ended!
Phase 4 (routing operators) day report:
Current Iteration count: 38
Last iteration time: 0.0
Average iteration time: 0.011102437973022461
Current score: 9290751.0


Phase 4 (routing operators) day 52 ended!
Phase 4 (routing operators) day report:
Current Iteration count: 39
Last iteration time: 0.0
Average iteration time: 0.010817760076278295
Current score: 9290751.0


Phase 4 (routing operators) day 53 ended!
Phase 4 (routing operators) day report:
Current Iteration count: 40
Last iteration time: 0.0156252384185791
Average iteration time: 0.010937947034835816
Current score: 9290751.0


Phase 4 (routing operators) ended! Current time: 2026-08-09 02:29:36.121677
Phase 4 (routing operators) Report:
Iteration count: 40
Last iteration time: 0.0156252384185791
Average iteration time: 0.010937947034835816
Current score: 9290751.0


Local search report:
Iteration count: 13 iterations
Last iteration time: 111.09375166893005 seconds
Iteration average time: 245.63214446948123 seconds
Current score: 9290751.0

Phase 1 ended! Current time: 2026-08-09 02:29:36.121677
Phase 1 Report:
Iteration count: 1
Last iteration time: 0.0
Average iteration time: 0.0
Current score: 9290751.0


Phase 2 (only move_services) mid-report:
Iteration count: 1
Last iteration time: 0.1875007152557373
Average iteration time: 0.1875007152557373
Current score: 9290751.0


Phase 2 (only move_services) ended! Current time: 2026-08-09 02:29:41.027925
Phase 2 (only move_services) Report:
Iteration count: 1
Last iteration time: 0.1875007152557373
Average iteration time: 0.1875007152557373
Current score: 9290751.0


Phase 3 (using only swap_services) mid-report:
Iteration count: 1
Last iteration time: 0.26563048362731934
Average iteration time: 0.26563048362731934
Current score: 9290751.0


Phase 3 (using only swap_services) ended! Current time: 2026-08-09 02:30:59.481052
Phase 3 (using only swap_services) Report:
Iteration count: 1
Last iteration time: 0.26563048362731934
Average iteration time: 0.26563048362731934
Current score: 9290751.0


Phase 4 (routing operators) mid-report:
Current day: 0
Iteration count: 1
Last iteration time: 0.03125786781311035
Average iteration time: 0.03125786781311035
Current score: 9290751.0


Phase 4 (routing operators) day 0 ended!
Phase 4 (routing operators) day report:
Current Iteration count: 1
Last iteration time: 0.03125786781311035
Average iteration time: 0.03125786781311035
Current score: 9290751.0


Phase 4 (routing operators) day 1 ended!
Phase 4 (routing operators) day report:
Current Iteration count: 2
Last iteration time: 0.015627622604370117
Average iteration time: 0.023442745208740234
Current score: 9290751.0


Phase 4 (routing operators) day 2 ended!
Phase 4 (routing operators) day report:
Current Iteration count: 3
Last iteration time: 0.01564335823059082
Average iteration time: 0.020842949549357098
Current score: 9290751.0


Phase 4 (routing operators) day 3 ended!
Phase 4 (routing operators) day report:
Current Iteration count: 4
Last iteration time: 0.015627145767211914
Average iteration time: 0.0195389986038208
Current score: 9290751.0


Phase 4 (routing operators) day 4 ended!
Phase 4 (routing operators) day report:
Current Iteration count: 5
Last iteration time: 0.04687833786010742
Average iteration time: 0.025006866455078124
Current score: 9290751.0


Phase 4 (routing operators) day 7 ended!
Phase 4 (routing operators) day report:
Current Iteration count: 6
Last iteration time: 0.0
Average iteration time: 0.02083905537923177
Current score: 9290751.0


Phase 4 (routing operators) day 8 ended!
Phase 4 (routing operators) day report:
Current Iteration count: 7
Last iteration time: 0.015625953674316406
Average iteration time: 0.020094326564243863
Current score: 9290751.0


Phase 4 (routing operators) day 9 ended!
Phase 4 (routing operators) day report:
Current Iteration count: 8
Last iteration time: 0.015624284744262695
Average iteration time: 0.019535571336746216
Current score: 9290751.0


Phase 4 (routing operators) day 10 ended!
Phase 4 (routing operators) day report:
Current Iteration count: 9
Last iteration time: 0.01562643051147461
Average iteration time: 0.01910122235616048
Current score: 9290751.0


Phase 4 (routing operators) day 11 ended!
Phase 4 (routing operators) day report:
Current Iteration count: 10
Last iteration time: 0.01562643051147461
Average iteration time: 0.018753743171691893
Current score: 9290751.0


Phase 4 (routing operators) day 14 ended!
Phase 4 (routing operators) day report:
Current Iteration count: 11
Last iteration time: 0.0
Average iteration time: 0.017048857428810814
Current score: 9290751.0


Phase 4 (routing operators) day 15 ended!
Phase 4 (routing operators) day report:
Current Iteration count: 12
Last iteration time: 0.0
Average iteration time: 0.015628119309743244
Current score: 9290751.0


Phase 4 (routing operators) day 16 ended!
Phase 4 (routing operators) day report:
Current Iteration count: 13
Last iteration time: 0.0
Average iteration time: 0.014425956285916842
Current score: 9290751.0


Phase 4 (routing operators) day 17 ended!
Phase 4 (routing operators) day report:
Current Iteration count: 14
Last iteration time: 0.0
Average iteration time: 0.013395530836922782
Current score: 9290751.0


Phase 4 (routing operators) day 18 ended!
Phase 4 (routing operators) day report:
Current Iteration count: 15
Last iteration time: 0.015620708465576172
Average iteration time: 0.013543876012166342
Current score: 9290751.0


Phase 4 (routing operators) day 21 ended!
Phase 4 (routing operators) day report:
Current Iteration count: 16
Last iteration time: 0.0
Average iteration time: 0.012697383761405947
Current score: 9290751.0


Phase 4 (routing operators) day 22 ended!
Phase 4 (routing operators) day report:
Current Iteration count: 17
Last iteration time: 0.0
Average iteration time: 0.01195047883426442
Current score: 9290751.0


Phase 4 (routing operators) day 23 ended!
Phase 4 (routing operators) day report:
Current Iteration count: 18
Last iteration time: 0.0
Average iteration time: 0.011286563343471952
Current score: 9290751.0


Phase 4 (routing operators) day 24 ended!
Phase 4 (routing operators) day report:
Current Iteration count: 19
Last iteration time: 0.0
Average iteration time: 0.010692533693815532
Current score: 9290751.0


Phase 4 (routing operators) day 25 ended!
Phase 4 (routing operators) day report:
Current Iteration count: 20
Last iteration time: 0.0
Average iteration time: 0.010157907009124754
Current score: 9290751.0


Phase 4 (routing operators) day 28 ended!
Phase 4 (routing operators) day report:
Current Iteration count: 21
Last iteration time: 0.031253814697265625
Average iteration time: 0.011162474041893368
Current score: 9290751.0


Phase 4 (routing operators) day 29 ended!
Phase 4 (routing operators) day report:
Current Iteration count: 22
Last iteration time: 0.0156252384185791
Average iteration time: 0.011365326968106356
Current score: 9290751.0


Phase 4 (routing operators) day 30 ended!
Phase 4 (routing operators) day report:
Current Iteration count: 23
Last iteration time: 0.015626907348632812
Average iteration time: 0.011550613071607508
Current score: 9290751.0


Phase 4 (routing operators) day 31 ended!
Phase 4 (routing operators) day report:
Current Iteration count: 24
Last iteration time: 0.0
Average iteration time: 0.011069337526957193
Current score: 9290751.0


Phase 4 (routing operators) day 32 ended!
Phase 4 (routing operators) day report:
Current Iteration count: 25
Last iteration time: 0.015628337860107422
Average iteration time: 0.011251697540283203
Current score: 9290751.0


Phase 4 (routing operators) day 35 ended!
Phase 4 (routing operators) day report:
Current Iteration count: 26
Last iteration time: 0.04687643051147461
Average iteration time: 0.012621879577636719
Current score: 9290751.0


Phase 4 (routing operators) day 36 ended!
Phase 4 (routing operators) day report:
Current Iteration count: 27
Last iteration time: 0.01562666893005371
Average iteration time: 0.012733168072170682
Current score: 9290751.0


Phase 4 (routing operators) day 37 ended!
Phase 4 (routing operators) day report:
Current Iteration count: 28
Last iteration time: 0.015621423721313477
Average iteration time: 0.012836320059640067
Current score: 9290751.0


Phase 4 (routing operators) day 38 ended!
Phase 4 (routing operators) day report:
Current Iteration count: 29
Last iteration time: 0.015623807907104492
Average iteration time: 0.012932440330242288
Current score: 9290751.0


Phase 4 (routing operators) day 39 ended!
Phase 4 (routing operators) day report:
Current Iteration count: 30
Last iteration time: 0.0
Average iteration time: 0.012501358985900879
Current score: 9290751.0


Phase 4 (routing operators) day 42 ended!
Phase 4 (routing operators) day report:
Current Iteration count: 31
Last iteration time: 0.0
Average iteration time: 0.012098089341194398
Current score: 9290751.0


Phase 4 (routing operators) day 43 ended!
Phase 4 (routing operators) day report:
Current Iteration count: 32
Last iteration time: 0.0
Average iteration time: 0.011720024049282074
Current score: 9290751.0


Phase 4 (routing operators) day 44 ended!
Phase 4 (routing operators) day report:
Current Iteration count: 33
Last iteration time: 0.01562952995300293
Average iteration time: 0.011838493925152403
Current score: 9290751.0


Phase 4 (routing operators) day 45 ended!
Phase 4 (routing operators) day report:
Current Iteration count: 34
Last iteration time: 0.0
Average iteration time: 0.011490302927353802
Current score: 9290751.0


Phase 4 (routing operators) day 46 ended!
Phase 4 (routing operators) day report:
Current Iteration count: 35
Last iteration time: 0.0
Average iteration time: 0.011162008558000838
Current score: 9290751.0


Phase 4 (routing operators) day 49 ended!
Phase 4 (routing operators) day report:
Current Iteration count: 36
Last iteration time: 0.0
Average iteration time: 0.010851952764723036
Current score: 9290751.0


Phase 4 (routing operators) day 50 ended!
Phase 4 (routing operators) day report:
Current Iteration count: 37
Last iteration time: 0.0
Average iteration time: 0.010558656744054845
Current score: 9290751.0


Phase 4 (routing operators) day 51 ended!
Phase 4 (routing operators) day report:
Current Iteration count: 38
Last iteration time: 0.0
Average iteration time: 0.010280797356053403
Current score: 9290751.0


Phase 4 (routing operators) day 52 ended!
Phase 4 (routing operators) day report:
Current Iteration count: 39
Last iteration time: 0.0
Average iteration time: 0.010017187167436648
Current score: 9290751.0


Phase 4 (routing operators) day 53 ended!
Phase 4 (routing operators) day report:
Current Iteration count: 40
Last iteration time: 0.015626907348632812
Average iteration time: 0.010157430171966552
Current score: 9290751.0


Phase 4 (routing operators) ended! Current time: 2026-08-09 02:31:26.902927
Phase 4 (routing operators) Report:
Iteration count: 40
Last iteration time: 0.015626907348632812
Average iteration time: 0.010157430171966552
Current score: 9290751.0


Local search report:
Iteration count: 14 iterations
Last iteration time: 110.78125047683716 seconds
Iteration average time: 235.99993775572096 seconds
Current score: 9290751.0

Local search ended after 14 iterations.
Last iteration time: 110.78125047683716 seconds
Iteration average time: 235.99993775572096 seconds
Original score: 684657415.0
Current score: 9290751.0

----- MARKER - SOLUTION PRINTED BELOW -------

Day 0, number of edges 121, number of routes 5

	Edges:

	Edge: 244 <--> 241 	 Freq: 56.0 	 Demand: 204
	Edge: 466 <--> 467 	 Freq: 56.0 	 Demand: 560
	Edge: 1587 <--> 1588 	 Freq: 56.0 	 Demand: 560
	Edge: 499 <--> 500 	 Freq: 56.0 	 Demand: 204
	Edge: 1163 <--> 1164 	 Freq: 56.0 	 Demand: 204
	Edge: 672 <--> 673 	 Freq: 56.0 	 Demand: 560
	Edge: 263 <--> 1129 	 Freq: 56.0 	 Demand: 560
	Edge: 893 <--> 909 	 Freq: 56.0 	 Demand: 560
	Edge: 225 <--> 226 	 Freq: 56.0 	 Demand: 204
	Edge: 11 <--> 604 	 Freq: 56.0 	 Demand: 560
	Edge: 1699 <--> 1700 	 Freq: 56.0 	 Demand: 560
	Edge: 1067 <--> 1055 	 Freq: 56.0 	 Demand: 204
	Edge: 1524 <--> 1525 	 Freq: 56.0 	 Demand: 1120
	Edge: 1198 <--> 1199 	 Freq: 56.0 	 Demand: 236
	Edge: 1042 <--> 56 	 Freq: 56.0 	 Demand: 204
	Edge: 377 <--> 725 	 Freq: 56.0 	 Demand: 204
	Edge: 537 <--> 546 	 Freq: 56.0 	 Demand: 340
	Edge: 1274 <--> 1275 	 Freq: 56.0 	 Demand: 408
	Edge: 272 <--> 85 	 Freq: 56.0 	 Demand: 116
	Edge: 547 <--> 548 	 Freq: 56.0 	 Demand: 204
	Edge: 394 <--> 599 	 Freq: 56.0 	 Demand: 560
	Edge: 944 <--> 922 	 Freq: 56.0 	 Demand: 560
	Edge: 447 <--> 448 	 Freq: 56.0 	 Demand: 204
	Edge: 244 <--> 245 	 Freq: 56.0 	 Demand: 408
	Edge: 351 <--> 390 	 Freq: 56.0 	 Demand: 560
	Edge: 549 <--> 33 	 Freq: 56.0 	 Demand: 204
	Edge: 90 <--> 942 	 Freq: 56.0 	 Demand: 204
	Edge: 1589 <--> 1654 	 Freq: 56.0 	 Demand: 408
	Edge: 130 <--> 1036 	 Freq: 56.0 	 Demand: 204
	Edge: 1436 <--> 1411 	 Freq: 56.0 	 Demand: 560
	Edge: 1621 <--> 1646 	 Freq: 56.0 	 Demand: 408
	Edge: 1068 <--> 1072 	 Freq: 56.0 	 Demand: 560
	Edge: 793 <--> 606 	 Freq: 56.0 	 Demand: 204
	Edge: 104 <--> 224 	 Freq: 56.0 	 Demand: 652
	Edge: 1513 <--> 1514 	 Freq: 56.0 	 Demand: 204
	Edge: 921 <--> 335 	 Freq: 56.0 	 Demand: 204
	Edge: 173 <--> 174 	 Freq: 56.0 	 Demand: 408
	Edge: 529 <--> 1041 	 Freq: 56.0 	 Demand: 560
	Edge: 1010 <--> 1012 	 Freq: 56.0 	 Demand: 204
	Edge: 723 <--> 724 	 Freq: 56.0 	 Demand: 320
	Edge: 444 <--> 1128 	 Freq: 56.0 	 Demand: 204
	Edge: 1109 <--> 1145 	 Freq: 56.0 	 Demand: 204
	Edge: 1079 <--> 522 	 Freq: 56.0 	 Demand: 204
	Edge: 1296 <--> 1297 	 Freq: 56.0 	 Demand: 408
	Edge: 1689 <--> 1690 	 Freq: 56.0 	 Demand: 204
	Edge: 1131 <--> 1133 	 Freq: 56.0 	 Demand: 204
	Edge: 1236 <--> 1237 	 Freq: 56.0 	 Demand: 408
	Edge: 379 <--> 600 	 Freq: 56.0 	 Demand: 560
	Edge: 1409 <--> 1372 	 Freq: 56.0 	 Demand: 560
	Edge: 523 <--> 524 	 Freq: 56.0 	 Demand: 160
	Edge: 99 <--> 928 	 Freq: 56.0 	 Demand: 560
	Edge: 1141 <--> 1140 	 Freq: 56.0 	 Demand: 204
	Edge: 1234 <--> 1242 	 Freq: 56.0 	 Demand: 204
	Edge: 1648 <--> 1649 	 Freq: 56.0 	 Demand: 408
	Edge: 1586 <--> 1428 	 Freq: 56.0 	 Demand: 408
	Edge: 555 <--> 796 	 Freq: 56.0 	 Demand: 204
	Edge: 1373 <--> 1374 	 Freq: 56.0 	 Demand: 560
	Edge: 584 <--> 1142 	 Freq: 56.0 	 Demand: 204
	Edge: 331 <--> 248 	 Freq: 56.0 	 Demand: 204
	Edge: 1034 <--> 1035 	 Freq: 56.0 	 Demand: 204
	Edge: 1684 <--> 1685 	 Freq: 56.0 	 Demand: 764
	Edge: 1731 <--> 1504 	 Freq: 56.0 	 Demand: 816
	Edge: 1686 <--> 1687 	 Freq: 56.0 	 Demand: 560
	Edge: 1144 <--> 708 	 Freq: 56.0 	 Demand: 560
	Edge: 395 <--> 497 	 Freq: 56.0 	 Demand: 560
	Edge: 436 <--> 520 	 Freq: 56.0 	 Demand: 560
	Edge: 1526 <--> 1527 	 Freq: 56.0 	 Demand: 408
	Edge: 422 <--> 423 	 Freq: 56.0 	 Demand: 204
	Edge: 1603 <--> 1656 	 Freq: 56.0 	 Demand: 204
	Edge: 1491 <--> 1555 	 Freq: 56.0 	 Demand: 408
	Edge: 450 <--> 367 	 Freq: 56.0 	 Demand: 560
	Edge: 1138 <--> 449 	 Freq: 56.0 	 Demand: 340
	Edge: 1521 <--> 1522 	 Freq: 56.0 	 Demand: 408
	Edge: 1500 <--> 1501 	 Freq: 56.0 	 Demand: 408
	Edge: 586 <--> 788 	 Freq: 56.0 	 Demand: 204
	Edge: 608 <--> 609 	 Freq: 56.0 	 Demand: 204
	Edge: 105 <--> 106 	 Freq: 56.0 	 Demand: 204
	Edge: 191 <--> 940 	 Freq: 56.0 	 Demand: 340
	Edge: 636 <--> 635 	 Freq: 56.0 	 Demand: 560
	Edge: 432 <--> 526 	 Freq: 56.0 	 Demand: 204
	Edge: 327 <--> 585 	 Freq: 56.0 	 Demand: 560
	Edge: 398 <--> 797 	 Freq: 56.0 	 Demand: 204
	Edge: 1397 <--> 1368 	 Freq: 56.0 	 Demand: 204
	Edge: 590 <--> 591 	 Freq: 56.0 	 Demand: 560
	Edge: 1574 <--> 1576 	 Freq: 56.0 	 Demand: 408
	Edge: 1192 <--> 1193 	 Freq: 56.0 	 Demand: 408
	Edge: 892 <--> 886 	 Freq: 56.0 	 Demand: 1308
	Edge: 1104 <--> 943 	 Freq: 56.0 	 Demand: 204
	Edge: 332 <--> 356 	 Freq: 56.0 	 Demand: 560
	Edge: 1406 <--> 1407 	 Freq: 56.0 	 Demand: 408
	Edge: 1665 <--> 1680 	 Freq: 56.0 	 Demand: 560
	Edge: 891 <--> 901 	 Freq: 56.0 	 Demand: 1308
	Edge: 910 <--> 1075 	 Freq: 56.0 	 Demand: 652
	Edge: 946 <--> 1043 	 Freq: 56.0 	 Demand: 560
	Edge: 413 <--> 722 	 Freq: 56.0 	 Demand: 560
	Edge: 1658 <--> 1659 	 Freq: 56.0 	 Demand: 116
	Edge: 407 <--> 1080 	 Freq: 56.0 	 Demand: 204
	Edge: 719 <--> 1143 	 Freq: 56.0 	 Demand: 204
	Edge: 1135 <--> 1134 	 Freq: 56.0 	 Demand: 204
	Edge: 915 <--> 1071 	 Freq: 56.0 	 Demand: 652
	Edge: 455 <--> 456 	 Freq: 56.0 	 Demand: 560
	Edge: 944 <--> 1105 	 Freq: 56.0 	 Demand: 560
	Edge: 601 <--> 602 	 Freq: 56.0 	 Demand: 612
	Edge: 456 <--> 457 	 Freq: 56.0 	 Demand: 560
	Edge: 1259 <--> 1678 	 Freq: 56.0 	 Demand: 408
	Edge: 334 <--> 406 	 Freq: 56.0 	 Demand: 560
	Edge: 243 <--> 1126 	 Freq: 56.0 	 Demand: 1120
	Edge: 674 <--> 675 	 Freq: 56.0 	 Demand: 1120
	Edge: 790 <--> 1116 	 Freq: 56.0 	 Demand: 204
	Edge: 1311 <--> 1312 	 Freq: 56.0 	 Demand: 612
	Edge: 1480 <--> 1481 	 Freq: 28.0 	 Demand: 1122
	Edge: 485 <--> 486 	 Freq: 28.0 	 Demand: 1682
	Edge: 132 <--> 133 	 Freq: 28.0 	 Demand: 1666
	Edge: 773 <--> 774 	 Freq: 28.0 	 Demand: 560
	Edge: 1136 <--> 1137 	 Freq: 28.0 	 Demand: 560
	Edge: 1276 <--> 1277 	 Freq: 28.0 	 Demand: 764
	Edge: 254 <--> 5 	 Freq: 28.0 	 Demand: 204
	Edge: 429 <--> 430 	 Freq: 28.0 	 Demand: 560
	Edge: 1634 <--> 1635 	 Freq: 28.0 	 Demand: 1122
	Edge: 21 <--> 22 	 Freq: 28.0 	 Demand: 654
	Edge: 404 <--> 405 	 Freq: 28.0 	 Demand: 560

	Routes:

	Route: 1
	Route length (97801.0) and demand (11972)
	Edge: 1198 <--> 1199 	 Freq: 56.0 	 Demand: 236
	Edge: 1521 <--> 1522 	 Freq: 56.0 	 Demand: 408
	Edge: 1524 <--> 1525 	 Freq: 56.0 	 Demand: 1120
	Edge: 1296 <--> 1297 	 Freq: 56.0 	 Demand: 408
	Edge: 1648 <--> 1649 	 Freq: 56.0 	 Demand: 408
	Edge: 1192 <--> 1193 	 Freq: 56.0 	 Demand: 408
	Edge: 1513 <--> 1514 	 Freq: 56.0 	 Demand: 204
	Edge: 1731 <--> 1504 	 Freq: 56.0 	 Demand: 816
	Edge: 1658 <--> 1659 	 Freq: 56.0 	 Demand: 116
	Edge: 1699 <--> 1700 	 Freq: 56.0 	 Demand: 560
	Edge: 1409 <--> 1372 	 Freq: 56.0 	 Demand: 560
	Edge: 1406 <--> 1407 	 Freq: 56.0 	 Demand: 408
	Edge: 1373 <--> 1374 	 Freq: 56.0 	 Demand: 560
	Edge: 1587 <--> 1588 	 Freq: 56.0 	 Demand: 560
	Edge: 1586 <--> 1428 	 Freq: 56.0 	 Demand: 408
	Edge: 1491 <--> 1555 	 Freq: 56.0 	 Demand: 408
	Edge: 1397 <--> 1368 	 Freq: 56.0 	 Demand: 204
	Edge: 1500 <--> 1501 	 Freq: 56.0 	 Demand: 408
	Edge: 1236 <--> 1237 	 Freq: 56.0 	 Demand: 408
	Edge: 1684 <--> 1685 	 Freq: 56.0 	 Demand: 764
	Edge: 1689 <--> 1690 	 Freq: 56.0 	 Demand: 204
	Edge: 1686 <--> 1687 	 Freq: 56.0 	 Demand: 560
	Edge: 1589 <--> 1654 	 Freq: 56.0 	 Demand: 408
	Edge: 1603 <--> 1656 	 Freq: 56.0 	 Demand: 204
	Edge: 1234 <--> 1242 	 Freq: 56.0 	 Demand: 204
	Edge: 1259 <--> 1678 	 Freq: 56.0 	 Demand: 408
	Edge: 1311 <--> 1312 	 Freq: 56.0 	 Demand: 612
	Route: 2
	Route length (60589.0) and demand (9936)
	Edge: 773 <--> 774 	 Freq: 28.0 	 Demand: 560
	Edge: 1136 <--> 1137 	 Freq: 28.0 	 Demand: 560
	Edge: 1163 <--> 1164 	 Freq: 56.0 	 Demand: 204
	Edge: 395 <--> 497 	 Freq: 56.0 	 Demand: 560
	Edge: 394 <--> 599 	 Freq: 56.0 	 Demand: 560
	Edge: 351 <--> 390 	 Freq: 56.0 	 Demand: 560
	Edge: 1665 <--> 1680 	 Freq: 56.0 	 Demand: 560
	Edge: 1574 <--> 1576 	 Freq: 56.0 	 Demand: 408
	Edge: 1274 <--> 1275 	 Freq: 56.0 	 Demand: 408
	Edge: 1634 <--> 1635 	 Freq: 28.0 	 Demand: 1122
	Edge: 1276 <--> 1277 	 Freq: 28.0 	 Demand: 764
	Edge: 1480 <--> 1481 	 Freq: 28.0 	 Demand: 1122
	Edge: 1621 <--> 1646 	 Freq: 56.0 	 Demand: 408
	Edge: 1526 <--> 1527 	 Freq: 56.0 	 Demand: 408
	Edge: 1436 <--> 1411 	 Freq: 56.0 	 Demand: 560
	Edge: 601 <--> 602 	 Freq: 56.0 	 Demand: 612
	Edge: 379 <--> 600 	 Freq: 56.0 	 Demand: 560
	Route: 3
	Route length (49249.0) and demand (11358)
	Edge: 132 <--> 133 	 Freq: 28.0 	 Demand: 1666
	Edge: 444 <--> 1128 	 Freq: 56.0 	 Demand: 204
	Edge: 225 <--> 226 	 Freq: 56.0 	 Demand: 204
	Edge: 254 <--> 5 	 Freq: 28.0 	 Demand: 204
	Edge: 429 <--> 430 	 Freq: 28.0 	 Demand: 560
	Edge: 331 <--> 248 	 Freq: 56.0 	 Demand: 204
	Edge: 447 <--> 448 	 Freq: 56.0 	 Demand: 204
	Edge: 332 <--> 356 	 Freq: 56.0 	 Demand: 560
	Edge: 915 <--> 1071 	 Freq: 56.0 	 Demand: 652
	Edge: 456 <--> 457 	 Freq: 56.0 	 Demand: 560
	Edge: 455 <--> 456 	 Freq: 56.0 	 Demand: 560
	Edge: 910 <--> 1075 	 Freq: 56.0 	 Demand: 652
	Edge: 1067 <--> 1055 	 Freq: 56.0 	 Demand: 204
	Edge: 1068 <--> 1072 	 Freq: 56.0 	 Demand: 560
	Edge: 327 <--> 585 	 Freq: 56.0 	 Demand: 560
	Edge: 1109 <--> 1145 	 Freq: 56.0 	 Demand: 204
	Edge: 1144 <--> 708 	 Freq: 56.0 	 Demand: 560
	Edge: 719 <--> 1143 	 Freq: 56.0 	 Demand: 204
	Edge: 244 <--> 241 	 Freq: 56.0 	 Demand: 204
	Edge: 244 <--> 245 	 Freq: 56.0 	 Demand: 408
	Edge: 243 <--> 1126 	 Freq: 56.0 	 Demand: 1120
	Edge: 450 <--> 367 	 Freq: 56.0 	 Demand: 560
	Edge: 1138 <--> 449 	 Freq: 56.0 	 Demand: 340
	Edge: 1135 <--> 1134 	 Freq: 56.0 	 Demand: 204
	Route: 4
	Route length (81037.0) and demand (10644)
	Edge: 413 <--> 722 	 Freq: 56.0 	 Demand: 560
	Edge: 946 <--> 1043 	 Freq: 56.0 	 Demand: 560
	Edge: 672 <--> 673 	 Freq: 56.0 	 Demand: 560
	Edge: 90 <--> 942 	 Freq: 56.0 	 Demand: 204
	Edge: 555 <--> 796 	 Freq: 56.0 	 Demand: 204
	Edge: 921 <--> 335 	 Freq: 56.0 	 Demand: 204
	Edge: 944 <--> 1105 	 Freq: 56.0 	 Demand: 560
	Edge: 944 <--> 922 	 Freq: 56.0 	 Demand: 560
	Edge: 104 <--> 224 	 Freq: 56.0 	 Demand: 652
	Edge: 105 <--> 106 	 Freq: 56.0 	 Demand: 204
	Edge: 1042 <--> 56 	 Freq: 56.0 	 Demand: 204
	Edge: 432 <--> 526 	 Freq: 56.0 	 Demand: 204
	Edge: 529 <--> 1041 	 Freq: 56.0 	 Demand: 560
	Edge: 173 <--> 174 	 Freq: 56.0 	 Demand: 408
	Edge: 1010 <--> 1012 	 Freq: 56.0 	 Demand: 204
	Edge: 1034 <--> 1035 	 Freq: 56.0 	 Demand: 204
	Edge: 723 <--> 724 	 Freq: 56.0 	 Demand: 320
	Edge: 377 <--> 725 	 Freq: 56.0 	 Demand: 204
	Edge: 674 <--> 675 	 Freq: 56.0 	 Demand: 1120
	Edge: 130 <--> 1036 	 Freq: 56.0 	 Demand: 204
	Edge: 547 <--> 548 	 Freq: 56.0 	 Demand: 204
	Edge: 422 <--> 423 	 Freq: 56.0 	 Demand: 204
	Edge: 485 <--> 486 	 Freq: 28.0 	 Demand: 1682
	Edge: 21 <--> 22 	 Freq: 28.0 	 Demand: 654
	Route: 5
	Route length (118064.0) and demand (11824)
	Edge: 398 <--> 797 	 Freq: 56.0 	 Demand: 204
	Edge: 586 <--> 788 	 Freq: 56.0 	 Demand: 204
	Edge: 191 <--> 940 	 Freq: 56.0 	 Demand: 340
	Edge: 499 <--> 500 	 Freq: 56.0 	 Demand: 204
	Edge: 549 <--> 33 	 Freq: 56.0 	 Demand: 204
	Edge: 11 <--> 604 	 Freq: 56.0 	 Demand: 560
	Edge: 1104 <--> 943 	 Freq: 56.0 	 Demand: 204
	Edge: 790 <--> 1116 	 Freq: 56.0 	 Demand: 204
	Edge: 608 <--> 609 	 Freq: 56.0 	 Demand: 204
	Edge: 636 <--> 635 	 Freq: 56.0 	 Demand: 560
	Edge: 590 <--> 591 	 Freq: 56.0 	 Demand: 560
	Edge: 99 <--> 928 	 Freq: 56.0 	 Demand: 560
	Edge: 1131 <--> 1133 	 Freq: 56.0 	 Demand: 204
	Edge: 263 <--> 1129 	 Freq: 56.0 	 Demand: 560
	Edge: 1141 <--> 1140 	 Freq: 56.0 	 Demand: 204
	Edge: 793 <--> 606 	 Freq: 56.0 	 Demand: 204
	Edge: 272 <--> 85 	 Freq: 56.0 	 Demand: 116
	Edge: 891 <--> 901 	 Freq: 56.0 	 Demand: 1308
	Edge: 436 <--> 520 	 Freq: 56.0 	 Demand: 560
	Edge: 893 <--> 909 	 Freq: 56.0 	 Demand: 560
	Edge: 466 <--> 467 	 Freq: 56.0 	 Demand: 560
	Edge: 892 <--> 886 	 Freq: 56.0 	 Demand: 1308
	Edge: 1079 <--> 522 	 Freq: 56.0 	 Demand: 204
	Edge: 404 <--> 405 	 Freq: 28.0 	 Demand: 560
	Edge: 523 <--> 524 	 Freq: 56.0 	 Demand: 160
	Edge: 334 <--> 406 	 Freq: 56.0 	 Demand: 560
	Edge: 407 <--> 1080 	 Freq: 56.0 	 Demand: 204
	Edge: 584 <--> 1142 	 Freq: 56.0 	 Demand: 204
	Edge: 537 <--> 546 	 Freq: 56.0 	 Demand: 340

Day 1, number of edges 27, number of routes 4

	Edges:

	Edge: 487 <--> 488 	 Freq: 28.0 	 Demand: 2618
	Edge: 839 <--> 1018 	 Freq: 28.0 	 Demand: 118
	Edge: 1545 <--> 1572 	 Freq: 28.0 	 Demand: 560
	Edge: 1017 <--> 337 	 Freq: 28.0 	 Demand: 654
	Edge: 172 <--> 848 	 Freq: 28.0 	 Demand: 1682
	Edge: 52 <--> 39 	 Freq: 28.0 	 Demand: 3970
	Edge: 1299 <--> 1300 	 Freq: 28.0 	 Demand: 1122
	Edge: 1729 <--> 1730 	 Freq: 28.0 	 Demand: 560
	Edge: 1424 <--> 1722 	 Freq: 28.0 	 Demand: 204
	Edge: 20 <--> 1049 	 Freq: 28.0 	 Demand: 560
	Edge: 313 <--> 219 	 Freq: 28.0 	 Demand: 340
	Edge: 1017 <--> 1181 	 Freq: 28.0 	 Demand: 654
	Edge: 111 <--> 158 	 Freq: 28.0 	 Demand: 560
	Edge: 1724 <--> 1725 	 Freq: 28.0 	 Demand: 1682
	Edge: 362 <--> 231 	 Freq: 28.0 	 Demand: 1428
	Edge: 111 <--> 112 	 Freq: 28.0 	 Demand: 2244
	Edge: 219 <--> 220 	 Freq: 28.0 	 Demand: 560
	Edge: 1547 <--> 1734 	 Freq: 28.0 	 Demand: 118
	Edge: 1218 <--> 1219 	 Freq: 28.0 	 Demand: 2244
	Edge: 820 <--> 821 	 Freq: 28.0 	 Demand: 1308
	Edge: 50 <--> 51 	 Freq: 28.0 	 Demand: 3986
	Edge: 572 <--> 573 	 Freq: 28.0 	 Demand: 654
	Edge: 754 <--> 755 	 Freq: 28.0 	 Demand: 2210
	Edge: 1157 <--> 659 	 Freq: 28.0 	 Demand: 204
	Edge: 39 <--> 40 	 Freq: 28.0 	 Demand: 3548
	Edge: 991 <--> 989 	 Freq: 28.0 	 Demand: 560
	Edge: 112 <--> 116 	 Freq: 28.0 	 Demand: 1122

	Routes:

	Route: 1
	Route length (7788.0) and demand (11504)
	Edge: 50 <--> 51 	 Freq: 28.0 	 Demand: 3986
	Edge: 39 <--> 40 	 Freq: 28.0 	 Demand: 3548
	Edge: 52 <--> 39 	 Freq: 28.0 	 Demand: 3970
	Route: 2
	Route length (51316.0) and demand (6490)
	Edge: 1545 <--> 1572 	 Freq: 28.0 	 Demand: 560
	Edge: 1299 <--> 1300 	 Freq: 28.0 	 Demand: 1122
	Edge: 1218 <--> 1219 	 Freq: 28.0 	 Demand: 2244
	Edge: 1424 <--> 1722 	 Freq: 28.0 	 Demand: 204
	Edge: 1729 <--> 1730 	 Freq: 28.0 	 Demand: 560
	Edge: 1547 <--> 1734 	 Freq: 28.0 	 Demand: 118
	Edge: 1724 <--> 1725 	 Freq: 28.0 	 Demand: 1682
	Route: 3
	Route length (35096.0) and demand (6908)
	Edge: 111 <--> 112 	 Freq: 28.0 	 Demand: 2244
	Edge: 112 <--> 116 	 Freq: 28.0 	 Demand: 1122
	Edge: 111 <--> 158 	 Freq: 28.0 	 Demand: 560
	Edge: 219 <--> 220 	 Freq: 28.0 	 Demand: 560
	Edge: 313 <--> 219 	 Freq: 28.0 	 Demand: 340
	Edge: 362 <--> 231 	 Freq: 28.0 	 Demand: 1428
	Edge: 572 <--> 573 	 Freq: 28.0 	 Demand: 654
	Route: 4
	Route length (12622.0) and demand (10568)
	Edge: 20 <--> 1049 	 Freq: 28.0 	 Demand: 560
	Edge: 487 <--> 488 	 Freq: 28.0 	 Demand: 2618
	Edge: 172 <--> 848 	 Freq: 28.0 	 Demand: 1682
	Edge: 1157 <--> 659 	 Freq: 28.0 	 Demand: 204
	Edge: 1017 <--> 337 	 Freq: 28.0 	 Demand: 654
	Edge: 1017 <--> 1181 	 Freq: 28.0 	 Demand: 654
	Edge: 991 <--> 989 	 Freq: 28.0 	 Demand: 560
	Edge: 754 <--> 755 	 Freq: 28.0 	 Demand: 2210
	Edge: 839 <--> 1018 	 Freq: 28.0 	 Demand: 118
	Edge: 820 <--> 821 	 Freq: 28.0 	 Demand: 1308

Day 2, number of edges 29, number of routes 3

	Edges:

	Edge: 661 <--> 1158 	 Freq: 28.0 	 Demand: 340
	Edge: 399 <--> 400 	 Freq: 28.0 	 Demand: 560
	Edge: 1360 <--> 1708 	 Freq: 28.0 	 Demand: 118
	Edge: 342 <--> 1064 	 Freq: 28.0 	 Demand: 1308
	Edge: 701 <--> 702 	 Freq: 28.0 	 Demand: 1122
	Edge: 180 <--> 181 	 Freq: 28.0 	 Demand: 1308
	Edge: 654 <--> 655 	 Freq: 28.0 	 Demand: 654
	Edge: 762 <--> 763 	 Freq: 28.0 	 Demand: 560
	Edge: 323 <--> 321 	 Freq: 28.0 	 Demand: 1122
	Edge: 774 <--> 783 	 Freq: 28.0 	 Demand: 560
	Edge: 24 <--> 25 	 Freq: 28.0 	 Demand: 560
	Edge: 192 <--> 815 	 Freq: 28.0 	 Demand: 560
	Edge: 617 <--> 618 	 Freq: 28.0 	 Demand: 1122
	Edge: 1208 <--> 1498 	 Freq: 28.0 	 Demand: 1122
	Edge: 1510 <--> 1653 	 Freq: 28.0 	 Demand: 1020
	Edge: 1720 <--> 1287 	 Freq: 28.0 	 Demand: 764
	Edge: 660 <--> 661 	 Freq: 28.0 	 Demand: 654
	Edge: 1321 <--> 1362 	 Freq: 28.0 	 Demand: 1648
	Edge: 1720 <--> 1369 	 Freq: 28.0 	 Demand: 560
	Edge: 1505 <--> 1507 	 Freq: 28.0 	 Demand: 118
	Edge: 30 <--> 31 	 Freq: 28.0 	 Demand: 1122
	Edge: 1021 <--> 819 	 Freq: 28.0 	 Demand: 654
	Edge: 656 <--> 748 	 Freq: 28.0 	 Demand: 2430
	Edge: 1206 <--> 1207 	 Freq: 28.0 	 Demand: 3514
	Edge: 346 <--> 347 	 Freq: 28.0 	 Demand: 952
	Edge: 23 <--> 24 	 Freq: 28.0 	 Demand: 3638
	Edge: 1661 <--> 1346 	 Freq: 28.0 	 Demand: 1530
	Edge: 304 <--> 305 	 Freq: 28.0 	 Demand: 560
	Edge: 1113 <--> 1114 	 Freq: 28.0 	 Demand: 408

	Routes:

	Route: 1
	Route length (35713.0) and demand (11146)
	Edge: 24 <--> 25 	 Freq: 28.0 	 Demand: 560
	Edge: 23 <--> 24 	 Freq: 28.0 	 Demand: 3638
	Edge: 1021 <--> 819 	 Freq: 28.0 	 Demand: 654
	Edge: 762 <--> 763 	 Freq: 28.0 	 Demand: 560
	Edge: 654 <--> 655 	 Freq: 28.0 	 Demand: 654
	Edge: 656 <--> 748 	 Freq: 28.0 	 Demand: 2430
	Edge: 192 <--> 815 	 Freq: 28.0 	 Demand: 560
	Edge: 399 <--> 400 	 Freq: 28.0 	 Demand: 560
	Edge: 1113 <--> 1114 	 Freq: 28.0 	 Demand: 408
	Edge: 617 <--> 618 	 Freq: 28.0 	 Demand: 1122
	Route: 2
	Route length (62714.0) and demand (11906)
	Edge: 346 <--> 347 	 Freq: 28.0 	 Demand: 952
	Edge: 774 <--> 783 	 Freq: 28.0 	 Demand: 560
	Edge: 1510 <--> 1653 	 Freq: 28.0 	 Demand: 1020
	Edge: 1505 <--> 1507 	 Freq: 28.0 	 Demand: 118
	Edge: 1208 <--> 1498 	 Freq: 28.0 	 Demand: 1122
	Edge: 1206 <--> 1207 	 Freq: 28.0 	 Demand: 3514
	Edge: 1720 <--> 1369 	 Freq: 28.0 	 Demand: 560
	Edge: 1720 <--> 1287 	 Freq: 28.0 	 Demand: 764
	Edge: 1661 <--> 1346 	 Freq: 28.0 	 Demand: 1530
	Edge: 1321 <--> 1362 	 Freq: 28.0 	 Demand: 1648
	Edge: 1360 <--> 1708 	 Freq: 28.0 	 Demand: 118
	Route: 3
	Route length (22970.0) and demand (7536)
	Edge: 323 <--> 321 	 Freq: 28.0 	 Demand: 1122
	Edge: 701 <--> 702 	 Freq: 28.0 	 Demand: 1122
	Edge: 304 <--> 305 	 Freq: 28.0 	 Demand: 560
	Edge: 180 <--> 181 	 Freq: 28.0 	 Demand: 1308
	Edge: 342 <--> 1064 	 Freq: 28.0 	 Demand: 1308
	Edge: 30 <--> 31 	 Freq: 28.0 	 Demand: 1122
	Edge: 661 <--> 1158 	 Freq: 28.0 	 Demand: 340
	Edge: 660 <--> 661 	 Freq: 28.0 	 Demand: 654

Day 3, number of edges 31, number of routes 4

	Edges:

	Edge: 907 <--> 908 	 Freq: 28.0 	 Demand: 1122
	Edge: 678 <--> 677 	 Freq: 28.0 	 Demand: 560
	Edge: 1474 <--> 1475 	 Freq: 28.0 	 Demand: 2244
	Edge: 470 <--> 250 	 Freq: 28.0 	 Demand: 204
	Edge: 736 <--> 737 	 Freq: 28.0 	 Demand: 1308
	Edge: 747 <--> 482 	 Freq: 28.0 	 Demand: 1122
	Edge: 135 <--> 234 	 Freq: 28.0 	 Demand: 2788
	Edge: 766 <--> 484 	 Freq: 28.0 	 Demand: 1122
	Edge: 1492 <--> 1493 	 Freq: 28.0 	 Demand: 1122
	Edge: 28 <--> 761 	 Freq: 28.0 	 Demand: 3692
	Edge: 859 <--> 1018 	 Freq: 28.0 	 Demand: 1954
	Edge: 1302 <--> 1303 	 Freq: 28.0 	 Demand: 560
	Edge: 996 <--> 997 	 Freq: 28.0 	 Demand: 1308
	Edge: 1362 <--> 1714 	 Freq: 28.0 	 Demand: 560
	Edge: 1153 <--> 1154 	 Freq: 28.0 	 Demand: 1308
	Edge: 536 <--> 738 	 Freq: 28.0 	 Demand: 1308
	Edge: 1674 <--> 1675 	 Freq: 28.0 	 Demand: 560
	Edge: 1715 <--> 1716 	 Freq: 28.0 	 Demand: 764
	Edge: 619 <--> 620 	 Freq: 28.0 	 Demand: 1122
	Edge: 1088 <--> 1082 	 Freq: 28.0 	 Demand: 680
	Edge: 864 <--> 865 	 Freq: 28.0 	 Demand: 2804
	Edge: 904 <--> 905 	 Freq: 28.0 	 Demand: 560
	Edge: 1183 <--> 1184 	 Freq: 28.0 	 Demand: 1598
	Edge: 1696 <--> 1460 	 Freq: 28.0 	 Demand: 560
	Edge: 231 <--> 153 	 Freq: 28.0 	 Demand: 356
	Edge: 1362 <--> 1292 	 Freq: 28.0 	 Demand: 3110
	Edge: 823 <--> 824 	 Freq: 28.0 	 Demand: 798
	Edge: 1155 <--> 1151 	 Freq: 28.0 	 Demand: 612
	Edge: 1151 <--> 1001 	 Freq: 28.0 	 Demand: 560
	Edge: 75 <--> 403 	 Freq: 28.0 	 Demand: 560
	Edge: 1723 <--> 1726 	 Freq: 28.0 	 Demand: 356

	Routes:

	Route: 1
	Route length (57430.0) and demand (10568)
	Edge: 736 <--> 737 	 Freq: 28.0 	 Demand: 1308
	Edge: 619 <--> 620 	 Freq: 28.0 	 Demand: 1122
	Edge: 1088 <--> 1082 	 Freq: 28.0 	 Demand: 680
	Edge: 75 <--> 403 	 Freq: 28.0 	 Demand: 560
	Edge: 904 <--> 905 	 Freq: 28.0 	 Demand: 560
	Edge: 907 <--> 908 	 Freq: 28.0 	 Demand: 1122
	Edge: 470 <--> 250 	 Freq: 28.0 	 Demand: 204
	Edge: 135 <--> 234 	 Freq: 28.0 	 Demand: 2788
	Edge: 231 <--> 153 	 Freq: 28.0 	 Demand: 356
	Edge: 996 <--> 997 	 Freq: 28.0 	 Demand: 1308
	Edge: 678 <--> 677 	 Freq: 28.0 	 Demand: 560
	Route: 2
	Route length (2601.0) and demand (3692)
	Edge: 28 <--> 761 	 Freq: 28.0 	 Demand: 3692
	Route: 3
	Route length (48857.0) and demand (11434)
	Edge: 1492 <--> 1493 	 Freq: 28.0 	 Demand: 1122
	Edge: 1302 <--> 1303 	 Freq: 28.0 	 Demand: 560
	Edge: 1674 <--> 1675 	 Freq: 28.0 	 Demand: 560
	Edge: 1183 <--> 1184 	 Freq: 28.0 	 Demand: 1598
	Edge: 1474 <--> 1475 	 Freq: 28.0 	 Demand: 2244
	Edge: 1362 <--> 1292 	 Freq: 28.0 	 Demand: 3110
	Edge: 1362 <--> 1714 	 Freq: 28.0 	 Demand: 560
	Edge: 1715 <--> 1716 	 Freq: 28.0 	 Demand: 764
	Edge: 1696 <--> 1460 	 Freq: 28.0 	 Demand: 560
	Edge: 1723 <--> 1726 	 Freq: 28.0 	 Demand: 356
	Route: 4
	Route length (9576.0) and demand (11588)
	Edge: 823 <--> 824 	 Freq: 28.0 	 Demand: 798
	Edge: 859 <--> 1018 	 Freq: 28.0 	 Demand: 1954
	Edge: 864 <--> 865 	 Freq: 28.0 	 Demand: 2804
	Edge: 766 <--> 484 	 Freq: 28.0 	 Demand: 1122
	Edge: 747 <--> 482 	 Freq: 28.0 	 Demand: 1122
	Edge: 1153 <--> 1154 	 Freq: 28.0 	 Demand: 1308
	Edge: 1155 <--> 1151 	 Freq: 28.0 	 Demand: 612
	Edge: 1151 <--> 1001 	 Freq: 28.0 	 Demand: 560
	Edge: 536 <--> 738 	 Freq: 28.0 	 Demand: 1308

Day 4, number of edges 73, number of routes 5

	Edges:

	Edge: 1123 <--> 138 	 Freq: 28.0 	 Demand: 2244
	Edge: 717 <--> 595 	 Freq: 28.0 	 Demand: 764
	Edge: 140 <--> 295 	 Freq: 28.0 	 Demand: 1122
	Edge: 715 <--> 716 	 Freq: 28.0 	 Demand: 1326
	Edge: 1152 <--> 771 	 Freq: 28.0 	 Demand: 654
	Edge: 482 <--> 483 	 Freq: 28.0 	 Demand: 1870
	Edge: 1346 <--> 1347 	 Freq: 28.0 	 Demand: 118
	Edge: 582 <--> 581 	 Freq: 28.0 	 Demand: 118
	Edge: 1376 <--> 1719 	 Freq: 28.0 	 Demand: 2244
	Edge: 978 <--> 979 	 Freq: 28.0 	 Demand: 1122
	Edge: 310 <--> 136 	 Freq: 28.0 	 Demand: 1462
	Edge: 948 <--> 1110 	 Freq: 28.0 	 Demand: 204
	Edge: 1073 <--> 1074 	 Freq: 28.0 	 Demand: 1122
	Edge: 381 <--> 382 	 Freq: 28.0 	 Demand: 118
	Edge: 1240 <--> 1241 	 Freq: 28.0 	 Demand: 764
	Edge: 137 <--> 296 	 Freq: 28.0 	 Demand: 816
	Edge: 1106 <--> 1111 	 Freq: 28.0 	 Demand: 560
	Edge: 1204 <--> 1205 	 Freq: 28.0 	 Demand: 238
	Edge: 861 <--> 862 	 Freq: 28.0 	 Demand: 204
	Edge: 803 <--> 804 	 Freq: 28.0 	 Demand: 204
	Edge: 1644 <--> 1645 	 Freq: 28.0 	 Demand: 408
	Edge: 551 <--> 542 	 Freq: 28.0 	 Demand: 654
	Edge: 1028 <--> 1026 	 Freq: 28.0 	 Demand: 118
	Edge: 45 <--> 46 	 Freq: 28.0 	 Demand: 654
	Edge: 902 <--> 903 	 Freq: 28.0 	 Demand: 654
	Edge: 514 <--> 1115 	 Freq: 28.0 	 Demand: 1122
	Edge: 709 <--> 711 	 Freq: 28.0 	 Demand: 1216
	Edge: 806 <--> 1092 	 Freq: 28.0 	 Demand: 560
	Edge: 1322 <--> 1323 	 Freq: 28.0 	 Demand: 1122
	Edge: 693 <--> 861 	 Freq: 28.0 	 Demand: 1122
	Edge: 479 <--> 693 	 Freq: 28.0 	 Demand: 526
	Edge: 948 <--> 949 	 Freq: 28.0 	 Demand: 654
	Edge: 1334 <--> 1672 	 Freq: 28.0 	 Demand: 560
	Edge: 1715 <--> 1713 	 Freq: 28.0 	 Demand: 560
	Edge: 1608 <--> 1609 	 Freq: 28.0 	 Demand: 118
	Edge: 1709 <--> 1721 	 Freq: 28.0 	 Demand: 356
	Edge: 1107 <--> 976 	 Freq: 28.0 	 Demand: 118
	Edge: 1051 <--> 1052 	 Freq: 28.0 	 Demand: 340
	Edge: 139 <--> 140 	 Freq: 28.0 	 Demand: 2244
	Edge: 1254 <--> 1255 	 Freq: 28.0 	 Demand: 204
	Edge: 1230 <--> 1231 	 Freq: 28.0 	 Demand: 560
	Edge: 803 <--> 1103 	 Freq: 28.0 	 Demand: 340
	Edge: 1698 <--> 1710 	 Freq: 28.0 	 Demand: 204
	Edge: 734 <--> 735 	 Freq: 28.0 	 Demand: 2244
	Edge: 557 <--> 558 	 Freq: 28.0 	 Demand: 118
	Edge: 54 <--> 55 	 Freq: 28.0 	 Demand: 118
	Edge: 807 <--> 594 	 Freq: 28.0 	 Demand: 238
	Edge: 511 <--> 924 	 Freq: 28.0 	 Demand: 654
	Edge: 767 <--> 1175 	 Freq: 28.0 	 Demand: 1682
	Edge: 1681 <--> 1693 	 Freq: 28.0 	 Demand: 1122
	Edge: 741 <--> 742 	 Freq: 28.0 	 Demand: 322
	Edge: 981 <--> 807 	 Freq: 28.0 	 Demand: 204
	Edge: 1289 <--> 1268 	 Freq: 28.0 	 Demand: 118
	Edge: 1268 <--> 1269 	 Freq: 28.0 	 Demand: 238
	Edge: 1637 <--> 1266 	 Freq: 28.0 	 Demand: 560
	Edge: 1713 <--> 1342 	 Freq: 28.0 	 Demand: 1122
	Edge: 1288 <--> 1383 	 Freq: 28.0 	 Demand: 408
	Edge: 625 <--> 381 	 Freq: 28.0 	 Demand: 204
	Edge: 1400 <--> 1401 	 Freq: 28.0 	 Demand: 560
	Edge: 800 <--> 801 	 Freq: 28.0 	 Demand: 356
	Edge: 1148 <--> 1027 	 Freq: 28.0 	 Demand: 118
	Edge: 1084 <--> 468 	 Freq: 28.0 	 Demand: 560
	Edge: 1249 <--> 1666 	 Freq: 28.0 	 Demand: 118
	Edge: 53 <--> 1045 	 Freq: 28.0 	 Demand: 118
	Edge: 955 <--> 253 	 Freq: 28.0 	 Demand: 1122
	Edge: 1367 <--> 1644 	 Freq: 28.0 	 Demand: 654
	Edge: 1564 <--> 1227 	 Freq: 28.0 	 Demand: 1326
	Edge: 541 <--> 542 	 Freq: 28.0 	 Demand: 1326
	Edge: 1708 <--> 1310 	 Freq: 28.0 	 Demand: 1122
	Edge: 641 <--> 642 	 Freq: 28.0 	 Demand: 560
	Edge: 1472 <--> 1660 	 Freq: 28.0 	 Demand: 1122
	Edge: 1732 <--> 1381 	 Freq: 28.0 	 Demand: 560
	Edge: 596 <--> 718 	 Freq: 28.0 	 Demand: 1122

	Routes:

	Route: 1
	Route length (9640.0) and demand (11848)
	Edge: 45 <--> 46 	 Freq: 28.0 	 Demand: 654
	Edge: 1148 <--> 1027 	 Freq: 28.0 	 Demand: 118
	Edge: 1028 <--> 1026 	 Freq: 28.0 	 Demand: 118
	Edge: 693 <--> 861 	 Freq: 28.0 	 Demand: 1122
	Edge: 861 <--> 862 	 Freq: 28.0 	 Demand: 204
	Edge: 479 <--> 693 	 Freq: 28.0 	 Demand: 526
	Edge: 541 <--> 542 	 Freq: 28.0 	 Demand: 1326
	Edge: 551 <--> 542 	 Freq: 28.0 	 Demand: 654
	Edge: 557 <--> 558 	 Freq: 28.0 	 Demand: 118
	Edge: 767 <--> 1175 	 Freq: 28.0 	 Demand: 1682
	Edge: 741 <--> 742 	 Freq: 28.0 	 Demand: 322
	Edge: 54 <--> 55 	 Freq: 28.0 	 Demand: 118
	Edge: 53 <--> 1045 	 Freq: 28.0 	 Demand: 118
	Edge: 734 <--> 735 	 Freq: 28.0 	 Demand: 2244
	Edge: 1152 <--> 771 	 Freq: 28.0 	 Demand: 654
	Edge: 482 <--> 483 	 Freq: 28.0 	 Demand: 1870
	Route: 2
	Route length (18504.0) and demand (9010)
	Edge: 1123 <--> 138 	 Freq: 28.0 	 Demand: 2244
	Edge: 139 <--> 140 	 Freq: 28.0 	 Demand: 2244
	Edge: 140 <--> 295 	 Freq: 28.0 	 Demand: 1122
	Edge: 137 <--> 296 	 Freq: 28.0 	 Demand: 816
	Edge: 310 <--> 136 	 Freq: 28.0 	 Demand: 1462
	Edge: 955 <--> 253 	 Freq: 28.0 	 Demand: 1122
	Route: 3
	Route length (43101.0) and demand (7778)
	Edge: 381 <--> 382 	 Freq: 28.0 	 Demand: 118
	Edge: 625 <--> 381 	 Freq: 28.0 	 Demand: 204
	Edge: 978 <--> 979 	 Freq: 28.0 	 Demand: 1122
	Edge: 1107 <--> 976 	 Freq: 28.0 	 Demand: 118
	Edge: 800 <--> 801 	 Freq: 28.0 	 Demand: 356
	Edge: 514 <--> 1115 	 Freq: 28.0 	 Demand: 1122
	Edge: 803 <--> 804 	 Freq: 28.0 	 Demand: 204
	Edge: 511 <--> 924 	 Freq: 28.0 	 Demand: 654
	Edge: 1106 <--> 1111 	 Freq: 28.0 	 Demand: 560
	Edge: 948 <--> 949 	 Freq: 28.0 	 Demand: 654
	Edge: 948 <--> 1110 	 Freq: 28.0 	 Demand: 204
	Edge: 803 <--> 1103 	 Freq: 28.0 	 Demand: 340
	Edge: 806 <--> 1092 	 Freq: 28.0 	 Demand: 560
	Edge: 981 <--> 807 	 Freq: 28.0 	 Demand: 204
	Edge: 807 <--> 594 	 Freq: 28.0 	 Demand: 238
	Edge: 641 <--> 642 	 Freq: 28.0 	 Demand: 560
	Edge: 1084 <--> 468 	 Freq: 28.0 	 Demand: 560
	Route: 4
	Route length (67218.0) and demand (11440)
	Edge: 1637 <--> 1266 	 Freq: 28.0 	 Demand: 560
	Edge: 1204 <--> 1205 	 Freq: 28.0 	 Demand: 238
	Edge: 1254 <--> 1255 	 Freq: 28.0 	 Demand: 204
	Edge: 1240 <--> 1241 	 Freq: 28.0 	 Demand: 764
	Edge: 1709 <--> 1721 	 Freq: 28.0 	 Demand: 356
	Edge: 1288 <--> 1383 	 Freq: 28.0 	 Demand: 408
	Edge: 1346 <--> 1347 	 Freq: 28.0 	 Demand: 118
	Edge: 1472 <--> 1660 	 Freq: 28.0 	 Demand: 1122
	Edge: 1289 <--> 1268 	 Freq: 28.0 	 Demand: 118
	Edge: 1268 <--> 1269 	 Freq: 28.0 	 Demand: 238
	Edge: 1367 <--> 1644 	 Freq: 28.0 	 Demand: 654
	Edge: 1644 <--> 1645 	 Freq: 28.0 	 Demand: 408
	Edge: 1376 <--> 1719 	 Freq: 28.0 	 Demand: 2244
	Edge: 1249 <--> 1666 	 Freq: 28.0 	 Demand: 118
	Edge: 1681 <--> 1693 	 Freq: 28.0 	 Demand: 1122
	Edge: 1698 <--> 1710 	 Freq: 28.0 	 Demand: 204
	Edge: 1230 <--> 1231 	 Freq: 28.0 	 Demand: 560
	Edge: 1564 <--> 1227 	 Freq: 28.0 	 Demand: 1326
	Edge: 1608 <--> 1609 	 Freq: 28.0 	 Demand: 118
	Edge: 1400 <--> 1401 	 Freq: 28.0 	 Demand: 560
	Route: 5
	Route length (70847.0) and demand (11708)
	Edge: 1334 <--> 1672 	 Freq: 28.0 	 Demand: 560
	Edge: 1322 <--> 1323 	 Freq: 28.0 	 Demand: 1122
	Edge: 1713 <--> 1342 	 Freq: 28.0 	 Demand: 1122
	Edge: 1715 <--> 1713 	 Freq: 28.0 	 Demand: 560
	Edge: 1708 <--> 1310 	 Freq: 28.0 	 Demand: 1122
	Edge: 1732 <--> 1381 	 Freq: 28.0 	 Demand: 560
	Edge: 715 <--> 716 	 Freq: 28.0 	 Demand: 1326
	Edge: 1073 <--> 1074 	 Freq: 28.0 	 Demand: 1122
	Edge: 1051 <--> 1052 	 Freq: 28.0 	 Demand: 340
	Edge: 709 <--> 711 	 Freq: 28.0 	 Demand: 1216
	Edge: 902 <--> 903 	 Freq: 28.0 	 Demand: 654
	Edge: 582 <--> 581 	 Freq: 28.0 	 Demand: 118
	Edge: 596 <--> 718 	 Freq: 28.0 	 Demand: 1122
	Edge: 717 <--> 595 	 Freq: 28.0 	 Demand: 764

Day 5, number of edges 0, number of routes 0

	Edges:


	Routes:


Day 6, number of edges 0, number of routes 0

	Edges:


	Routes:


Day 7, number of edges 30, number of routes 3

	Edges:

	Edge: 1363 <--> 1348 	 Freq: 28.0 	 Demand: 560
	Edge: 1214 <--> 1202 	 Freq: 28.0 	 Demand: 476
	Edge: 8 <--> 1023 	 Freq: 28.0 	 Demand: 654
	Edge: 1202 <--> 1203 	 Freq: 28.0 	 Demand: 560
	Edge: 1292 <--> 1363 	 Freq: 28.0 	 Demand: 1326
	Edge: 307 <--> 311 	 Freq: 28.0 	 Demand: 560
	Edge: 220 <--> 320 	 Freq: 28.0 	 Demand: 560
	Edge: 155 <--> 1127 	 Freq: 28.0 	 Demand: 408
	Edge: 1290 <--> 1289 	 Freq: 28.0 	 Demand: 560
	Edge: 1243 <--> 1244 	 Freq: 28.0 	 Demand: 560
	Edge: 831 <--> 832 	 Freq: 28.0 	 Demand: 1308
	Edge: 323 <--> 443 	 Freq: 28.0 	 Demand: 560
	Edge: 1121 <--> 1122 	 Freq: 28.0 	 Demand: 1122
	Edge: 445 <--> 446 	 Freq: 28.0 	 Demand: 798
	Edge: 1345 <--> 1290 	 Freq: 28.0 	 Demand: 680
	Edge: 1636 <--> 1637 	 Freq: 28.0 	 Demand: 560
	Edge: 1185 <--> 1186 	 Freq: 28.0 	 Demand: 560
	Edge: 1663 <--> 1664 	 Freq: 28.0 	 Demand: 3926
	Edge: 1350 <--> 1679 	 Freq: 28.0 	 Demand: 3366
	Edge: 1347 <--> 1464 	 Freq: 28.0 	 Demand: 356
	Edge: 1662 <--> 1663 	 Freq: 28.0 	 Demand: 1122
	Edge: 153 <--> 1 	 Freq: 28.0 	 Demand: 560
	Edge: 1510 <--> 1487 	 Freq: 28.0 	 Demand: 560
	Edge: 1238 <--> 1239 	 Freq: 28.0 	 Demand: 1122
	Edge: 1348 <--> 1290 	 Freq: 28.0 	 Demand: 1444
	Edge: 320 <--> 321 	 Freq: 28.0 	 Demand: 560
	Edge: 1530 <--> 1305 	 Freq: 28.0 	 Demand: 560
	Edge: 1265 <--> 1266 	 Freq: 28.0 	 Demand: 1598
	Edge: 1652 <--> 1423 	 Freq: 28.0 	 Demand: 204
	Edge: 476 <--> 489 	 Freq: 28.0 	 Demand: 1308

	Routes:

	Route: 1
	Route length (56439.0) and demand (11570)
	Edge: 1363 <--> 1348 	 Freq: 28.0 	 Demand: 560
	Edge: 1292 <--> 1363 	 Freq: 28.0 	 Demand: 1326
	Edge: 1214 <--> 1202 	 Freq: 28.0 	 Demand: 476
	Edge: 1202 <--> 1203 	 Freq: 28.0 	 Demand: 560
	Edge: 1348 <--> 1290 	 Freq: 28.0 	 Demand: 1444
	Edge: 1345 <--> 1290 	 Freq: 28.0 	 Demand: 680
	Edge: 1290 <--> 1289 	 Freq: 28.0 	 Demand: 560
	Edge: 1347 <--> 1464 	 Freq: 28.0 	 Demand: 356
	Edge: 1662 <--> 1663 	 Freq: 28.0 	 Demand: 1122
	Edge: 1663 <--> 1664 	 Freq: 28.0 	 Demand: 3926
	Edge: 1510 <--> 1487 	 Freq: 28.0 	 Demand: 560
	Route: 2
	Route length (18075.0) and demand (5128)
	Edge: 307 <--> 311 	 Freq: 28.0 	 Demand: 560
	Edge: 445 <--> 446 	 Freq: 28.0 	 Demand: 798
	Edge: 323 <--> 443 	 Freq: 28.0 	 Demand: 560
	Edge: 153 <--> 1 	 Freq: 28.0 	 Demand: 560
	Edge: 155 <--> 1127 	 Freq: 28.0 	 Demand: 408
	Edge: 220 <--> 320 	 Freq: 28.0 	 Demand: 560
	Edge: 320 <--> 321 	 Freq: 28.0 	 Demand: 560
	Edge: 1121 <--> 1122 	 Freq: 28.0 	 Demand: 1122
	Route: 3
	Route length (45536.0) and demand (11800)
	Edge: 831 <--> 832 	 Freq: 28.0 	 Demand: 1308
	Edge: 8 <--> 1023 	 Freq: 28.0 	 Demand: 654
	Edge: 1652 <--> 1423 	 Freq: 28.0 	 Demand: 204
	Edge: 1238 <--> 1239 	 Freq: 28.0 	 Demand: 1122
	Edge: 1530 <--> 1305 	 Freq: 28.0 	 Demand: 560
	Edge: 1185 <--> 1186 	 Freq: 28.0 	 Demand: 560
	Edge: 1636 <--> 1637 	 Freq: 28.0 	 Demand: 560
	Edge: 1265 <--> 1266 	 Freq: 28.0 	 Demand: 1598
	Edge: 1350 <--> 1679 	 Freq: 28.0 	 Demand: 3366
	Edge: 1243 <--> 1244 	 Freq: 28.0 	 Demand: 560
	Edge: 476 <--> 489 	 Freq: 28.0 	 Demand: 1308

Day 8, number of edges 34, number of routes 4

	Edges:

	Edge: 808 <--> 809 	 Freq: 28.0 	 Demand: 3694
	Edge: 838 <--> 839 	 Freq: 28.0 	 Demand: 560
	Edge: 37 <--> 38 	 Freq: 28.0 	 Demand: 1546
	Edge: 1120 <--> 115 	 Freq: 28.0 	 Demand: 1122
	Edge: 196 <--> 615 	 Freq: 28.0 	 Demand: 560
	Edge: 1387 <--> 1201 	 Freq: 28.0 	 Demand: 238
	Edge: 1252 <--> 1253 	 Freq: 28.0 	 Demand: 3366
	Edge: 1691 <--> 1495 	 Freq: 28.0 	 Demand: 968
	Edge: 756 <--> 550 	 Freq: 28.0 	 Demand: 1682
	Edge: 308 <--> 445 	 Freq: 28.0 	 Demand: 560
	Edge: 188 <--> 1061 	 Freq: 28.0 	 Demand: 654
	Edge: 199 <--> 200 	 Freq: 28.0 	 Demand: 560
	Edge: 645 <--> 646 	 Freq: 28.0 	 Demand: 560
	Edge: 824 <--> 838 	 Freq: 28.0 	 Demand: 654
	Edge: 349 <--> 350 	 Freq: 28.0 	 Demand: 118
	Edge: 1076 <--> 1077 	 Freq: 28.0 	 Demand: 1682
	Edge: 388 <--> 863 	 Freq: 28.0 	 Demand: 560
	Edge: 270 <--> 401 	 Freq: 28.0 	 Demand: 764
	Edge: 306 <--> 308 	 Freq: 28.0 	 Demand: 238
	Edge: 550 <--> 551 	 Freq: 28.0 	 Demand: 3578
	Edge: 1495 <--> 1692 	 Freq: 28.0 	 Demand: 118
	Edge: 755 <--> 756 	 Freq: 28.0 	 Demand: 2040
	Edge: 1159 <--> 991 	 Freq: 28.0 	 Demand: 2066
	Edge: 781 <--> 817 	 Freq: 28.0 	 Demand: 118
	Edge: 1065 <--> 1066 	 Freq: 28.0 	 Demand: 560
	Edge: 308 <--> 309 	 Freq: 28.0 	 Demand: 2244
	Edge: 1200 <--> 1201 	 Freq: 28.0 	 Demand: 764
	Edge: 1389 <--> 1590 	 Freq: 28.0 	 Demand: 408
	Edge: 1013 <--> 1014 	 Freq: 28.0 	 Demand: 204
	Edge: 1673 <--> 1674 	 Freq: 28.0 	 Demand: 3926
	Edge: 995 <--> 268 	 Freq: 28.0 	 Demand: 238
	Edge: 1390 <--> 1677 	 Freq: 28.0 	 Demand: 560
	Edge: 847 <--> 843 	 Freq: 28.0 	 Demand: 714
	Edge: 637 <--> 638 	 Freq: 28.0 	 Demand: 1122

	Routes:

	Route: 1
	Route length (50081.0) and demand (10550)
	Edge: 824 <--> 838 	 Freq: 28.0 	 Demand: 654
	Edge: 838 <--> 839 	 Freq: 28.0 	 Demand: 560
	Edge: 196 <--> 615 	 Freq: 28.0 	 Demand: 560
	Edge: 199 <--> 200 	 Freq: 28.0 	 Demand: 560
	Edge: 270 <--> 401 	 Freq: 28.0 	 Demand: 764
	Edge: 188 <--> 1061 	 Freq: 28.0 	 Demand: 654
	Edge: 1076 <--> 1077 	 Freq: 28.0 	 Demand: 1682
	Edge: 1120 <--> 115 	 Freq: 28.0 	 Demand: 1122
	Edge: 308 <--> 445 	 Freq: 28.0 	 Demand: 560
	Edge: 308 <--> 309 	 Freq: 28.0 	 Demand: 2244
	Edge: 306 <--> 308 	 Freq: 28.0 	 Demand: 238
	Edge: 995 <--> 268 	 Freq: 28.0 	 Demand: 238
	Edge: 847 <--> 843 	 Freq: 28.0 	 Demand: 714
	Route: 2
	Route length (64878.0) and demand (11470)
	Edge: 1252 <--> 1253 	 Freq: 28.0 	 Demand: 3366
	Edge: 1673 <--> 1674 	 Freq: 28.0 	 Demand: 3926
	Edge: 1691 <--> 1495 	 Freq: 28.0 	 Demand: 968
	Edge: 1495 <--> 1692 	 Freq: 28.0 	 Demand: 118
	Edge: 1200 <--> 1201 	 Freq: 28.0 	 Demand: 764
	Edge: 1387 <--> 1201 	 Freq: 28.0 	 Demand: 238
	Edge: 1390 <--> 1677 	 Freq: 28.0 	 Demand: 560
	Edge: 1389 <--> 1590 	 Freq: 28.0 	 Demand: 408
	Edge: 637 <--> 638 	 Freq: 28.0 	 Demand: 1122
	Route: 3
	Route length (2762.0) and demand (5240)
	Edge: 808 <--> 809 	 Freq: 28.0 	 Demand: 3694
	Edge: 37 <--> 38 	 Freq: 28.0 	 Demand: 1546
	Route: 4
	Route length (27263.0) and demand (11486)
	Edge: 388 <--> 863 	 Freq: 28.0 	 Demand: 560
	Edge: 349 <--> 350 	 Freq: 28.0 	 Demand: 118
	Edge: 1065 <--> 1066 	 Freq: 28.0 	 Demand: 560
	Edge: 1013 <--> 1014 	 Freq: 28.0 	 Demand: 204
	Edge: 645 <--> 646 	 Freq: 28.0 	 Demand: 560
	Edge: 781 <--> 817 	 Freq: 28.0 	 Demand: 118
	Edge: 755 <--> 756 	 Freq: 28.0 	 Demand: 2040
	Edge: 550 <--> 551 	 Freq: 28.0 	 Demand: 3578
	Edge: 756 <--> 550 	 Freq: 28.0 	 Demand: 1682
	Edge: 1159 <--> 991 	 Freq: 28.0 	 Demand: 2066

Day 9, number of edges 30, number of routes 3

	Edges:

	Edge: 699 <--> 700 	 Freq: 28.0 	 Demand: 118
	Edge: 1306 <--> 1307 	 Freq: 28.0 	 Demand: 1682
	Edge: 739 <--> 740 	 Freq: 28.0 	 Demand: 560
	Edge: 339 <--> 340 	 Freq: 28.0 	 Demand: 560
	Edge: 729 <--> 731 	 Freq: 28.0 	 Demand: 4210
	Edge: 828 <--> 830 	 Freq: 28.0 	 Demand: 560
	Edge: 916 <--> 1081 	 Freq: 28.0 	 Demand: 3926
	Edge: 1327 <--> 1560 	 Freq: 28.0 	 Demand: 118
	Edge: 504 <--> 505 	 Freq: 28.0 	 Demand: 1122
	Edge: 543 <--> 478 	 Freq: 28.0 	 Demand: 204
	Edge: 437 <--> 438 	 Freq: 28.0 	 Demand: 1122
	Edge: 55 <--> 1139 	 Freq: 28.0 	 Demand: 748
	Edge: 1670 <--> 1345 	 Freq: 28.0 	 Demand: 204
	Edge: 58 <--> 59 	 Freq: 28.0 	 Demand: 118
	Edge: 1552 <--> 1363 	 Freq: 28.0 	 Demand: 1036
	Edge: 1553 <--> 1642 	 Freq: 28.0 	 Demand: 560
	Edge: 970 <--> 1160 	 Freq: 28.0 	 Demand: 238
	Edge: 1553 <--> 1214 	 Freq: 28.0 	 Demand: 1682
	Edge: 1310 <--> 1717 	 Freq: 28.0 	 Demand: 2804
	Edge: 749 <--> 372 	 Freq: 28.0 	 Demand: 858
	Edge: 1270 <--> 1470 	 Freq: 28.0 	 Demand: 560
	Edge: 1025 <--> 1033 	 Freq: 28.0 	 Demand: 654
	Edge: 1214 <--> 1215 	 Freq: 28.0 	 Demand: 1682
	Edge: 1331 <--> 1332 	 Freq: 28.0 	 Demand: 118
	Edge: 726 <--> 727 	 Freq: 28.0 	 Demand: 118
	Edge: 376 <--> 751 	 Freq: 28.0 	 Demand: 3086
	Edge: 1033 <--> 1038 	 Freq: 28.0 	 Demand: 560
	Edge: 727 <--> 728 	 Freq: 28.0 	 Demand: 340
	Edge: 477 <--> 490 	 Freq: 28.0 	 Demand: 1308
	Edge: 757 <--> 758 	 Freq: 28.0 	 Demand: 1682

	Routes:

	Route: 1
	Route length (60604.0) and demand (11872)
	Edge: 1331 <--> 1332 	 Freq: 28.0 	 Demand: 118
	Edge: 1214 <--> 1215 	 Freq: 28.0 	 Demand: 1682
	Edge: 1270 <--> 1470 	 Freq: 28.0 	 Demand: 560
	Edge: 1306 <--> 1307 	 Freq: 28.0 	 Demand: 1682
	Edge: 1670 <--> 1345 	 Freq: 28.0 	 Demand: 204
	Edge: 1310 <--> 1717 	 Freq: 28.0 	 Demand: 2804
	Edge: 1553 <--> 1642 	 Freq: 28.0 	 Demand: 560
	Edge: 1553 <--> 1214 	 Freq: 28.0 	 Demand: 1682
	Edge: 1552 <--> 1363 	 Freq: 28.0 	 Demand: 1036
	Edge: 1327 <--> 1560 	 Freq: 28.0 	 Demand: 118
	Edge: 58 <--> 59 	 Freq: 28.0 	 Demand: 118
	Edge: 477 <--> 490 	 Freq: 28.0 	 Demand: 1308
	Route: 2
	Route length (10581.0) and demand (9710)
	Edge: 970 <--> 1160 	 Freq: 28.0 	 Demand: 238
	Edge: 55 <--> 1139 	 Freq: 28.0 	 Demand: 748
	Edge: 543 <--> 478 	 Freq: 28.0 	 Demand: 204
	Edge: 376 <--> 751 	 Freq: 28.0 	 Demand: 3086
	Edge: 339 <--> 340 	 Freq: 28.0 	 Demand: 560
	Edge: 828 <--> 830 	 Freq: 28.0 	 Demand: 560
	Edge: 739 <--> 740 	 Freq: 28.0 	 Demand: 560
	Edge: 749 <--> 372 	 Freq: 28.0 	 Demand: 858
	Edge: 1025 <--> 1033 	 Freq: 28.0 	 Demand: 654
	Edge: 1033 <--> 1038 	 Freq: 28.0 	 Demand: 560
	Edge: 757 <--> 758 	 Freq: 28.0 	 Demand: 1682
	Route: 3
	Route length (43521.0) and demand (10956)
	Edge: 437 <--> 438 	 Freq: 28.0 	 Demand: 1122
	Edge: 727 <--> 728 	 Freq: 28.0 	 Demand: 340
	Edge: 726 <--> 727 	 Freq: 28.0 	 Demand: 118
	Edge: 699 <--> 700 	 Freq: 28.0 	 Demand: 118
	Edge: 729 <--> 731 	 Freq: 28.0 	 Demand: 4210
	Edge: 916 <--> 1081 	 Freq: 28.0 	 Demand: 3926
	Edge: 504 <--> 505 	 Freq: 28.0 	 Demand: 1122

Day 10, number of edges 29, number of routes 3

	Edges:

	Edge: 1324 <--> 1325 	 Freq: 28.0 	 Demand: 2244
	Edge: 657 <--> 654 	 Freq: 28.0 	 Demand: 1308
	Edge: 1047 <--> 739 	 Freq: 28.0 	 Demand: 1122
	Edge: 752 <--> 1171 	 Freq: 28.0 	 Demand: 764
	Edge: 1216 <--> 1217 	 Freq: 28.0 	 Demand: 560
	Edge: 1023 <--> 1022 	 Freq: 28.0 	 Demand: 408
	Edge: 836 <--> 837 	 Freq: 28.0 	 Demand: 2244
	Edge: 971 <--> 1048 	 Freq: 28.0 	 Demand: 1334
	Edge: 1038 <--> 1159 	 Freq: 28.0 	 Demand: 1002
	Edge: 769 <--> 770 	 Freq: 28.0 	 Demand: 1122
	Edge: 667 <--> 668 	 Freq: 28.0 	 Demand: 2618
	Edge: 1124 <--> 1125 	 Freq: 28.0 	 Demand: 1122
	Edge: 1326 <--> 1217 	 Freq: 28.0 	 Demand: 560
	Edge: 835 <--> 836 	 Freq: 28.0 	 Demand: 322
	Edge: 639 <--> 640 	 Freq: 28.0 	 Demand: 1122
	Edge: 559 <--> 560 	 Freq: 28.0 	 Demand: 118
	Edge: 690 <--> 692 	 Freq: 28.0 	 Demand: 1122
	Edge: 1139 <--> 1046 	 Freq: 28.0 	 Demand: 118
	Edge: 197 <--> 198 	 Freq: 28.0 	 Demand: 560
	Edge: 765 <--> 559 	 Freq: 28.0 	 Demand: 118
	Edge: 1048 <--> 866 	 Freq: 28.0 	 Demand: 654
	Edge: 1159 <--> 970 	 Freq: 28.0 	 Demand: 118
	Edge: 1048 <--> 754 	 Freq: 28.0 	 Demand: 1216
	Edge: 1325 <--> 1326 	 Freq: 28.0 	 Demand: 204
	Edge: 1224 <--> 1225 	 Freq: 28.0 	 Demand: 1122
	Edge: 1341 <--> 1301 	 Freq: 28.0 	 Demand: 1122
	Edge: 1319 <--> 1320 	 Freq: 28.0 	 Demand: 2244
	Edge: 387 <--> 671 	 Freq: 28.0 	 Demand: 560
	Edge: 563 <--> 564 	 Freq: 28.0 	 Demand: 560

	Routes:

	Route: 1
	Route length (29976.0) and demand (5640)
	Edge: 690 <--> 692 	 Freq: 28.0 	 Demand: 1122
	Edge: 657 <--> 654 	 Freq: 28.0 	 Demand: 1308
	Edge: 1023 <--> 1022 	 Freq: 28.0 	 Demand: 408
	Edge: 639 <--> 640 	 Freq: 28.0 	 Demand: 1122
	Edge: 197 <--> 198 	 Freq: 28.0 	 Demand: 560
	Edge: 387 <--> 671 	 Freq: 28.0 	 Demand: 560
	Edge: 563 <--> 564 	 Freq: 28.0 	 Demand: 560
	Route: 2
	Route length (52437.0) and demand (11796)
	Edge: 667 <--> 668 	 Freq: 28.0 	 Demand: 2618
	Edge: 1124 <--> 1125 	 Freq: 28.0 	 Demand: 1122
	Edge: 1224 <--> 1225 	 Freq: 28.0 	 Demand: 1122
	Edge: 1324 <--> 1325 	 Freq: 28.0 	 Demand: 2244
	Edge: 1325 <--> 1326 	 Freq: 28.0 	 Demand: 204
	Edge: 1326 <--> 1217 	 Freq: 28.0 	 Demand: 560
	Edge: 1216 <--> 1217 	 Freq: 28.0 	 Demand: 560
	Edge: 1319 <--> 1320 	 Freq: 28.0 	 Demand: 2244
	Edge: 1341 <--> 1301 	 Freq: 28.0 	 Demand: 1122
	Route: 3
	Route length (7295.0) and demand (10252)
	Edge: 1038 <--> 1159 	 Freq: 28.0 	 Demand: 1002
	Edge: 1048 <--> 866 	 Freq: 28.0 	 Demand: 654
	Edge: 1048 <--> 754 	 Freq: 28.0 	 Demand: 1216
	Edge: 971 <--> 1048 	 Freq: 28.0 	 Demand: 1334
	Edge: 1139 <--> 1046 	 Freq: 28.0 	 Demand: 118
	Edge: 1047 <--> 739 	 Freq: 28.0 	 Demand: 1122
	Edge: 769 <--> 770 	 Freq: 28.0 	 Demand: 1122
	Edge: 752 <--> 1171 	 Freq: 28.0 	 Demand: 764
	Edge: 765 <--> 559 	 Freq: 28.0 	 Demand: 118
	Edge: 559 <--> 560 	 Freq: 28.0 	 Demand: 118
	Edge: 1159 <--> 970 	 Freq: 28.0 	 Demand: 118
	Edge: 836 <--> 837 	 Freq: 28.0 	 Demand: 2244
	Edge: 835 <--> 836 	 Freq: 28.0 	 Demand: 322

Day 11, number of edges 58, number of routes 6

	Edges:

	Edge: 1329 <--> 1330 	 Freq: 28.0 	 Demand: 3926
	Edge: 319 <--> 318 	 Freq: 28.0 	 Demand: 118
	Edge: 462 <--> 513 	 Freq: 28.0 	 Demand: 560
	Edge: 1550 <--> 1551 	 Freq: 28.0 	 Demand: 1122
	Edge: 961 <--> 962 	 Freq: 28.0 	 Demand: 1122
	Edge: 1476 <--> 1499 	 Freq: 28.0 	 Demand: 1682
	Edge: 960 <--> 961 	 Freq: 28.0 	 Demand: 1122
	Edge: 110 <--> 1096 	 Freq: 28.0 	 Demand: 560
	Edge: 48 <--> 49 	 Freq: 28.0 	 Demand: 2618
	Edge: 1531 <--> 1532 	 Freq: 28.0 	 Demand: 1122
	Edge: 1456 <--> 1448 	 Freq: 28.0 	 Demand: 1122
	Edge: 107 <--> 108 	 Freq: 28.0 	 Demand: 560
	Edge: 1469 <--> 1482 	 Freq: 28.0 	 Demand: 3624
	Edge: 1600 <--> 1395 	 Freq: 28.0 	 Demand: 204
	Edge: 318 <--> 1118 	 Freq: 28.0 	 Demand: 118
	Edge: 938 <--> 939 	 Freq: 28.0 	 Demand: 560
	Edge: 597 <--> 107 	 Freq: 28.0 	 Demand: 204
	Edge: 156 <--> 249 	 Freq: 28.0 	 Demand: 560
	Edge: 463 <--> 72 	 Freq: 28.0 	 Demand: 560
	Edge: 896 <--> 897 	 Freq: 28.0 	 Demand: 1682
	Edge: 953 <--> 954 	 Freq: 28.0 	 Demand: 1122
	Edge: 1222 <--> 1223 	 Freq: 28.0 	 Demand: 560
	Edge: 1727 <--> 1728 	 Freq: 28.0 	 Demand: 654
	Edge: 1004 <--> 1005 	 Freq: 28.0 	 Demand: 356
	Edge: 592 <--> 593 	 Freq: 28.0 	 Demand: 560
	Edge: 1149 <--> 1150 	 Freq: 28.0 	 Demand: 952
	Edge: 1667 <--> 1668 	 Freq: 28.0 	 Demand: 560
	Edge: 1705 <--> 1706 	 Freq: 28.0 	 Demand: 560
	Edge: 1146 <--> 1147 	 Freq: 28.0 	 Demand: 1682
	Edge: 109 <--> 938 	 Freq: 28.0 	 Demand: 560
	Edge: 578 <--> 579 	 Freq: 28.0 	 Demand: 560
	Edge: 745 <--> 1172 	 Freq: 28.0 	 Demand: 2804
	Edge: 280 <--> 1094 	 Freq: 28.0 	 Demand: 560
	Edge: 1094 <--> 1095 	 Freq: 28.0 	 Demand: 560
	Edge: 471 <--> 472 	 Freq: 28.0 	 Demand: 560
	Edge: 691 <--> 746 	 Freq: 28.0 	 Demand: 560
	Edge: 257 <--> 598 	 Freq: 28.0 	 Demand: 560
	Edge: 145 <--> 286 	 Freq: 28.0 	 Demand: 3696
	Edge: 746 <--> 491 	 Freq: 28.0 	 Demand: 654
	Edge: 480 <--> 481 	 Freq: 28.0 	 Demand: 3926
	Edge: 1426 <--> 1425 	 Freq: 28.0 	 Demand: 118
	Edge: 1733 <--> 1351 	 Freq: 28.0 	 Demand: 1122
	Edge: 509 <--> 1100 	 Freq: 28.0 	 Demand: 560
	Edge: 834 <--> 1015 	 Freq: 28.0 	 Demand: 1308
	Edge: 1264 <--> 1263 	 Freq: 28.0 	 Demand: 1122
	Edge: 1650 <--> 1511 	 Freq: 28.0 	 Demand: 560
	Edge: 849 <--> 850 	 Freq: 28.0 	 Demand: 1682
	Edge: 930 <--> 931 	 Freq: 28.0 	 Demand: 204
	Edge: 530 <--> 531 	 Freq: 28.0 	 Demand: 118
	Edge: 259 <--> 360 	 Freq: 28.0 	 Demand: 118
	Edge: 929 <--> 932 	 Freq: 28.0 	 Demand: 560
	Edge: 1132 <--> 249 	 Freq: 28.0 	 Demand: 560
	Edge: 190 <--> 802 	 Freq: 28.0 	 Demand: 560
	Edge: 156 <--> 157 	 Freq: 28.0 	 Demand: 476
	Edge: 1536 <--> 1262 	 Freq: 28.0 	 Demand: 3366
	Edge: 1220 <--> 1221 	 Freq: 28.0 	 Demand: 1122
	Edge: 1285 <--> 1286 	 Freq: 28.0 	 Demand: 560
	Edge: 464 <--> 465 	 Freq: 28.0 	 Demand: 560

	Routes:

	Route: 1
	Route length (53888.0) and demand (9930)
	Edge: 463 <--> 72 	 Freq: 28.0 	 Demand: 560
	Edge: 462 <--> 513 	 Freq: 28.0 	 Demand: 560
	Edge: 464 <--> 465 	 Freq: 28.0 	 Demand: 560
	Edge: 896 <--> 897 	 Freq: 28.0 	 Demand: 1682
	Edge: 471 <--> 472 	 Freq: 28.0 	 Demand: 560
	Edge: 929 <--> 932 	 Freq: 28.0 	 Demand: 560
	Edge: 930 <--> 931 	 Freq: 28.0 	 Demand: 204
	Edge: 190 <--> 802 	 Freq: 28.0 	 Demand: 560
	Edge: 107 <--> 108 	 Freq: 28.0 	 Demand: 560
	Edge: 592 <--> 593 	 Freq: 28.0 	 Demand: 560
	Edge: 597 <--> 107 	 Freq: 28.0 	 Demand: 204
	Edge: 109 <--> 938 	 Freq: 28.0 	 Demand: 560
	Edge: 938 <--> 939 	 Freq: 28.0 	 Demand: 560
	Edge: 110 <--> 1096 	 Freq: 28.0 	 Demand: 560
	Edge: 1094 <--> 1095 	 Freq: 28.0 	 Demand: 560
	Edge: 280 <--> 1094 	 Freq: 28.0 	 Demand: 560
	Edge: 509 <--> 1100 	 Freq: 28.0 	 Demand: 560
	Route: 2
	Route length (43297.0) and demand (11474)
	Edge: 1285 <--> 1286 	 Freq: 28.0 	 Demand: 560
	Edge: 1476 <--> 1499 	 Freq: 28.0 	 Demand: 1682
	Edge: 1705 <--> 1706 	 Freq: 28.0 	 Demand: 560
	Edge: 1667 <--> 1668 	 Freq: 28.0 	 Demand: 560
	Edge: 1531 <--> 1532 	 Freq: 28.0 	 Demand: 1122
	Edge: 1536 <--> 1262 	 Freq: 28.0 	 Demand: 3366
	Edge: 1469 <--> 1482 	 Freq: 28.0 	 Demand: 3624
	Route: 3
	Route length (20739.0) and demand (11254)
	Edge: 953 <--> 954 	 Freq: 28.0 	 Demand: 1122
	Edge: 257 <--> 598 	 Freq: 28.0 	 Demand: 560
	Edge: 145 <--> 286 	 Freq: 28.0 	 Demand: 3696
	Edge: 1146 <--> 1147 	 Freq: 28.0 	 Demand: 1682
	Edge: 961 <--> 962 	 Freq: 28.0 	 Demand: 1122
	Edge: 960 <--> 961 	 Freq: 28.0 	 Demand: 1122
	Edge: 259 <--> 360 	 Freq: 28.0 	 Demand: 118
	Edge: 319 <--> 318 	 Freq: 28.0 	 Demand: 118
	Edge: 318 <--> 1118 	 Freq: 28.0 	 Demand: 118
	Edge: 1132 <--> 249 	 Freq: 28.0 	 Demand: 560
	Edge: 156 <--> 249 	 Freq: 28.0 	 Demand: 560
	Edge: 156 <--> 157 	 Freq: 28.0 	 Demand: 476
	Route: 4
	Route length (1845.0) and demand (3926)
	Edge: 480 <--> 481 	 Freq: 28.0 	 Demand: 3926
	Route: 5
	Route length (63784.0) and demand (11632)
	Edge: 1600 <--> 1395 	 Freq: 28.0 	 Demand: 204
	Edge: 1456 <--> 1448 	 Freq: 28.0 	 Demand: 1122
	Edge: 1550 <--> 1551 	 Freq: 28.0 	 Demand: 1122
	Edge: 1220 <--> 1221 	 Freq: 28.0 	 Demand: 1122
	Edge: 1222 <--> 1223 	 Freq: 28.0 	 Demand: 560
	Edge: 1426 <--> 1425 	 Freq: 28.0 	 Demand: 118
	Edge: 1650 <--> 1511 	 Freq: 28.0 	 Demand: 560
	Edge: 1727 <--> 1728 	 Freq: 28.0 	 Demand: 654
	Edge: 1264 <--> 1263 	 Freq: 28.0 	 Demand: 1122
	Edge: 1733 <--> 1351 	 Freq: 28.0 	 Demand: 1122
	Edge: 1329 <--> 1330 	 Freq: 28.0 	 Demand: 3926
	Route: 6
	Route length (12374.0) and demand (11612)
	Edge: 746 <--> 491 	 Freq: 28.0 	 Demand: 654
	Edge: 691 <--> 746 	 Freq: 28.0 	 Demand: 560
	Edge: 834 <--> 1015 	 Freq: 28.0 	 Demand: 1308
	Edge: 745 <--> 1172 	 Freq: 28.0 	 Demand: 2804
	Edge: 1149 <--> 1150 	 Freq: 28.0 	 Demand: 952
	Edge: 578 <--> 579 	 Freq: 28.0 	 Demand: 560
	Edge: 1004 <--> 1005 	 Freq: 28.0 	 Demand: 356
	Edge: 530 <--> 531 	 Freq: 28.0 	 Demand: 118
	Edge: 48 <--> 49 	 Freq: 28.0 	 Demand: 2618
	Edge: 849 <--> 850 	 Freq: 28.0 	 Demand: 1682

Day 12, number of edges 0, number of routes 0

	Edges:


	Routes:


Day 13, number of edges 0, number of routes 0

	Edges:


	Routes:


Day 14, number of edges 0, number of routes 0

	Edges:


	Routes:


Day 15, number of edges 0, number of routes 0

	Edges:


	Routes:


Day 16, number of edges 0, number of routes 0

	Edges:


	Routes:


Day 17, number of edges 4, number of routes 1

	Edges:

	Edge: 680 <--> 681 	 Freq: 28.0 	 Demand: 654
	Edge: 29 <--> 62 	 Freq: 28.0 	 Demand: 2618
	Edge: 1168 <--> 1169 	 Freq: 28.0 	 Demand: 118
	Edge: 60 <--> 61 	 Freq: 28.0 	 Demand: 1216

	Routes:

	Route: 1
	Route length (9187.0) and demand (4606)
	Edge: 680 <--> 681 	 Freq: 28.0 	 Demand: 654
	Edge: 1168 <--> 1169 	 Freq: 28.0 	 Demand: 118
	Edge: 60 <--> 61 	 Freq: 28.0 	 Demand: 1216
	Edge: 29 <--> 62 	 Freq: 28.0 	 Demand: 2618

Day 18, number of edges 2, number of routes 1

	Edges:

	Edge: 565 <--> 566 	 Freq: 28.0 	 Demand: 1682
	Edge: 662 <--> 663 	 Freq: 28.0 	 Demand: 560

	Routes:

	Route: 1
	Route length (4247.0) and demand (2242)
	Edge: 565 <--> 566 	 Freq: 28.0 	 Demand: 1682
	Edge: 662 <--> 663 	 Freq: 28.0 	 Demand: 560

Day 19, number of edges 0, number of routes 0

	Edges:


	Routes:


Day 20, number of edges 0, number of routes 0

	Edges:


	Routes:


Day 21, number of edges 0, number of routes 0

	Edges:


	Routes:


Day 22, number of edges 0, number of routes 0

	Edges:


	Routes:


Day 23, number of edges 0, number of routes 0

	Edges:


	Routes:


Day 24, number of edges 3, number of routes 1

	Edges:

	Edge: 993 <--> 842 	 Freq: 28.0 	 Demand: 118
	Edge: 494 <--> 664 	 Freq: 28.0 	 Demand: 4108
	Edge: 841 <--> 994 	 Freq: 28.0 	 Demand: 476

	Routes:

	Route: 1
	Route length (7062.0) and demand (4702)
	Edge: 494 <--> 664 	 Freq: 28.0 	 Demand: 4108
	Edge: 841 <--> 994 	 Freq: 28.0 	 Demand: 476
	Edge: 993 <--> 842 	 Freq: 28.0 	 Demand: 118

Day 25, number of edges 13, number of routes 1

	Edges:

	Edge: 687 <--> 688 	 Freq: 28.0 	 Demand: 1308
	Edge: 685 <--> 686 	 Freq: 28.0 	 Demand: 2618
	Edge: 43 <--> 44 	 Freq: 28.0 	 Demand: 1122
	Edge: 643 <--> 644 	 Freq: 28.0 	 Demand: 714
	Edge: 1174 <--> 35 	 Freq: 28.0 	 Demand: 408
	Edge: 534 <--> 535 	 Freq: 28.0 	 Demand: 654
	Edge: 570 <--> 571 	 Freq: 28.0 	 Demand: 408
	Edge: 696 <--> 697 	 Freq: 28.0 	 Demand: 340
	Edge: 535 <--> 1165 	 Freq: 28.0 	 Demand: 560
	Edge: 683 <--> 684 	 Freq: 28.0 	 Demand: 654
	Edge: 826 <--> 1167 	 Freq: 28.0 	 Demand: 118
	Edge: 1167 <--> 823 	 Freq: 28.0 	 Demand: 1394
	Edge: 535 <--> 823 	 Freq: 28.0 	 Demand: 560

	Routes:

	Route: 1
	Route length (13308.0) and demand (10858)
	Edge: 683 <--> 684 	 Freq: 28.0 	 Demand: 654
	Edge: 685 <--> 686 	 Freq: 28.0 	 Demand: 2618
	Edge: 43 <--> 44 	 Freq: 28.0 	 Demand: 1122
	Edge: 570 <--> 571 	 Freq: 28.0 	 Demand: 408
	Edge: 687 <--> 688 	 Freq: 28.0 	 Demand: 1308
	Edge: 696 <--> 697 	 Freq: 28.0 	 Demand: 340
	Edge: 643 <--> 644 	 Freq: 28.0 	 Demand: 714
	Edge: 535 <--> 823 	 Freq: 28.0 	 Demand: 560
	Edge: 826 <--> 1167 	 Freq: 28.0 	 Demand: 118
	Edge: 1167 <--> 823 	 Freq: 28.0 	 Demand: 1394
	Edge: 535 <--> 1165 	 Freq: 28.0 	 Demand: 560
	Edge: 534 <--> 535 	 Freq: 28.0 	 Demand: 654
	Edge: 1174 <--> 35 	 Freq: 28.0 	 Demand: 408

Day 26, number of edges 0, number of routes 0

	Edges:


	Routes:


Day 27, number of edges 0, number of routes 0

	Edges:


	Routes:


Day 28, number of edges 73, number of routes 5

	Edges:

	Edge: 1123 <--> 138 	 Freq: 28.0 	 Demand: 2244
	Edge: 717 <--> 595 	 Freq: 28.0 	 Demand: 764
	Edge: 140 <--> 295 	 Freq: 28.0 	 Demand: 1122
	Edge: 715 <--> 716 	 Freq: 28.0 	 Demand: 1326
	Edge: 1152 <--> 771 	 Freq: 28.0 	 Demand: 654
	Edge: 482 <--> 483 	 Freq: 28.0 	 Demand: 1870
	Edge: 1346 <--> 1347 	 Freq: 28.0 	 Demand: 118
	Edge: 582 <--> 581 	 Freq: 28.0 	 Demand: 118
	Edge: 1376 <--> 1719 	 Freq: 28.0 	 Demand: 2244
	Edge: 978 <--> 979 	 Freq: 28.0 	 Demand: 1122
	Edge: 310 <--> 136 	 Freq: 28.0 	 Demand: 1462
	Edge: 948 <--> 1110 	 Freq: 28.0 	 Demand: 204
	Edge: 1073 <--> 1074 	 Freq: 28.0 	 Demand: 1122
	Edge: 381 <--> 382 	 Freq: 28.0 	 Demand: 118
	Edge: 1240 <--> 1241 	 Freq: 28.0 	 Demand: 764
	Edge: 137 <--> 296 	 Freq: 28.0 	 Demand: 816
	Edge: 1106 <--> 1111 	 Freq: 28.0 	 Demand: 560
	Edge: 1204 <--> 1205 	 Freq: 28.0 	 Demand: 238
	Edge: 861 <--> 862 	 Freq: 28.0 	 Demand: 204
	Edge: 803 <--> 804 	 Freq: 28.0 	 Demand: 204
	Edge: 1644 <--> 1645 	 Freq: 28.0 	 Demand: 408
	Edge: 551 <--> 542 	 Freq: 28.0 	 Demand: 654
	Edge: 1028 <--> 1026 	 Freq: 28.0 	 Demand: 118
	Edge: 45 <--> 46 	 Freq: 28.0 	 Demand: 654
	Edge: 902 <--> 903 	 Freq: 28.0 	 Demand: 654
	Edge: 514 <--> 1115 	 Freq: 28.0 	 Demand: 1122
	Edge: 709 <--> 711 	 Freq: 28.0 	 Demand: 1216
	Edge: 806 <--> 1092 	 Freq: 28.0 	 Demand: 560
	Edge: 1322 <--> 1323 	 Freq: 28.0 	 Demand: 1122
	Edge: 693 <--> 861 	 Freq: 28.0 	 Demand: 1122
	Edge: 479 <--> 693 	 Freq: 28.0 	 Demand: 526
	Edge: 948 <--> 949 	 Freq: 28.0 	 Demand: 654
	Edge: 1334 <--> 1672 	 Freq: 28.0 	 Demand: 560
	Edge: 1715 <--> 1713 	 Freq: 28.0 	 Demand: 560
	Edge: 1608 <--> 1609 	 Freq: 28.0 	 Demand: 118
	Edge: 1709 <--> 1721 	 Freq: 28.0 	 Demand: 356
	Edge: 1107 <--> 976 	 Freq: 28.0 	 Demand: 118
	Edge: 1051 <--> 1052 	 Freq: 28.0 	 Demand: 340
	Edge: 139 <--> 140 	 Freq: 28.0 	 Demand: 2244
	Edge: 1254 <--> 1255 	 Freq: 28.0 	 Demand: 204
	Edge: 1230 <--> 1231 	 Freq: 28.0 	 Demand: 560
	Edge: 803 <--> 1103 	 Freq: 28.0 	 Demand: 340
	Edge: 1698 <--> 1710 	 Freq: 28.0 	 Demand: 204
	Edge: 734 <--> 735 	 Freq: 28.0 	 Demand: 2244
	Edge: 557 <--> 558 	 Freq: 28.0 	 Demand: 118
	Edge: 54 <--> 55 	 Freq: 28.0 	 Demand: 118
	Edge: 807 <--> 594 	 Freq: 28.0 	 Demand: 238
	Edge: 511 <--> 924 	 Freq: 28.0 	 Demand: 654
	Edge: 767 <--> 1175 	 Freq: 28.0 	 Demand: 1682
	Edge: 1681 <--> 1693 	 Freq: 28.0 	 Demand: 1122
	Edge: 741 <--> 742 	 Freq: 28.0 	 Demand: 322
	Edge: 981 <--> 807 	 Freq: 28.0 	 Demand: 204
	Edge: 1289 <--> 1268 	 Freq: 28.0 	 Demand: 118
	Edge: 1268 <--> 1269 	 Freq: 28.0 	 Demand: 238
	Edge: 1637 <--> 1266 	 Freq: 28.0 	 Demand: 560
	Edge: 1713 <--> 1342 	 Freq: 28.0 	 Demand: 1122
	Edge: 1288 <--> 1383 	 Freq: 28.0 	 Demand: 408
	Edge: 625 <--> 381 	 Freq: 28.0 	 Demand: 204
	Edge: 1400 <--> 1401 	 Freq: 28.0 	 Demand: 560
	Edge: 800 <--> 801 	 Freq: 28.0 	 Demand: 356
	Edge: 1148 <--> 1027 	 Freq: 28.0 	 Demand: 118
	Edge: 1084 <--> 468 	 Freq: 28.0 	 Demand: 560
	Edge: 1249 <--> 1666 	 Freq: 28.0 	 Demand: 118
	Edge: 53 <--> 1045 	 Freq: 28.0 	 Demand: 118
	Edge: 955 <--> 253 	 Freq: 28.0 	 Demand: 1122
	Edge: 1367 <--> 1644 	 Freq: 28.0 	 Demand: 654
	Edge: 1564 <--> 1227 	 Freq: 28.0 	 Demand: 1326
	Edge: 541 <--> 542 	 Freq: 28.0 	 Demand: 1326
	Edge: 1708 <--> 1310 	 Freq: 28.0 	 Demand: 1122
	Edge: 641 <--> 642 	 Freq: 28.0 	 Demand: 560
	Edge: 1472 <--> 1660 	 Freq: 28.0 	 Demand: 1122
	Edge: 1732 <--> 1381 	 Freq: 28.0 	 Demand: 560
	Edge: 596 <--> 718 	 Freq: 28.0 	 Demand: 1122

	Routes:

	Route: 1
	Route length (9525.0) and demand (11848)
	Edge: 45 <--> 46 	 Freq: 28.0 	 Demand: 654
	Edge: 1148 <--> 1027 	 Freq: 28.0 	 Demand: 118
	Edge: 1028 <--> 1026 	 Freq: 28.0 	 Demand: 118
	Edge: 861 <--> 862 	 Freq: 28.0 	 Demand: 204
	Edge: 693 <--> 861 	 Freq: 28.0 	 Demand: 1122
	Edge: 479 <--> 693 	 Freq: 28.0 	 Demand: 526
	Edge: 541 <--> 542 	 Freq: 28.0 	 Demand: 1326
	Edge: 551 <--> 542 	 Freq: 28.0 	 Demand: 654
	Edge: 557 <--> 558 	 Freq: 28.0 	 Demand: 118
	Edge: 767 <--> 1175 	 Freq: 28.0 	 Demand: 1682
	Edge: 741 <--> 742 	 Freq: 28.0 	 Demand: 322
	Edge: 54 <--> 55 	 Freq: 28.0 	 Demand: 118
	Edge: 53 <--> 1045 	 Freq: 28.0 	 Demand: 118
	Edge: 734 <--> 735 	 Freq: 28.0 	 Demand: 2244
	Edge: 1152 <--> 771 	 Freq: 28.0 	 Demand: 654
	Edge: 482 <--> 483 	 Freq: 28.0 	 Demand: 1870
	Route: 2
	Route length (18504.0) and demand (9010)
	Edge: 1123 <--> 138 	 Freq: 28.0 	 Demand: 2244
	Edge: 139 <--> 140 	 Freq: 28.0 	 Demand: 2244
	Edge: 140 <--> 295 	 Freq: 28.0 	 Demand: 1122
	Edge: 137 <--> 296 	 Freq: 28.0 	 Demand: 816
	Edge: 310 <--> 136 	 Freq: 28.0 	 Demand: 1462
	Edge: 955 <--> 253 	 Freq: 28.0 	 Demand: 1122
	Route: 3
	Route length (42849.0) and demand (7778)
	Edge: 381 <--> 382 	 Freq: 28.0 	 Demand: 118
	Edge: 625 <--> 381 	 Freq: 28.0 	 Demand: 204
	Edge: 978 <--> 979 	 Freq: 28.0 	 Demand: 1122
	Edge: 1107 <--> 976 	 Freq: 28.0 	 Demand: 118
	Edge: 800 <--> 801 	 Freq: 28.0 	 Demand: 356
	Edge: 514 <--> 1115 	 Freq: 28.0 	 Demand: 1122
	Edge: 803 <--> 804 	 Freq: 28.0 	 Demand: 204
	Edge: 511 <--> 924 	 Freq: 28.0 	 Demand: 654
	Edge: 1106 <--> 1111 	 Freq: 28.0 	 Demand: 560
	Edge: 803 <--> 1103 	 Freq: 28.0 	 Demand: 340
	Edge: 948 <--> 949 	 Freq: 28.0 	 Demand: 654
	Edge: 948 <--> 1110 	 Freq: 28.0 	 Demand: 204
	Edge: 806 <--> 1092 	 Freq: 28.0 	 Demand: 560
	Edge: 981 <--> 807 	 Freq: 28.0 	 Demand: 204
	Edge: 807 <--> 594 	 Freq: 28.0 	 Demand: 238
	Edge: 641 <--> 642 	 Freq: 28.0 	 Demand: 560
	Edge: 1084 <--> 468 	 Freq: 28.0 	 Demand: 560
	Route: 4
	Route length (67218.0) and demand (11440)
	Edge: 1637 <--> 1266 	 Freq: 28.0 	 Demand: 560
	Edge: 1204 <--> 1205 	 Freq: 28.0 	 Demand: 238
	Edge: 1254 <--> 1255 	 Freq: 28.0 	 Demand: 204
	Edge: 1240 <--> 1241 	 Freq: 28.0 	 Demand: 764
	Edge: 1709 <--> 1721 	 Freq: 28.0 	 Demand: 356
	Edge: 1288 <--> 1383 	 Freq: 28.0 	 Demand: 408
	Edge: 1346 <--> 1347 	 Freq: 28.0 	 Demand: 118
	Edge: 1472 <--> 1660 	 Freq: 28.0 	 Demand: 1122
	Edge: 1289 <--> 1268 	 Freq: 28.0 	 Demand: 118
	Edge: 1268 <--> 1269 	 Freq: 28.0 	 Demand: 238
	Edge: 1367 <--> 1644 	 Freq: 28.0 	 Demand: 654
	Edge: 1644 <--> 1645 	 Freq: 28.0 	 Demand: 408
	Edge: 1376 <--> 1719 	 Freq: 28.0 	 Demand: 2244
	Edge: 1249 <--> 1666 	 Freq: 28.0 	 Demand: 118
	Edge: 1681 <--> 1693 	 Freq: 28.0 	 Demand: 1122
	Edge: 1698 <--> 1710 	 Freq: 28.0 	 Demand: 204
	Edge: 1230 <--> 1231 	 Freq: 28.0 	 Demand: 560
	Edge: 1564 <--> 1227 	 Freq: 28.0 	 Demand: 1326
	Edge: 1608 <--> 1609 	 Freq: 28.0 	 Demand: 118
	Edge: 1400 <--> 1401 	 Freq: 28.0 	 Demand: 560
	Route: 5
	Route length (69863.0) and demand (11708)
	Edge: 1334 <--> 1672 	 Freq: 28.0 	 Demand: 560
	Edge: 1322 <--> 1323 	 Freq: 28.0 	 Demand: 1122
	Edge: 1713 <--> 1342 	 Freq: 28.0 	 Demand: 1122
	Edge: 1715 <--> 1713 	 Freq: 28.0 	 Demand: 560
	Edge: 1708 <--> 1310 	 Freq: 28.0 	 Demand: 1122
	Edge: 1732 <--> 1381 	 Freq: 28.0 	 Demand: 560
	Edge: 715 <--> 716 	 Freq: 28.0 	 Demand: 1326
	Edge: 1073 <--> 1074 	 Freq: 28.0 	 Demand: 1122
	Edge: 717 <--> 595 	 Freq: 28.0 	 Demand: 764
	Edge: 596 <--> 718 	 Freq: 28.0 	 Demand: 1122
	Edge: 582 <--> 581 	 Freq: 28.0 	 Demand: 118
	Edge: 902 <--> 903 	 Freq: 28.0 	 Demand: 654
	Edge: 709 <--> 711 	 Freq: 28.0 	 Demand: 1216
	Edge: 1051 <--> 1052 	 Freq: 28.0 	 Demand: 340

Day 29, number of edges 33, number of routes 4

	Edges:

	Edge: 1278 <--> 1279 	 Freq: 28.0 	 Demand: 560
	Edge: 1474 <--> 1475 	 Freq: 28.0 	 Demand: 2244
	Edge: 1669 <--> 1212 	 Freq: 28.0 	 Demand: 204
	Edge: 1022 <--> 764 	 Freq: 28.0 	 Demand: 118
	Edge: 561 <--> 562 	 Freq: 28.0 	 Demand: 560
	Edge: 1280 <--> 1281 	 Freq: 28.0 	 Demand: 1682
	Edge: 825 <--> 826 	 Freq: 28.0 	 Demand: 892
	Edge: 859 <--> 1018 	 Freq: 28.0 	 Demand: 1954
	Edge: 1478 <--> 1479 	 Freq: 28.0 	 Demand: 1682
	Edge: 860 <--> 1038 	 Freq: 28.0 	 Demand: 1122
	Edge: 1472 <--> 1291 	 Freq: 28.0 	 Demand: 238
	Edge: 835 <--> 1180 	 Freq: 28.0 	 Demand: 654
	Edge: 1162 <--> 533 	 Freq: 28.0 	 Demand: 1428
	Edge: 192 <--> 815 	 Freq: 28.0 	 Demand: 560
	Edge: 1716 <--> 1697 	 Freq: 28.0 	 Demand: 798
	Edge: 617 <--> 618 	 Freq: 28.0 	 Demand: 1122
	Edge: 1639 <--> 1640 	 Freq: 28.0 	 Demand: 560
	Edge: 1189 <--> 1466 	 Freq: 28.0 	 Demand: 1682
	Edge: 837 <--> 859 	 Freq: 28.0 	 Demand: 1682
	Edge: 1465 <--> 1348 	 Freq: 28.0 	 Demand: 1122
	Edge: 826 <--> 835 	 Freq: 28.0 	 Demand: 1122
	Edge: 1183 <--> 1184 	 Freq: 28.0 	 Demand: 1598
	Edge: 1467 <--> 1715 	 Freq: 28.0 	 Demand: 238
	Edge: 1187 <--> 1188 	 Freq: 28.0 	 Demand: 3926
	Edge: 1473 <--> 1474 	 Freq: 28.0 	 Demand: 1326
	Edge: 1552 <--> 1344 	 Freq: 28.0 	 Demand: 4216
	Edge: 1320 <--> 1321 	 Freq: 28.0 	 Demand: 3734
	Edge: 1173 <--> 1024 	 Freq: 28.0 	 Demand: 322
	Edge: 1019 <--> 860 	 Freq: 28.0 	 Demand: 560
	Edge: 1605 <--> 1515 	 Freq: 28.0 	 Demand: 118
	Edge: 991 <--> 989 	 Freq: 28.0 	 Demand: 560
	Edge: 346 <--> 347 	 Freq: 28.0 	 Demand: 952
	Edge: 112 <--> 116 	 Freq: 28.0 	 Demand: 1122

	Routes:

	Route: 1
	Route length (38692.0) and demand (10658)
	Edge: 1467 <--> 1715 	 Freq: 28.0 	 Demand: 238
	Edge: 1716 <--> 1697 	 Freq: 28.0 	 Demand: 798
	Edge: 1552 <--> 1344 	 Freq: 28.0 	 Demand: 4216
	Edge: 1472 <--> 1291 	 Freq: 28.0 	 Demand: 238
	Edge: 1474 <--> 1475 	 Freq: 28.0 	 Demand: 2244
	Edge: 1473 <--> 1474 	 Freq: 28.0 	 Demand: 1326
	Edge: 1183 <--> 1184 	 Freq: 28.0 	 Demand: 1598
	Route: 2
	Route length (51402.0) and demand (7426)
	Edge: 112 <--> 116 	 Freq: 28.0 	 Demand: 1122
	Edge: 346 <--> 347 	 Freq: 28.0 	 Demand: 952
	Edge: 1278 <--> 1279 	 Freq: 28.0 	 Demand: 560
	Edge: 1280 <--> 1281 	 Freq: 28.0 	 Demand: 1682
	Edge: 1478 <--> 1479 	 Freq: 28.0 	 Demand: 1682
	Edge: 1162 <--> 533 	 Freq: 28.0 	 Demand: 1428
	Route: 3
	Route length (40665.0) and demand (11346)
	Edge: 1605 <--> 1515 	 Freq: 28.0 	 Demand: 118
	Edge: 1639 <--> 1640 	 Freq: 28.0 	 Demand: 560
	Edge: 1189 <--> 1466 	 Freq: 28.0 	 Demand: 1682
	Edge: 1465 <--> 1348 	 Freq: 28.0 	 Demand: 1122
	Edge: 1187 <--> 1188 	 Freq: 28.0 	 Demand: 3926
	Edge: 1669 <--> 1212 	 Freq: 28.0 	 Demand: 204
	Edge: 1320 <--> 1321 	 Freq: 28.0 	 Demand: 3734
	Route: 4
	Route length (30636.0) and demand (11228)
	Edge: 617 <--> 618 	 Freq: 28.0 	 Demand: 1122
	Edge: 192 <--> 815 	 Freq: 28.0 	 Demand: 560
	Edge: 1022 <--> 764 	 Freq: 28.0 	 Demand: 118
	Edge: 825 <--> 826 	 Freq: 28.0 	 Demand: 892
	Edge: 1173 <--> 1024 	 Freq: 28.0 	 Demand: 322
	Edge: 826 <--> 835 	 Freq: 28.0 	 Demand: 1122
	Edge: 835 <--> 1180 	 Freq: 28.0 	 Demand: 654
	Edge: 561 <--> 562 	 Freq: 28.0 	 Demand: 560
	Edge: 837 <--> 859 	 Freq: 28.0 	 Demand: 1682
	Edge: 859 <--> 1018 	 Freq: 28.0 	 Demand: 1954
	Edge: 860 <--> 1038 	 Freq: 28.0 	 Demand: 1122
	Edge: 991 <--> 989 	 Freq: 28.0 	 Demand: 560
	Edge: 1019 <--> 860 	 Freq: 28.0 	 Demand: 560

Day 30, number of edges 32, number of routes 4

	Edges:

	Edge: 661 <--> 1158 	 Freq: 28.0 	 Demand: 340
	Edge: 487 <--> 488 	 Freq: 28.0 	 Demand: 2618
	Edge: 1360 <--> 1708 	 Freq: 28.0 	 Demand: 118
	Edge: 1492 <--> 1493 	 Freq: 28.0 	 Demand: 1122
	Edge: 1545 <--> 1572 	 Freq: 28.0 	 Demand: 560
	Edge: 1017 <--> 337 	 Freq: 28.0 	 Demand: 654
	Edge: 536 <--> 738 	 Freq: 28.0 	 Demand: 1308
	Edge: 172 <--> 848 	 Freq: 28.0 	 Demand: 1682
	Edge: 52 <--> 39 	 Freq: 28.0 	 Demand: 3970
	Edge: 1299 <--> 1300 	 Freq: 28.0 	 Demand: 1122
	Edge: 1674 <--> 1675 	 Freq: 28.0 	 Demand: 560
	Edge: 1729 <--> 1730 	 Freq: 28.0 	 Demand: 560
	Edge: 1510 <--> 1653 	 Freq: 28.0 	 Demand: 1020
	Edge: 1720 <--> 1287 	 Freq: 28.0 	 Demand: 764
	Edge: 20 <--> 1049 	 Freq: 28.0 	 Demand: 560
	Edge: 660 <--> 661 	 Freq: 28.0 	 Demand: 654
	Edge: 313 <--> 219 	 Freq: 28.0 	 Demand: 340
	Edge: 1017 <--> 1181 	 Freq: 28.0 	 Demand: 654
	Edge: 111 <--> 158 	 Freq: 28.0 	 Demand: 560
	Edge: 1724 <--> 1725 	 Freq: 28.0 	 Demand: 1682
	Edge: 1547 <--> 1734 	 Freq: 28.0 	 Demand: 118
	Edge: 1720 <--> 1369 	 Freq: 28.0 	 Demand: 560
	Edge: 1505 <--> 1507 	 Freq: 28.0 	 Demand: 118
	Edge: 820 <--> 821 	 Freq: 28.0 	 Demand: 1308
	Edge: 50 <--> 51 	 Freq: 28.0 	 Demand: 3986
	Edge: 1021 <--> 819 	 Freq: 28.0 	 Demand: 654
	Edge: 754 <--> 755 	 Freq: 28.0 	 Demand: 2210
	Edge: 1157 <--> 659 	 Freq: 28.0 	 Demand: 204
	Edge: 39 <--> 40 	 Freq: 28.0 	 Demand: 3548
	Edge: 111 <--> 112 	 Freq: 28.0 	 Demand: 2244
	Edge: 1661 <--> 1346 	 Freq: 28.0 	 Demand: 1530
	Edge: 304 <--> 305 	 Freq: 28.0 	 Demand: 560

	Routes:

	Route: 1
	Route length (7788.0) and demand (11504)
	Edge: 50 <--> 51 	 Freq: 28.0 	 Demand: 3986
	Edge: 39 <--> 40 	 Freq: 28.0 	 Demand: 3548
	Edge: 52 <--> 39 	 Freq: 28.0 	 Demand: 3970
	Route: 2
	Route length (13476.0) and demand (11852)
	Edge: 1021 <--> 819 	 Freq: 28.0 	 Demand: 654
	Edge: 820 <--> 821 	 Freq: 28.0 	 Demand: 1308
	Edge: 1157 <--> 659 	 Freq: 28.0 	 Demand: 204
	Edge: 20 <--> 1049 	 Freq: 28.0 	 Demand: 560
	Edge: 487 <--> 488 	 Freq: 28.0 	 Demand: 2618
	Edge: 172 <--> 848 	 Freq: 28.0 	 Demand: 1682
	Edge: 536 <--> 738 	 Freq: 28.0 	 Demand: 1308
	Edge: 754 <--> 755 	 Freq: 28.0 	 Demand: 2210
	Edge: 1017 <--> 1181 	 Freq: 28.0 	 Demand: 654
	Edge: 1017 <--> 337 	 Freq: 28.0 	 Demand: 654
	Route: 3
	Route length (16111.0) and demand (3704)
	Edge: 304 <--> 305 	 Freq: 28.0 	 Demand: 560
	Edge: 111 <--> 158 	 Freq: 28.0 	 Demand: 560
	Edge: 111 <--> 112 	 Freq: 28.0 	 Demand: 2244
	Edge: 313 <--> 219 	 Freq: 28.0 	 Demand: 340
	Route: 4
	Route length (61300.0) and demand (10828)
	Edge: 1510 <--> 1653 	 Freq: 28.0 	 Demand: 1020
	Edge: 1505 <--> 1507 	 Freq: 28.0 	 Demand: 118
	Edge: 1545 <--> 1572 	 Freq: 28.0 	 Demand: 560
	Edge: 1492 <--> 1493 	 Freq: 28.0 	 Demand: 1122
	Edge: 1674 <--> 1675 	 Freq: 28.0 	 Demand: 560
	Edge: 1299 <--> 1300 	 Freq: 28.0 	 Demand: 1122
	Edge: 1661 <--> 1346 	 Freq: 28.0 	 Demand: 1530
	Edge: 1720 <--> 1287 	 Freq: 28.0 	 Demand: 764
	Edge: 1720 <--> 1369 	 Freq: 28.0 	 Demand: 560
	Edge: 1729 <--> 1730 	 Freq: 28.0 	 Demand: 560
	Edge: 1547 <--> 1734 	 Freq: 28.0 	 Demand: 118
	Edge: 1724 <--> 1725 	 Freq: 28.0 	 Demand: 1682
	Edge: 1360 <--> 1708 	 Freq: 28.0 	 Demand: 118
	Edge: 660 <--> 661 	 Freq: 28.0 	 Demand: 654
	Edge: 661 <--> 1158 	 Freq: 28.0 	 Demand: 340

Day 31, number of edges 30, number of routes 3

	Edges:

	Edge: 399 <--> 400 	 Freq: 28.0 	 Demand: 560
	Edge: 747 <--> 482 	 Freq: 28.0 	 Demand: 1122
	Edge: 839 <--> 1018 	 Freq: 28.0 	 Demand: 118
	Edge: 342 <--> 1064 	 Freq: 28.0 	 Demand: 1308
	Edge: 701 <--> 702 	 Freq: 28.0 	 Demand: 1122
	Edge: 762 <--> 763 	 Freq: 28.0 	 Demand: 560
	Edge: 323 <--> 321 	 Freq: 28.0 	 Demand: 1122
	Edge: 28 <--> 761 	 Freq: 28.0 	 Demand: 3692
	Edge: 1302 <--> 1303 	 Freq: 28.0 	 Demand: 560
	Edge: 1362 <--> 1714 	 Freq: 28.0 	 Demand: 560
	Edge: 774 <--> 783 	 Freq: 28.0 	 Demand: 560
	Edge: 1715 <--> 1716 	 Freq: 28.0 	 Demand: 764
	Edge: 619 <--> 620 	 Freq: 28.0 	 Demand: 1122
	Edge: 1088 <--> 1082 	 Freq: 28.0 	 Demand: 680
	Edge: 1424 <--> 1722 	 Freq: 28.0 	 Demand: 204
	Edge: 1321 <--> 1362 	 Freq: 28.0 	 Demand: 1648
	Edge: 362 <--> 231 	 Freq: 28.0 	 Demand: 1428
	Edge: 1696 <--> 1460 	 Freq: 28.0 	 Demand: 560
	Edge: 219 <--> 220 	 Freq: 28.0 	 Demand: 560
	Edge: 231 <--> 153 	 Freq: 28.0 	 Demand: 356
	Edge: 1218 <--> 1219 	 Freq: 28.0 	 Demand: 2244
	Edge: 572 <--> 573 	 Freq: 28.0 	 Demand: 654
	Edge: 30 <--> 31 	 Freq: 28.0 	 Demand: 1122
	Edge: 1238 <--> 1239 	 Freq: 28.0 	 Demand: 1122
	Edge: 1530 <--> 1305 	 Freq: 28.0 	 Demand: 560
	Edge: 823 <--> 824 	 Freq: 28.0 	 Demand: 798
	Edge: 1652 <--> 1423 	 Freq: 28.0 	 Demand: 204
	Edge: 904 <--> 905 	 Freq: 28.0 	 Demand: 560
	Edge: 1723 <--> 1726 	 Freq: 28.0 	 Demand: 356
	Edge: 1113 <--> 1114 	 Freq: 28.0 	 Demand: 408

	Routes:

	Route: 1
	Route length (4064.0) and demand (4814)
	Edge: 28 <--> 761 	 Freq: 28.0 	 Demand: 3692
	Edge: 30 <--> 31 	 Freq: 28.0 	 Demand: 1122
	Route: 2
	Route length (56854.0) and demand (11170)
	Edge: 823 <--> 824 	 Freq: 28.0 	 Demand: 798
	Edge: 839 <--> 1018 	 Freq: 28.0 	 Demand: 118
	Edge: 747 <--> 482 	 Freq: 28.0 	 Demand: 1122
	Edge: 762 <--> 763 	 Freq: 28.0 	 Demand: 560
	Edge: 619 <--> 620 	 Freq: 28.0 	 Demand: 1122
	Edge: 399 <--> 400 	 Freq: 28.0 	 Demand: 560
	Edge: 1088 <--> 1082 	 Freq: 28.0 	 Demand: 680
	Edge: 1113 <--> 1114 	 Freq: 28.0 	 Demand: 408
	Edge: 572 <--> 573 	 Freq: 28.0 	 Demand: 654
	Edge: 904 <--> 905 	 Freq: 28.0 	 Demand: 560
	Edge: 362 <--> 231 	 Freq: 28.0 	 Demand: 1428
	Edge: 231 <--> 153 	 Freq: 28.0 	 Demand: 356
	Edge: 701 <--> 702 	 Freq: 28.0 	 Demand: 1122
	Edge: 323 <--> 321 	 Freq: 28.0 	 Demand: 1122
	Edge: 219 <--> 220 	 Freq: 28.0 	 Demand: 560
	Route: 3
	Route length (45340.0) and demand (10650)
	Edge: 1723 <--> 1726 	 Freq: 28.0 	 Demand: 356
	Edge: 1696 <--> 1460 	 Freq: 28.0 	 Demand: 560
	Edge: 1362 <--> 1714 	 Freq: 28.0 	 Demand: 560
	Edge: 1321 <--> 1362 	 Freq: 28.0 	 Demand: 1648
	Edge: 1715 <--> 1716 	 Freq: 28.0 	 Demand: 764
	Edge: 1218 <--> 1219 	 Freq: 28.0 	 Demand: 2244
	Edge: 1530 <--> 1305 	 Freq: 28.0 	 Demand: 560
	Edge: 1424 <--> 1722 	 Freq: 28.0 	 Demand: 204
	Edge: 1238 <--> 1239 	 Freq: 28.0 	 Demand: 1122
	Edge: 1652 <--> 1423 	 Freq: 28.0 	 Demand: 204
	Edge: 1302 <--> 1303 	 Freq: 28.0 	 Demand: 560
	Edge: 774 <--> 783 	 Freq: 28.0 	 Demand: 560
	Edge: 342 <--> 1064 	 Freq: 28.0 	 Demand: 1308

Day 32, number of edges 33, number of routes 4

	Edges:

	Edge: 1480 <--> 1481 	 Freq: 28.0 	 Demand: 1122
	Edge: 485 <--> 486 	 Freq: 28.0 	 Demand: 1682
	Edge: 678 <--> 677 	 Freq: 28.0 	 Demand: 560
	Edge: 132 <--> 133 	 Freq: 28.0 	 Demand: 1666
	Edge: 404 <--> 405 	 Freq: 28.0 	 Demand: 560
	Edge: 470 <--> 250 	 Freq: 28.0 	 Demand: 204
	Edge: 736 <--> 737 	 Freq: 28.0 	 Demand: 1308
	Edge: 135 <--> 234 	 Freq: 28.0 	 Demand: 2788
	Edge: 766 <--> 484 	 Freq: 28.0 	 Demand: 1122
	Edge: 180 <--> 181 	 Freq: 28.0 	 Demand: 1308
	Edge: 654 <--> 655 	 Freq: 28.0 	 Demand: 654
	Edge: 75 <--> 403 	 Freq: 28.0 	 Demand: 560
	Edge: 773 <--> 774 	 Freq: 28.0 	 Demand: 560
	Edge: 1136 <--> 1137 	 Freq: 28.0 	 Demand: 560
	Edge: 996 <--> 997 	 Freq: 28.0 	 Demand: 1308
	Edge: 1153 <--> 1154 	 Freq: 28.0 	 Demand: 1308
	Edge: 1243 <--> 1244 	 Freq: 28.0 	 Demand: 560
	Edge: 24 <--> 25 	 Freq: 28.0 	 Demand: 560
	Edge: 1276 <--> 1277 	 Freq: 28.0 	 Demand: 764
	Edge: 1208 <--> 1498 	 Freq: 28.0 	 Demand: 1122
	Edge: 864 <--> 865 	 Freq: 28.0 	 Demand: 2804
	Edge: 254 <--> 5 	 Freq: 28.0 	 Demand: 204
	Edge: 1350 <--> 1679 	 Freq: 28.0 	 Demand: 3366
	Edge: 429 <--> 430 	 Freq: 28.0 	 Demand: 560
	Edge: 1634 <--> 1635 	 Freq: 28.0 	 Demand: 1122
	Edge: 21 <--> 22 	 Freq: 28.0 	 Demand: 654
	Edge: 1362 <--> 1292 	 Freq: 28.0 	 Demand: 3110
	Edge: 1155 <--> 1151 	 Freq: 28.0 	 Demand: 612
	Edge: 656 <--> 748 	 Freq: 28.0 	 Demand: 2430
	Edge: 1206 <--> 1207 	 Freq: 28.0 	 Demand: 3514
	Edge: 23 <--> 24 	 Freq: 28.0 	 Demand: 3638
	Edge: 1151 <--> 1001 	 Freq: 28.0 	 Demand: 560
	Edge: 907 <--> 908 	 Freq: 28.0 	 Demand: 1122

	Routes:

	Route: 1
	Route length (39948.0) and demand (11112)
	Edge: 1362 <--> 1292 	 Freq: 28.0 	 Demand: 3110
	Edge: 1350 <--> 1679 	 Freq: 28.0 	 Demand: 3366
	Edge: 1206 <--> 1207 	 Freq: 28.0 	 Demand: 3514
	Edge: 1208 <--> 1498 	 Freq: 28.0 	 Demand: 1122
	Route: 2
	Route length (39986.0) and demand (9532)
	Edge: 996 <--> 997 	 Freq: 28.0 	 Demand: 1308
	Edge: 678 <--> 677 	 Freq: 28.0 	 Demand: 560
	Edge: 135 <--> 234 	 Freq: 28.0 	 Demand: 2788
	Edge: 132 <--> 133 	 Freq: 28.0 	 Demand: 1666
	Edge: 470 <--> 250 	 Freq: 28.0 	 Demand: 204
	Edge: 254 <--> 5 	 Freq: 28.0 	 Demand: 204
	Edge: 429 <--> 430 	 Freq: 28.0 	 Demand: 560
	Edge: 404 <--> 405 	 Freq: 28.0 	 Demand: 560
	Edge: 75 <--> 403 	 Freq: 28.0 	 Demand: 560
	Edge: 907 <--> 908 	 Freq: 28.0 	 Demand: 1122
	Route: 3
	Route length (9297.0) and demand (11826)
	Edge: 654 <--> 655 	 Freq: 28.0 	 Demand: 654
	Edge: 1155 <--> 1151 	 Freq: 28.0 	 Demand: 612
	Edge: 1153 <--> 1154 	 Freq: 28.0 	 Demand: 1308
	Edge: 656 <--> 748 	 Freq: 28.0 	 Demand: 2430
	Edge: 1151 <--> 1001 	 Freq: 28.0 	 Demand: 560
	Edge: 864 <--> 865 	 Freq: 28.0 	 Demand: 2804
	Edge: 766 <--> 484 	 Freq: 28.0 	 Demand: 1122
	Edge: 485 <--> 486 	 Freq: 28.0 	 Demand: 1682
	Edge: 21 <--> 22 	 Freq: 28.0 	 Demand: 654
	Route: 4
	Route length (47855.0) and demand (11502)
	Edge: 736 <--> 737 	 Freq: 28.0 	 Demand: 1308
	Edge: 23 <--> 24 	 Freq: 28.0 	 Demand: 3638
	Edge: 24 <--> 25 	 Freq: 28.0 	 Demand: 560
	Edge: 180 <--> 181 	 Freq: 28.0 	 Demand: 1308
	Edge: 773 <--> 774 	 Freq: 28.0 	 Demand: 560
	Edge: 1136 <--> 1137 	 Freq: 28.0 	 Demand: 560
	Edge: 1243 <--> 1244 	 Freq: 28.0 	 Demand: 560
	Edge: 1634 <--> 1635 	 Freq: 28.0 	 Demand: 1122
	Edge: 1276 <--> 1277 	 Freq: 28.0 	 Demand: 764
	Edge: 1480 <--> 1481 	 Freq: 28.0 	 Demand: 1122

Day 33, number of edges 0, number of routes 0

	Edges:


	Routes:


Day 34, number of edges 0, number of routes 0

	Edges:


	Routes:


Day 35, number of edges 58, number of routes 6

	Edges:

	Edge: 1329 <--> 1330 	 Freq: 28.0 	 Demand: 3926
	Edge: 319 <--> 318 	 Freq: 28.0 	 Demand: 118
	Edge: 462 <--> 513 	 Freq: 28.0 	 Demand: 560
	Edge: 1550 <--> 1551 	 Freq: 28.0 	 Demand: 1122
	Edge: 961 <--> 962 	 Freq: 28.0 	 Demand: 1122
	Edge: 1476 <--> 1499 	 Freq: 28.0 	 Demand: 1682
	Edge: 960 <--> 961 	 Freq: 28.0 	 Demand: 1122
	Edge: 110 <--> 1096 	 Freq: 28.0 	 Demand: 560
	Edge: 48 <--> 49 	 Freq: 28.0 	 Demand: 2618
	Edge: 1531 <--> 1532 	 Freq: 28.0 	 Demand: 1122
	Edge: 1456 <--> 1448 	 Freq: 28.0 	 Demand: 1122
	Edge: 107 <--> 108 	 Freq: 28.0 	 Demand: 560
	Edge: 1469 <--> 1482 	 Freq: 28.0 	 Demand: 3624
	Edge: 1600 <--> 1395 	 Freq: 28.0 	 Demand: 204
	Edge: 318 <--> 1118 	 Freq: 28.0 	 Demand: 118
	Edge: 938 <--> 939 	 Freq: 28.0 	 Demand: 560
	Edge: 597 <--> 107 	 Freq: 28.0 	 Demand: 204
	Edge: 156 <--> 249 	 Freq: 28.0 	 Demand: 560
	Edge: 463 <--> 72 	 Freq: 28.0 	 Demand: 560
	Edge: 896 <--> 897 	 Freq: 28.0 	 Demand: 1682
	Edge: 953 <--> 954 	 Freq: 28.0 	 Demand: 1122
	Edge: 1222 <--> 1223 	 Freq: 28.0 	 Demand: 560
	Edge: 1727 <--> 1728 	 Freq: 28.0 	 Demand: 654
	Edge: 1004 <--> 1005 	 Freq: 28.0 	 Demand: 356
	Edge: 592 <--> 593 	 Freq: 28.0 	 Demand: 560
	Edge: 1149 <--> 1150 	 Freq: 28.0 	 Demand: 952
	Edge: 1667 <--> 1668 	 Freq: 28.0 	 Demand: 560
	Edge: 1705 <--> 1706 	 Freq: 28.0 	 Demand: 560
	Edge: 1146 <--> 1147 	 Freq: 28.0 	 Demand: 1682
	Edge: 109 <--> 938 	 Freq: 28.0 	 Demand: 560
	Edge: 578 <--> 579 	 Freq: 28.0 	 Demand: 560
	Edge: 745 <--> 1172 	 Freq: 28.0 	 Demand: 2804
	Edge: 280 <--> 1094 	 Freq: 28.0 	 Demand: 560
	Edge: 1094 <--> 1095 	 Freq: 28.0 	 Demand: 560
	Edge: 471 <--> 472 	 Freq: 28.0 	 Demand: 560
	Edge: 691 <--> 746 	 Freq: 28.0 	 Demand: 560
	Edge: 257 <--> 598 	 Freq: 28.0 	 Demand: 560
	Edge: 145 <--> 286 	 Freq: 28.0 	 Demand: 3696
	Edge: 746 <--> 491 	 Freq: 28.0 	 Demand: 654
	Edge: 480 <--> 481 	 Freq: 28.0 	 Demand: 3926
	Edge: 1426 <--> 1425 	 Freq: 28.0 	 Demand: 118
	Edge: 1733 <--> 1351 	 Freq: 28.0 	 Demand: 1122
	Edge: 509 <--> 1100 	 Freq: 28.0 	 Demand: 560
	Edge: 834 <--> 1015 	 Freq: 28.0 	 Demand: 1308
	Edge: 1264 <--> 1263 	 Freq: 28.0 	 Demand: 1122
	Edge: 1650 <--> 1511 	 Freq: 28.0 	 Demand: 560
	Edge: 849 <--> 850 	 Freq: 28.0 	 Demand: 1682
	Edge: 930 <--> 931 	 Freq: 28.0 	 Demand: 204
	Edge: 530 <--> 531 	 Freq: 28.0 	 Demand: 118
	Edge: 259 <--> 360 	 Freq: 28.0 	 Demand: 118
	Edge: 929 <--> 932 	 Freq: 28.0 	 Demand: 560
	Edge: 1132 <--> 249 	 Freq: 28.0 	 Demand: 560
	Edge: 190 <--> 802 	 Freq: 28.0 	 Demand: 560
	Edge: 156 <--> 157 	 Freq: 28.0 	 Demand: 476
	Edge: 1536 <--> 1262 	 Freq: 28.0 	 Demand: 3366
	Edge: 1220 <--> 1221 	 Freq: 28.0 	 Demand: 1122
	Edge: 1285 <--> 1286 	 Freq: 28.0 	 Demand: 560
	Edge: 464 <--> 465 	 Freq: 28.0 	 Demand: 560

	Routes:

	Route: 1
	Route length (53888.0) and demand (9930)
	Edge: 463 <--> 72 	 Freq: 28.0 	 Demand: 560
	Edge: 462 <--> 513 	 Freq: 28.0 	 Demand: 560
	Edge: 464 <--> 465 	 Freq: 28.0 	 Demand: 560
	Edge: 896 <--> 897 	 Freq: 28.0 	 Demand: 1682
	Edge: 471 <--> 472 	 Freq: 28.0 	 Demand: 560
	Edge: 929 <--> 932 	 Freq: 28.0 	 Demand: 560
	Edge: 930 <--> 931 	 Freq: 28.0 	 Demand: 204
	Edge: 190 <--> 802 	 Freq: 28.0 	 Demand: 560
	Edge: 107 <--> 108 	 Freq: 28.0 	 Demand: 560
	Edge: 592 <--> 593 	 Freq: 28.0 	 Demand: 560
	Edge: 597 <--> 107 	 Freq: 28.0 	 Demand: 204
	Edge: 109 <--> 938 	 Freq: 28.0 	 Demand: 560
	Edge: 938 <--> 939 	 Freq: 28.0 	 Demand: 560
	Edge: 110 <--> 1096 	 Freq: 28.0 	 Demand: 560
	Edge: 1094 <--> 1095 	 Freq: 28.0 	 Demand: 560
	Edge: 280 <--> 1094 	 Freq: 28.0 	 Demand: 560
	Edge: 509 <--> 1100 	 Freq: 28.0 	 Demand: 560
	Route: 2
	Route length (43297.0) and demand (11474)
	Edge: 1285 <--> 1286 	 Freq: 28.0 	 Demand: 560
	Edge: 1476 <--> 1499 	 Freq: 28.0 	 Demand: 1682
	Edge: 1705 <--> 1706 	 Freq: 28.0 	 Demand: 560
	Edge: 1667 <--> 1668 	 Freq: 28.0 	 Demand: 560
	Edge: 1531 <--> 1532 	 Freq: 28.0 	 Demand: 1122
	Edge: 1536 <--> 1262 	 Freq: 28.0 	 Demand: 3366
	Edge: 1469 <--> 1482 	 Freq: 28.0 	 Demand: 3624
	Route: 3
	Route length (20739.0) and demand (11254)
	Edge: 953 <--> 954 	 Freq: 28.0 	 Demand: 1122
	Edge: 257 <--> 598 	 Freq: 28.0 	 Demand: 560
	Edge: 145 <--> 286 	 Freq: 28.0 	 Demand: 3696
	Edge: 1146 <--> 1147 	 Freq: 28.0 	 Demand: 1682
	Edge: 961 <--> 962 	 Freq: 28.0 	 Demand: 1122
	Edge: 960 <--> 961 	 Freq: 28.0 	 Demand: 1122
	Edge: 259 <--> 360 	 Freq: 28.0 	 Demand: 118
	Edge: 319 <--> 318 	 Freq: 28.0 	 Demand: 118
	Edge: 318 <--> 1118 	 Freq: 28.0 	 Demand: 118
	Edge: 1132 <--> 249 	 Freq: 28.0 	 Demand: 560
	Edge: 156 <--> 249 	 Freq: 28.0 	 Demand: 560
	Edge: 156 <--> 157 	 Freq: 28.0 	 Demand: 476
	Route: 4
	Route length (1845.0) and demand (3926)
	Edge: 480 <--> 481 	 Freq: 28.0 	 Demand: 3926
	Route: 5
	Route length (63784.0) and demand (11632)
	Edge: 1600 <--> 1395 	 Freq: 28.0 	 Demand: 204
	Edge: 1456 <--> 1448 	 Freq: 28.0 	 Demand: 1122
	Edge: 1550 <--> 1551 	 Freq: 28.0 	 Demand: 1122
	Edge: 1220 <--> 1221 	 Freq: 28.0 	 Demand: 1122
	Edge: 1222 <--> 1223 	 Freq: 28.0 	 Demand: 560
	Edge: 1426 <--> 1425 	 Freq: 28.0 	 Demand: 118
	Edge: 1650 <--> 1511 	 Freq: 28.0 	 Demand: 560
	Edge: 1727 <--> 1728 	 Freq: 28.0 	 Demand: 654
	Edge: 1264 <--> 1263 	 Freq: 28.0 	 Demand: 1122
	Edge: 1733 <--> 1351 	 Freq: 28.0 	 Demand: 1122
	Edge: 1329 <--> 1330 	 Freq: 28.0 	 Demand: 3926
	Route: 6
	Route length (12374.0) and demand (11612)
	Edge: 746 <--> 491 	 Freq: 28.0 	 Demand: 654
	Edge: 691 <--> 746 	 Freq: 28.0 	 Demand: 560
	Edge: 834 <--> 1015 	 Freq: 28.0 	 Demand: 1308
	Edge: 745 <--> 1172 	 Freq: 28.0 	 Demand: 2804
	Edge: 1149 <--> 1150 	 Freq: 28.0 	 Demand: 952
	Edge: 578 <--> 579 	 Freq: 28.0 	 Demand: 560
	Edge: 1004 <--> 1005 	 Freq: 28.0 	 Demand: 356
	Edge: 530 <--> 531 	 Freq: 28.0 	 Demand: 118
	Edge: 48 <--> 49 	 Freq: 28.0 	 Demand: 2618
	Edge: 849 <--> 850 	 Freq: 28.0 	 Demand: 1682

Day 36, number of edges 32, number of routes 3

	Edges:

	Edge: 477 <--> 490 	 Freq: 28.0 	 Demand: 1308
	Edge: 476 <--> 489 	 Freq: 28.0 	 Demand: 1308
	Edge: 699 <--> 700 	 Freq: 28.0 	 Demand: 118
	Edge: 1306 <--> 1307 	 Freq: 28.0 	 Demand: 1682
	Edge: 1047 <--> 739 	 Freq: 28.0 	 Demand: 1122
	Edge: 37 <--> 38 	 Freq: 28.0 	 Demand: 1546
	Edge: 339 <--> 340 	 Freq: 28.0 	 Demand: 560
	Edge: 729 <--> 731 	 Freq: 28.0 	 Demand: 4210
	Edge: 828 <--> 830 	 Freq: 28.0 	 Demand: 560
	Edge: 1252 <--> 1253 	 Freq: 28.0 	 Demand: 3366
	Edge: 1216 <--> 1217 	 Freq: 28.0 	 Demand: 560
	Edge: 1023 <--> 1022 	 Freq: 28.0 	 Demand: 408
	Edge: 1327 <--> 1560 	 Freq: 28.0 	 Demand: 118
	Edge: 504 <--> 505 	 Freq: 28.0 	 Demand: 1122
	Edge: 769 <--> 770 	 Freq: 28.0 	 Demand: 1122
	Edge: 1121 <--> 1122 	 Freq: 28.0 	 Demand: 1122
	Edge: 437 <--> 438 	 Freq: 28.0 	 Demand: 1122
	Edge: 637 <--> 638 	 Freq: 28.0 	 Demand: 1122
	Edge: 1076 <--> 1077 	 Freq: 28.0 	 Demand: 1682
	Edge: 559 <--> 560 	 Freq: 28.0 	 Demand: 118
	Edge: 1139 <--> 1046 	 Freq: 28.0 	 Demand: 118
	Edge: 58 <--> 59 	 Freq: 28.0 	 Demand: 118
	Edge: 1636 <--> 1637 	 Freq: 28.0 	 Demand: 560
	Edge: 1553 <--> 1642 	 Freq: 28.0 	 Demand: 560
	Edge: 1553 <--> 1214 	 Freq: 28.0 	 Demand: 1682
	Edge: 1048 <--> 754 	 Freq: 28.0 	 Demand: 1216
	Edge: 1325 <--> 1326 	 Freq: 28.0 	 Demand: 204
	Edge: 1319 <--> 1320 	 Freq: 28.0 	 Demand: 2244
	Edge: 387 <--> 671 	 Freq: 28.0 	 Demand: 560
	Edge: 563 <--> 564 	 Freq: 28.0 	 Demand: 560
	Edge: 995 <--> 268 	 Freq: 28.0 	 Demand: 238
	Edge: 847 <--> 843 	 Freq: 28.0 	 Demand: 714

	Routes:

	Route: 1
	Route length (50592.0) and demand (11448)
	Edge: 563 <--> 564 	 Freq: 28.0 	 Demand: 560
	Edge: 504 <--> 505 	 Freq: 28.0 	 Demand: 1122
	Edge: 387 <--> 671 	 Freq: 28.0 	 Demand: 560
	Edge: 699 <--> 700 	 Freq: 28.0 	 Demand: 118
	Edge: 1076 <--> 1077 	 Freq: 28.0 	 Demand: 1682
	Edge: 437 <--> 438 	 Freq: 28.0 	 Demand: 1122
	Edge: 729 <--> 731 	 Freq: 28.0 	 Demand: 4210
	Edge: 1121 <--> 1122 	 Freq: 28.0 	 Demand: 1122
	Edge: 847 <--> 843 	 Freq: 28.0 	 Demand: 714
	Edge: 995 <--> 268 	 Freq: 28.0 	 Demand: 238
	Route: 2
	Route length (10752.0) and demand (10508)
	Edge: 637 <--> 638 	 Freq: 28.0 	 Demand: 1122
	Edge: 476 <--> 489 	 Freq: 28.0 	 Demand: 1308
	Edge: 477 <--> 490 	 Freq: 28.0 	 Demand: 1308
	Edge: 37 <--> 38 	 Freq: 28.0 	 Demand: 1546
	Edge: 1023 <--> 1022 	 Freq: 28.0 	 Demand: 408
	Edge: 1139 <--> 1046 	 Freq: 28.0 	 Demand: 118
	Edge: 1047 <--> 739 	 Freq: 28.0 	 Demand: 1122
	Edge: 828 <--> 830 	 Freq: 28.0 	 Demand: 560
	Edge: 339 <--> 340 	 Freq: 28.0 	 Demand: 560
	Edge: 769 <--> 770 	 Freq: 28.0 	 Demand: 1122
	Edge: 559 <--> 560 	 Freq: 28.0 	 Demand: 118
	Edge: 1048 <--> 754 	 Freq: 28.0 	 Demand: 1216
	Route: 3
	Route length (42859.0) and demand (11094)
	Edge: 58 <--> 59 	 Freq: 28.0 	 Demand: 118
	Edge: 1325 <--> 1326 	 Freq: 28.0 	 Demand: 204
	Edge: 1216 <--> 1217 	 Freq: 28.0 	 Demand: 560
	Edge: 1319 <--> 1320 	 Freq: 28.0 	 Demand: 2244
	Edge: 1636 <--> 1637 	 Freq: 28.0 	 Demand: 560
	Edge: 1252 <--> 1253 	 Freq: 28.0 	 Demand: 3366
	Edge: 1327 <--> 1560 	 Freq: 28.0 	 Demand: 118
	Edge: 1306 <--> 1307 	 Freq: 28.0 	 Demand: 1682
	Edge: 1553 <--> 1214 	 Freq: 28.0 	 Demand: 1682
	Edge: 1553 <--> 1642 	 Freq: 28.0 	 Demand: 560

Day 37, number of edges 31, number of routes 4

	Edges:

	Edge: 1324 <--> 1325 	 Freq: 28.0 	 Demand: 2244
	Edge: 657 <--> 654 	 Freq: 28.0 	 Demand: 1308
	Edge: 752 <--> 1171 	 Freq: 28.0 	 Demand: 764
	Edge: 196 <--> 615 	 Freq: 28.0 	 Demand: 560
	Edge: 916 <--> 1081 	 Freq: 28.0 	 Demand: 3926
	Edge: 1691 <--> 1495 	 Freq: 28.0 	 Demand: 968
	Edge: 836 <--> 837 	 Freq: 28.0 	 Demand: 2244
	Edge: 971 <--> 1048 	 Freq: 28.0 	 Demand: 1334
	Edge: 1038 <--> 1159 	 Freq: 28.0 	 Demand: 1002
	Edge: 667 <--> 668 	 Freq: 28.0 	 Demand: 2618
	Edge: 1124 <--> 1125 	 Freq: 28.0 	 Demand: 1122
	Edge: 1326 <--> 1217 	 Freq: 28.0 	 Demand: 560
	Edge: 55 <--> 1139 	 Freq: 28.0 	 Demand: 748
	Edge: 835 <--> 836 	 Freq: 28.0 	 Demand: 322
	Edge: 1670 <--> 1345 	 Freq: 28.0 	 Demand: 204
	Edge: 639 <--> 640 	 Freq: 28.0 	 Demand: 1122
	Edge: 690 <--> 692 	 Freq: 28.0 	 Demand: 1122
	Edge: 197 <--> 198 	 Freq: 28.0 	 Demand: 560
	Edge: 270 <--> 401 	 Freq: 28.0 	 Demand: 764
	Edge: 765 <--> 559 	 Freq: 28.0 	 Demand: 118
	Edge: 1552 <--> 1363 	 Freq: 28.0 	 Demand: 1036
	Edge: 1048 <--> 866 	 Freq: 28.0 	 Demand: 654
	Edge: 1662 <--> 1663 	 Freq: 28.0 	 Demand: 1122
	Edge: 1159 <--> 970 	 Freq: 28.0 	 Demand: 118
	Edge: 1495 <--> 1692 	 Freq: 28.0 	 Demand: 118
	Edge: 1224 <--> 1225 	 Freq: 28.0 	 Demand: 1122
	Edge: 1341 <--> 1301 	 Freq: 28.0 	 Demand: 1122
	Edge: 1200 <--> 1201 	 Freq: 28.0 	 Demand: 764
	Edge: 1673 <--> 1674 	 Freq: 28.0 	 Demand: 3926
	Edge: 727 <--> 728 	 Freq: 28.0 	 Demand: 340
	Edge: 757 <--> 758 	 Freq: 28.0 	 Demand: 1682

	Routes:

	Route: 1
	Route length (52112.0) and demand (1850)
	Edge: 1200 <--> 1201 	 Freq: 28.0 	 Demand: 764
	Edge: 1691 <--> 1495 	 Freq: 28.0 	 Demand: 968
	Edge: 1495 <--> 1692 	 Freq: 28.0 	 Demand: 118
	Route: 2
	Route length (40012.0) and demand (11336)
	Edge: 1662 <--> 1663 	 Freq: 28.0 	 Demand: 1122
	Edge: 1670 <--> 1345 	 Freq: 28.0 	 Demand: 204
	Edge: 1341 <--> 1301 	 Freq: 28.0 	 Demand: 1122
	Edge: 1673 <--> 1674 	 Freq: 28.0 	 Demand: 3926
	Edge: 1552 <--> 1363 	 Freq: 28.0 	 Demand: 1036
	Edge: 1326 <--> 1217 	 Freq: 28.0 	 Demand: 560
	Edge: 1324 <--> 1325 	 Freq: 28.0 	 Demand: 2244
	Edge: 1224 <--> 1225 	 Freq: 28.0 	 Demand: 1122
	Route: 3
	Route length (48369.0) and demand (11012)
	Edge: 667 <--> 668 	 Freq: 28.0 	 Demand: 2618
	Edge: 1124 <--> 1125 	 Freq: 28.0 	 Demand: 1122
	Edge: 727 <--> 728 	 Freq: 28.0 	 Demand: 340
	Edge: 916 <--> 1081 	 Freq: 28.0 	 Demand: 3926
	Edge: 270 <--> 401 	 Freq: 28.0 	 Demand: 764
	Edge: 197 <--> 198 	 Freq: 28.0 	 Demand: 560
	Edge: 639 <--> 640 	 Freq: 28.0 	 Demand: 1122
	Edge: 196 <--> 615 	 Freq: 28.0 	 Demand: 560
	Route: 4
	Route length (7870.0) and demand (11416)
	Edge: 1038 <--> 1159 	 Freq: 28.0 	 Demand: 1002
	Edge: 765 <--> 559 	 Freq: 28.0 	 Demand: 118
	Edge: 752 <--> 1171 	 Freq: 28.0 	 Demand: 764
	Edge: 1048 <--> 866 	 Freq: 28.0 	 Demand: 654
	Edge: 55 <--> 1139 	 Freq: 28.0 	 Demand: 748
	Edge: 971 <--> 1048 	 Freq: 28.0 	 Demand: 1334
	Edge: 1159 <--> 970 	 Freq: 28.0 	 Demand: 118
	Edge: 836 <--> 837 	 Freq: 28.0 	 Demand: 2244
	Edge: 835 <--> 836 	 Freq: 28.0 	 Demand: 322
	Edge: 657 <--> 654 	 Freq: 28.0 	 Demand: 1308
	Edge: 690 <--> 692 	 Freq: 28.0 	 Demand: 1122
	Edge: 757 <--> 758 	 Freq: 28.0 	 Demand: 1682

Day 38, number of edges 27, number of routes 3

	Edges:

	Edge: 1363 <--> 1348 	 Freq: 28.0 	 Demand: 560
	Edge: 808 <--> 809 	 Freq: 28.0 	 Demand: 3694
	Edge: 1214 <--> 1202 	 Freq: 28.0 	 Demand: 476
	Edge: 838 <--> 839 	 Freq: 28.0 	 Demand: 560
	Edge: 1202 <--> 1203 	 Freq: 28.0 	 Demand: 560
	Edge: 1292 <--> 1363 	 Freq: 28.0 	 Demand: 1326
	Edge: 739 <--> 740 	 Freq: 28.0 	 Demand: 560
	Edge: 1120 <--> 115 	 Freq: 28.0 	 Demand: 1122
	Edge: 307 <--> 311 	 Freq: 28.0 	 Demand: 560
	Edge: 308 <--> 445 	 Freq: 28.0 	 Demand: 560
	Edge: 155 <--> 1127 	 Freq: 28.0 	 Demand: 408
	Edge: 188 <--> 1061 	 Freq: 28.0 	 Demand: 654
	Edge: 349 <--> 350 	 Freq: 28.0 	 Demand: 118
	Edge: 970 <--> 1160 	 Freq: 28.0 	 Demand: 238
	Edge: 1663 <--> 1664 	 Freq: 28.0 	 Demand: 3926
	Edge: 1310 <--> 1717 	 Freq: 28.0 	 Demand: 2804
	Edge: 153 <--> 1 	 Freq: 28.0 	 Demand: 560
	Edge: 306 <--> 308 	 Freq: 28.0 	 Demand: 238
	Edge: 1270 <--> 1470 	 Freq: 28.0 	 Demand: 560
	Edge: 1025 <--> 1033 	 Freq: 28.0 	 Demand: 654
	Edge: 1214 <--> 1215 	 Freq: 28.0 	 Demand: 1682
	Edge: 1159 <--> 991 	 Freq: 28.0 	 Demand: 2066
	Edge: 1348 <--> 1290 	 Freq: 28.0 	 Demand: 1444
	Edge: 308 <--> 309 	 Freq: 28.0 	 Demand: 2244
	Edge: 320 <--> 321 	 Freq: 28.0 	 Demand: 560
	Edge: 1390 <--> 1677 	 Freq: 28.0 	 Demand: 560
	Edge: 376 <--> 751 	 Freq: 28.0 	 Demand: 3086

	Routes:

	Route: 1
	Route length (53994.0) and demand (10090)
	Edge: 1310 <--> 1717 	 Freq: 28.0 	 Demand: 2804
	Edge: 1214 <--> 1202 	 Freq: 28.0 	 Demand: 476
	Edge: 1292 <--> 1363 	 Freq: 28.0 	 Demand: 1326
	Edge: 1363 <--> 1348 	 Freq: 28.0 	 Demand: 560
	Edge: 1348 <--> 1290 	 Freq: 28.0 	 Demand: 1444
	Edge: 1270 <--> 1470 	 Freq: 28.0 	 Demand: 560
	Edge: 1202 <--> 1203 	 Freq: 28.0 	 Demand: 560
	Edge: 1214 <--> 1215 	 Freq: 28.0 	 Demand: 1682
	Edge: 349 <--> 350 	 Freq: 28.0 	 Demand: 118
	Edge: 739 <--> 740 	 Freq: 28.0 	 Demand: 560
	Route: 2
	Route length (85816.0) and demand (11392)
	Edge: 188 <--> 1061 	 Freq: 28.0 	 Demand: 654
	Edge: 1120 <--> 115 	 Freq: 28.0 	 Demand: 1122
	Edge: 155 <--> 1127 	 Freq: 28.0 	 Demand: 408
	Edge: 153 <--> 1 	 Freq: 28.0 	 Demand: 560
	Edge: 320 <--> 321 	 Freq: 28.0 	 Demand: 560
	Edge: 308 <--> 445 	 Freq: 28.0 	 Demand: 560
	Edge: 308 <--> 309 	 Freq: 28.0 	 Demand: 2244
	Edge: 306 <--> 308 	 Freq: 28.0 	 Demand: 238
	Edge: 307 <--> 311 	 Freq: 28.0 	 Demand: 560
	Edge: 1390 <--> 1677 	 Freq: 28.0 	 Demand: 560
	Edge: 1663 <--> 1664 	 Freq: 28.0 	 Demand: 3926
	Route: 3
	Route length (6966.0) and demand (10298)
	Edge: 838 <--> 839 	 Freq: 28.0 	 Demand: 560
	Edge: 1159 <--> 991 	 Freq: 28.0 	 Demand: 2066
	Edge: 970 <--> 1160 	 Freq: 28.0 	 Demand: 238
	Edge: 376 <--> 751 	 Freq: 28.0 	 Demand: 3086
	Edge: 1025 <--> 1033 	 Freq: 28.0 	 Demand: 654
	Edge: 808 <--> 809 	 Freq: 28.0 	 Demand: 3694

Day 39, number of edges 28, number of routes 2

	Edges:

	Edge: 8 <--> 1023 	 Freq: 28.0 	 Demand: 654
	Edge: 1387 <--> 1201 	 Freq: 28.0 	 Demand: 238
	Edge: 756 <--> 550 	 Freq: 28.0 	 Demand: 1682
	Edge: 220 <--> 320 	 Freq: 28.0 	 Demand: 560
	Edge: 1290 <--> 1289 	 Freq: 28.0 	 Demand: 560
	Edge: 831 <--> 832 	 Freq: 28.0 	 Demand: 1308
	Edge: 199 <--> 200 	 Freq: 28.0 	 Demand: 560
	Edge: 323 <--> 443 	 Freq: 28.0 	 Demand: 560
	Edge: 645 <--> 646 	 Freq: 28.0 	 Demand: 560
	Edge: 824 <--> 838 	 Freq: 28.0 	 Demand: 654
	Edge: 543 <--> 478 	 Freq: 28.0 	 Demand: 204
	Edge: 445 <--> 446 	 Freq: 28.0 	 Demand: 798
	Edge: 388 <--> 863 	 Freq: 28.0 	 Demand: 560
	Edge: 1345 <--> 1290 	 Freq: 28.0 	 Demand: 680
	Edge: 1185 <--> 1186 	 Freq: 28.0 	 Demand: 560
	Edge: 1347 <--> 1464 	 Freq: 28.0 	 Demand: 356
	Edge: 749 <--> 372 	 Freq: 28.0 	 Demand: 858
	Edge: 550 <--> 551 	 Freq: 28.0 	 Demand: 3578
	Edge: 755 <--> 756 	 Freq: 28.0 	 Demand: 2040
	Edge: 1510 <--> 1487 	 Freq: 28.0 	 Demand: 560
	Edge: 781 <--> 817 	 Freq: 28.0 	 Demand: 118
	Edge: 1065 <--> 1066 	 Freq: 28.0 	 Demand: 560
	Edge: 1389 <--> 1590 	 Freq: 28.0 	 Demand: 408
	Edge: 1013 <--> 1014 	 Freq: 28.0 	 Demand: 204
	Edge: 1331 <--> 1332 	 Freq: 28.0 	 Demand: 118
	Edge: 726 <--> 727 	 Freq: 28.0 	 Demand: 118
	Edge: 1265 <--> 1266 	 Freq: 28.0 	 Demand: 1598
	Edge: 1033 <--> 1038 	 Freq: 28.0 	 Demand: 560

	Routes:

	Route: 1
	Route length (147066.0) and demand (9636)
	Edge: 220 <--> 320 	 Freq: 28.0 	 Demand: 560
	Edge: 323 <--> 443 	 Freq: 28.0 	 Demand: 560
	Edge: 445 <--> 446 	 Freq: 28.0 	 Demand: 798
	Edge: 1290 <--> 1289 	 Freq: 28.0 	 Demand: 560
	Edge: 1345 <--> 1290 	 Freq: 28.0 	 Demand: 680
	Edge: 726 <--> 727 	 Freq: 28.0 	 Demand: 118
	Edge: 199 <--> 200 	 Freq: 28.0 	 Demand: 560
	Edge: 831 <--> 832 	 Freq: 28.0 	 Demand: 1308
	Edge: 8 <--> 1023 	 Freq: 28.0 	 Demand: 654
	Edge: 1389 <--> 1590 	 Freq: 28.0 	 Demand: 408
	Edge: 1387 <--> 1201 	 Freq: 28.0 	 Demand: 238
	Edge: 1510 <--> 1487 	 Freq: 28.0 	 Demand: 560
	Edge: 1331 <--> 1332 	 Freq: 28.0 	 Demand: 118
	Edge: 1185 <--> 1186 	 Freq: 28.0 	 Demand: 560
	Edge: 1347 <--> 1464 	 Freq: 28.0 	 Demand: 356
	Edge: 1265 <--> 1266 	 Freq: 28.0 	 Demand: 1598
	Route: 2
	Route length (27844.0) and demand (11578)
	Edge: 749 <--> 372 	 Freq: 28.0 	 Demand: 858
	Edge: 781 <--> 817 	 Freq: 28.0 	 Demand: 118
	Edge: 1065 <--> 1066 	 Freq: 28.0 	 Demand: 560
	Edge: 645 <--> 646 	 Freq: 28.0 	 Demand: 560
	Edge: 388 <--> 863 	 Freq: 28.0 	 Demand: 560
	Edge: 1013 <--> 1014 	 Freq: 28.0 	 Demand: 204
	Edge: 543 <--> 478 	 Freq: 28.0 	 Demand: 204
	Edge: 550 <--> 551 	 Freq: 28.0 	 Demand: 3578
	Edge: 756 <--> 550 	 Freq: 28.0 	 Demand: 1682
	Edge: 755 <--> 756 	 Freq: 28.0 	 Demand: 2040
	Edge: 1033 <--> 1038 	 Freq: 28.0 	 Demand: 560
	Edge: 824 <--> 838 	 Freq: 28.0 	 Demand: 654

Day 40, number of edges 0, number of routes 0

	Edges:


	Routes:


Day 41, number of edges 0, number of routes 0

	Edges:


	Routes:


Day 42, number of edges 2, number of routes 1

	Edges:

	Edge: 60 <--> 61 	 Freq: 28.0 	 Demand: 1216
	Edge: 565 <--> 566 	 Freq: 28.0 	 Demand: 1682

	Routes:

	Route: 1
	Route length (3632.0) and demand (2898)
	Edge: 60 <--> 61 	 Freq: 28.0 	 Demand: 1216
	Edge: 565 <--> 566 	 Freq: 28.0 	 Demand: 1682

Day 43, number of edges 1, number of routes 1

	Edges:

	Edge: 29 <--> 62 	 Freq: 28.0 	 Demand: 2618

	Routes:

	Route: 1
	Route length (2639.0) and demand (2618)
	Edge: 29 <--> 62 	 Freq: 28.0 	 Demand: 2618

Day 44, number of edges 2, number of routes 1

	Edges:

	Edge: 680 <--> 681 	 Freq: 28.0 	 Demand: 654
	Edge: 1168 <--> 1169 	 Freq: 28.0 	 Demand: 118

	Routes:

	Route: 1
	Route length (7242.0) and demand (772)
	Edge: 680 <--> 681 	 Freq: 28.0 	 Demand: 654
	Edge: 1168 <--> 1169 	 Freq: 28.0 	 Demand: 118

Day 45, number of edges 1, number of routes 1

	Edges:

	Edge: 662 <--> 663 	 Freq: 28.0 	 Demand: 560

	Routes:

	Route: 1
	Route length (3974.0) and demand (560)
	Edge: 662 <--> 663 	 Freq: 28.0 	 Demand: 560

Day 46, number of edges 0, number of routes 0

	Edges:


	Routes:


Day 47, number of edges 0, number of routes 0

	Edges:


	Routes:


Day 48, number of edges 0, number of routes 0

	Edges:


	Routes:


Day 49, number of edges 4, number of routes 1

	Edges:

	Edge: 643 <--> 644 	 Freq: 28.0 	 Demand: 714
	Edge: 696 <--> 697 	 Freq: 28.0 	 Demand: 340
	Edge: 535 <--> 1165 	 Freq: 28.0 	 Demand: 560
	Edge: 43 <--> 44 	 Freq: 28.0 	 Demand: 1122

	Routes:

	Route: 1
	Route length (11975.0) and demand (2736)
	Edge: 535 <--> 1165 	 Freq: 28.0 	 Demand: 560
	Edge: 643 <--> 644 	 Freq: 28.0 	 Demand: 714
	Edge: 696 <--> 697 	 Freq: 28.0 	 Demand: 340
	Edge: 43 <--> 44 	 Freq: 28.0 	 Demand: 1122

Day 50, number of edges 5, number of routes 1

	Edges:

	Edge: 1174 <--> 35 	 Freq: 28.0 	 Demand: 408
	Edge: 534 <--> 535 	 Freq: 28.0 	 Demand: 654
	Edge: 841 <--> 994 	 Freq: 28.0 	 Demand: 476
	Edge: 570 <--> 571 	 Freq: 28.0 	 Demand: 408
	Edge: 535 <--> 823 	 Freq: 28.0 	 Demand: 560

	Routes:

	Route: 1
	Route length (11520.0) and demand (2506)
	Edge: 1174 <--> 35 	 Freq: 28.0 	 Demand: 408
	Edge: 534 <--> 535 	 Freq: 28.0 	 Demand: 654
	Edge: 535 <--> 823 	 Freq: 28.0 	 Demand: 560
	Edge: 570 <--> 571 	 Freq: 28.0 	 Demand: 408
	Edge: 841 <--> 994 	 Freq: 28.0 	 Demand: 476

Day 51, number of edges 4, number of routes 1

	Edges:

	Edge: 683 <--> 684 	 Freq: 28.0 	 Demand: 654
	Edge: 826 <--> 1167 	 Freq: 28.0 	 Demand: 118
	Edge: 1167 <--> 823 	 Freq: 28.0 	 Demand: 1394
	Edge: 993 <--> 842 	 Freq: 28.0 	 Demand: 118

	Routes:

	Route: 1
	Route length (10068.0) and demand (2284)
	Edge: 1167 <--> 823 	 Freq: 28.0 	 Demand: 1394
	Edge: 826 <--> 1167 	 Freq: 28.0 	 Demand: 118
	Edge: 683 <--> 684 	 Freq: 28.0 	 Demand: 654
	Edge: 993 <--> 842 	 Freq: 28.0 	 Demand: 118

Day 52, number of edges 3, number of routes 1

	Edges:

	Edge: 494 <--> 664 	 Freq: 28.0 	 Demand: 4108
	Edge: 687 <--> 688 	 Freq: 28.0 	 Demand: 1308
	Edge: 685 <--> 686 	 Freq: 28.0 	 Demand: 2618

	Routes:

	Route: 1
	Route length (9265.0) and demand (8034)
	Edge: 494 <--> 664 	 Freq: 28.0 	 Demand: 4108
	Edge: 687 <--> 688 	 Freq: 28.0 	 Demand: 1308
	Edge: 685 <--> 686 	 Freq: 28.0 	 Demand: 2618

Day 53, number of edges 25, number of routes 3

	Edges:

	Edge: 1278 <--> 1279 	 Freq: 28.0 	 Demand: 560
	Edge: 1669 <--> 1212 	 Freq: 28.0 	 Demand: 204
	Edge: 1022 <--> 764 	 Freq: 28.0 	 Demand: 118
	Edge: 561 <--> 562 	 Freq: 28.0 	 Demand: 560
	Edge: 1280 <--> 1281 	 Freq: 28.0 	 Demand: 1682
	Edge: 825 <--> 826 	 Freq: 28.0 	 Demand: 892
	Edge: 1478 <--> 1479 	 Freq: 28.0 	 Demand: 1682
	Edge: 860 <--> 1038 	 Freq: 28.0 	 Demand: 1122
	Edge: 1472 <--> 1291 	 Freq: 28.0 	 Demand: 238
	Edge: 835 <--> 1180 	 Freq: 28.0 	 Demand: 654
	Edge: 1162 <--> 533 	 Freq: 28.0 	 Demand: 1428
	Edge: 1716 <--> 1697 	 Freq: 28.0 	 Demand: 798
	Edge: 1639 <--> 1640 	 Freq: 28.0 	 Demand: 560
	Edge: 1189 <--> 1466 	 Freq: 28.0 	 Demand: 1682
	Edge: 837 <--> 859 	 Freq: 28.0 	 Demand: 1682
	Edge: 1465 <--> 1348 	 Freq: 28.0 	 Demand: 1122
	Edge: 826 <--> 835 	 Freq: 28.0 	 Demand: 1122
	Edge: 1467 <--> 1715 	 Freq: 28.0 	 Demand: 238
	Edge: 1187 <--> 1188 	 Freq: 28.0 	 Demand: 3926
	Edge: 1473 <--> 1474 	 Freq: 28.0 	 Demand: 1326
	Edge: 1552 <--> 1344 	 Freq: 28.0 	 Demand: 4216
	Edge: 1320 <--> 1321 	 Freq: 28.0 	 Demand: 3734
	Edge: 1173 <--> 1024 	 Freq: 28.0 	 Demand: 322
	Edge: 1019 <--> 860 	 Freq: 28.0 	 Demand: 560
	Edge: 1605 <--> 1515 	 Freq: 28.0 	 Demand: 118

	Routes:

	Route: 1
	Route length (38547.0) and demand (11672)
	Edge: 1465 <--> 1348 	 Freq: 28.0 	 Demand: 1122
	Edge: 1473 <--> 1474 	 Freq: 28.0 	 Demand: 1326
	Edge: 1472 <--> 1291 	 Freq: 28.0 	 Demand: 238
	Edge: 1552 <--> 1344 	 Freq: 28.0 	 Demand: 4216
	Edge: 1716 <--> 1697 	 Freq: 28.0 	 Demand: 798
	Edge: 1467 <--> 1715 	 Freq: 28.0 	 Demand: 238
	Edge: 1320 <--> 1321 	 Freq: 28.0 	 Demand: 3734
	Route: 2
	Route length (41785.0) and demand (11842)
	Edge: 1162 <--> 533 	 Freq: 28.0 	 Demand: 1428
	Edge: 1478 <--> 1479 	 Freq: 28.0 	 Demand: 1682
	Edge: 1280 <--> 1281 	 Freq: 28.0 	 Demand: 1682
	Edge: 1278 <--> 1279 	 Freq: 28.0 	 Demand: 560
	Edge: 1669 <--> 1212 	 Freq: 28.0 	 Demand: 204
	Edge: 1189 <--> 1466 	 Freq: 28.0 	 Demand: 1682
	Edge: 1187 <--> 1188 	 Freq: 28.0 	 Demand: 3926
	Edge: 1639 <--> 1640 	 Freq: 28.0 	 Demand: 560
	Edge: 1605 <--> 1515 	 Freq: 28.0 	 Demand: 118
	Route: 3
	Route length (6640.0) and demand (7032)
	Edge: 1173 <--> 1024 	 Freq: 28.0 	 Demand: 322
	Edge: 561 <--> 562 	 Freq: 28.0 	 Demand: 560
	Edge: 837 <--> 859 	 Freq: 28.0 	 Demand: 1682
	Edge: 860 <--> 1038 	 Freq: 28.0 	 Demand: 1122
	Edge: 1019 <--> 860 	 Freq: 28.0 	 Demand: 560
	Edge: 1022 <--> 764 	 Freq: 28.0 	 Demand: 118
	Edge: 835 <--> 1180 	 Freq: 28.0 	 Demand: 654
	Edge: 826 <--> 835 	 Freq: 28.0 	 Demand: 1122
	Edge: 825 <--> 826 	 Freq: 28.0 	 Demand: 892

Day 54, number of edges 0, number of routes 0

	Edges:


	Routes:


Day 55, number of edges 0, number of routes 0

	Edges:


	Routes:


----- MARKER - SOLUTION PRINTED ABOVE -------

Printing greedy algorithm time to avoid scrolling or ctrl+f
Greedy algorithm time: 0:00:00.042267 seconds
LS time: 0:55:04.014753
Greedy algorithm score: 684657415.0
LS return score: 9290751.0
Final solution score: 9290751.0
Maximum routes among all days: 6
Minimum routes among all days: 0

Penalties count:
Overloaded route count: 0
Irregular services count: 0
Irregular spacing count: 0
