Using greedy static/fixed clusters algorithm!
Graph Data file used: SP-CARP_K9_p_graph.dat
Vehicle Data file used: SP-CARP_1-8.veh

Program starting at: 2026-08-09 02:29:29.371676
Greedy algorithm time: 2.397902 seconds
Cost of initial solution: 865889781.0
Total number of edges: 509
Number of unsatisfied edges: 367
0 edges were not serviced at all!
Running Local Search with top 50 operations according to estimation


Phase 1 mid-report:
Iteration count: 1
Last iteration time: 37.57811188697815
Average iteration time: 37.57811188697815
Current score: 648956002.0

Phase 1 ended! Current time: 2026-08-09 02:30:38.184176
Phase 1 Report:
Iteration count: 29
Last iteration time: 0.0
Average iteration time: 2.23060313586531
Current score: 296794166.0


Phase 2 (only move_services) mid-report:
Iteration count: 1
Last iteration time: 3.95312237739563
Average iteration time: 3.95312237739563
Current score: 295801195.0


Phase 2 (only move_services) ended! Current time: 2026-08-09 02:37:00.761074
Phase 2 (only move_services) Report:
Iteration count: 141
Last iteration time: 0.3281288146972656
Average iteration time: 2.6857182387764587
Current score: 159621387.0


Phase 3 (using only swap_services) mid-report:
Iteration count: 1
Last iteration time: 0.5937550067901611
Average iteration time: 0.5937550067901611
Current score: 159610394.0


Phase 3 (using only swap_services) ended! Current time: 2026-08-09 02:38:46.964198
Phase 3 (using only swap_services) Report:
Iteration count: 94
Last iteration time: 0.25000548362731934
Average iteration time: 0.6582447467966279
Current score: 158936758.0


Phase 4 (routing operators) mid-report:
Current day: 0
Iteration count: 1
Last iteration time: 3.5156219005584717
Average iteration time: 3.5156219005584717
Current score: 158928418.0


Phase 4 (routing operators) day 0 ended!
Phase 4 (routing operators) day report:
Current Iteration count: 5
Last iteration time: 0.015628337860107422
Average iteration time: 4.084375047683716
Current score: 158914465.0


Phase 4 (routing operators) day 1 ended!
Phase 4 (routing operators) day report:
Current Iteration count: 13
Last iteration time: 0.015626907348632812
Average iteration time: 2.631009762103741
Current score: 158876211.0


Phase 4 (routing operators) day 2 ended!
Phase 4 (routing operators) day report:
Current Iteration count: 18
Last iteration time: 0.015624761581420898
Average iteration time: 2.083333518770006
Current score: 158858688.0


Phase 4 (routing operators) day 3 ended!
Phase 4 (routing operators) day report:
Current Iteration count: 20
Last iteration time: 0.031248807907104492
Average iteration time: 1.9226562738418578
Current score: 158856006.0


Phase 4 (routing operators) day 4 ended!
Phase 4 (routing operators) day report:
Current Iteration count: 22
Last iteration time: 0.03125405311584473
Average iteration time: 1.7869320999492297
Current score: 158851697.0


Phase 4 (routing operators) day 7 ended!
Phase 4 (routing operators) day report:
Current Iteration count: 25
Last iteration time: 0.015629053115844727
Average iteration time: 1.613750410079956
Current score: 158851317.0


Phase 4 (routing operators) day 8 ended!
Phase 4 (routing operators) day report:
Current Iteration count: 29
Last iteration time: 0.015624046325683594
Average iteration time: 1.4224141712846428
Current score: 158844061.0


Phase 4 (routing operators) day 9 ended!
Phase 4 (routing operators) day report:
Current Iteration count: 42
Last iteration time: 0.015623331069946289
Average iteration time: 1.0186014288947698
Current score: 158699168.0


Phase 4 (routing operators) day 10 ended!
Phase 4 (routing operators) day report:
Current Iteration count: 57
Last iteration time: 0.0
Average iteration time: 0.775219524115847
Current score: 158479191.0


Phase 4 (routing operators) day 11 ended!
Phase 4 (routing operators) day report:
Current Iteration count: 71
Last iteration time: 0.015631914138793945
Average iteration time: 0.6395247922816749
Current score: 158241443.0


Phase 4 (routing operators) day 14 ended!
Phase 4 (routing operators) day report:
Current Iteration count: 82
Last iteration time: 0.015625953674316406
Average iteration time: 0.5716464461349863
Current score: 158164007.0


Phase 4 (routing operators) day 15 ended!
Phase 4 (routing operators) day report:
Current Iteration count: 97
Last iteration time: 0.0
Average iteration time: 0.49790603106783865
Current score: 157972439.0


Phase 4 (routing operators) day 16 ended!
Phase 4 (routing operators) day report:
Current Iteration count: 111
Last iteration time: 0.0
Average iteration time: 0.44735361434317944
Current score: 157829441.0


Phase 4 (routing operators) day 17 ended!
Phase 4 (routing operators) day report:
Current Iteration count: 121
Last iteration time: 0.0156252384185791
Average iteration time: 0.4180010586730706
Current score: 157771217.0


Phase 4 (routing operators) day 18 ended!
Phase 4 (routing operators) day report:
Current Iteration count: 136
Last iteration time: 0.0
Average iteration time: 0.3821231705300949
Current score: 157612690.0


Phase 4 (routing operators) day 21 ended!
Phase 4 (routing operators) day report:
Current Iteration count: 151
Last iteration time: 0.0
Average iteration time: 0.3539941737193934
Current score: 157455476.0


Phase 4 (routing operators) day 22 ended!
Phase 4 (routing operators) day report:
Current Iteration count: 166
Last iteration time: 0.0
Average iteration time: 0.3305722273975966
Current score: 157208352.0


Phase 4 (routing operators) day 23 ended!
Phase 4 (routing operators) day report:
Current Iteration count: 181
Last iteration time: 0.0
Average iteration time: 0.30999649427213694
Current score: 157022660.0


Phase 4 (routing operators) day 24 ended!
Phase 4 (routing operators) day report:
Current Iteration count: 195
Last iteration time: 0.0
Average iteration time: 0.29439090948838426
Current score: 156807513.0


Phase 4 (routing operators) day 25 ended!
Phase 4 (routing operators) day report:
Current Iteration count: 209
Last iteration time: 0.0
Average iteration time: 0.28139940289219
Current score: 156508634.0


Phase 4 (routing operators) day 28 ended!
Phase 4 (routing operators) day report:
Current Iteration count: 223
Last iteration time: 0.015624523162841797
Average iteration time: 0.26975884458943833
Current score: 156168566.0


Phase 4 (routing operators) day 29 ended!
Phase 4 (routing operators) day report:
Current Iteration count: 238
Last iteration time: 0.0
Average iteration time: 0.25768106224156184
Current score: 155826899.0


Phase 4 (routing operators) day 30 ended!
Phase 4 (routing operators) day report:
Current Iteration count: 253
Last iteration time: 0.0
Average iteration time: 0.2475912957323395
Current score: 155528793.0


Phase 4 (routing operators) day 31 ended!
Phase 4 (routing operators) day report:
Current Iteration count: 263
Last iteration time: 0.0
Average iteration time: 0.2422765271291984
Current score: 155352530.0


Phase 4 (routing operators) day 32 ended!
Phase 4 (routing operators) day report:
Current Iteration count: 272
Last iteration time: 0.0
Average iteration time: 0.23661526687004966
Current score: 155147371.0


Phase 4 (routing operators) day 35 ended!
Phase 4 (routing operators) day report:
Current Iteration count: 284
Last iteration time: 0.0
Average iteration time: 0.2312389116891671
Current score: 154903341.0


Phase 4 (routing operators) day 36 ended!
Phase 4 (routing operators) day report:
Current Iteration count: 296
Last iteration time: 0.015629053115844727
Average iteration time: 0.227512590788506
Current score: 154812730.0


Phase 4 (routing operators) day 37 ended!
Phase 4 (routing operators) day report:
Current Iteration count: 304
Last iteration time: 0.0156252384185791
Average iteration time: 0.22378693442595615
Current score: 154690957.0


Phase 4 (routing operators) day 38 ended!
Phase 4 (routing operators) day report:
Current Iteration count: 311
Last iteration time: 0.0
Average iteration time: 0.22075957653990105
Current score: 154617361.0


Phase 4 (routing operators) day 39 ended!
Phase 4 (routing operators) day report:
Current Iteration count: 325
Last iteration time: 0.0
Average iteration time: 0.21581723213195778
Current score: 154407444.0


Phase 4 (routing operators) day 42 ended!
Phase 4 (routing operators) day report:
Current Iteration count: 340
Last iteration time: 0.0
Average iteration time: 0.2091451371417324
Current score: 154186508.0


Phase 4 (routing operators) day 43 ended!
Phase 4 (routing operators) day report:
Current Iteration count: 355
Last iteration time: 0.0
Average iteration time: 0.20616188519437528
Current score: 154030537.0


Phase 4 (routing operators) day 44 ended!
Phase 4 (routing operators) day report:
Current Iteration count: 367
Last iteration time: 0.015623092651367188
Average iteration time: 0.20435959181928484
Current score: 153892836.0


Phase 4 (routing operators) day 45 ended!
Phase 4 (routing operators) day report:
Current Iteration count: 373
Last iteration time: 0.0
Average iteration time: 0.20241278489856854
Current score: 153876030.0


Phase 4 (routing operators) day 46 ended!
Phase 4 (routing operators) day report:
Current Iteration count: 383
Last iteration time: 0.015624046325683594
Average iteration time: 0.19998359742426042
Current score: 153772941.0


Phase 4 (routing operators) day 49 ended!
Phase 4 (routing operators) day report:
Current Iteration count: 390
Last iteration time: 0.0
Average iteration time: 0.19803676849756463
Current score: 153714326.0


Phase 4 (routing operators) day 50 ended!
Phase 4 (routing operators) day report:
Current Iteration count: 405
Last iteration time: 0.0
Average iteration time: 0.19363416801264244
Current score: 153505691.0


Phase 4 (routing operators) day 51 ended!
Phase 4 (routing operators) day report:
Current Iteration count: 420
Last iteration time: 0.015626907348632812
Average iteration time: 0.18954603558494915
Current score: 153135746.0


Phase 4 (routing operators) day 52 ended!
Phase 4 (routing operators) day report:
Current Iteration count: 434
Last iteration time: 0.01563119888305664
Average iteration time: 0.1864198545157084
Current score: 152833997.0


Phase 4 (routing operators) day 53 ended!
Phase 4 (routing operators) day report:
Current Iteration count: 448
Last iteration time: 0.0
Average iteration time: 0.18348903155752566
Current score: 142676469.0


Phase 4 (routing operators) ended! Current time: 2026-08-09 02:40:20.011071
Phase 4 (routing operators) Report:
Iteration count: 448
Last iteration time: 0.0
Average iteration time: 0.18348903155752566
Current score: 142676469.0


Local search report:
Iteration count: 1 iterations
Last iteration time: 646.5143854618073 seconds
Iteration average time: 646.5143854618073 seconds
Current score: 142676469.0

Solution after going through each phase once:


Day 0, number of edges 85, number of routes 4

	Edges:

	Edge: 327 <--> 585 	 Freq: 56.0 	 Demand: 560
	Edge: 1144 <--> 708 	 Freq: 56.0 	 Demand: 560
	Edge: 263 <--> 1129 	 Freq: 56.0 	 Demand: 560
	Edge: 99 <--> 928 	 Freq: 56.0 	 Demand: 560
	Edge: 590 <--> 591 	 Freq: 56.0 	 Demand: 560
	Edge: 636 <--> 635 	 Freq: 56.0 	 Demand: 560
	Edge: 608 <--> 609 	 Freq: 56.0 	 Demand: 204
	Edge: 790 <--> 1116 	 Freq: 56.0 	 Demand: 204
	Edge: 1104 <--> 943 	 Freq: 56.0 	 Demand: 204
	Edge: 549 <--> 33 	 Freq: 56.0 	 Demand: 204
	Edge: 11 <--> 604 	 Freq: 56.0 	 Demand: 560
	Edge: 499 <--> 500 	 Freq: 56.0 	 Demand: 204
	Edge: 921 <--> 335 	 Freq: 56.0 	 Demand: 204
	Edge: 944 <--> 922 	 Freq: 56.0 	 Demand: 560
	Edge: 105 <--> 106 	 Freq: 56.0 	 Demand: 204
	Edge: 104 <--> 224 	 Freq: 56.0 	 Demand: 652
	Edge: 1042 <--> 56 	 Freq: 56.0 	 Demand: 204
	Edge: 432 <--> 526 	 Freq: 56.0 	 Demand: 204
	Edge: 529 <--> 1041 	 Freq: 56.0 	 Demand: 560
	Edge: 1034 <--> 1035 	 Freq: 56.0 	 Demand: 204
	Edge: 723 <--> 724 	 Freq: 56.0 	 Demand: 320
	Edge: 674 <--> 675 	 Freq: 56.0 	 Demand: 1120
	Edge: 377 <--> 725 	 Freq: 56.0 	 Demand: 204
	Edge: 130 <--> 1036 	 Freq: 56.0 	 Demand: 204
	Edge: 547 <--> 548 	 Freq: 56.0 	 Demand: 204
	Edge: 422 <--> 423 	 Freq: 56.0 	 Demand: 204
	Edge: 1500 <--> 1501 	 Freq: 56.0 	 Demand: 408
	Edge: 1689 <--> 1690 	 Freq: 56.0 	 Demand: 204
	Edge: 1684 <--> 1685 	 Freq: 56.0 	 Demand: 764
	Edge: 1236 <--> 1237 	 Freq: 56.0 	 Demand: 408
	Edge: 1686 <--> 1687 	 Freq: 56.0 	 Demand: 560
	Edge: 1589 <--> 1654 	 Freq: 56.0 	 Demand: 408
	Edge: 1603 <--> 1656 	 Freq: 56.0 	 Demand: 204
	Edge: 1234 <--> 1242 	 Freq: 56.0 	 Demand: 204
	Edge: 1259 <--> 1678 	 Freq: 56.0 	 Demand: 408
	Edge: 1311 <--> 1312 	 Freq: 56.0 	 Demand: 612
	Edge: 1574 <--> 1576 	 Freq: 56.0 	 Demand: 408
	Edge: 1274 <--> 1275 	 Freq: 56.0 	 Demand: 408
	Edge: 1131 <--> 1133 	 Freq: 56.0 	 Demand: 204
	Edge: 1141 <--> 1140 	 Freq: 56.0 	 Demand: 204
	Edge: 793 <--> 606 	 Freq: 56.0 	 Demand: 204
	Edge: 272 <--> 85 	 Freq: 56.0 	 Demand: 116
	Edge: 436 <--> 520 	 Freq: 56.0 	 Demand: 560
	Edge: 893 <--> 909 	 Freq: 56.0 	 Demand: 560
	Edge: 891 <--> 901 	 Freq: 56.0 	 Demand: 1308
	Edge: 466 <--> 467 	 Freq: 56.0 	 Demand: 560
	Edge: 892 <--> 886 	 Freq: 56.0 	 Demand: 1308
	Edge: 1079 <--> 522 	 Freq: 56.0 	 Demand: 204
	Edge: 555 <--> 796 	 Freq: 56.0 	 Demand: 204
	Edge: 90 <--> 942 	 Freq: 56.0 	 Demand: 204
	Edge: 944 <--> 1105 	 Freq: 56.0 	 Demand: 560
	Edge: 1109 <--> 1145 	 Freq: 56.0 	 Demand: 204
	Edge: 388 <--> 863 	 Freq: 28.0 	 Demand: 560
	Edge: 645 <--> 646 	 Freq: 28.0 	 Demand: 560
	Edge: 1492 <--> 1493 	 Freq: 28.0 	 Demand: 1122
	Edge: 1545 <--> 1572 	 Freq: 28.0 	 Demand: 560
	Edge: 1331 <--> 1332 	 Freq: 28.0 	 Demand: 118
	Edge: 1200 <--> 1201 	 Freq: 28.0 	 Demand: 764
	Edge: 1505 <--> 1507 	 Freq: 28.0 	 Demand: 118
	Edge: 1510 <--> 1653 	 Freq: 28.0 	 Demand: 1020
	Edge: 1510 <--> 1487 	 Freq: 28.0 	 Demand: 560
	Edge: 1387 <--> 1201 	 Freq: 28.0 	 Demand: 238
	Edge: 1691 <--> 1495 	 Freq: 28.0 	 Demand: 968
	Edge: 1495 <--> 1692 	 Freq: 28.0 	 Demand: 118
	Edge: 1390 <--> 1677 	 Freq: 28.0 	 Demand: 560
	Edge: 1389 <--> 1590 	 Freq: 28.0 	 Demand: 408
	Edge: 188 <--> 1061 	 Freq: 28.0 	 Demand: 654
	Edge: 1051 <--> 1052 	 Freq: 28.0 	 Demand: 340
	Edge: 582 <--> 581 	 Freq: 28.0 	 Demand: 118
	Edge: 617 <--> 618 	 Freq: 28.0 	 Demand: 1122
	Edge: 1113 <--> 1114 	 Freq: 28.0 	 Demand: 408
	Edge: 619 <--> 620 	 Freq: 28.0 	 Demand: 1122
	Edge: 1088 <--> 1082 	 Freq: 28.0 	 Demand: 680
	Edge: 399 <--> 400 	 Freq: 28.0 	 Demand: 560
	Edge: 1107 <--> 976 	 Freq: 28.0 	 Demand: 118
	Edge: 978 <--> 979 	 Freq: 28.0 	 Demand: 1122
	Edge: 938 <--> 939 	 Freq: 28.0 	 Demand: 560
	Edge: 1084 <--> 468 	 Freq: 28.0 	 Demand: 560
	Edge: 586 <--> 788 	 Freq: 56.0 	 Demand: 204
	Edge: 1138 <--> 449 	 Freq: 56.0 	 Demand: 340
	Edge: 584 <--> 1142 	 Freq: 56.0 	 Demand: 204
	Edge: 450 <--> 367 	 Freq: 56.0 	 Demand: 560
	Edge: 173 <--> 174 	 Freq: 56.0 	 Demand: 408
	Edge: 1010 <--> 1012 	 Freq: 56.0 	 Demand: 204
	Edge: 1135 <--> 1134 	 Freq: 56.0 	 Demand: 204

	Routes:

	Route: 1
	Route length (86474.0) and demand (10856)
	Edge: 1135 <--> 1134 	 Freq: 56.0 	 Demand: 204
	Edge: 1138 <--> 449 	 Freq: 56.0 	 Demand: 340
	Edge: 450 <--> 367 	 Freq: 56.0 	 Demand: 560
	Edge: 584 <--> 1142 	 Freq: 56.0 	 Demand: 204
	Edge: 327 <--> 585 	 Freq: 56.0 	 Demand: 560
	Edge: 1109 <--> 1145 	 Freq: 56.0 	 Demand: 204
	Edge: 1144 <--> 708 	 Freq: 56.0 	 Demand: 560
	Edge: 586 <--> 788 	 Freq: 56.0 	 Demand: 204
	Edge: 590 <--> 591 	 Freq: 56.0 	 Demand: 560
	Edge: 99 <--> 928 	 Freq: 56.0 	 Demand: 560
	Edge: 263 <--> 1129 	 Freq: 56.0 	 Demand: 560
	Edge: 1131 <--> 1133 	 Freq: 56.0 	 Demand: 204
	Edge: 1141 <--> 1140 	 Freq: 56.0 	 Demand: 204
	Edge: 793 <--> 606 	 Freq: 56.0 	 Demand: 204
	Edge: 188 <--> 1061 	 Freq: 28.0 	 Demand: 654
	Edge: 1051 <--> 1052 	 Freq: 28.0 	 Demand: 340
	Edge: 582 <--> 581 	 Freq: 28.0 	 Demand: 118
	Edge: 272 <--> 85 	 Freq: 56.0 	 Demand: 116
	Edge: 891 <--> 901 	 Freq: 56.0 	 Demand: 1308
	Edge: 436 <--> 520 	 Freq: 56.0 	 Demand: 560
	Edge: 893 <--> 909 	 Freq: 56.0 	 Demand: 560
	Edge: 466 <--> 467 	 Freq: 56.0 	 Demand: 560
	Edge: 892 <--> 886 	 Freq: 56.0 	 Demand: 1308
	Edge: 1079 <--> 522 	 Freq: 56.0 	 Demand: 204
	Route: 2
	Route length (69515.0) and demand (10124)
	Edge: 944 <--> 922 	 Freq: 56.0 	 Demand: 560
	Edge: 944 <--> 1105 	 Freq: 56.0 	 Demand: 560
	Edge: 90 <--> 942 	 Freq: 56.0 	 Demand: 204
	Edge: 555 <--> 796 	 Freq: 56.0 	 Demand: 204
	Edge: 921 <--> 335 	 Freq: 56.0 	 Demand: 204
	Edge: 1084 <--> 468 	 Freq: 28.0 	 Demand: 560
	Edge: 938 <--> 939 	 Freq: 28.0 	 Demand: 560
	Edge: 978 <--> 979 	 Freq: 28.0 	 Demand: 1122
	Edge: 1107 <--> 976 	 Freq: 28.0 	 Demand: 118
	Edge: 399 <--> 400 	 Freq: 28.0 	 Demand: 560
	Edge: 1088 <--> 1082 	 Freq: 28.0 	 Demand: 680
	Edge: 619 <--> 620 	 Freq: 28.0 	 Demand: 1122
	Edge: 1113 <--> 1114 	 Freq: 28.0 	 Demand: 408
	Edge: 617 <--> 618 	 Freq: 28.0 	 Demand: 1122
	Edge: 636 <--> 635 	 Freq: 56.0 	 Demand: 560
	Edge: 608 <--> 609 	 Freq: 56.0 	 Demand: 204
	Edge: 790 <--> 1116 	 Freq: 56.0 	 Demand: 204
	Edge: 1104 <--> 943 	 Freq: 56.0 	 Demand: 204
	Edge: 549 <--> 33 	 Freq: 56.0 	 Demand: 204
	Edge: 11 <--> 604 	 Freq: 56.0 	 Demand: 560
	Edge: 499 <--> 500 	 Freq: 56.0 	 Demand: 204
	Route: 3
	Route length (72397.0) and demand (11550)
	Edge: 1492 <--> 1493 	 Freq: 28.0 	 Demand: 1122
	Edge: 1545 <--> 1572 	 Freq: 28.0 	 Demand: 560
	Edge: 1500 <--> 1501 	 Freq: 56.0 	 Demand: 408
	Edge: 1331 <--> 1332 	 Freq: 28.0 	 Demand: 118
	Edge: 1200 <--> 1201 	 Freq: 28.0 	 Demand: 764
	Edge: 1387 <--> 1201 	 Freq: 28.0 	 Demand: 238
	Edge: 1510 <--> 1653 	 Freq: 28.0 	 Demand: 1020
	Edge: 1510 <--> 1487 	 Freq: 28.0 	 Demand: 560
	Edge: 1505 <--> 1507 	 Freq: 28.0 	 Demand: 118
	Edge: 1495 <--> 1692 	 Freq: 28.0 	 Demand: 118
	Edge: 1691 <--> 1495 	 Freq: 28.0 	 Demand: 968
	Edge: 1684 <--> 1685 	 Freq: 56.0 	 Demand: 764
	Edge: 1236 <--> 1237 	 Freq: 56.0 	 Demand: 408
	Edge: 1689 <--> 1690 	 Freq: 56.0 	 Demand: 204
	Edge: 1390 <--> 1677 	 Freq: 28.0 	 Demand: 560
	Edge: 1686 <--> 1687 	 Freq: 56.0 	 Demand: 560
	Edge: 1589 <--> 1654 	 Freq: 56.0 	 Demand: 408
	Edge: 1603 <--> 1656 	 Freq: 56.0 	 Demand: 204
	Edge: 1389 <--> 1590 	 Freq: 28.0 	 Demand: 408
	Edge: 1234 <--> 1242 	 Freq: 56.0 	 Demand: 204
	Edge: 1259 <--> 1678 	 Freq: 56.0 	 Demand: 408
	Edge: 1311 <--> 1312 	 Freq: 56.0 	 Demand: 612
	Edge: 1574 <--> 1576 	 Freq: 56.0 	 Demand: 408
	Edge: 1274 <--> 1275 	 Freq: 56.0 	 Demand: 408
	Route: 4
	Route length (72773.0) and demand (6016)
	Edge: 104 <--> 224 	 Freq: 56.0 	 Demand: 652
	Edge: 105 <--> 106 	 Freq: 56.0 	 Demand: 204
	Edge: 1042 <--> 56 	 Freq: 56.0 	 Demand: 204
	Edge: 432 <--> 526 	 Freq: 56.0 	 Demand: 204
	Edge: 529 <--> 1041 	 Freq: 56.0 	 Demand: 560
	Edge: 173 <--> 174 	 Freq: 56.0 	 Demand: 408
	Edge: 1010 <--> 1012 	 Freq: 56.0 	 Demand: 204
	Edge: 1034 <--> 1035 	 Freq: 56.0 	 Demand: 204
	Edge: 723 <--> 724 	 Freq: 56.0 	 Demand: 320
	Edge: 674 <--> 675 	 Freq: 56.0 	 Demand: 1120
	Edge: 377 <--> 725 	 Freq: 56.0 	 Demand: 204
	Edge: 130 <--> 1036 	 Freq: 56.0 	 Demand: 204
	Edge: 547 <--> 548 	 Freq: 56.0 	 Demand: 204
	Edge: 422 <--> 423 	 Freq: 56.0 	 Demand: 204
	Edge: 645 <--> 646 	 Freq: 28.0 	 Demand: 560
	Edge: 388 <--> 863 	 Freq: 28.0 	 Demand: 560

Day 1, number of edges 58, number of routes 4

	Edges:

	Edge: 1521 <--> 1522 	 Freq: 56.0 	 Demand: 408
	Edge: 1524 <--> 1525 	 Freq: 56.0 	 Demand: 1120
	Edge: 1296 <--> 1297 	 Freq: 56.0 	 Demand: 408
	Edge: 1648 <--> 1649 	 Freq: 56.0 	 Demand: 408
	Edge: 1192 <--> 1193 	 Freq: 56.0 	 Demand: 408
	Edge: 1513 <--> 1514 	 Freq: 56.0 	 Demand: 204
	Edge: 1658 <--> 1659 	 Freq: 56.0 	 Demand: 116
	Edge: 1731 <--> 1504 	 Freq: 56.0 	 Demand: 816
	Edge: 1699 <--> 1700 	 Freq: 56.0 	 Demand: 560
	Edge: 1406 <--> 1407 	 Freq: 56.0 	 Demand: 408
	Edge: 1373 <--> 1374 	 Freq: 56.0 	 Demand: 560
	Edge: 1587 <--> 1588 	 Freq: 56.0 	 Demand: 560
	Edge: 1586 <--> 1428 	 Freq: 56.0 	 Demand: 408
	Edge: 1491 <--> 1555 	 Freq: 56.0 	 Demand: 408
	Edge: 1397 <--> 1368 	 Freq: 56.0 	 Demand: 204
	Edge: 1409 <--> 1372 	 Freq: 56.0 	 Demand: 560
	Edge: 1665 <--> 1680 	 Freq: 56.0 	 Demand: 560
	Edge: 191 <--> 940 	 Freq: 56.0 	 Demand: 340
	Edge: 672 <--> 673 	 Freq: 56.0 	 Demand: 560
	Edge: 946 <--> 1043 	 Freq: 56.0 	 Demand: 560
	Edge: 413 <--> 722 	 Freq: 56.0 	 Demand: 560
	Edge: 1067 <--> 1055 	 Freq: 56.0 	 Demand: 204
	Edge: 1068 <--> 1072 	 Freq: 56.0 	 Demand: 560
	Edge: 915 <--> 1071 	 Freq: 56.0 	 Demand: 652
	Edge: 332 <--> 356 	 Freq: 56.0 	 Demand: 560
	Edge: 1163 <--> 1164 	 Freq: 56.0 	 Demand: 204
	Edge: 395 <--> 497 	 Freq: 56.0 	 Demand: 560
	Edge: 1698 <--> 1710 	 Freq: 28.0 	 Demand: 204
	Edge: 1681 <--> 1693 	 Freq: 28.0 	 Demand: 1122
	Edge: 1663 <--> 1664 	 Freq: 28.0 	 Demand: 3926
	Edge: 1662 <--> 1663 	 Freq: 28.0 	 Demand: 1122
	Edge: 1600 <--> 1395 	 Freq: 28.0 	 Demand: 204
	Edge: 1220 <--> 1221 	 Freq: 28.0 	 Demand: 1122
	Edge: 1222 <--> 1223 	 Freq: 28.0 	 Demand: 560
	Edge: 1426 <--> 1425 	 Freq: 28.0 	 Demand: 118
	Edge: 1550 <--> 1551 	 Freq: 28.0 	 Demand: 1122
	Edge: 1456 <--> 1448 	 Freq: 28.0 	 Demand: 1122
	Edge: 1564 <--> 1227 	 Freq: 28.0 	 Demand: 1326
	Edge: 1608 <--> 1609 	 Freq: 28.0 	 Demand: 118
	Edge: 1230 <--> 1231 	 Freq: 28.0 	 Demand: 560
	Edge: 1727 <--> 1728 	 Freq: 28.0 	 Demand: 654
	Edge: 1650 <--> 1511 	 Freq: 28.0 	 Demand: 560
	Edge: 1400 <--> 1401 	 Freq: 28.0 	 Demand: 560
	Edge: 592 <--> 593 	 Freq: 28.0 	 Demand: 560
	Edge: 196 <--> 615 	 Freq: 28.0 	 Demand: 560
	Edge: 111 <--> 112 	 Freq: 28.0 	 Demand: 2244
	Edge: 304 <--> 305 	 Freq: 28.0 	 Demand: 560
	Edge: 1325 <--> 1326 	 Freq: 28.0 	 Demand: 204
	Edge: 1324 <--> 1325 	 Freq: 28.0 	 Demand: 2244
	Edge: 1289 <--> 1268 	 Freq: 28.0 	 Demand: 118
	Edge: 379 <--> 600 	 Freq: 56.0 	 Demand: 560
	Edge: 394 <--> 599 	 Freq: 56.0 	 Demand: 560
	Edge: 398 <--> 797 	 Freq: 56.0 	 Demand: 204
	Edge: 719 <--> 1143 	 Freq: 56.0 	 Demand: 204
	Edge: 244 <--> 241 	 Freq: 56.0 	 Demand: 204
	Edge: 537 <--> 546 	 Freq: 56.0 	 Demand: 340
	Edge: 244 <--> 245 	 Freq: 56.0 	 Demand: 408
	Edge: 243 <--> 1126 	 Freq: 56.0 	 Demand: 1120

	Routes:

	Route: 1
	Route length (76288.0) and demand (10988)
	Edge: 1521 <--> 1522 	 Freq: 56.0 	 Demand: 408
	Edge: 1524 <--> 1525 	 Freq: 56.0 	 Demand: 1120
	Edge: 1296 <--> 1297 	 Freq: 56.0 	 Demand: 408
	Edge: 1648 <--> 1649 	 Freq: 56.0 	 Demand: 408
	Edge: 1192 <--> 1193 	 Freq: 56.0 	 Demand: 408
	Edge: 1513 <--> 1514 	 Freq: 56.0 	 Demand: 204
	Edge: 1731 <--> 1504 	 Freq: 56.0 	 Demand: 816
	Edge: 1658 <--> 1659 	 Freq: 56.0 	 Demand: 116
	Edge: 1699 <--> 1700 	 Freq: 56.0 	 Demand: 560
	Edge: 1698 <--> 1710 	 Freq: 28.0 	 Demand: 204
	Edge: 1681 <--> 1693 	 Freq: 28.0 	 Demand: 1122
	Edge: 1409 <--> 1372 	 Freq: 56.0 	 Demand: 560
	Edge: 1406 <--> 1407 	 Freq: 56.0 	 Demand: 408
	Edge: 1373 <--> 1374 	 Freq: 56.0 	 Demand: 560
	Edge: 1587 <--> 1588 	 Freq: 56.0 	 Demand: 560
	Edge: 1289 <--> 1268 	 Freq: 28.0 	 Demand: 118
	Edge: 1325 <--> 1326 	 Freq: 28.0 	 Demand: 204
	Edge: 1324 <--> 1325 	 Freq: 28.0 	 Demand: 2244
	Edge: 379 <--> 600 	 Freq: 56.0 	 Demand: 560
	Route: 2
	Route length (39357.0) and demand (5252)
	Edge: 1163 <--> 1164 	 Freq: 56.0 	 Demand: 204
	Edge: 1662 <--> 1663 	 Freq: 28.0 	 Demand: 1122
	Edge: 1663 <--> 1664 	 Freq: 28.0 	 Demand: 3926
	Route: 3
	Route length (72371.0) and demand (11066)
	Edge: 537 <--> 546 	 Freq: 56.0 	 Demand: 340
	Edge: 395 <--> 497 	 Freq: 56.0 	 Demand: 560
	Edge: 394 <--> 599 	 Freq: 56.0 	 Demand: 560
	Edge: 1665 <--> 1680 	 Freq: 56.0 	 Demand: 560
	Edge: 1586 <--> 1428 	 Freq: 56.0 	 Demand: 408
	Edge: 1491 <--> 1555 	 Freq: 56.0 	 Demand: 408
	Edge: 1397 <--> 1368 	 Freq: 56.0 	 Demand: 204
	Edge: 1600 <--> 1395 	 Freq: 28.0 	 Demand: 204
	Edge: 1220 <--> 1221 	 Freq: 28.0 	 Demand: 1122
	Edge: 1222 <--> 1223 	 Freq: 28.0 	 Demand: 560
	Edge: 1426 <--> 1425 	 Freq: 28.0 	 Demand: 118
	Edge: 1456 <--> 1448 	 Freq: 28.0 	 Demand: 1122
	Edge: 1550 <--> 1551 	 Freq: 28.0 	 Demand: 1122
	Edge: 1564 <--> 1227 	 Freq: 28.0 	 Demand: 1326
	Edge: 1608 <--> 1609 	 Freq: 28.0 	 Demand: 118
	Edge: 1230 <--> 1231 	 Freq: 28.0 	 Demand: 560
	Edge: 1650 <--> 1511 	 Freq: 28.0 	 Demand: 560
	Edge: 1727 <--> 1728 	 Freq: 28.0 	 Demand: 654
	Edge: 1400 <--> 1401 	 Freq: 28.0 	 Demand: 560
	Route: 4
	Route length (50298.0) and demand (10060)
	Edge: 413 <--> 722 	 Freq: 56.0 	 Demand: 560
	Edge: 946 <--> 1043 	 Freq: 56.0 	 Demand: 560
	Edge: 672 <--> 673 	 Freq: 56.0 	 Demand: 560
	Edge: 191 <--> 940 	 Freq: 56.0 	 Demand: 340
	Edge: 196 <--> 615 	 Freq: 28.0 	 Demand: 560
	Edge: 592 <--> 593 	 Freq: 28.0 	 Demand: 560
	Edge: 398 <--> 797 	 Freq: 56.0 	 Demand: 204
	Edge: 243 <--> 1126 	 Freq: 56.0 	 Demand: 1120
	Edge: 244 <--> 245 	 Freq: 56.0 	 Demand: 408
	Edge: 244 <--> 241 	 Freq: 56.0 	 Demand: 204
	Edge: 719 <--> 1143 	 Freq: 56.0 	 Demand: 204
	Edge: 1068 <--> 1072 	 Freq: 56.0 	 Demand: 560
	Edge: 1067 <--> 1055 	 Freq: 56.0 	 Demand: 204
	Edge: 915 <--> 1071 	 Freq: 56.0 	 Demand: 652
	Edge: 332 <--> 356 	 Freq: 56.0 	 Demand: 560
	Edge: 304 <--> 305 	 Freq: 28.0 	 Demand: 560
	Edge: 111 <--> 112 	 Freq: 28.0 	 Demand: 2244

Day 2, number of edges 43, number of routes 3

	Edges:

	Edge: 444 <--> 1128 	 Freq: 56.0 	 Demand: 204
	Edge: 225 <--> 226 	 Freq: 56.0 	 Demand: 204
	Edge: 1621 <--> 1646 	 Freq: 56.0 	 Demand: 408
	Edge: 1526 <--> 1527 	 Freq: 56.0 	 Demand: 408
	Edge: 1436 <--> 1411 	 Freq: 56.0 	 Demand: 560
	Edge: 1198 <--> 1199 	 Freq: 56.0 	 Demand: 236
	Edge: 455 <--> 456 	 Freq: 56.0 	 Demand: 560
	Edge: 456 <--> 457 	 Freq: 56.0 	 Demand: 560
	Edge: 910 <--> 1075 	 Freq: 56.0 	 Demand: 652
	Edge: 523 <--> 524 	 Freq: 56.0 	 Demand: 160
	Edge: 331 <--> 248 	 Freq: 56.0 	 Demand: 204
	Edge: 447 <--> 448 	 Freq: 56.0 	 Demand: 204
	Edge: 307 <--> 311 	 Freq: 28.0 	 Demand: 560
	Edge: 306 <--> 308 	 Freq: 28.0 	 Demand: 238
	Edge: 308 <--> 309 	 Freq: 28.0 	 Demand: 2244
	Edge: 701 <--> 702 	 Freq: 28.0 	 Demand: 1122
	Edge: 1168 <--> 1169 	 Freq: 28.0 	 Demand: 118
	Edge: 680 <--> 681 	 Freq: 28.0 	 Demand: 654
	Edge: 993 <--> 842 	 Freq: 28.0 	 Demand: 118
	Edge: 1280 <--> 1281 	 Freq: 28.0 	 Demand: 1682
	Edge: 1243 <--> 1244 	 Freq: 28.0 	 Demand: 560
	Edge: 717 <--> 595 	 Freq: 28.0 	 Demand: 764
	Edge: 437 <--> 438 	 Freq: 28.0 	 Demand: 1122
	Edge: 572 <--> 573 	 Freq: 28.0 	 Demand: 654
	Edge: 464 <--> 465 	 Freq: 28.0 	 Demand: 560
	Edge: 953 <--> 954 	 Freq: 28.0 	 Demand: 1122
	Edge: 156 <--> 157 	 Freq: 28.0 	 Demand: 476
	Edge: 219 <--> 220 	 Freq: 28.0 	 Demand: 560
	Edge: 320 <--> 321 	 Freq: 28.0 	 Demand: 560
	Edge: 220 <--> 320 	 Freq: 28.0 	 Demand: 560
	Edge: 313 <--> 219 	 Freq: 28.0 	 Demand: 340
	Edge: 1159 <--> 970 	 Freq: 28.0 	 Demand: 118
	Edge: 1047 <--> 739 	 Freq: 28.0 	 Demand: 1122
	Edge: 1139 <--> 1046 	 Freq: 28.0 	 Demand: 118
	Edge: 55 <--> 1139 	 Freq: 28.0 	 Demand: 748
	Edge: 376 <--> 751 	 Freq: 28.0 	 Demand: 3086
	Edge: 339 <--> 340 	 Freq: 28.0 	 Demand: 560
	Edge: 828 <--> 830 	 Freq: 28.0 	 Demand: 560
	Edge: 734 <--> 735 	 Freq: 28.0 	 Demand: 2244
	Edge: 53 <--> 1045 	 Freq: 28.0 	 Demand: 118
	Edge: 54 <--> 55 	 Freq: 28.0 	 Demand: 118
	Edge: 1478 <--> 1479 	 Freq: 28.0 	 Demand: 1682
	Edge: 351 <--> 390 	 Freq: 56.0 	 Demand: 560

	Routes:

	Route: 1
	Route length (74037.0) and demand (11128)
	Edge: 910 <--> 1075 	 Freq: 56.0 	 Demand: 652
	Edge: 523 <--> 524 	 Freq: 56.0 	 Demand: 160
	Edge: 464 <--> 465 	 Freq: 28.0 	 Demand: 560
	Edge: 572 <--> 573 	 Freq: 28.0 	 Demand: 654
	Edge: 437 <--> 438 	 Freq: 28.0 	 Demand: 1122
	Edge: 717 <--> 595 	 Freq: 28.0 	 Demand: 764
	Edge: 456 <--> 457 	 Freq: 56.0 	 Demand: 560
	Edge: 455 <--> 456 	 Freq: 56.0 	 Demand: 560
	Edge: 351 <--> 390 	 Freq: 56.0 	 Demand: 560
	Edge: 1198 <--> 1199 	 Freq: 56.0 	 Demand: 236
	Edge: 1436 <--> 1411 	 Freq: 56.0 	 Demand: 560
	Edge: 1526 <--> 1527 	 Freq: 56.0 	 Demand: 408
	Edge: 1621 <--> 1646 	 Freq: 56.0 	 Demand: 408
	Edge: 1243 <--> 1244 	 Freq: 28.0 	 Demand: 560
	Edge: 1280 <--> 1281 	 Freq: 28.0 	 Demand: 1682
	Edge: 1478 <--> 1479 	 Freq: 28.0 	 Demand: 1682
	Route: 2
	Route length (7331.0) and demand (8792)
	Edge: 1159 <--> 970 	 Freq: 28.0 	 Demand: 118
	Edge: 1047 <--> 739 	 Freq: 28.0 	 Demand: 1122
	Edge: 1139 <--> 1046 	 Freq: 28.0 	 Demand: 118
	Edge: 55 <--> 1139 	 Freq: 28.0 	 Demand: 748
	Edge: 376 <--> 751 	 Freq: 28.0 	 Demand: 3086
	Edge: 339 <--> 340 	 Freq: 28.0 	 Demand: 560
	Edge: 828 <--> 830 	 Freq: 28.0 	 Demand: 560
	Edge: 734 <--> 735 	 Freq: 28.0 	 Demand: 2244
	Edge: 53 <--> 1045 	 Freq: 28.0 	 Demand: 118
	Edge: 54 <--> 55 	 Freq: 28.0 	 Demand: 118
	Route: 3
	Route length (27771.0) and demand (9488)
	Edge: 225 <--> 226 	 Freq: 56.0 	 Demand: 204
	Edge: 701 <--> 702 	 Freq: 28.0 	 Demand: 1122
	Edge: 306 <--> 308 	 Freq: 28.0 	 Demand: 238
	Edge: 307 <--> 311 	 Freq: 28.0 	 Demand: 560
	Edge: 444 <--> 1128 	 Freq: 56.0 	 Demand: 204
	Edge: 308 <--> 309 	 Freq: 28.0 	 Demand: 2244
	Edge: 156 <--> 157 	 Freq: 28.0 	 Demand: 476
	Edge: 953 <--> 954 	 Freq: 28.0 	 Demand: 1122
	Edge: 219 <--> 220 	 Freq: 28.0 	 Demand: 560
	Edge: 220 <--> 320 	 Freq: 28.0 	 Demand: 560
	Edge: 320 <--> 321 	 Freq: 28.0 	 Demand: 560
	Edge: 313 <--> 219 	 Freq: 28.0 	 Demand: 340
	Edge: 331 <--> 248 	 Freq: 56.0 	 Demand: 204
	Edge: 447 <--> 448 	 Freq: 56.0 	 Demand: 204
	Edge: 680 <--> 681 	 Freq: 28.0 	 Demand: 654
	Edge: 1168 <--> 1169 	 Freq: 28.0 	 Demand: 118
	Edge: 993 <--> 842 	 Freq: 28.0 	 Demand: 118

Day 3, number of edges 47, number of routes 4

	Edges:

	Edge: 1605 <--> 1515 	 Freq: 28.0 	 Demand: 118
	Edge: 1733 <--> 1351 	 Freq: 28.0 	 Demand: 1122
	Edge: 1724 <--> 1725 	 Freq: 28.0 	 Demand: 1682
	Edge: 1547 <--> 1734 	 Freq: 28.0 	 Demand: 118
	Edge: 1729 <--> 1730 	 Freq: 28.0 	 Demand: 560
	Edge: 1327 <--> 1560 	 Freq: 28.0 	 Demand: 118
	Edge: 1252 <--> 1253 	 Freq: 28.0 	 Demand: 3366
	Edge: 1376 <--> 1719 	 Freq: 28.0 	 Demand: 2244
	Edge: 1249 <--> 1666 	 Freq: 28.0 	 Demand: 118
	Edge: 1254 <--> 1255 	 Freq: 28.0 	 Demand: 204
	Edge: 1240 <--> 1241 	 Freq: 28.0 	 Demand: 764
	Edge: 1709 <--> 1721 	 Freq: 28.0 	 Demand: 356
	Edge: 1288 <--> 1383 	 Freq: 28.0 	 Demand: 408
	Edge: 1720 <--> 1287 	 Freq: 28.0 	 Demand: 764
	Edge: 837 <--> 859 	 Freq: 28.0 	 Demand: 1682
	Edge: 561 <--> 562 	 Freq: 28.0 	 Demand: 560
	Edge: 836 <--> 837 	 Freq: 28.0 	 Demand: 2244
	Edge: 835 <--> 836 	 Freq: 28.0 	 Demand: 322
	Edge: 835 <--> 1180 	 Freq: 28.0 	 Demand: 654
	Edge: 1652 <--> 1423 	 Freq: 28.0 	 Demand: 204
	Edge: 1238 <--> 1239 	 Freq: 28.0 	 Demand: 1122
	Edge: 1424 <--> 1722 	 Freq: 28.0 	 Demand: 204
	Edge: 1530 <--> 1305 	 Freq: 28.0 	 Demand: 560
	Edge: 1185 <--> 1186 	 Freq: 28.0 	 Demand: 560
	Edge: 1347 <--> 1464 	 Freq: 28.0 	 Demand: 356
	Edge: 1346 <--> 1347 	 Freq: 28.0 	 Demand: 118
	Edge: 1661 <--> 1346 	 Freq: 28.0 	 Demand: 1530
	Edge: 1472 <--> 1660 	 Freq: 28.0 	 Demand: 1122
	Edge: 1474 <--> 1475 	 Freq: 28.0 	 Demand: 2244
	Edge: 1473 <--> 1474 	 Freq: 28.0 	 Demand: 1326
	Edge: 1183 <--> 1184 	 Freq: 28.0 	 Demand: 1598
	Edge: 1216 <--> 1217 	 Freq: 28.0 	 Demand: 560
	Edge: 259 <--> 360 	 Freq: 28.0 	 Demand: 118
	Edge: 960 <--> 961 	 Freq: 28.0 	 Demand: 1122
	Edge: 961 <--> 962 	 Freq: 28.0 	 Demand: 1122
	Edge: 1146 <--> 1147 	 Freq: 28.0 	 Demand: 1682
	Edge: 145 <--> 286 	 Freq: 28.0 	 Demand: 3696
	Edge: 257 <--> 598 	 Freq: 28.0 	 Demand: 560
	Edge: 254 <--> 5 	 Freq: 28.0 	 Demand: 204
	Edge: 955 <--> 253 	 Freq: 28.0 	 Demand: 1122
	Edge: 310 <--> 136 	 Freq: 28.0 	 Demand: 1462
	Edge: 470 <--> 250 	 Freq: 28.0 	 Demand: 204
	Edge: 155 <--> 1127 	 Freq: 28.0 	 Demand: 408
	Edge: 1552 <--> 1363 	 Freq: 28.0 	 Demand: 1036
	Edge: 1363 <--> 1348 	 Freq: 28.0 	 Demand: 560
	Edge: 1348 <--> 1290 	 Freq: 28.0 	 Demand: 1444
	Edge: 1465 <--> 1348 	 Freq: 28.0 	 Demand: 1122

	Routes:

	Route: 1
	Route length (19278.0) and demand (11700)
	Edge: 259 <--> 360 	 Freq: 28.0 	 Demand: 118
	Edge: 961 <--> 962 	 Freq: 28.0 	 Demand: 1122
	Edge: 960 <--> 961 	 Freq: 28.0 	 Demand: 1122
	Edge: 1146 <--> 1147 	 Freq: 28.0 	 Demand: 1682
	Edge: 145 <--> 286 	 Freq: 28.0 	 Demand: 3696
	Edge: 257 <--> 598 	 Freq: 28.0 	 Demand: 560
	Edge: 254 <--> 5 	 Freq: 28.0 	 Demand: 204
	Edge: 310 <--> 136 	 Freq: 28.0 	 Demand: 1462
	Edge: 955 <--> 253 	 Freq: 28.0 	 Demand: 1122
	Edge: 470 <--> 250 	 Freq: 28.0 	 Demand: 204
	Edge: 155 <--> 1127 	 Freq: 28.0 	 Demand: 408
	Route: 2
	Route length (40350.0) and demand (9148)
	Edge: 1348 <--> 1290 	 Freq: 28.0 	 Demand: 1444
	Edge: 1465 <--> 1348 	 Freq: 28.0 	 Demand: 1122
	Edge: 1363 <--> 1348 	 Freq: 28.0 	 Demand: 560
	Edge: 1216 <--> 1217 	 Freq: 28.0 	 Demand: 560
	Edge: 835 <--> 1180 	 Freq: 28.0 	 Demand: 654
	Edge: 835 <--> 836 	 Freq: 28.0 	 Demand: 322
	Edge: 836 <--> 837 	 Freq: 28.0 	 Demand: 2244
	Edge: 561 <--> 562 	 Freq: 28.0 	 Demand: 560
	Edge: 837 <--> 859 	 Freq: 28.0 	 Demand: 1682
	Route: 3
	Route length (40127.0) and demand (11980)
	Edge: 1552 <--> 1363 	 Freq: 28.0 	 Demand: 1036
	Edge: 1183 <--> 1184 	 Freq: 28.0 	 Demand: 1598
	Edge: 1474 <--> 1475 	 Freq: 28.0 	 Demand: 2244
	Edge: 1473 <--> 1474 	 Freq: 28.0 	 Demand: 1326
	Edge: 1472 <--> 1660 	 Freq: 28.0 	 Demand: 1122
	Edge: 1661 <--> 1346 	 Freq: 28.0 	 Demand: 1530
	Edge: 1346 <--> 1347 	 Freq: 28.0 	 Demand: 118
	Edge: 1347 <--> 1464 	 Freq: 28.0 	 Demand: 356
	Edge: 1185 <--> 1186 	 Freq: 28.0 	 Demand: 560
	Edge: 1530 <--> 1305 	 Freq: 28.0 	 Demand: 560
	Edge: 1424 <--> 1722 	 Freq: 28.0 	 Demand: 204
	Edge: 1238 <--> 1239 	 Freq: 28.0 	 Demand: 1122
	Edge: 1652 <--> 1423 	 Freq: 28.0 	 Demand: 204
	Route: 4
	Route length (45724.0) and demand (11942)
	Edge: 1605 <--> 1515 	 Freq: 28.0 	 Demand: 118
	Edge: 1733 <--> 1351 	 Freq: 28.0 	 Demand: 1122
	Edge: 1724 <--> 1725 	 Freq: 28.0 	 Demand: 1682
	Edge: 1547 <--> 1734 	 Freq: 28.0 	 Demand: 118
	Edge: 1729 <--> 1730 	 Freq: 28.0 	 Demand: 560
	Edge: 1327 <--> 1560 	 Freq: 28.0 	 Demand: 118
	Edge: 1252 <--> 1253 	 Freq: 28.0 	 Demand: 3366
	Edge: 1249 <--> 1666 	 Freq: 28.0 	 Demand: 118
	Edge: 1376 <--> 1719 	 Freq: 28.0 	 Demand: 2244
	Edge: 1254 <--> 1255 	 Freq: 28.0 	 Demand: 204
	Edge: 1240 <--> 1241 	 Freq: 28.0 	 Demand: 764
	Edge: 1709 <--> 1721 	 Freq: 28.0 	 Demand: 356
	Edge: 1288 <--> 1383 	 Freq: 28.0 	 Demand: 408
	Edge: 1720 <--> 1287 	 Freq: 28.0 	 Demand: 764

Day 4, number of edges 51, number of routes 5

	Edges:

	Edge: 407 <--> 1080 	 Freq: 56.0 	 Demand: 204
	Edge: 334 <--> 406 	 Freq: 56.0 	 Demand: 560
	Edge: 536 <--> 738 	 Freq: 28.0 	 Demand: 1308
	Edge: 1153 <--> 1154 	 Freq: 28.0 	 Demand: 1308
	Edge: 834 <--> 1015 	 Freq: 28.0 	 Demand: 1308
	Edge: 1157 <--> 659 	 Freq: 28.0 	 Demand: 204
	Edge: 1155 <--> 1151 	 Freq: 28.0 	 Demand: 612
	Edge: 1151 <--> 1001 	 Freq: 28.0 	 Demand: 560
	Edge: 656 <--> 748 	 Freq: 28.0 	 Demand: 2430
	Edge: 747 <--> 482 	 Freq: 28.0 	 Demand: 1122
	Edge: 482 <--> 483 	 Freq: 28.0 	 Demand: 1870
	Edge: 1023 <--> 1022 	 Freq: 28.0 	 Demand: 408
	Edge: 839 <--> 1018 	 Freq: 28.0 	 Demand: 118
	Edge: 756 <--> 550 	 Freq: 28.0 	 Demand: 1682
	Edge: 557 <--> 558 	 Freq: 28.0 	 Demand: 118
	Edge: 864 <--> 865 	 Freq: 28.0 	 Demand: 2804
	Edge: 767 <--> 1175 	 Freq: 28.0 	 Demand: 1682
	Edge: 485 <--> 486 	 Freq: 28.0 	 Demand: 1682
	Edge: 21 <--> 22 	 Freq: 28.0 	 Demand: 654
	Edge: 766 <--> 484 	 Freq: 28.0 	 Demand: 1122
	Edge: 769 <--> 770 	 Freq: 28.0 	 Demand: 1122
	Edge: 752 <--> 1171 	 Freq: 28.0 	 Demand: 764
	Edge: 765 <--> 559 	 Freq: 28.0 	 Demand: 118
	Edge: 559 <--> 560 	 Freq: 28.0 	 Demand: 118
	Edge: 824 <--> 838 	 Freq: 28.0 	 Demand: 654
	Edge: 859 <--> 1018 	 Freq: 28.0 	 Demand: 1954
	Edge: 1019 <--> 860 	 Freq: 28.0 	 Demand: 560
	Edge: 754 <--> 755 	 Freq: 28.0 	 Demand: 2210
	Edge: 1159 <--> 991 	 Freq: 28.0 	 Demand: 2066
	Edge: 1038 <--> 1159 	 Freq: 28.0 	 Demand: 1002
	Edge: 1033 <--> 1038 	 Freq: 28.0 	 Demand: 560
	Edge: 1025 <--> 1033 	 Freq: 28.0 	 Demand: 654
	Edge: 749 <--> 372 	 Freq: 28.0 	 Demand: 858
	Edge: 727 <--> 728 	 Freq: 28.0 	 Demand: 340
	Edge: 726 <--> 727 	 Freq: 28.0 	 Demand: 118
	Edge: 1076 <--> 1077 	 Freq: 28.0 	 Demand: 1682
	Edge: 270 <--> 401 	 Freq: 28.0 	 Demand: 764
	Edge: 699 <--> 700 	 Freq: 28.0 	 Demand: 118
	Edge: 916 <--> 1081 	 Freq: 28.0 	 Demand: 3926
	Edge: 729 <--> 731 	 Freq: 28.0 	 Demand: 4210
	Edge: 1467 <--> 1715 	 Freq: 28.0 	 Demand: 238
	Edge: 1715 <--> 1716 	 Freq: 28.0 	 Demand: 764
	Edge: 1715 <--> 1713 	 Freq: 28.0 	 Demand: 560
	Edge: 1713 <--> 1342 	 Freq: 28.0 	 Demand: 1122
	Edge: 1362 <--> 1714 	 Freq: 28.0 	 Demand: 560
	Edge: 1362 <--> 1292 	 Freq: 28.0 	 Demand: 3110
	Edge: 1292 <--> 1363 	 Freq: 28.0 	 Demand: 1326
	Edge: 1214 <--> 1215 	 Freq: 28.0 	 Demand: 1682
	Edge: 1553 <--> 1214 	 Freq: 28.0 	 Demand: 1682
	Edge: 1553 <--> 1642 	 Freq: 28.0 	 Demand: 560
	Edge: 1669 <--> 1212 	 Freq: 28.0 	 Demand: 204

	Routes:

	Route: 1
	Route length (8267.0) and demand (11866)
	Edge: 756 <--> 550 	 Freq: 28.0 	 Demand: 1682
	Edge: 557 <--> 558 	 Freq: 28.0 	 Demand: 118
	Edge: 767 <--> 1175 	 Freq: 28.0 	 Demand: 1682
	Edge: 766 <--> 484 	 Freq: 28.0 	 Demand: 1122
	Edge: 21 <--> 22 	 Freq: 28.0 	 Demand: 654
	Edge: 485 <--> 486 	 Freq: 28.0 	 Demand: 1682
	Edge: 864 <--> 865 	 Freq: 28.0 	 Demand: 2804
	Edge: 769 <--> 770 	 Freq: 28.0 	 Demand: 1122
	Edge: 752 <--> 1171 	 Freq: 28.0 	 Demand: 764
	Edge: 765 <--> 559 	 Freq: 28.0 	 Demand: 118
	Edge: 559 <--> 560 	 Freq: 28.0 	 Demand: 118
	Route: 2
	Route length (7447.0) and demand (10722)
	Edge: 536 <--> 738 	 Freq: 28.0 	 Demand: 1308
	Edge: 1153 <--> 1154 	 Freq: 28.0 	 Demand: 1308
	Edge: 1157 <--> 659 	 Freq: 28.0 	 Demand: 204
	Edge: 834 <--> 1015 	 Freq: 28.0 	 Demand: 1308
	Edge: 1155 <--> 1151 	 Freq: 28.0 	 Demand: 612
	Edge: 1151 <--> 1001 	 Freq: 28.0 	 Demand: 560
	Edge: 656 <--> 748 	 Freq: 28.0 	 Demand: 2430
	Edge: 747 <--> 482 	 Freq: 28.0 	 Demand: 1122
	Edge: 482 <--> 483 	 Freq: 28.0 	 Demand: 1870
	Route: 3
	Route length (6532.0) and demand (11044)
	Edge: 824 <--> 838 	 Freq: 28.0 	 Demand: 654
	Edge: 839 <--> 1018 	 Freq: 28.0 	 Demand: 118
	Edge: 859 <--> 1018 	 Freq: 28.0 	 Demand: 1954
	Edge: 1019 <--> 860 	 Freq: 28.0 	 Demand: 560
	Edge: 754 <--> 755 	 Freq: 28.0 	 Demand: 2210
	Edge: 1159 <--> 991 	 Freq: 28.0 	 Demand: 2066
	Edge: 1038 <--> 1159 	 Freq: 28.0 	 Demand: 1002
	Edge: 1033 <--> 1038 	 Freq: 28.0 	 Demand: 560
	Edge: 1025 <--> 1033 	 Freq: 28.0 	 Demand: 654
	Edge: 749 <--> 372 	 Freq: 28.0 	 Demand: 858
	Edge: 1023 <--> 1022 	 Freq: 28.0 	 Demand: 408
	Route: 4
	Route length (34350.0) and demand (11922)
	Edge: 727 <--> 728 	 Freq: 28.0 	 Demand: 340
	Edge: 726 <--> 727 	 Freq: 28.0 	 Demand: 118
	Edge: 1076 <--> 1077 	 Freq: 28.0 	 Demand: 1682
	Edge: 270 <--> 401 	 Freq: 28.0 	 Demand: 764
	Edge: 699 <--> 700 	 Freq: 28.0 	 Demand: 118
	Edge: 916 <--> 1081 	 Freq: 28.0 	 Demand: 3926
	Edge: 729 <--> 731 	 Freq: 28.0 	 Demand: 4210
	Edge: 334 <--> 406 	 Freq: 56.0 	 Demand: 560
	Edge: 407 <--> 1080 	 Freq: 56.0 	 Demand: 204
	Route: 5
	Route length (38578.0) and demand (11808)
	Edge: 1467 <--> 1715 	 Freq: 28.0 	 Demand: 238
	Edge: 1715 <--> 1713 	 Freq: 28.0 	 Demand: 560
	Edge: 1713 <--> 1342 	 Freq: 28.0 	 Demand: 1122
	Edge: 1715 <--> 1716 	 Freq: 28.0 	 Demand: 764
	Edge: 1362 <--> 1714 	 Freq: 28.0 	 Demand: 560
	Edge: 1362 <--> 1292 	 Freq: 28.0 	 Demand: 3110
	Edge: 1292 <--> 1363 	 Freq: 28.0 	 Demand: 1326
	Edge: 1214 <--> 1215 	 Freq: 28.0 	 Demand: 1682
	Edge: 1553 <--> 1214 	 Freq: 28.0 	 Demand: 1682
	Edge: 1553 <--> 1642 	 Freq: 28.0 	 Demand: 560
	Edge: 1669 <--> 1212 	 Freq: 28.0 	 Demand: 204

Day 5, number of edges 0, number of routes 0

	Edges:


	Routes:


Day 6, number of edges 0, number of routes 0

	Edges:


	Routes:


Day 7, number of edges 46, number of routes 5

	Edges:

	Edge: 543 <--> 478 	 Freq: 28.0 	 Demand: 204
	Edge: 479 <--> 693 	 Freq: 28.0 	 Demand: 526
	Edge: 693 <--> 861 	 Freq: 28.0 	 Demand: 1122
	Edge: 861 <--> 862 	 Freq: 28.0 	 Demand: 204
	Edge: 1028 <--> 1026 	 Freq: 28.0 	 Demand: 118
	Edge: 1187 <--> 1188 	 Freq: 28.0 	 Demand: 3926
	Edge: 1367 <--> 1644 	 Freq: 28.0 	 Demand: 654
	Edge: 1644 <--> 1645 	 Freq: 28.0 	 Demand: 408
	Edge: 1639 <--> 1640 	 Freq: 28.0 	 Demand: 560
	Edge: 1705 <--> 1706 	 Freq: 28.0 	 Demand: 560
	Edge: 1667 <--> 1668 	 Freq: 28.0 	 Demand: 560
	Edge: 1531 <--> 1532 	 Freq: 28.0 	 Demand: 1122
	Edge: 1306 <--> 1307 	 Freq: 28.0 	 Demand: 1682
	Edge: 1270 <--> 1470 	 Freq: 28.0 	 Demand: 560
	Edge: 1268 <--> 1269 	 Freq: 28.0 	 Demand: 238
	Edge: 1290 <--> 1289 	 Freq: 28.0 	 Demand: 560
	Edge: 1345 <--> 1290 	 Freq: 28.0 	 Demand: 680
	Edge: 1670 <--> 1345 	 Freq: 28.0 	 Demand: 204
	Edge: 1334 <--> 1672 	 Freq: 28.0 	 Demand: 560
	Edge: 1322 <--> 1323 	 Freq: 28.0 	 Demand: 1122
	Edge: 1341 <--> 1301 	 Freq: 28.0 	 Demand: 1122
	Edge: 1299 <--> 1300 	 Freq: 28.0 	 Demand: 1122
	Edge: 1674 <--> 1675 	 Freq: 28.0 	 Demand: 560
	Edge: 1673 <--> 1674 	 Freq: 28.0 	 Demand: 3926
	Edge: 1302 <--> 1303 	 Freq: 28.0 	 Demand: 560
	Edge: 1218 <--> 1219 	 Freq: 28.0 	 Demand: 2244
	Edge: 1048 <--> 754 	 Freq: 28.0 	 Demand: 1216
	Edge: 755 <--> 756 	 Freq: 28.0 	 Demand: 2040
	Edge: 550 <--> 551 	 Freq: 28.0 	 Demand: 3578
	Edge: 551 <--> 542 	 Freq: 28.0 	 Demand: 654
	Edge: 541 <--> 542 	 Freq: 28.0 	 Demand: 1326
	Edge: 1716 <--> 1697 	 Freq: 28.0 	 Demand: 798
	Edge: 1552 <--> 1344 	 Freq: 28.0 	 Demand: 4216
	Edge: 1189 <--> 1466 	 Freq: 28.0 	 Demand: 1682
	Edge: 1202 <--> 1203 	 Freq: 28.0 	 Demand: 560
	Edge: 1214 <--> 1202 	 Freq: 28.0 	 Demand: 476
	Edge: 1636 <--> 1637 	 Freq: 28.0 	 Demand: 560
	Edge: 1637 <--> 1266 	 Freq: 28.0 	 Demand: 560
	Edge: 1265 <--> 1266 	 Freq: 28.0 	 Demand: 1598
	Edge: 1264 <--> 1263 	 Freq: 28.0 	 Demand: 1122
	Edge: 1536 <--> 1262 	 Freq: 28.0 	 Demand: 3366
	Edge: 1469 <--> 1482 	 Freq: 28.0 	 Demand: 3624
	Edge: 1204 <--> 1205 	 Freq: 28.0 	 Demand: 238
	Edge: 1720 <--> 1369 	 Freq: 28.0 	 Demand: 560
	Edge: 1472 <--> 1291 	 Freq: 28.0 	 Demand: 238
	Edge: 601 <--> 602 	 Freq: 56.0 	 Demand: 612

	Routes:

	Route: 1
	Route length (40467.0) and demand (9472)
	Edge: 1189 <--> 1466 	 Freq: 28.0 	 Demand: 1682
	Edge: 1531 <--> 1532 	 Freq: 28.0 	 Demand: 1122
	Edge: 1667 <--> 1668 	 Freq: 28.0 	 Demand: 560
	Edge: 1705 <--> 1706 	 Freq: 28.0 	 Demand: 560
	Edge: 1639 <--> 1640 	 Freq: 28.0 	 Demand: 560
	Edge: 1644 <--> 1645 	 Freq: 28.0 	 Demand: 408
	Edge: 1367 <--> 1644 	 Freq: 28.0 	 Demand: 654
	Edge: 1187 <--> 1188 	 Freq: 28.0 	 Demand: 3926
	Route: 2
	Route length (9122.0) and demand (10988)
	Edge: 479 <--> 693 	 Freq: 28.0 	 Demand: 526
	Edge: 693 <--> 861 	 Freq: 28.0 	 Demand: 1122
	Edge: 543 <--> 478 	 Freq: 28.0 	 Demand: 204
	Edge: 1028 <--> 1026 	 Freq: 28.0 	 Demand: 118
	Edge: 861 <--> 862 	 Freq: 28.0 	 Demand: 204
	Edge: 541 <--> 542 	 Freq: 28.0 	 Demand: 1326
	Edge: 551 <--> 542 	 Freq: 28.0 	 Demand: 654
	Edge: 550 <--> 551 	 Freq: 28.0 	 Demand: 3578
	Edge: 755 <--> 756 	 Freq: 28.0 	 Demand: 2040
	Edge: 1048 <--> 754 	 Freq: 28.0 	 Demand: 1216
	Route: 3
	Route length (39151.0) and demand (9974)
	Edge: 1716 <--> 1697 	 Freq: 28.0 	 Demand: 798
	Edge: 1552 <--> 1344 	 Freq: 28.0 	 Demand: 4216
	Edge: 1670 <--> 1345 	 Freq: 28.0 	 Demand: 204
	Edge: 1345 <--> 1290 	 Freq: 28.0 	 Demand: 680
	Edge: 1290 <--> 1289 	 Freq: 28.0 	 Demand: 560
	Edge: 1306 <--> 1307 	 Freq: 28.0 	 Demand: 1682
	Edge: 1270 <--> 1470 	 Freq: 28.0 	 Demand: 560
	Edge: 1268 <--> 1269 	 Freq: 28.0 	 Demand: 238
	Edge: 1202 <--> 1203 	 Freq: 28.0 	 Demand: 560
	Edge: 1214 <--> 1202 	 Freq: 28.0 	 Demand: 476
	Route: 4
	Route length (40312.0) and demand (11866)
	Edge: 1636 <--> 1637 	 Freq: 28.0 	 Demand: 560
	Edge: 1637 <--> 1266 	 Freq: 28.0 	 Demand: 560
	Edge: 1265 <--> 1266 	 Freq: 28.0 	 Demand: 1598
	Edge: 1264 <--> 1263 	 Freq: 28.0 	 Demand: 1122
	Edge: 1536 <--> 1262 	 Freq: 28.0 	 Demand: 3366
	Edge: 1469 <--> 1482 	 Freq: 28.0 	 Demand: 3624
	Edge: 1204 <--> 1205 	 Freq: 28.0 	 Demand: 238
	Edge: 1720 <--> 1369 	 Freq: 28.0 	 Demand: 560
	Edge: 1472 <--> 1291 	 Freq: 28.0 	 Demand: 238
	Route: 5
	Route length (40588.0) and demand (11828)
	Edge: 601 <--> 602 	 Freq: 56.0 	 Demand: 612
	Edge: 1334 <--> 1672 	 Freq: 28.0 	 Demand: 560
	Edge: 1322 <--> 1323 	 Freq: 28.0 	 Demand: 1122
	Edge: 1341 <--> 1301 	 Freq: 28.0 	 Demand: 1122
	Edge: 1299 <--> 1300 	 Freq: 28.0 	 Demand: 1122
	Edge: 1673 <--> 1674 	 Freq: 28.0 	 Demand: 3926
	Edge: 1674 <--> 1675 	 Freq: 28.0 	 Demand: 560
	Edge: 1302 <--> 1303 	 Freq: 28.0 	 Demand: 560
	Edge: 1218 <--> 1219 	 Freq: 28.0 	 Demand: 2244

Day 8, number of edges 30, number of routes 3

	Edges:

	Edge: 1148 <--> 1027 	 Freq: 28.0 	 Demand: 118
	Edge: 838 <--> 839 	 Freq: 28.0 	 Demand: 560
	Edge: 45 <--> 46 	 Freq: 28.0 	 Demand: 654
	Edge: 1017 <--> 337 	 Freq: 28.0 	 Demand: 654
	Edge: 1017 <--> 1181 	 Freq: 28.0 	 Demand: 654
	Edge: 991 <--> 989 	 Freq: 28.0 	 Demand: 560
	Edge: 140 <--> 295 	 Freq: 28.0 	 Demand: 1122
	Edge: 137 <--> 296 	 Freq: 28.0 	 Demand: 816
	Edge: 139 <--> 140 	 Freq: 28.0 	 Demand: 2244
	Edge: 1123 <--> 138 	 Freq: 28.0 	 Demand: 2244
	Edge: 667 <--> 668 	 Freq: 28.0 	 Demand: 2618
	Edge: 1124 <--> 1125 	 Freq: 28.0 	 Demand: 1122
	Edge: 429 <--> 430 	 Freq: 28.0 	 Demand: 560
	Edge: 1120 <--> 115 	 Freq: 28.0 	 Demand: 1122
	Edge: 662 <--> 663 	 Freq: 28.0 	 Demand: 560
	Edge: 565 <--> 566 	 Freq: 28.0 	 Demand: 1682
	Edge: 28 <--> 761 	 Freq: 28.0 	 Demand: 3692
	Edge: 29 <--> 62 	 Freq: 28.0 	 Demand: 2618
	Edge: 60 <--> 61 	 Freq: 28.0 	 Demand: 1216
	Edge: 661 <--> 1158 	 Freq: 28.0 	 Demand: 340
	Edge: 660 <--> 661 	 Freq: 28.0 	 Demand: 654
	Edge: 757 <--> 758 	 Freq: 28.0 	 Demand: 1682
	Edge: 1174 <--> 35 	 Freq: 28.0 	 Demand: 408
	Edge: 534 <--> 535 	 Freq: 28.0 	 Demand: 654
	Edge: 535 <--> 1165 	 Freq: 28.0 	 Demand: 560
	Edge: 535 <--> 823 	 Freq: 28.0 	 Demand: 560
	Edge: 1167 <--> 823 	 Freq: 28.0 	 Demand: 1394
	Edge: 823 <--> 824 	 Freq: 28.0 	 Demand: 798
	Edge: 736 <--> 737 	 Freq: 28.0 	 Demand: 1308
	Edge: 563 <--> 564 	 Freq: 28.0 	 Demand: 560

	Routes:

	Route: 1
	Route length (6265.0) and demand (10762)
	Edge: 661 <--> 1158 	 Freq: 28.0 	 Demand: 340
	Edge: 660 <--> 661 	 Freq: 28.0 	 Demand: 654
	Edge: 28 <--> 761 	 Freq: 28.0 	 Demand: 3692
	Edge: 60 <--> 61 	 Freq: 28.0 	 Demand: 1216
	Edge: 29 <--> 62 	 Freq: 28.0 	 Demand: 2618
	Edge: 565 <--> 566 	 Freq: 28.0 	 Demand: 1682
	Edge: 662 <--> 663 	 Freq: 28.0 	 Demand: 560
	Route: 2
	Route length (19504.0) and demand (11848)
	Edge: 667 <--> 668 	 Freq: 28.0 	 Demand: 2618
	Edge: 1124 <--> 1125 	 Freq: 28.0 	 Demand: 1122
	Edge: 1123 <--> 138 	 Freq: 28.0 	 Demand: 2244
	Edge: 140 <--> 295 	 Freq: 28.0 	 Demand: 1122
	Edge: 137 <--> 296 	 Freq: 28.0 	 Demand: 816
	Edge: 139 <--> 140 	 Freq: 28.0 	 Demand: 2244
	Edge: 429 <--> 430 	 Freq: 28.0 	 Demand: 560
	Edge: 1120 <--> 115 	 Freq: 28.0 	 Demand: 1122
	Route: 3
	Route length (11438.0) and demand (11124)
	Edge: 991 <--> 989 	 Freq: 28.0 	 Demand: 560
	Edge: 1017 <--> 337 	 Freq: 28.0 	 Demand: 654
	Edge: 1017 <--> 1181 	 Freq: 28.0 	 Demand: 654
	Edge: 1148 <--> 1027 	 Freq: 28.0 	 Demand: 118
	Edge: 45 <--> 46 	 Freq: 28.0 	 Demand: 654
	Edge: 838 <--> 839 	 Freq: 28.0 	 Demand: 560
	Edge: 757 <--> 758 	 Freq: 28.0 	 Demand: 1682
	Edge: 1174 <--> 35 	 Freq: 28.0 	 Demand: 408
	Edge: 535 <--> 1165 	 Freq: 28.0 	 Demand: 560
	Edge: 1167 <--> 823 	 Freq: 28.0 	 Demand: 1394
	Edge: 823 <--> 824 	 Freq: 28.0 	 Demand: 798
	Edge: 535 <--> 823 	 Freq: 28.0 	 Demand: 560
	Edge: 534 <--> 535 	 Freq: 28.0 	 Demand: 654
	Edge: 563 <--> 564 	 Freq: 28.0 	 Demand: 560
	Edge: 736 <--> 737 	 Freq: 28.0 	 Demand: 1308

Day 9, number of edges 17, number of routes 3

	Edges:

	Edge: 280 <--> 1094 	 Freq: 28.0 	 Demand: 560
	Edge: 192 <--> 815 	 Freq: 28.0 	 Demand: 560
	Edge: 346 <--> 347 	 Freq: 28.0 	 Demand: 952
	Edge: 132 <--> 133 	 Freq: 28.0 	 Demand: 1666
	Edge: 135 <--> 234 	 Freq: 28.0 	 Demand: 2788
	Edge: 1139 <--> 1046 	 Freq: 28.0 	 Demand: 118
	Edge: 1709 <--> 1721 	 Freq: 28.0 	 Demand: 356
	Edge: 654 <--> 655 	 Freq: 28.0 	 Demand: 654
	Edge: 657 <--> 654 	 Freq: 28.0 	 Demand: 1308
	Edge: 961 <--> 962 	 Freq: 28.0 	 Demand: 1122
	Edge: 1159 <--> 991 	 Freq: 28.0 	 Demand: 2066
	Edge: 696 <--> 697 	 Freq: 28.0 	 Demand: 340
	Edge: 687 <--> 688 	 Freq: 28.0 	 Demand: 1308
	Edge: 52 <--> 39 	 Freq: 28.0 	 Demand: 3970
	Edge: 39 <--> 40 	 Freq: 28.0 	 Demand: 3548
	Edge: 50 <--> 51 	 Freq: 28.0 	 Demand: 3986
	Edge: 1224 <--> 1225 	 Freq: 28.0 	 Demand: 1122

	Routes:

	Route: 1
	Route length (31363.0) and demand (5266)
	Edge: 1159 <--> 991 	 Freq: 28.0 	 Demand: 2066
	Edge: 1139 <--> 1046 	 Freq: 28.0 	 Demand: 118
	Edge: 657 <--> 654 	 Freq: 28.0 	 Demand: 1308
	Edge: 654 <--> 655 	 Freq: 28.0 	 Demand: 654
	Edge: 192 <--> 815 	 Freq: 28.0 	 Demand: 560
	Edge: 280 <--> 1094 	 Freq: 28.0 	 Demand: 560
	Route: 2
	Route length (7788.0) and demand (11504)
	Edge: 52 <--> 39 	 Freq: 28.0 	 Demand: 3970
	Edge: 39 <--> 40 	 Freq: 28.0 	 Demand: 3548
	Edge: 50 <--> 51 	 Freq: 28.0 	 Demand: 3986
	Route: 3
	Route length (56935.0) and demand (9654)
	Edge: 1709 <--> 1721 	 Freq: 28.0 	 Demand: 356
	Edge: 1224 <--> 1225 	 Freq: 28.0 	 Demand: 1122
	Edge: 346 <--> 347 	 Freq: 28.0 	 Demand: 952
	Edge: 696 <--> 697 	 Freq: 28.0 	 Demand: 340
	Edge: 687 <--> 688 	 Freq: 28.0 	 Demand: 1308
	Edge: 132 <--> 133 	 Freq: 28.0 	 Demand: 1666
	Edge: 135 <--> 234 	 Freq: 28.0 	 Demand: 2788
	Edge: 961 <--> 962 	 Freq: 28.0 	 Demand: 1122

Day 10, number of edges 15, number of routes 1

	Edges:

	Edge: 709 <--> 711 	 Freq: 28.0 	 Demand: 1216
	Edge: 381 <--> 382 	 Freq: 28.0 	 Demand: 118
	Edge: 504 <--> 505 	 Freq: 28.0 	 Demand: 1122
	Edge: 197 <--> 198 	 Freq: 28.0 	 Demand: 560
	Edge: 774 <--> 783 	 Freq: 28.0 	 Demand: 560
	Edge: 847 <--> 843 	 Freq: 28.0 	 Demand: 714
	Edge: 1480 <--> 1481 	 Freq: 28.0 	 Demand: 1122
	Edge: 896 <--> 897 	 Freq: 28.0 	 Demand: 1682
	Edge: 907 <--> 908 	 Freq: 28.0 	 Demand: 1122
	Edge: 231 <--> 153 	 Freq: 28.0 	 Demand: 356
	Edge: 739 <--> 740 	 Freq: 28.0 	 Demand: 560
	Edge: 1254 <--> 1255 	 Freq: 28.0 	 Demand: 204
	Edge: 826 <--> 835 	 Freq: 28.0 	 Demand: 1122
	Edge: 259 <--> 360 	 Freq: 28.0 	 Demand: 118
	Edge: 860 <--> 1038 	 Freq: 28.0 	 Demand: 1122

	Routes:

	Route: 1
	Route length (100177.0) and demand (11698)
	Edge: 860 <--> 1038 	 Freq: 28.0 	 Demand: 1122
	Edge: 739 <--> 740 	 Freq: 28.0 	 Demand: 560
	Edge: 826 <--> 835 	 Freq: 28.0 	 Demand: 1122
	Edge: 197 <--> 198 	 Freq: 28.0 	 Demand: 560
	Edge: 381 <--> 382 	 Freq: 28.0 	 Demand: 118
	Edge: 504 <--> 505 	 Freq: 28.0 	 Demand: 1122
	Edge: 709 <--> 711 	 Freq: 28.0 	 Demand: 1216
	Edge: 907 <--> 908 	 Freq: 28.0 	 Demand: 1122
	Edge: 896 <--> 897 	 Freq: 28.0 	 Demand: 1682
	Edge: 231 <--> 153 	 Freq: 28.0 	 Demand: 356
	Edge: 259 <--> 360 	 Freq: 28.0 	 Demand: 118
	Edge: 847 <--> 843 	 Freq: 28.0 	 Demand: 714
	Edge: 774 <--> 783 	 Freq: 28.0 	 Demand: 560
	Edge: 1480 <--> 1481 	 Freq: 28.0 	 Demand: 1122
	Edge: 1254 <--> 1255 	 Freq: 28.0 	 Demand: 204

Day 11, number of edges 15, number of routes 2

	Edges:

	Edge: 1390 <--> 1677 	 Freq: 28.0 	 Demand: 560
	Edge: 404 <--> 405 	 Freq: 28.0 	 Demand: 560
	Edge: 509 <--> 1100 	 Freq: 28.0 	 Demand: 560
	Edge: 387 <--> 671 	 Freq: 28.0 	 Demand: 560
	Edge: 639 <--> 640 	 Freq: 28.0 	 Demand: 1122
	Edge: 445 <--> 446 	 Freq: 28.0 	 Demand: 798
	Edge: 1634 <--> 1635 	 Freq: 28.0 	 Demand: 1122
	Edge: 904 <--> 905 	 Freq: 28.0 	 Demand: 560
	Edge: 1047 <--> 739 	 Freq: 28.0 	 Demand: 1122
	Edge: 1240 <--> 1241 	 Freq: 28.0 	 Demand: 764
	Edge: 746 <--> 491 	 Freq: 28.0 	 Demand: 654
	Edge: 960 <--> 961 	 Freq: 28.0 	 Demand: 1122
	Edge: 754 <--> 755 	 Freq: 28.0 	 Demand: 2210
	Edge: 643 <--> 644 	 Freq: 28.0 	 Demand: 714
	Edge: 1723 <--> 1726 	 Freq: 28.0 	 Demand: 356

	Routes:

	Route: 1
	Route length (6743.0) and demand (3986)
	Edge: 754 <--> 755 	 Freq: 28.0 	 Demand: 2210
	Edge: 1047 <--> 739 	 Freq: 28.0 	 Demand: 1122
	Edge: 746 <--> 491 	 Freq: 28.0 	 Demand: 654
	Route: 2
	Route length (109781.0) and demand (8798)
	Edge: 639 <--> 640 	 Freq: 28.0 	 Demand: 1122
	Edge: 509 <--> 1100 	 Freq: 28.0 	 Demand: 560
	Edge: 387 <--> 671 	 Freq: 28.0 	 Demand: 560
	Edge: 904 <--> 905 	 Freq: 28.0 	 Demand: 560
	Edge: 404 <--> 405 	 Freq: 28.0 	 Demand: 560
	Edge: 960 <--> 961 	 Freq: 28.0 	 Demand: 1122
	Edge: 445 <--> 446 	 Freq: 28.0 	 Demand: 798
	Edge: 643 <--> 644 	 Freq: 28.0 	 Demand: 714
	Edge: 1723 <--> 1726 	 Freq: 28.0 	 Demand: 356
	Edge: 1634 <--> 1635 	 Freq: 28.0 	 Demand: 1122
	Edge: 1240 <--> 1241 	 Freq: 28.0 	 Demand: 764
	Edge: 1390 <--> 1677 	 Freq: 28.0 	 Demand: 560

Day 12, number of edges 0, number of routes 0

	Edges:


	Routes:


Day 13, number of edges 0, number of routes 0

	Edges:


	Routes:


Day 14, number of edges 20, number of routes 4

	Edges:

	Edge: 463 <--> 72 	 Freq: 28.0 	 Demand: 560
	Edge: 111 <--> 158 	 Freq: 28.0 	 Demand: 560
	Edge: 1136 <--> 1137 	 Freq: 28.0 	 Demand: 560
	Edge: 773 <--> 774 	 Freq: 28.0 	 Demand: 560
	Edge: 1132 <--> 249 	 Freq: 28.0 	 Demand: 560
	Edge: 1424 <--> 1722 	 Freq: 28.0 	 Demand: 204
	Edge: 1152 <--> 771 	 Freq: 28.0 	 Demand: 654
	Edge: 756 <--> 550 	 Freq: 28.0 	 Demand: 1682
	Edge: 180 <--> 181 	 Freq: 28.0 	 Demand: 1308
	Edge: 683 <--> 684 	 Freq: 28.0 	 Demand: 654
	Edge: 480 <--> 481 	 Freq: 28.0 	 Demand: 3926
	Edge: 24 <--> 25 	 Freq: 28.0 	 Demand: 560
	Edge: 23 <--> 24 	 Freq: 28.0 	 Demand: 3638
	Edge: 172 <--> 848 	 Freq: 28.0 	 Demand: 1682
	Edge: 487 <--> 488 	 Freq: 28.0 	 Demand: 2618
	Edge: 745 <--> 1172 	 Freq: 28.0 	 Demand: 2804
	Edge: 1329 <--> 1330 	 Freq: 28.0 	 Demand: 3926
	Edge: 1350 <--> 1679 	 Freq: 28.0 	 Demand: 3366
	Edge: 1206 <--> 1207 	 Freq: 28.0 	 Demand: 3514
	Edge: 1208 <--> 1498 	 Freq: 28.0 	 Demand: 1122

	Routes:

	Route: 1
	Route length (79353.0) and demand (9164)
	Edge: 1424 <--> 1722 	 Freq: 28.0 	 Demand: 204
	Edge: 1136 <--> 1137 	 Freq: 28.0 	 Demand: 560
	Edge: 773 <--> 774 	 Freq: 28.0 	 Demand: 560
	Edge: 180 <--> 181 	 Freq: 28.0 	 Demand: 1308
	Edge: 683 <--> 684 	 Freq: 28.0 	 Demand: 654
	Edge: 111 <--> 158 	 Freq: 28.0 	 Demand: 560
	Edge: 1132 <--> 249 	 Freq: 28.0 	 Demand: 560
	Edge: 463 <--> 72 	 Freq: 28.0 	 Demand: 560
	Edge: 23 <--> 24 	 Freq: 28.0 	 Demand: 3638
	Edge: 24 <--> 25 	 Freq: 28.0 	 Demand: 560
	Route: 2
	Route length (11768.0) and demand (9440)
	Edge: 487 <--> 488 	 Freq: 28.0 	 Demand: 2618
	Edge: 172 <--> 848 	 Freq: 28.0 	 Demand: 1682
	Edge: 745 <--> 1172 	 Freq: 28.0 	 Demand: 2804
	Edge: 1152 <--> 771 	 Freq: 28.0 	 Demand: 654
	Edge: 756 <--> 550 	 Freq: 28.0 	 Demand: 1682
	Route: 3
	Route length (42047.0) and demand (11928)
	Edge: 1329 <--> 1330 	 Freq: 28.0 	 Demand: 3926
	Edge: 1350 <--> 1679 	 Freq: 28.0 	 Demand: 3366
	Edge: 1206 <--> 1207 	 Freq: 28.0 	 Demand: 3514
	Edge: 1208 <--> 1498 	 Freq: 28.0 	 Demand: 1122
	Route: 4
	Route length (1845.0) and demand (3926)
	Edge: 480 <--> 481 	 Freq: 28.0 	 Demand: 3926

Day 15, number of edges 15, number of routes 2

	Edges:

	Edge: 930 <--> 931 	 Freq: 28.0 	 Demand: 204
	Edge: 902 <--> 903 	 Freq: 28.0 	 Demand: 654
	Edge: 75 <--> 403 	 Freq: 28.0 	 Demand: 560
	Edge: 1094 <--> 1095 	 Freq: 28.0 	 Demand: 560
	Edge: 190 <--> 802 	 Freq: 28.0 	 Demand: 560
	Edge: 1162 <--> 533 	 Freq: 28.0 	 Demand: 1428
	Edge: 308 <--> 445 	 Freq: 28.0 	 Demand: 560
	Edge: 323 <--> 321 	 Freq: 28.0 	 Demand: 1122
	Edge: 715 <--> 716 	 Freq: 28.0 	 Demand: 1326
	Edge: 55 <--> 1139 	 Freq: 28.0 	 Demand: 748
	Edge: 1288 <--> 1383 	 Freq: 28.0 	 Demand: 408
	Edge: 690 <--> 692 	 Freq: 28.0 	 Demand: 1122
	Edge: 826 <--> 1167 	 Freq: 28.0 	 Demand: 118
	Edge: 1146 <--> 1147 	 Freq: 28.0 	 Demand: 1682
	Edge: 1038 <--> 1159 	 Freq: 28.0 	 Demand: 1002

	Routes:

	Route: 1
	Route length (96642.0) and demand (9064)
	Edge: 1162 <--> 533 	 Freq: 28.0 	 Demand: 1428
	Edge: 1288 <--> 1383 	 Freq: 28.0 	 Demand: 408
	Edge: 308 <--> 445 	 Freq: 28.0 	 Demand: 560
	Edge: 323 <--> 321 	 Freq: 28.0 	 Demand: 1122
	Edge: 1146 <--> 1147 	 Freq: 28.0 	 Demand: 1682
	Edge: 75 <--> 403 	 Freq: 28.0 	 Demand: 560
	Edge: 902 <--> 903 	 Freq: 28.0 	 Demand: 654
	Edge: 715 <--> 716 	 Freq: 28.0 	 Demand: 1326
	Edge: 930 <--> 931 	 Freq: 28.0 	 Demand: 204
	Edge: 190 <--> 802 	 Freq: 28.0 	 Demand: 560
	Edge: 1094 <--> 1095 	 Freq: 28.0 	 Demand: 560
	Route: 2
	Route length (6510.0) and demand (2990)
	Edge: 1038 <--> 1159 	 Freq: 28.0 	 Demand: 1002
	Edge: 55 <--> 1139 	 Freq: 28.0 	 Demand: 748
	Edge: 690 <--> 692 	 Freq: 28.0 	 Demand: 1122
	Edge: 826 <--> 1167 	 Freq: 28.0 	 Demand: 118

Day 16, number of edges 15, number of routes 2

	Edges:

	Edge: 929 <--> 932 	 Freq: 28.0 	 Demand: 560
	Edge: 110 <--> 1096 	 Freq: 28.0 	 Demand: 560
	Edge: 597 <--> 107 	 Freq: 28.0 	 Demand: 204
	Edge: 8 <--> 1023 	 Freq: 28.0 	 Demand: 654
	Edge: 762 <--> 763 	 Freq: 28.0 	 Demand: 560
	Edge: 1121 <--> 1122 	 Freq: 28.0 	 Demand: 1122
	Edge: 841 <--> 994 	 Freq: 28.0 	 Demand: 476
	Edge: 323 <--> 443 	 Freq: 28.0 	 Demand: 560
	Edge: 1073 <--> 1074 	 Freq: 28.0 	 Demand: 1122
	Edge: 376 <--> 751 	 Freq: 28.0 	 Demand: 3086
	Edge: 1720 <--> 1287 	 Freq: 28.0 	 Demand: 764
	Edge: 691 <--> 746 	 Freq: 28.0 	 Demand: 560
	Edge: 825 <--> 826 	 Freq: 28.0 	 Demand: 892
	Edge: 145 <--> 286 	 Freq: 28.0 	 Demand: 3696
	Edge: 1033 <--> 1038 	 Freq: 28.0 	 Demand: 560

	Routes:

	Route: 1
	Route length (92688.0) and demand (10278)
	Edge: 8 <--> 1023 	 Freq: 28.0 	 Demand: 654
	Edge: 762 <--> 763 	 Freq: 28.0 	 Demand: 560
	Edge: 110 <--> 1096 	 Freq: 28.0 	 Demand: 560
	Edge: 597 <--> 107 	 Freq: 28.0 	 Demand: 204
	Edge: 929 <--> 932 	 Freq: 28.0 	 Demand: 560
	Edge: 1073 <--> 1074 	 Freq: 28.0 	 Demand: 1122
	Edge: 1121 <--> 1122 	 Freq: 28.0 	 Demand: 1122
	Edge: 145 <--> 286 	 Freq: 28.0 	 Demand: 3696
	Edge: 323 <--> 443 	 Freq: 28.0 	 Demand: 560
	Edge: 841 <--> 994 	 Freq: 28.0 	 Demand: 476
	Edge: 1720 <--> 1287 	 Freq: 28.0 	 Demand: 764
	Route: 2
	Route length (6984.0) and demand (5098)
	Edge: 1033 <--> 1038 	 Freq: 28.0 	 Demand: 560
	Edge: 376 <--> 751 	 Freq: 28.0 	 Demand: 3086
	Edge: 691 <--> 746 	 Freq: 28.0 	 Demand: 560
	Edge: 825 <--> 826 	 Freq: 28.0 	 Demand: 892

Day 17, number of edges 19, number of routes 3

	Edges:

	Edge: 462 <--> 513 	 Freq: 28.0 	 Demand: 560
	Edge: 112 <--> 116 	 Freq: 28.0 	 Demand: 1122
	Edge: 995 <--> 268 	 Freq: 28.0 	 Demand: 238
	Edge: 953 <--> 954 	 Freq: 28.0 	 Demand: 1122
	Edge: 1530 <--> 1305 	 Freq: 28.0 	 Demand: 560
	Edge: 1022 <--> 764 	 Freq: 28.0 	 Demand: 118
	Edge: 557 <--> 558 	 Freq: 28.0 	 Demand: 118
	Edge: 570 <--> 571 	 Freq: 28.0 	 Demand: 408
	Edge: 43 <--> 44 	 Freq: 28.0 	 Demand: 1122
	Edge: 1360 <--> 1708 	 Freq: 28.0 	 Demand: 118
	Edge: 1708 <--> 1310 	 Freq: 28.0 	 Demand: 1122
	Edge: 1310 <--> 1717 	 Freq: 28.0 	 Demand: 2804
	Edge: 1321 <--> 1362 	 Freq: 28.0 	 Demand: 1648
	Edge: 1320 <--> 1321 	 Freq: 28.0 	 Demand: 3734
	Edge: 1319 <--> 1320 	 Freq: 28.0 	 Demand: 2244
	Edge: 820 <--> 821 	 Freq: 28.0 	 Demand: 1308
	Edge: 1021 <--> 819 	 Freq: 28.0 	 Demand: 654
	Edge: 37 <--> 38 	 Freq: 28.0 	 Demand: 1546
	Edge: 808 <--> 809 	 Freq: 28.0 	 Demand: 3694

	Routes:

	Route: 1
	Route length (72738.0) and demand (10824)
	Edge: 1360 <--> 1708 	 Freq: 28.0 	 Demand: 118
	Edge: 1708 <--> 1310 	 Freq: 28.0 	 Demand: 1122
	Edge: 1310 <--> 1717 	 Freq: 28.0 	 Demand: 2804
	Edge: 1321 <--> 1362 	 Freq: 28.0 	 Demand: 1648
	Edge: 1530 <--> 1305 	 Freq: 28.0 	 Demand: 560
	Edge: 43 <--> 44 	 Freq: 28.0 	 Demand: 1122
	Edge: 570 <--> 571 	 Freq: 28.0 	 Demand: 408
	Edge: 995 <--> 268 	 Freq: 28.0 	 Demand: 238
	Edge: 112 <--> 116 	 Freq: 28.0 	 Demand: 1122
	Edge: 953 <--> 954 	 Freq: 28.0 	 Demand: 1122
	Edge: 462 <--> 513 	 Freq: 28.0 	 Demand: 560
	Route: 2
	Route length (41074.0) and demand (6214)
	Edge: 557 <--> 558 	 Freq: 28.0 	 Demand: 118
	Edge: 1022 <--> 764 	 Freq: 28.0 	 Demand: 118
	Edge: 1319 <--> 1320 	 Freq: 28.0 	 Demand: 2244
	Edge: 1320 <--> 1321 	 Freq: 28.0 	 Demand: 3734
	Route: 3
	Route length (2943.0) and demand (7202)
	Edge: 820 <--> 821 	 Freq: 28.0 	 Demand: 1308
	Edge: 1021 <--> 819 	 Freq: 28.0 	 Demand: 654
	Edge: 37 <--> 38 	 Freq: 28.0 	 Demand: 1546
	Edge: 808 <--> 809 	 Freq: 28.0 	 Demand: 3694

Day 18, number of edges 15, number of routes 1

	Edges:

	Edge: 471 <--> 472 	 Freq: 28.0 	 Demand: 560
	Edge: 109 <--> 938 	 Freq: 28.0 	 Demand: 560
	Edge: 107 <--> 108 	 Freq: 28.0 	 Demand: 560
	Edge: 58 <--> 59 	 Freq: 28.0 	 Demand: 118
	Edge: 1732 <--> 1381 	 Freq: 28.0 	 Demand: 560
	Edge: 996 <--> 997 	 Freq: 28.0 	 Demand: 1308
	Edge: 596 <--> 718 	 Freq: 28.0 	 Demand: 1122
	Edge: 362 <--> 231 	 Freq: 28.0 	 Demand: 1428
	Edge: 153 <--> 1 	 Freq: 28.0 	 Demand: 560
	Edge: 339 <--> 340 	 Freq: 28.0 	 Demand: 560
	Edge: 837 <--> 859 	 Freq: 28.0 	 Demand: 1682
	Edge: 319 <--> 318 	 Freq: 28.0 	 Demand: 118
	Edge: 257 <--> 598 	 Freq: 28.0 	 Demand: 560
	Edge: 1025 <--> 1033 	 Freq: 28.0 	 Demand: 654
	Edge: 637 <--> 638 	 Freq: 28.0 	 Demand: 1122

	Routes:

	Route: 1
	Route length (95580.0) and demand (11472)
	Edge: 1025 <--> 1033 	 Freq: 28.0 	 Demand: 654
	Edge: 339 <--> 340 	 Freq: 28.0 	 Demand: 560
	Edge: 837 <--> 859 	 Freq: 28.0 	 Demand: 1682
	Edge: 109 <--> 938 	 Freq: 28.0 	 Demand: 560
	Edge: 107 <--> 108 	 Freq: 28.0 	 Demand: 560
	Edge: 471 <--> 472 	 Freq: 28.0 	 Demand: 560
	Edge: 596 <--> 718 	 Freq: 28.0 	 Demand: 1122
	Edge: 153 <--> 1 	 Freq: 28.0 	 Demand: 560
	Edge: 362 <--> 231 	 Freq: 28.0 	 Demand: 1428
	Edge: 257 <--> 598 	 Freq: 28.0 	 Demand: 560
	Edge: 319 <--> 318 	 Freq: 28.0 	 Demand: 118
	Edge: 996 <--> 997 	 Freq: 28.0 	 Demand: 1308
	Edge: 1732 <--> 1381 	 Freq: 28.0 	 Demand: 560
	Edge: 58 <--> 59 	 Freq: 28.0 	 Demand: 118
	Edge: 637 <--> 638 	 Freq: 28.0 	 Demand: 1122

Day 19, number of edges 0, number of routes 0

	Edges:


	Routes:


Day 20, number of edges 0, number of routes 0

	Edges:


	Routes:


Day 21, number of edges 15, number of routes 1

	Edges:

	Edge: 349 <--> 350 	 Freq: 28.0 	 Demand: 118
	Edge: 981 <--> 807 	 Freq: 28.0 	 Demand: 204
	Edge: 678 <--> 677 	 Freq: 28.0 	 Demand: 560
	Edge: 1278 <--> 1279 	 Freq: 28.0 	 Demand: 560
	Edge: 717 <--> 595 	 Freq: 28.0 	 Demand: 764
	Edge: 156 <--> 249 	 Freq: 28.0 	 Demand: 560
	Edge: 970 <--> 1160 	 Freq: 28.0 	 Demand: 238
	Edge: 741 <--> 742 	 Freq: 28.0 	 Demand: 322
	Edge: 828 <--> 830 	 Freq: 28.0 	 Demand: 560
	Edge: 561 <--> 562 	 Freq: 28.0 	 Demand: 560
	Edge: 254 <--> 5 	 Freq: 28.0 	 Demand: 204
	Edge: 749 <--> 372 	 Freq: 28.0 	 Demand: 858
	Edge: 1476 <--> 1499 	 Freq: 28.0 	 Demand: 1682
	Edge: 803 <--> 1103 	 Freq: 28.0 	 Demand: 340
	Edge: 1149 <--> 1150 	 Freq: 28.0 	 Demand: 952

	Routes:

	Route: 1
	Route length (110473.0) and demand (8482)
	Edge: 749 <--> 372 	 Freq: 28.0 	 Demand: 858
	Edge: 828 <--> 830 	 Freq: 28.0 	 Demand: 560
	Edge: 741 <--> 742 	 Freq: 28.0 	 Demand: 322
	Edge: 970 <--> 1160 	 Freq: 28.0 	 Demand: 238
	Edge: 561 <--> 562 	 Freq: 28.0 	 Demand: 560
	Edge: 678 <--> 677 	 Freq: 28.0 	 Demand: 560
	Edge: 156 <--> 249 	 Freq: 28.0 	 Demand: 560
	Edge: 254 <--> 5 	 Freq: 28.0 	 Demand: 204
	Edge: 717 <--> 595 	 Freq: 28.0 	 Demand: 764
	Edge: 981 <--> 807 	 Freq: 28.0 	 Demand: 204
	Edge: 803 <--> 1103 	 Freq: 28.0 	 Demand: 340
	Edge: 1149 <--> 1150 	 Freq: 28.0 	 Demand: 952
	Edge: 349 <--> 350 	 Freq: 28.0 	 Demand: 118
	Edge: 1476 <--> 1499 	 Freq: 28.0 	 Demand: 1682
	Edge: 1278 <--> 1279 	 Freq: 28.0 	 Demand: 560

Day 22, number of edges 15, number of routes 1

	Edges:

	Edge: 20 <--> 1049 	 Freq: 28.0 	 Demand: 560
	Edge: 781 <--> 817 	 Freq: 28.0 	 Demand: 118
	Edge: 1051 <--> 1052 	 Freq: 28.0 	 Demand: 340
	Edge: 641 <--> 642 	 Freq: 28.0 	 Demand: 560
	Edge: 1084 <--> 468 	 Freq: 28.0 	 Demand: 560
	Edge: 199 <--> 200 	 Freq: 28.0 	 Demand: 560
	Edge: 307 <--> 311 	 Freq: 28.0 	 Demand: 560
	Edge: 437 <--> 438 	 Freq: 28.0 	 Demand: 1122
	Edge: 734 <--> 735 	 Freq: 28.0 	 Demand: 2244
	Edge: 836 <--> 837 	 Freq: 28.0 	 Demand: 2244
	Edge: 955 <--> 253 	 Freq: 28.0 	 Demand: 1122
	Edge: 1173 <--> 1024 	 Freq: 28.0 	 Demand: 322
	Edge: 948 <--> 1110 	 Freq: 28.0 	 Demand: 204
	Edge: 806 <--> 1092 	 Freq: 28.0 	 Demand: 560
	Edge: 948 <--> 949 	 Freq: 28.0 	 Demand: 654

	Routes:

	Route: 1
	Route length (75472.0) and demand (11730)
	Edge: 20 <--> 1049 	 Freq: 28.0 	 Demand: 560
	Edge: 781 <--> 817 	 Freq: 28.0 	 Demand: 118
	Edge: 734 <--> 735 	 Freq: 28.0 	 Demand: 2244
	Edge: 1173 <--> 1024 	 Freq: 28.0 	 Demand: 322
	Edge: 836 <--> 837 	 Freq: 28.0 	 Demand: 2244
	Edge: 307 <--> 311 	 Freq: 28.0 	 Demand: 560
	Edge: 955 <--> 253 	 Freq: 28.0 	 Demand: 1122
	Edge: 437 <--> 438 	 Freq: 28.0 	 Demand: 1122
	Edge: 1051 <--> 1052 	 Freq: 28.0 	 Demand: 340
	Edge: 199 <--> 200 	 Freq: 28.0 	 Demand: 560
	Edge: 1084 <--> 468 	 Freq: 28.0 	 Demand: 560
	Edge: 641 <--> 642 	 Freq: 28.0 	 Demand: 560
	Edge: 806 <--> 1092 	 Freq: 28.0 	 Demand: 560
	Edge: 948 <--> 1110 	 Freq: 28.0 	 Demand: 204
	Edge: 948 <--> 949 	 Freq: 28.0 	 Demand: 654

Day 23, number of edges 15, number of routes 1

	Edges:

	Edge: 1065 <--> 1066 	 Freq: 28.0 	 Demand: 560
	Edge: 1326 <--> 1217 	 Freq: 28.0 	 Demand: 560
	Edge: 306 <--> 308 	 Freq: 28.0 	 Demand: 238
	Edge: 1276 <--> 1277 	 Freq: 28.0 	 Demand: 764
	Edge: 572 <--> 573 	 Freq: 28.0 	 Demand: 654
	Edge: 1048 <--> 866 	 Freq: 28.0 	 Demand: 654
	Edge: 971 <--> 1048 	 Freq: 28.0 	 Demand: 1334
	Edge: 53 <--> 1045 	 Freq: 28.0 	 Demand: 118
	Edge: 835 <--> 836 	 Freq: 28.0 	 Demand: 322
	Edge: 318 <--> 1118 	 Freq: 28.0 	 Demand: 118
	Edge: 310 <--> 136 	 Freq: 28.0 	 Demand: 1462
	Edge: 1467 <--> 1715 	 Freq: 28.0 	 Demand: 238
	Edge: 477 <--> 490 	 Freq: 28.0 	 Demand: 1308
	Edge: 511 <--> 924 	 Freq: 28.0 	 Demand: 654
	Edge: 800 <--> 801 	 Freq: 28.0 	 Demand: 356

	Routes:

	Route: 1
	Route length (118444.0) and demand (9340)
	Edge: 835 <--> 836 	 Freq: 28.0 	 Demand: 322
	Edge: 1048 <--> 866 	 Freq: 28.0 	 Demand: 654
	Edge: 971 <--> 1048 	 Freq: 28.0 	 Demand: 1334
	Edge: 53 <--> 1045 	 Freq: 28.0 	 Demand: 118
	Edge: 1065 <--> 1066 	 Freq: 28.0 	 Demand: 560
	Edge: 1326 <--> 1217 	 Freq: 28.0 	 Demand: 560
	Edge: 1467 <--> 1715 	 Freq: 28.0 	 Demand: 238
	Edge: 1276 <--> 1277 	 Freq: 28.0 	 Demand: 764
	Edge: 477 <--> 490 	 Freq: 28.0 	 Demand: 1308
	Edge: 306 <--> 308 	 Freq: 28.0 	 Demand: 238
	Edge: 318 <--> 1118 	 Freq: 28.0 	 Demand: 118
	Edge: 310 <--> 136 	 Freq: 28.0 	 Demand: 1462
	Edge: 572 <--> 573 	 Freq: 28.0 	 Demand: 654
	Edge: 800 <--> 801 	 Freq: 28.0 	 Demand: 356
	Edge: 511 <--> 924 	 Freq: 28.0 	 Demand: 654

Day 24, number of edges 15, number of routes 2

	Edges:

	Edge: 1004 <--> 1005 	 Freq: 28.0 	 Demand: 356
	Edge: 1492 <--> 1493 	 Freq: 28.0 	 Demand: 1122
	Edge: 1510 <--> 1487 	 Freq: 28.0 	 Demand: 560
	Edge: 619 <--> 620 	 Freq: 28.0 	 Demand: 1122
	Edge: 807 <--> 594 	 Freq: 28.0 	 Demand: 238
	Edge: 625 <--> 381 	 Freq: 28.0 	 Demand: 204
	Edge: 1696 <--> 1460 	 Freq: 28.0 	 Demand: 560
	Edge: 308 <--> 309 	 Freq: 28.0 	 Demand: 2244
	Edge: 156 <--> 157 	 Freq: 28.0 	 Demand: 476
	Edge: 1185 <--> 1186 	 Freq: 28.0 	 Demand: 560
	Edge: 864 <--> 865 	 Freq: 28.0 	 Demand: 2804
	Edge: 342 <--> 1064 	 Freq: 28.0 	 Demand: 1308
	Edge: 685 <--> 686 	 Freq: 28.0 	 Demand: 2618
	Edge: 30 <--> 31 	 Freq: 28.0 	 Demand: 1122
	Edge: 476 <--> 489 	 Freq: 28.0 	 Demand: 1308

	Routes:

	Route: 1
	Route length (39103.0) and demand (7154)
	Edge: 476 <--> 489 	 Freq: 28.0 	 Demand: 1308
	Edge: 30 <--> 31 	 Freq: 28.0 	 Demand: 1122
	Edge: 864 <--> 865 	 Freq: 28.0 	 Demand: 2804
	Edge: 1004 <--> 1005 	 Freq: 28.0 	 Demand: 356
	Edge: 625 <--> 381 	 Freq: 28.0 	 Demand: 204
	Edge: 807 <--> 594 	 Freq: 28.0 	 Demand: 238
	Edge: 619 <--> 620 	 Freq: 28.0 	 Demand: 1122
	Route: 2
	Route length (71357.0) and demand (9448)
	Edge: 156 <--> 157 	 Freq: 28.0 	 Demand: 476
	Edge: 308 <--> 309 	 Freq: 28.0 	 Demand: 2244
	Edge: 685 <--> 686 	 Freq: 28.0 	 Demand: 2618
	Edge: 342 <--> 1064 	 Freq: 28.0 	 Demand: 1308
	Edge: 1696 <--> 1460 	 Freq: 28.0 	 Demand: 560
	Edge: 1185 <--> 1186 	 Freq: 28.0 	 Demand: 560
	Edge: 1492 <--> 1493 	 Freq: 28.0 	 Demand: 1122
	Edge: 1510 <--> 1487 	 Freq: 28.0 	 Demand: 560

Day 25, number of edges 16, number of routes 2

	Edges:

	Edge: 1545 <--> 1572 	 Freq: 28.0 	 Demand: 560
	Edge: 1088 <--> 1082 	 Freq: 28.0 	 Demand: 680
	Edge: 1220 <--> 1221 	 Freq: 28.0 	 Demand: 1122
	Edge: 1456 <--> 1448 	 Freq: 28.0 	 Demand: 1122
	Edge: 592 <--> 593 	 Freq: 28.0 	 Demand: 560
	Edge: 196 <--> 615 	 Freq: 28.0 	 Demand: 560
	Edge: 304 <--> 305 	 Freq: 28.0 	 Demand: 560
	Edge: 464 <--> 465 	 Freq: 28.0 	 Demand: 560
	Edge: 54 <--> 55 	 Freq: 28.0 	 Demand: 118
	Edge: 835 <--> 1180 	 Freq: 28.0 	 Demand: 654
	Edge: 470 <--> 250 	 Freq: 28.0 	 Demand: 204
	Edge: 1715 <--> 1716 	 Freq: 28.0 	 Demand: 764
	Edge: 48 <--> 49 	 Freq: 28.0 	 Demand: 2618
	Edge: 849 <--> 850 	 Freq: 28.0 	 Demand: 1682
	Edge: 514 <--> 1115 	 Freq: 28.0 	 Demand: 1122
	Edge: 803 <--> 804 	 Freq: 28.0 	 Demand: 204

	Routes:

	Route: 1
	Route length (69021.0) and demand (9522)
	Edge: 304 <--> 305 	 Freq: 28.0 	 Demand: 560
	Edge: 470 <--> 250 	 Freq: 28.0 	 Demand: 204
	Edge: 464 <--> 465 	 Freq: 28.0 	 Demand: 560
	Edge: 803 <--> 804 	 Freq: 28.0 	 Demand: 204
	Edge: 514 <--> 1115 	 Freq: 28.0 	 Demand: 1122
	Edge: 1088 <--> 1082 	 Freq: 28.0 	 Demand: 680
	Edge: 592 <--> 593 	 Freq: 28.0 	 Demand: 560
	Edge: 196 <--> 615 	 Freq: 28.0 	 Demand: 560
	Edge: 48 <--> 49 	 Freq: 28.0 	 Demand: 2618
	Edge: 849 <--> 850 	 Freq: 28.0 	 Demand: 1682
	Edge: 54 <--> 55 	 Freq: 28.0 	 Demand: 118
	Edge: 835 <--> 1180 	 Freq: 28.0 	 Demand: 654
	Route: 2
	Route length (59921.0) and demand (3568)
	Edge: 1715 <--> 1716 	 Freq: 28.0 	 Demand: 764
	Edge: 1456 <--> 1448 	 Freq: 28.0 	 Demand: 1122
	Edge: 1220 <--> 1221 	 Freq: 28.0 	 Demand: 1122
	Edge: 1545 <--> 1572 	 Freq: 28.0 	 Demand: 560

Day 26, number of edges 0, number of routes 0

	Edges:


	Routes:


Day 27, number of edges 0, number of routes 0

	Edges:


	Routes:


Day 28, number of edges 15, number of routes 2

	Edges:

	Edge: 1505 <--> 1507 	 Freq: 28.0 	 Demand: 118
	Edge: 978 <--> 979 	 Freq: 28.0 	 Demand: 1122
	Edge: 1222 <--> 1223 	 Freq: 28.0 	 Demand: 560
	Edge: 1564 <--> 1227 	 Freq: 28.0 	 Demand: 1326
	Edge: 1285 <--> 1286 	 Freq: 28.0 	 Demand: 560
	Edge: 1325 <--> 1326 	 Freq: 28.0 	 Demand: 204
	Edge: 680 <--> 681 	 Freq: 28.0 	 Demand: 654
	Edge: 320 <--> 321 	 Freq: 28.0 	 Demand: 560
	Edge: 1289 <--> 1268 	 Freq: 28.0 	 Demand: 118
	Edge: 1733 <--> 1351 	 Freq: 28.0 	 Demand: 1122
	Edge: 1661 <--> 1346 	 Freq: 28.0 	 Demand: 1530
	Edge: 21 <--> 22 	 Freq: 28.0 	 Demand: 654
	Edge: 494 <--> 664 	 Freq: 28.0 	 Demand: 4108
	Edge: 530 <--> 531 	 Freq: 28.0 	 Demand: 118
	Edge: 1106 <--> 1111 	 Freq: 28.0 	 Demand: 560

	Routes:

	Route: 1
	Route length (77854.0) and demand (10860)
	Edge: 320 <--> 321 	 Freq: 28.0 	 Demand: 560
	Edge: 680 <--> 681 	 Freq: 28.0 	 Demand: 654
	Edge: 494 <--> 664 	 Freq: 28.0 	 Demand: 4108
	Edge: 1285 <--> 1286 	 Freq: 28.0 	 Demand: 560
	Edge: 1325 <--> 1326 	 Freq: 28.0 	 Demand: 204
	Edge: 1733 <--> 1351 	 Freq: 28.0 	 Demand: 1122
	Edge: 1289 <--> 1268 	 Freq: 28.0 	 Demand: 118
	Edge: 1661 <--> 1346 	 Freq: 28.0 	 Demand: 1530
	Edge: 1564 <--> 1227 	 Freq: 28.0 	 Demand: 1326
	Edge: 1222 <--> 1223 	 Freq: 28.0 	 Demand: 560
	Edge: 1505 <--> 1507 	 Freq: 28.0 	 Demand: 118
	Route: 2
	Route length (42209.0) and demand (2454)
	Edge: 978 <--> 979 	 Freq: 28.0 	 Demand: 1122
	Edge: 1106 <--> 1111 	 Freq: 28.0 	 Demand: 560
	Edge: 530 <--> 531 	 Freq: 28.0 	 Demand: 118
	Edge: 21 <--> 22 	 Freq: 28.0 	 Demand: 654

Day 29, number of edges 15, number of routes 1

	Edges:

	Edge: 578 <--> 579 	 Freq: 28.0 	 Demand: 560
	Edge: 645 <--> 646 	 Freq: 28.0 	 Demand: 560
	Edge: 1013 <--> 1014 	 Freq: 28.0 	 Demand: 204
	Edge: 617 <--> 618 	 Freq: 28.0 	 Demand: 1122
	Edge: 1698 <--> 1710 	 Freq: 28.0 	 Demand: 204
	Edge: 1662 <--> 1663 	 Freq: 28.0 	 Demand: 1122
	Edge: 1600 <--> 1395 	 Freq: 28.0 	 Demand: 204
	Edge: 1426 <--> 1425 	 Freq: 28.0 	 Demand: 118
	Edge: 831 <--> 832 	 Freq: 28.0 	 Demand: 1308
	Edge: 1280 <--> 1281 	 Freq: 28.0 	 Demand: 1682
	Edge: 1243 <--> 1244 	 Freq: 28.0 	 Demand: 560
	Edge: 1159 <--> 970 	 Freq: 28.0 	 Demand: 118
	Edge: 1729 <--> 1730 	 Freq: 28.0 	 Demand: 560
	Edge: 1473 <--> 1474 	 Freq: 28.0 	 Demand: 1326
	Edge: 765 <--> 559 	 Freq: 28.0 	 Demand: 118

	Routes:

	Route: 1
	Route length (111279.0) and demand (9766)
	Edge: 617 <--> 618 	 Freq: 28.0 	 Demand: 1122
	Edge: 1013 <--> 1014 	 Freq: 28.0 	 Demand: 204
	Edge: 645 <--> 646 	 Freq: 28.0 	 Demand: 560
	Edge: 578 <--> 579 	 Freq: 28.0 	 Demand: 560
	Edge: 1159 <--> 970 	 Freq: 28.0 	 Demand: 118
	Edge: 765 <--> 559 	 Freq: 28.0 	 Demand: 118
	Edge: 831 <--> 832 	 Freq: 28.0 	 Demand: 1308
	Edge: 1243 <--> 1244 	 Freq: 28.0 	 Demand: 560
	Edge: 1280 <--> 1281 	 Freq: 28.0 	 Demand: 1682
	Edge: 1473 <--> 1474 	 Freq: 28.0 	 Demand: 1326
	Edge: 1729 <--> 1730 	 Freq: 28.0 	 Demand: 560
	Edge: 1698 <--> 1710 	 Freq: 28.0 	 Demand: 204
	Edge: 1600 <--> 1395 	 Freq: 28.0 	 Demand: 204
	Edge: 1426 <--> 1425 	 Freq: 28.0 	 Demand: 118
	Edge: 1662 <--> 1663 	 Freq: 28.0 	 Demand: 1122

Day 30, number of edges 15, number of routes 1

	Edges:

	Edge: 388 <--> 863 	 Freq: 28.0 	 Demand: 560
	Edge: 1495 <--> 1692 	 Freq: 28.0 	 Demand: 118
	Edge: 1389 <--> 1590 	 Freq: 28.0 	 Demand: 408
	Edge: 188 <--> 1061 	 Freq: 28.0 	 Demand: 654
	Edge: 582 <--> 581 	 Freq: 28.0 	 Demand: 118
	Edge: 1113 <--> 1114 	 Freq: 28.0 	 Demand: 408
	Edge: 938 <--> 939 	 Freq: 28.0 	 Demand: 560
	Edge: 1550 <--> 1551 	 Freq: 28.0 	 Demand: 1122
	Edge: 111 <--> 112 	 Freq: 28.0 	 Demand: 2244
	Edge: 701 <--> 702 	 Freq: 28.0 	 Demand: 1122
	Edge: 1168 <--> 1169 	 Freq: 28.0 	 Demand: 118
	Edge: 219 <--> 220 	 Freq: 28.0 	 Demand: 560
	Edge: 1347 <--> 1464 	 Freq: 28.0 	 Demand: 356
	Edge: 767 <--> 1175 	 Freq: 28.0 	 Demand: 1682
	Edge: 1552 <--> 1363 	 Freq: 28.0 	 Demand: 1036

	Routes:

	Route: 1
	Route length (133729.0) and demand (11066)
	Edge: 767 <--> 1175 	 Freq: 28.0 	 Demand: 1682
	Edge: 1389 <--> 1590 	 Freq: 28.0 	 Demand: 408
	Edge: 1495 <--> 1692 	 Freq: 28.0 	 Demand: 118
	Edge: 1550 <--> 1551 	 Freq: 28.0 	 Demand: 1122
	Edge: 1347 <--> 1464 	 Freq: 28.0 	 Demand: 356
	Edge: 1552 <--> 1363 	 Freq: 28.0 	 Demand: 1036
	Edge: 388 <--> 863 	 Freq: 28.0 	 Demand: 560
	Edge: 938 <--> 939 	 Freq: 28.0 	 Demand: 560
	Edge: 1113 <--> 1114 	 Freq: 28.0 	 Demand: 408
	Edge: 188 <--> 1061 	 Freq: 28.0 	 Demand: 654
	Edge: 582 <--> 581 	 Freq: 28.0 	 Demand: 118
	Edge: 111 <--> 112 	 Freq: 28.0 	 Demand: 2244
	Edge: 219 <--> 220 	 Freq: 28.0 	 Demand: 560
	Edge: 701 <--> 702 	 Freq: 28.0 	 Demand: 1122
	Edge: 1168 <--> 1169 	 Freq: 28.0 	 Demand: 118

Day 31, number of edges 17, number of routes 2

	Edges:

	Edge: 1331 <--> 1332 	 Freq: 28.0 	 Demand: 118
	Edge: 399 <--> 400 	 Freq: 28.0 	 Demand: 560
	Edge: 1608 <--> 1609 	 Freq: 28.0 	 Demand: 118
	Edge: 1324 <--> 1325 	 Freq: 28.0 	 Demand: 2244
	Edge: 993 <--> 842 	 Freq: 28.0 	 Demand: 118
	Edge: 220 <--> 320 	 Freq: 28.0 	 Demand: 560
	Edge: 1724 <--> 1725 	 Freq: 28.0 	 Demand: 1682
	Edge: 1472 <--> 1660 	 Freq: 28.0 	 Demand: 1122
	Edge: 766 <--> 484 	 Freq: 28.0 	 Demand: 1122
	Edge: 991 <--> 989 	 Freq: 28.0 	 Demand: 560
	Edge: 662 <--> 663 	 Freq: 28.0 	 Demand: 560
	Edge: 565 <--> 566 	 Freq: 28.0 	 Demand: 1682
	Edge: 28 <--> 761 	 Freq: 28.0 	 Demand: 3692
	Edge: 29 <--> 62 	 Freq: 28.0 	 Demand: 2618
	Edge: 60 <--> 61 	 Freq: 28.0 	 Demand: 1216
	Edge: 661 <--> 1158 	 Freq: 28.0 	 Demand: 340
	Edge: 660 <--> 661 	 Freq: 28.0 	 Demand: 654

	Routes:

	Route: 1
	Route length (107586.0) and demand (8204)
	Edge: 1331 <--> 1332 	 Freq: 28.0 	 Demand: 118
	Edge: 1608 <--> 1609 	 Freq: 28.0 	 Demand: 118
	Edge: 1472 <--> 1660 	 Freq: 28.0 	 Demand: 1122
	Edge: 1724 <--> 1725 	 Freq: 28.0 	 Demand: 1682
	Edge: 1324 <--> 1325 	 Freq: 28.0 	 Demand: 2244
	Edge: 993 <--> 842 	 Freq: 28.0 	 Demand: 118
	Edge: 220 <--> 320 	 Freq: 28.0 	 Demand: 560
	Edge: 766 <--> 484 	 Freq: 28.0 	 Demand: 1122
	Edge: 991 <--> 989 	 Freq: 28.0 	 Demand: 560
	Edge: 399 <--> 400 	 Freq: 28.0 	 Demand: 560
	Route: 2
	Route length (6265.0) and demand (10762)
	Edge: 28 <--> 761 	 Freq: 28.0 	 Demand: 3692
	Edge: 60 <--> 61 	 Freq: 28.0 	 Demand: 1216
	Edge: 29 <--> 62 	 Freq: 28.0 	 Demand: 2618
	Edge: 565 <--> 566 	 Freq: 28.0 	 Demand: 1682
	Edge: 662 <--> 663 	 Freq: 28.0 	 Demand: 560
	Edge: 661 <--> 1158 	 Freq: 28.0 	 Demand: 340
	Edge: 660 <--> 661 	 Freq: 28.0 	 Demand: 654

Day 32, number of edges 17, number of routes 2

	Edges:

	Edge: 1200 <--> 1201 	 Freq: 28.0 	 Demand: 764
	Edge: 1107 <--> 976 	 Freq: 28.0 	 Demand: 118
	Edge: 1663 <--> 1664 	 Freq: 28.0 	 Demand: 3926
	Edge: 1230 <--> 1231 	 Freq: 28.0 	 Demand: 560
	Edge: 313 <--> 219 	 Freq: 28.0 	 Demand: 340
	Edge: 1547 <--> 1734 	 Freq: 28.0 	 Demand: 118
	Edge: 1474 <--> 1475 	 Freq: 28.0 	 Demand: 2244
	Edge: 769 <--> 770 	 Freq: 28.0 	 Demand: 1122
	Edge: 140 <--> 295 	 Freq: 28.0 	 Demand: 1122
	Edge: 137 <--> 296 	 Freq: 28.0 	 Demand: 816
	Edge: 139 <--> 140 	 Freq: 28.0 	 Demand: 2244
	Edge: 1123 <--> 138 	 Freq: 28.0 	 Demand: 2244
	Edge: 667 <--> 668 	 Freq: 28.0 	 Demand: 2618
	Edge: 1124 <--> 1125 	 Freq: 28.0 	 Demand: 1122
	Edge: 429 <--> 430 	 Freq: 28.0 	 Demand: 560
	Edge: 1120 <--> 115 	 Freq: 28.0 	 Demand: 1122
	Edge: 1478 <--> 1479 	 Freq: 28.0 	 Demand: 1682

	Routes:

	Route: 1
	Route length (83155.0) and demand (10756)
	Edge: 769 <--> 770 	 Freq: 28.0 	 Demand: 1122
	Edge: 1200 <--> 1201 	 Freq: 28.0 	 Demand: 764
	Edge: 1230 <--> 1231 	 Freq: 28.0 	 Demand: 560
	Edge: 1547 <--> 1734 	 Freq: 28.0 	 Demand: 118
	Edge: 1474 <--> 1475 	 Freq: 28.0 	 Demand: 2244
	Edge: 1663 <--> 1664 	 Freq: 28.0 	 Demand: 3926
	Edge: 1478 <--> 1479 	 Freq: 28.0 	 Demand: 1682
	Edge: 313 <--> 219 	 Freq: 28.0 	 Demand: 340
	Route: 2
	Route length (44061.0) and demand (11966)
	Edge: 1107 <--> 976 	 Freq: 28.0 	 Demand: 118
	Edge: 140 <--> 295 	 Freq: 28.0 	 Demand: 1122
	Edge: 137 <--> 296 	 Freq: 28.0 	 Demand: 816
	Edge: 139 <--> 140 	 Freq: 28.0 	 Demand: 2244
	Edge: 1123 <--> 138 	 Freq: 28.0 	 Demand: 2244
	Edge: 1124 <--> 1125 	 Freq: 28.0 	 Demand: 1122
	Edge: 667 <--> 668 	 Freq: 28.0 	 Demand: 2618
	Edge: 429 <--> 430 	 Freq: 28.0 	 Demand: 560
	Edge: 1120 <--> 115 	 Freq: 28.0 	 Demand: 1122

Day 33, number of edges 0, number of routes 0

	Edges:


	Routes:


Day 34, number of edges 0, number of routes 0

	Edges:


	Routes:


Day 35, number of edges 17, number of routes 2

	Edges:

	Edge: 1148 <--> 1027 	 Freq: 28.0 	 Demand: 118
	Edge: 709 <--> 711 	 Freq: 28.0 	 Demand: 1216
	Edge: 1681 <--> 1693 	 Freq: 28.0 	 Demand: 1122
	Edge: 387 <--> 671 	 Freq: 28.0 	 Demand: 560
	Edge: 639 <--> 640 	 Freq: 28.0 	 Demand: 1122
	Edge: 774 <--> 783 	 Freq: 28.0 	 Demand: 560
	Edge: 847 <--> 843 	 Freq: 28.0 	 Demand: 714
	Edge: 896 <--> 897 	 Freq: 28.0 	 Demand: 1682
	Edge: 1605 <--> 1515 	 Freq: 28.0 	 Demand: 118
	Edge: 1346 <--> 1347 	 Freq: 28.0 	 Demand: 118
	Edge: 1216 <--> 1217 	 Freq: 28.0 	 Demand: 560
	Edge: 485 <--> 486 	 Freq: 28.0 	 Demand: 1682
	Edge: 838 <--> 839 	 Freq: 28.0 	 Demand: 560
	Edge: 45 <--> 46 	 Freq: 28.0 	 Demand: 654
	Edge: 1017 <--> 337 	 Freq: 28.0 	 Demand: 654
	Edge: 1017 <--> 1181 	 Freq: 28.0 	 Demand: 654
	Edge: 1224 <--> 1225 	 Freq: 28.0 	 Demand: 1122

	Routes:

	Route: 1
	Route length (96349.0) and demand (8894)
	Edge: 1605 <--> 1515 	 Freq: 28.0 	 Demand: 118
	Edge: 1681 <--> 1693 	 Freq: 28.0 	 Demand: 1122
	Edge: 1346 <--> 1347 	 Freq: 28.0 	 Demand: 118
	Edge: 1216 <--> 1217 	 Freq: 28.0 	 Demand: 560
	Edge: 1224 <--> 1225 	 Freq: 28.0 	 Demand: 1122
	Edge: 774 <--> 783 	 Freq: 28.0 	 Demand: 560
	Edge: 847 <--> 843 	 Freq: 28.0 	 Demand: 714
	Edge: 896 <--> 897 	 Freq: 28.0 	 Demand: 1682
	Edge: 709 <--> 711 	 Freq: 28.0 	 Demand: 1216
	Edge: 387 <--> 671 	 Freq: 28.0 	 Demand: 560
	Edge: 639 <--> 640 	 Freq: 28.0 	 Demand: 1122
	Route: 2
	Route length (8291.0) and demand (4322)
	Edge: 45 <--> 46 	 Freq: 28.0 	 Demand: 654
	Edge: 1148 <--> 1027 	 Freq: 28.0 	 Demand: 118
	Edge: 485 <--> 486 	 Freq: 28.0 	 Demand: 1682
	Edge: 1017 <--> 1181 	 Freq: 28.0 	 Demand: 654
	Edge: 1017 <--> 337 	 Freq: 28.0 	 Demand: 654
	Edge: 838 <--> 839 	 Freq: 28.0 	 Demand: 560

Day 36, number of edges 21, number of routes 2

	Edges:

	Edge: 1480 <--> 1481 	 Freq: 28.0 	 Demand: 1122
	Edge: 1634 <--> 1635 	 Freq: 28.0 	 Demand: 1122
	Edge: 907 <--> 908 	 Freq: 28.0 	 Demand: 1122
	Edge: 739 <--> 740 	 Freq: 28.0 	 Demand: 560
	Edge: 826 <--> 835 	 Freq: 28.0 	 Demand: 1122
	Edge: 155 <--> 1127 	 Freq: 28.0 	 Demand: 408
	Edge: 536 <--> 738 	 Freq: 28.0 	 Demand: 1308
	Edge: 1153 <--> 1154 	 Freq: 28.0 	 Demand: 1308
	Edge: 834 <--> 1015 	 Freq: 28.0 	 Demand: 1308
	Edge: 1157 <--> 659 	 Freq: 28.0 	 Demand: 204
	Edge: 752 <--> 1171 	 Freq: 28.0 	 Demand: 764
	Edge: 1636 <--> 1637 	 Freq: 28.0 	 Demand: 560
	Edge: 1637 <--> 1266 	 Freq: 28.0 	 Demand: 560
	Edge: 1265 <--> 1266 	 Freq: 28.0 	 Demand: 1598
	Edge: 1264 <--> 1263 	 Freq: 28.0 	 Demand: 1122
	Edge: 1536 <--> 1262 	 Freq: 28.0 	 Demand: 3366
	Edge: 1469 <--> 1482 	 Freq: 28.0 	 Demand: 3624
	Edge: 1204 <--> 1205 	 Freq: 28.0 	 Demand: 238
	Edge: 1720 <--> 1369 	 Freq: 28.0 	 Demand: 560
	Edge: 1472 <--> 1291 	 Freq: 28.0 	 Demand: 238
	Edge: 696 <--> 697 	 Freq: 28.0 	 Demand: 340

	Routes:

	Route: 1
	Route length (76702.0) and demand (10688)
	Edge: 536 <--> 738 	 Freq: 28.0 	 Demand: 1308
	Edge: 1153 <--> 1154 	 Freq: 28.0 	 Demand: 1308
	Edge: 834 <--> 1015 	 Freq: 28.0 	 Demand: 1308
	Edge: 1157 <--> 659 	 Freq: 28.0 	 Demand: 204
	Edge: 752 <--> 1171 	 Freq: 28.0 	 Demand: 764
	Edge: 739 <--> 740 	 Freq: 28.0 	 Demand: 560
	Edge: 826 <--> 835 	 Freq: 28.0 	 Demand: 1122
	Edge: 907 <--> 908 	 Freq: 28.0 	 Demand: 1122
	Edge: 155 <--> 1127 	 Freq: 28.0 	 Demand: 408
	Edge: 696 <--> 697 	 Freq: 28.0 	 Demand: 340
	Edge: 1634 <--> 1635 	 Freq: 28.0 	 Demand: 1122
	Edge: 1480 <--> 1481 	 Freq: 28.0 	 Demand: 1122
	Route: 2
	Route length (40312.0) and demand (11866)
	Edge: 1636 <--> 1637 	 Freq: 28.0 	 Demand: 560
	Edge: 1637 <--> 1266 	 Freq: 28.0 	 Demand: 560
	Edge: 1265 <--> 1266 	 Freq: 28.0 	 Demand: 1598
	Edge: 1264 <--> 1263 	 Freq: 28.0 	 Demand: 1122
	Edge: 1536 <--> 1262 	 Freq: 28.0 	 Demand: 3366
	Edge: 1469 <--> 1482 	 Freq: 28.0 	 Demand: 3624
	Edge: 1204 <--> 1205 	 Freq: 28.0 	 Demand: 238
	Edge: 1720 <--> 1369 	 Freq: 28.0 	 Demand: 560
	Edge: 1472 <--> 1291 	 Freq: 28.0 	 Demand: 238

Day 37, number of edges 17, number of routes 2

	Edges:

	Edge: 504 <--> 505 	 Freq: 28.0 	 Demand: 1122
	Edge: 192 <--> 815 	 Freq: 28.0 	 Demand: 560
	Edge: 904 <--> 905 	 Freq: 28.0 	 Demand: 560
	Edge: 1187 <--> 1188 	 Freq: 28.0 	 Demand: 3926
	Edge: 1367 <--> 1644 	 Freq: 28.0 	 Demand: 654
	Edge: 1644 <--> 1645 	 Freq: 28.0 	 Demand: 408
	Edge: 1639 <--> 1640 	 Freq: 28.0 	 Demand: 560
	Edge: 1705 <--> 1706 	 Freq: 28.0 	 Demand: 560
	Edge: 1667 <--> 1668 	 Freq: 28.0 	 Demand: 560
	Edge: 1531 <--> 1532 	 Freq: 28.0 	 Demand: 1122
	Edge: 1306 <--> 1307 	 Freq: 28.0 	 Demand: 1682
	Edge: 1270 <--> 1470 	 Freq: 28.0 	 Demand: 560
	Edge: 746 <--> 491 	 Freq: 28.0 	 Demand: 654
	Edge: 1155 <--> 1151 	 Freq: 28.0 	 Demand: 612
	Edge: 1715 <--> 1713 	 Freq: 28.0 	 Demand: 560
	Edge: 687 <--> 688 	 Freq: 28.0 	 Demand: 1308
	Edge: 1723 <--> 1726 	 Freq: 28.0 	 Demand: 356

	Routes:

	Route: 1
	Route length (50326.0) and demand (4816)
	Edge: 746 <--> 491 	 Freq: 28.0 	 Demand: 654
	Edge: 1155 <--> 1151 	 Freq: 28.0 	 Demand: 612
	Edge: 192 <--> 815 	 Freq: 28.0 	 Demand: 560
	Edge: 504 <--> 505 	 Freq: 28.0 	 Demand: 1122
	Edge: 904 <--> 905 	 Freq: 28.0 	 Demand: 560
	Edge: 687 <--> 688 	 Freq: 28.0 	 Demand: 1308
	Route: 2
	Route length (42299.0) and demand (10948)
	Edge: 1723 <--> 1726 	 Freq: 28.0 	 Demand: 356
	Edge: 1531 <--> 1532 	 Freq: 28.0 	 Demand: 1122
	Edge: 1667 <--> 1668 	 Freq: 28.0 	 Demand: 560
	Edge: 1705 <--> 1706 	 Freq: 28.0 	 Demand: 560
	Edge: 1639 <--> 1640 	 Freq: 28.0 	 Demand: 560
	Edge: 1644 <--> 1645 	 Freq: 28.0 	 Demand: 408
	Edge: 1367 <--> 1644 	 Freq: 28.0 	 Demand: 654
	Edge: 1187 <--> 1188 	 Freq: 28.0 	 Demand: 3926
	Edge: 1306 <--> 1307 	 Freq: 28.0 	 Demand: 1682
	Edge: 1270 <--> 1470 	 Freq: 28.0 	 Demand: 560
	Edge: 1715 <--> 1713 	 Freq: 28.0 	 Demand: 560

Day 38, number of edges 19, number of routes 3

	Edges:

	Edge: 346 <--> 347 	 Freq: 28.0 	 Demand: 952
	Edge: 132 <--> 133 	 Freq: 28.0 	 Demand: 1666
	Edge: 1132 <--> 249 	 Freq: 28.0 	 Demand: 560
	Edge: 1268 <--> 1269 	 Freq: 28.0 	 Demand: 238
	Edge: 1290 <--> 1289 	 Freq: 28.0 	 Demand: 560
	Edge: 1345 <--> 1290 	 Freq: 28.0 	 Demand: 680
	Edge: 1670 <--> 1345 	 Freq: 28.0 	 Demand: 204
	Edge: 654 <--> 655 	 Freq: 28.0 	 Demand: 654
	Edge: 1151 <--> 1001 	 Freq: 28.0 	 Demand: 560
	Edge: 860 <--> 1038 	 Freq: 28.0 	 Demand: 1122
	Edge: 1713 <--> 1342 	 Freq: 28.0 	 Demand: 1122
	Edge: 1716 <--> 1697 	 Freq: 28.0 	 Demand: 798
	Edge: 1552 <--> 1344 	 Freq: 28.0 	 Demand: 4216
	Edge: 1189 <--> 1466 	 Freq: 28.0 	 Demand: 1682
	Edge: 1202 <--> 1203 	 Freq: 28.0 	 Demand: 560
	Edge: 1214 <--> 1202 	 Freq: 28.0 	 Demand: 476
	Edge: 52 <--> 39 	 Freq: 28.0 	 Demand: 3970
	Edge: 39 <--> 40 	 Freq: 28.0 	 Demand: 3548
	Edge: 50 <--> 51 	 Freq: 28.0 	 Demand: 3986

	Routes:

	Route: 1
	Route length (22224.0) and demand (4562)
	Edge: 654 <--> 655 	 Freq: 28.0 	 Demand: 654
	Edge: 1151 <--> 1001 	 Freq: 28.0 	 Demand: 560
	Edge: 860 <--> 1038 	 Freq: 28.0 	 Demand: 1122
	Edge: 1132 <--> 249 	 Freq: 28.0 	 Demand: 560
	Edge: 132 <--> 133 	 Freq: 28.0 	 Demand: 1666
	Route: 2
	Route length (7788.0) and demand (11504)
	Edge: 52 <--> 39 	 Freq: 28.0 	 Demand: 3970
	Edge: 39 <--> 40 	 Freq: 28.0 	 Demand: 3548
	Edge: 50 <--> 51 	 Freq: 28.0 	 Demand: 3986
	Route: 3
	Route length (43944.0) and demand (11488)
	Edge: 346 <--> 347 	 Freq: 28.0 	 Demand: 952
	Edge: 1214 <--> 1202 	 Freq: 28.0 	 Demand: 476
	Edge: 1202 <--> 1203 	 Freq: 28.0 	 Demand: 560
	Edge: 1189 <--> 1466 	 Freq: 28.0 	 Demand: 1682
	Edge: 1268 <--> 1269 	 Freq: 28.0 	 Demand: 238
	Edge: 1290 <--> 1289 	 Freq: 28.0 	 Demand: 560
	Edge: 1345 <--> 1290 	 Freq: 28.0 	 Demand: 680
	Edge: 1670 <--> 1345 	 Freq: 28.0 	 Demand: 204
	Edge: 1552 <--> 1344 	 Freq: 28.0 	 Demand: 4216
	Edge: 1716 <--> 1697 	 Freq: 28.0 	 Demand: 798
	Edge: 1713 <--> 1342 	 Freq: 28.0 	 Demand: 1122

Day 39, number of edges 16, number of routes 2

	Edges:

	Edge: 930 <--> 931 	 Freq: 28.0 	 Demand: 204
	Edge: 902 <--> 903 	 Freq: 28.0 	 Demand: 654
	Edge: 381 <--> 382 	 Freq: 28.0 	 Demand: 118
	Edge: 280 <--> 1094 	 Freq: 28.0 	 Demand: 560
	Edge: 190 <--> 802 	 Freq: 28.0 	 Demand: 560
	Edge: 197 <--> 198 	 Freq: 28.0 	 Demand: 560
	Edge: 1162 <--> 533 	 Freq: 28.0 	 Demand: 1428
	Edge: 308 <--> 445 	 Freq: 28.0 	 Demand: 560
	Edge: 135 <--> 234 	 Freq: 28.0 	 Demand: 2788
	Edge: 657 <--> 654 	 Freq: 28.0 	 Demand: 1308
	Edge: 656 <--> 748 	 Freq: 28.0 	 Demand: 2430
	Edge: 1362 <--> 1714 	 Freq: 28.0 	 Demand: 560
	Edge: 1363 <--> 1348 	 Freq: 28.0 	 Demand: 560
	Edge: 736 <--> 737 	 Freq: 28.0 	 Demand: 1308
	Edge: 563 <--> 564 	 Freq: 28.0 	 Demand: 560
	Edge: 745 <--> 1172 	 Freq: 28.0 	 Demand: 2804

	Routes:

	Route: 1
	Route length (44069.0) and demand (10958)
	Edge: 563 <--> 564 	 Freq: 28.0 	 Demand: 560
	Edge: 736 <--> 737 	 Freq: 28.0 	 Demand: 1308
	Edge: 745 <--> 1172 	 Freq: 28.0 	 Demand: 2804
	Edge: 656 <--> 748 	 Freq: 28.0 	 Demand: 2430
	Edge: 657 <--> 654 	 Freq: 28.0 	 Demand: 1308
	Edge: 1162 <--> 533 	 Freq: 28.0 	 Demand: 1428
	Edge: 1362 <--> 1714 	 Freq: 28.0 	 Demand: 560
	Edge: 1363 <--> 1348 	 Freq: 28.0 	 Demand: 560
	Route: 2
	Route length (57046.0) and demand (6004)
	Edge: 308 <--> 445 	 Freq: 28.0 	 Demand: 560
	Edge: 135 <--> 234 	 Freq: 28.0 	 Demand: 2788
	Edge: 902 <--> 903 	 Freq: 28.0 	 Demand: 654
	Edge: 930 <--> 931 	 Freq: 28.0 	 Demand: 204
	Edge: 190 <--> 802 	 Freq: 28.0 	 Demand: 560
	Edge: 381 <--> 382 	 Freq: 28.0 	 Demand: 118
	Edge: 280 <--> 1094 	 Freq: 28.0 	 Demand: 560
	Edge: 197 <--> 198 	 Freq: 28.0 	 Demand: 560

Day 40, number of edges 0, number of routes 0

	Edges:


	Routes:


Day 41, number of edges 0, number of routes 0

	Edges:


	Routes:


Day 42, number of edges 15, number of routes 1

	Edges:

	Edge: 471 <--> 472 	 Freq: 28.0 	 Demand: 560
	Edge: 404 <--> 405 	 Freq: 28.0 	 Demand: 560
	Edge: 463 <--> 72 	 Freq: 28.0 	 Demand: 560
	Edge: 509 <--> 1100 	 Freq: 28.0 	 Demand: 560
	Edge: 1094 <--> 1095 	 Freq: 28.0 	 Demand: 560
	Edge: 110 <--> 1096 	 Freq: 28.0 	 Demand: 560
	Edge: 109 <--> 938 	 Freq: 28.0 	 Demand: 560
	Edge: 8 <--> 1023 	 Freq: 28.0 	 Demand: 654
	Edge: 773 <--> 774 	 Freq: 28.0 	 Demand: 560
	Edge: 445 <--> 446 	 Freq: 28.0 	 Demand: 798
	Edge: 231 <--> 153 	 Freq: 28.0 	 Demand: 356
	Edge: 690 <--> 692 	 Freq: 28.0 	 Demand: 1122
	Edge: 1152 <--> 771 	 Freq: 28.0 	 Demand: 654
	Edge: 1362 <--> 1292 	 Freq: 28.0 	 Demand: 3110
	Edge: 683 <--> 684 	 Freq: 28.0 	 Demand: 654

	Routes:

	Route: 1
	Route length (95492.0) and demand (11828)
	Edge: 1362 <--> 1292 	 Freq: 28.0 	 Demand: 3110
	Edge: 773 <--> 774 	 Freq: 28.0 	 Demand: 560
	Edge: 683 <--> 684 	 Freq: 28.0 	 Demand: 654
	Edge: 445 <--> 446 	 Freq: 28.0 	 Demand: 798
	Edge: 231 <--> 153 	 Freq: 28.0 	 Demand: 356
	Edge: 404 <--> 405 	 Freq: 28.0 	 Demand: 560
	Edge: 463 <--> 72 	 Freq: 28.0 	 Demand: 560
	Edge: 471 <--> 472 	 Freq: 28.0 	 Demand: 560
	Edge: 509 <--> 1100 	 Freq: 28.0 	 Demand: 560
	Edge: 1094 <--> 1095 	 Freq: 28.0 	 Demand: 560
	Edge: 109 <--> 938 	 Freq: 28.0 	 Demand: 560
	Edge: 110 <--> 1096 	 Freq: 28.0 	 Demand: 560
	Edge: 690 <--> 692 	 Freq: 28.0 	 Demand: 1122
	Edge: 1152 <--> 771 	 Freq: 28.0 	 Demand: 654
	Edge: 8 <--> 1023 	 Freq: 28.0 	 Demand: 654

Day 43, number of edges 20, number of routes 2

	Edges:

	Edge: 929 <--> 932 	 Freq: 28.0 	 Demand: 560
	Edge: 462 <--> 513 	 Freq: 28.0 	 Demand: 560
	Edge: 597 <--> 107 	 Freq: 28.0 	 Demand: 204
	Edge: 107 <--> 108 	 Freq: 28.0 	 Demand: 560
	Edge: 762 <--> 763 	 Freq: 28.0 	 Demand: 560
	Edge: 112 <--> 116 	 Freq: 28.0 	 Demand: 1122
	Edge: 1136 <--> 1137 	 Freq: 28.0 	 Demand: 560
	Edge: 323 <--> 321 	 Freq: 28.0 	 Demand: 1122
	Edge: 995 <--> 268 	 Freq: 28.0 	 Demand: 238
	Edge: 362 <--> 231 	 Freq: 28.0 	 Demand: 1428
	Edge: 691 <--> 746 	 Freq: 28.0 	 Demand: 560
	Edge: 747 <--> 482 	 Freq: 28.0 	 Demand: 1122
	Edge: 1292 <--> 1363 	 Freq: 28.0 	 Demand: 1326
	Edge: 643 <--> 644 	 Freq: 28.0 	 Demand: 714
	Edge: 1360 <--> 1708 	 Freq: 28.0 	 Demand: 118
	Edge: 1708 <--> 1310 	 Freq: 28.0 	 Demand: 1122
	Edge: 1310 <--> 1717 	 Freq: 28.0 	 Demand: 2804
	Edge: 1321 <--> 1362 	 Freq: 28.0 	 Demand: 1648
	Edge: 1320 <--> 1321 	 Freq: 28.0 	 Demand: 3734
	Edge: 1319 <--> 1320 	 Freq: 28.0 	 Demand: 2244

	Routes:

	Route: 1
	Route length (37954.0) and demand (10752)
	Edge: 1292 <--> 1363 	 Freq: 28.0 	 Demand: 1326
	Edge: 1320 <--> 1321 	 Freq: 28.0 	 Demand: 3734
	Edge: 1321 <--> 1362 	 Freq: 28.0 	 Demand: 1648
	Edge: 1310 <--> 1717 	 Freq: 28.0 	 Demand: 2804
	Edge: 1708 <--> 1310 	 Freq: 28.0 	 Demand: 1122
	Edge: 1360 <--> 1708 	 Freq: 28.0 	 Demand: 118
	Route: 2
	Route length (93290.0) and demand (11554)
	Edge: 747 <--> 482 	 Freq: 28.0 	 Demand: 1122
	Edge: 691 <--> 746 	 Freq: 28.0 	 Demand: 560
	Edge: 762 <--> 763 	 Freq: 28.0 	 Demand: 560
	Edge: 107 <--> 108 	 Freq: 28.0 	 Demand: 560
	Edge: 597 <--> 107 	 Freq: 28.0 	 Demand: 204
	Edge: 929 <--> 932 	 Freq: 28.0 	 Demand: 560
	Edge: 462 <--> 513 	 Freq: 28.0 	 Demand: 560
	Edge: 112 <--> 116 	 Freq: 28.0 	 Demand: 1122
	Edge: 362 <--> 231 	 Freq: 28.0 	 Demand: 1428
	Edge: 323 <--> 321 	 Freq: 28.0 	 Demand: 1122
	Edge: 995 <--> 268 	 Freq: 28.0 	 Demand: 238
	Edge: 643 <--> 644 	 Freq: 28.0 	 Demand: 714
	Edge: 1136 <--> 1137 	 Freq: 28.0 	 Demand: 560
	Edge: 1319 <--> 1320 	 Freq: 28.0 	 Demand: 2244

Day 44, number of edges 23, number of routes 3

	Edges:

	Edge: 841 <--> 994 	 Freq: 28.0 	 Demand: 476
	Edge: 996 <--> 997 	 Freq: 28.0 	 Demand: 1308
	Edge: 715 <--> 716 	 Freq: 28.0 	 Demand: 1326
	Edge: 1073 <--> 1074 	 Freq: 28.0 	 Demand: 1122
	Edge: 596 <--> 718 	 Freq: 28.0 	 Demand: 1122
	Edge: 153 <--> 1 	 Freq: 28.0 	 Demand: 560
	Edge: 825 <--> 826 	 Freq: 28.0 	 Demand: 892
	Edge: 482 <--> 483 	 Freq: 28.0 	 Demand: 1870
	Edge: 1214 <--> 1215 	 Freq: 28.0 	 Demand: 1682
	Edge: 1334 <--> 1672 	 Freq: 28.0 	 Demand: 560
	Edge: 1322 <--> 1323 	 Freq: 28.0 	 Demand: 1122
	Edge: 1341 <--> 1301 	 Freq: 28.0 	 Demand: 1122
	Edge: 1299 <--> 1300 	 Freq: 28.0 	 Demand: 1122
	Edge: 1674 <--> 1675 	 Freq: 28.0 	 Demand: 560
	Edge: 1673 <--> 1674 	 Freq: 28.0 	 Demand: 3926
	Edge: 1302 <--> 1303 	 Freq: 28.0 	 Demand: 560
	Edge: 1218 <--> 1219 	 Freq: 28.0 	 Demand: 2244
	Edge: 1465 <--> 1348 	 Freq: 28.0 	 Demand: 1122
	Edge: 570 <--> 571 	 Freq: 28.0 	 Demand: 408
	Edge: 1329 <--> 1330 	 Freq: 28.0 	 Demand: 3926
	Edge: 1350 <--> 1679 	 Freq: 28.0 	 Demand: 3366
	Edge: 1206 <--> 1207 	 Freq: 28.0 	 Demand: 3514
	Edge: 1208 <--> 1498 	 Freq: 28.0 	 Demand: 1122

	Routes:

	Route: 1
	Route length (72247.0) and demand (11930)
	Edge: 1073 <--> 1074 	 Freq: 28.0 	 Demand: 1122
	Edge: 596 <--> 718 	 Freq: 28.0 	 Demand: 1122
	Edge: 715 <--> 716 	 Freq: 28.0 	 Demand: 1326
	Edge: 153 <--> 1 	 Freq: 28.0 	 Demand: 560
	Edge: 996 <--> 997 	 Freq: 28.0 	 Demand: 1308
	Edge: 841 <--> 994 	 Freq: 28.0 	 Demand: 476
	Edge: 570 <--> 571 	 Freq: 28.0 	 Demand: 408
	Edge: 1214 <--> 1215 	 Freq: 28.0 	 Demand: 1682
	Edge: 1465 <--> 1348 	 Freq: 28.0 	 Demand: 1122
	Edge: 1341 <--> 1301 	 Freq: 28.0 	 Demand: 1122
	Edge: 1322 <--> 1323 	 Freq: 28.0 	 Demand: 1122
	Edge: 1334 <--> 1672 	 Freq: 28.0 	 Demand: 560
	Route: 2
	Route length (41281.0) and demand (11174)
	Edge: 482 <--> 483 	 Freq: 28.0 	 Demand: 1870
	Edge: 825 <--> 826 	 Freq: 28.0 	 Demand: 892
	Edge: 1218 <--> 1219 	 Freq: 28.0 	 Demand: 2244
	Edge: 1302 <--> 1303 	 Freq: 28.0 	 Demand: 560
	Edge: 1674 <--> 1675 	 Freq: 28.0 	 Demand: 560
	Edge: 1673 <--> 1674 	 Freq: 28.0 	 Demand: 3926
	Edge: 1299 <--> 1300 	 Freq: 28.0 	 Demand: 1122
	Route: 3
	Route length (42047.0) and demand (11928)
	Edge: 1329 <--> 1330 	 Freq: 28.0 	 Demand: 3926
	Edge: 1350 <--> 1679 	 Freq: 28.0 	 Demand: 3366
	Edge: 1206 <--> 1207 	 Freq: 28.0 	 Demand: 3514
	Edge: 1208 <--> 1498 	 Freq: 28.0 	 Demand: 1122

Day 45, number of edges 19, number of routes 2

	Edges:

	Edge: 678 <--> 677 	 Freq: 28.0 	 Demand: 560
	Edge: 826 <--> 1167 	 Freq: 28.0 	 Demand: 118
	Edge: 1022 <--> 764 	 Freq: 28.0 	 Demand: 118
	Edge: 727 <--> 728 	 Freq: 28.0 	 Demand: 340
	Edge: 726 <--> 727 	 Freq: 28.0 	 Demand: 118
	Edge: 1076 <--> 1077 	 Freq: 28.0 	 Demand: 1682
	Edge: 270 <--> 401 	 Freq: 28.0 	 Demand: 764
	Edge: 699 <--> 700 	 Freq: 28.0 	 Demand: 118
	Edge: 916 <--> 1081 	 Freq: 28.0 	 Demand: 3926
	Edge: 729 <--> 731 	 Freq: 28.0 	 Demand: 4210
	Edge: 1553 <--> 1214 	 Freq: 28.0 	 Demand: 1682
	Edge: 757 <--> 758 	 Freq: 28.0 	 Demand: 1682
	Edge: 1174 <--> 35 	 Freq: 28.0 	 Demand: 408
	Edge: 534 <--> 535 	 Freq: 28.0 	 Demand: 654
	Edge: 535 <--> 1165 	 Freq: 28.0 	 Demand: 560
	Edge: 535 <--> 823 	 Freq: 28.0 	 Demand: 560
	Edge: 1167 <--> 823 	 Freq: 28.0 	 Demand: 1394
	Edge: 823 <--> 824 	 Freq: 28.0 	 Demand: 798
	Edge: 480 <--> 481 	 Freq: 28.0 	 Demand: 3926

	Routes:

	Route: 1
	Route length (41014.0) and demand (11900)
	Edge: 1553 <--> 1214 	 Freq: 28.0 	 Demand: 1682
	Edge: 535 <--> 1165 	 Freq: 28.0 	 Demand: 560
	Edge: 1167 <--> 823 	 Freq: 28.0 	 Demand: 1394
	Edge: 823 <--> 824 	 Freq: 28.0 	 Demand: 798
	Edge: 535 <--> 823 	 Freq: 28.0 	 Demand: 560
	Edge: 534 <--> 535 	 Freq: 28.0 	 Demand: 654
	Edge: 1174 <--> 35 	 Freq: 28.0 	 Demand: 408
	Edge: 757 <--> 758 	 Freq: 28.0 	 Demand: 1682
	Edge: 1022 <--> 764 	 Freq: 28.0 	 Demand: 118
	Edge: 826 <--> 1167 	 Freq: 28.0 	 Demand: 118
	Edge: 480 <--> 481 	 Freq: 28.0 	 Demand: 3926
	Route: 2
	Route length (35019.0) and demand (11718)
	Edge: 729 <--> 731 	 Freq: 28.0 	 Demand: 4210
	Edge: 916 <--> 1081 	 Freq: 28.0 	 Demand: 3926
	Edge: 699 <--> 700 	 Freq: 28.0 	 Demand: 118
	Edge: 270 <--> 401 	 Freq: 28.0 	 Demand: 764
	Edge: 1076 <--> 1077 	 Freq: 28.0 	 Demand: 1682
	Edge: 726 <--> 727 	 Freq: 28.0 	 Demand: 118
	Edge: 727 <--> 728 	 Freq: 28.0 	 Demand: 340
	Edge: 678 <--> 677 	 Freq: 28.0 	 Demand: 560

Day 46, number of edges 17, number of routes 3

	Edges:

	Edge: 75 <--> 403 	 Freq: 28.0 	 Demand: 560
	Edge: 1121 <--> 1122 	 Freq: 28.0 	 Demand: 1122
	Edge: 111 <--> 158 	 Freq: 28.0 	 Demand: 560
	Edge: 323 <--> 443 	 Freq: 28.0 	 Demand: 560
	Edge: 156 <--> 249 	 Freq: 28.0 	 Demand: 560
	Edge: 1652 <--> 1423 	 Freq: 28.0 	 Demand: 204
	Edge: 1023 <--> 1022 	 Freq: 28.0 	 Demand: 408
	Edge: 1553 <--> 1642 	 Freq: 28.0 	 Demand: 560
	Edge: 180 <--> 181 	 Freq: 28.0 	 Demand: 1308
	Edge: 24 <--> 25 	 Freq: 28.0 	 Demand: 560
	Edge: 23 <--> 24 	 Freq: 28.0 	 Demand: 3638
	Edge: 172 <--> 848 	 Freq: 28.0 	 Demand: 1682
	Edge: 487 <--> 488 	 Freq: 28.0 	 Demand: 2618
	Edge: 820 <--> 821 	 Freq: 28.0 	 Demand: 1308
	Edge: 1021 <--> 819 	 Freq: 28.0 	 Demand: 654
	Edge: 37 <--> 38 	 Freq: 28.0 	 Demand: 1546
	Edge: 808 <--> 809 	 Freq: 28.0 	 Demand: 3694

	Routes:

	Route: 1
	Route length (11595.0) and demand (8906)
	Edge: 172 <--> 848 	 Freq: 28.0 	 Demand: 1682
	Edge: 487 <--> 488 	 Freq: 28.0 	 Demand: 2618
	Edge: 1023 <--> 1022 	 Freq: 28.0 	 Demand: 408
	Edge: 23 <--> 24 	 Freq: 28.0 	 Demand: 3638
	Edge: 24 <--> 25 	 Freq: 28.0 	 Demand: 560
	Route: 2
	Route length (2943.0) and demand (7202)
	Edge: 820 <--> 821 	 Freq: 28.0 	 Demand: 1308
	Edge: 1021 <--> 819 	 Freq: 28.0 	 Demand: 654
	Edge: 37 <--> 38 	 Freq: 28.0 	 Demand: 1546
	Edge: 808 <--> 809 	 Freq: 28.0 	 Demand: 3694
	Route: 3
	Route length (76368.0) and demand (5434)
	Edge: 75 <--> 403 	 Freq: 28.0 	 Demand: 560
	Edge: 1121 <--> 1122 	 Freq: 28.0 	 Demand: 1122
	Edge: 111 <--> 158 	 Freq: 28.0 	 Demand: 560
	Edge: 156 <--> 249 	 Freq: 28.0 	 Demand: 560
	Edge: 323 <--> 443 	 Freq: 28.0 	 Demand: 560
	Edge: 180 <--> 181 	 Freq: 28.0 	 Demand: 1308
	Edge: 1553 <--> 1642 	 Freq: 28.0 	 Demand: 560
	Edge: 1652 <--> 1423 	 Freq: 28.0 	 Demand: 204

Day 47, number of edges 0, number of routes 0

	Edges:


	Routes:


Day 48, number of edges 0, number of routes 0

	Edges:


	Routes:


Day 49, number of edges 18, number of routes 2

	Edges:

	Edge: 543 <--> 478 	 Freq: 28.0 	 Demand: 204
	Edge: 479 <--> 693 	 Freq: 28.0 	 Demand: 526
	Edge: 693 <--> 861 	 Freq: 28.0 	 Demand: 1122
	Edge: 861 <--> 862 	 Freq: 28.0 	 Demand: 204
	Edge: 1028 <--> 1026 	 Freq: 28.0 	 Demand: 118
	Edge: 1238 <--> 1239 	 Freq: 28.0 	 Demand: 1122
	Edge: 839 <--> 1018 	 Freq: 28.0 	 Demand: 118
	Edge: 1173 <--> 1024 	 Freq: 28.0 	 Demand: 322
	Edge: 1669 <--> 1212 	 Freq: 28.0 	 Demand: 204
	Edge: 1048 <--> 754 	 Freq: 28.0 	 Demand: 1216
	Edge: 755 <--> 756 	 Freq: 28.0 	 Demand: 2040
	Edge: 550 <--> 551 	 Freq: 28.0 	 Demand: 3578
	Edge: 551 <--> 542 	 Freq: 28.0 	 Demand: 654
	Edge: 541 <--> 542 	 Freq: 28.0 	 Demand: 1326
	Edge: 43 <--> 44 	 Freq: 28.0 	 Demand: 1122
	Edge: 685 <--> 686 	 Freq: 28.0 	 Demand: 2618
	Edge: 48 <--> 49 	 Freq: 28.0 	 Demand: 2618
	Edge: 849 <--> 850 	 Freq: 28.0 	 Demand: 1682

	Routes:

	Route: 1
	Route length (52059.0) and demand (9688)
	Edge: 849 <--> 850 	 Freq: 28.0 	 Demand: 1682
	Edge: 48 <--> 49 	 Freq: 28.0 	 Demand: 2618
	Edge: 1173 <--> 1024 	 Freq: 28.0 	 Demand: 322
	Edge: 685 <--> 686 	 Freq: 28.0 	 Demand: 2618
	Edge: 43 <--> 44 	 Freq: 28.0 	 Demand: 1122
	Edge: 1669 <--> 1212 	 Freq: 28.0 	 Demand: 204
	Edge: 1238 <--> 1239 	 Freq: 28.0 	 Demand: 1122
	Route: 2
	Route length (9122.0) and demand (11106)
	Edge: 479 <--> 693 	 Freq: 28.0 	 Demand: 526
	Edge: 693 <--> 861 	 Freq: 28.0 	 Demand: 1122
	Edge: 543 <--> 478 	 Freq: 28.0 	 Demand: 204
	Edge: 1028 <--> 1026 	 Freq: 28.0 	 Demand: 118
	Edge: 861 <--> 862 	 Freq: 28.0 	 Demand: 204
	Edge: 541 <--> 542 	 Freq: 28.0 	 Demand: 1326
	Edge: 551 <--> 542 	 Freq: 28.0 	 Demand: 654
	Edge: 550 <--> 551 	 Freq: 28.0 	 Demand: 3578
	Edge: 755 <--> 756 	 Freq: 28.0 	 Demand: 2040
	Edge: 1048 <--> 754 	 Freq: 28.0 	 Demand: 1216
	Edge: 839 <--> 1018 	 Freq: 28.0 	 Demand: 118

Day 50, number of edges 15, number of routes 1

	Edges:

	Edge: 1004 <--> 1005 	 Freq: 28.0 	 Demand: 356
	Edge: 1065 <--> 1066 	 Freq: 28.0 	 Demand: 560
	Edge: 349 <--> 350 	 Freq: 28.0 	 Demand: 118
	Edge: 1387 <--> 1201 	 Freq: 28.0 	 Demand: 238
	Edge: 981 <--> 807 	 Freq: 28.0 	 Demand: 204
	Edge: 1400 <--> 1401 	 Freq: 28.0 	 Demand: 560
	Edge: 58 <--> 59 	 Freq: 28.0 	 Demand: 118
	Edge: 1732 <--> 1381 	 Freq: 28.0 	 Demand: 560
	Edge: 1278 <--> 1279 	 Freq: 28.0 	 Demand: 560
	Edge: 1048 <--> 866 	 Freq: 28.0 	 Demand: 654
	Edge: 1376 <--> 1719 	 Freq: 28.0 	 Demand: 2244
	Edge: 319 <--> 318 	 Freq: 28.0 	 Demand: 118
	Edge: 859 <--> 1018 	 Freq: 28.0 	 Demand: 1954
	Edge: 476 <--> 489 	 Freq: 28.0 	 Demand: 1308
	Edge: 637 <--> 638 	 Freq: 28.0 	 Demand: 1122

	Routes:

	Route: 1
	Route length (130771.0) and demand (10674)
	Edge: 981 <--> 807 	 Freq: 28.0 	 Demand: 204
	Edge: 1065 <--> 1066 	 Freq: 28.0 	 Demand: 560
	Edge: 349 <--> 350 	 Freq: 28.0 	 Demand: 118
	Edge: 1004 <--> 1005 	 Freq: 28.0 	 Demand: 356
	Edge: 1048 <--> 866 	 Freq: 28.0 	 Demand: 654
	Edge: 859 <--> 1018 	 Freq: 28.0 	 Demand: 1954
	Edge: 637 <--> 638 	 Freq: 28.0 	 Demand: 1122
	Edge: 476 <--> 489 	 Freq: 28.0 	 Demand: 1308
	Edge: 58 <--> 59 	 Freq: 28.0 	 Demand: 118
	Edge: 319 <--> 318 	 Freq: 28.0 	 Demand: 118
	Edge: 1732 <--> 1381 	 Freq: 28.0 	 Demand: 560
	Edge: 1278 <--> 1279 	 Freq: 28.0 	 Demand: 560
	Edge: 1376 <--> 1719 	 Freq: 28.0 	 Demand: 2244
	Edge: 1400 <--> 1401 	 Freq: 28.0 	 Demand: 560
	Edge: 1387 <--> 1201 	 Freq: 28.0 	 Demand: 238

Day 51, number of edges 15, number of routes 1

	Edges:

	Edge: 1510 <--> 1653 	 Freq: 28.0 	 Demand: 1020
	Edge: 807 <--> 594 	 Freq: 28.0 	 Demand: 238
	Edge: 1727 <--> 1728 	 Freq: 28.0 	 Demand: 654
	Edge: 1696 <--> 1460 	 Freq: 28.0 	 Demand: 560
	Edge: 970 <--> 1160 	 Freq: 28.0 	 Demand: 238
	Edge: 1327 <--> 1560 	 Freq: 28.0 	 Demand: 118
	Edge: 1183 <--> 1184 	 Freq: 28.0 	 Demand: 1598
	Edge: 559 <--> 560 	 Freq: 28.0 	 Demand: 118
	Edge: 342 <--> 1064 	 Freq: 28.0 	 Demand: 1308
	Edge: 803 <--> 1103 	 Freq: 28.0 	 Demand: 340
	Edge: 514 <--> 1115 	 Freq: 28.0 	 Demand: 1122
	Edge: 800 <--> 801 	 Freq: 28.0 	 Demand: 356
	Edge: 948 <--> 1110 	 Freq: 28.0 	 Demand: 204
	Edge: 806 <--> 1092 	 Freq: 28.0 	 Demand: 560
	Edge: 948 <--> 949 	 Freq: 28.0 	 Demand: 654

	Routes:

	Route: 1
	Route length (105587.0) and demand (9088)
	Edge: 1510 <--> 1653 	 Freq: 28.0 	 Demand: 1020
	Edge: 1727 <--> 1728 	 Freq: 28.0 	 Demand: 654
	Edge: 1327 <--> 1560 	 Freq: 28.0 	 Demand: 118
	Edge: 1183 <--> 1184 	 Freq: 28.0 	 Demand: 1598
	Edge: 1696 <--> 1460 	 Freq: 28.0 	 Demand: 560
	Edge: 342 <--> 1064 	 Freq: 28.0 	 Demand: 1308
	Edge: 559 <--> 560 	 Freq: 28.0 	 Demand: 118
	Edge: 970 <--> 1160 	 Freq: 28.0 	 Demand: 238
	Edge: 807 <--> 594 	 Freq: 28.0 	 Demand: 238
	Edge: 800 <--> 801 	 Freq: 28.0 	 Demand: 356
	Edge: 514 <--> 1115 	 Freq: 28.0 	 Demand: 1122
	Edge: 806 <--> 1092 	 Freq: 28.0 	 Demand: 560
	Edge: 948 <--> 1110 	 Freq: 28.0 	 Demand: 204
	Edge: 948 <--> 949 	 Freq: 28.0 	 Demand: 654
	Edge: 803 <--> 1103 	 Freq: 28.0 	 Demand: 340

Day 52, number of edges 15, number of routes 2

	Edges:

	Edge: 20 <--> 1049 	 Freq: 28.0 	 Demand: 560
	Edge: 641 <--> 642 	 Freq: 28.0 	 Demand: 560
	Edge: 1650 <--> 1511 	 Freq: 28.0 	 Demand: 560
	Edge: 199 <--> 200 	 Freq: 28.0 	 Demand: 560
	Edge: 1285 <--> 1286 	 Freq: 28.0 	 Demand: 560
	Edge: 741 <--> 742 	 Freq: 28.0 	 Demand: 322
	Edge: 1252 <--> 1253 	 Freq: 28.0 	 Demand: 3366
	Edge: 824 <--> 838 	 Freq: 28.0 	 Demand: 654
	Edge: 1348 <--> 1290 	 Freq: 28.0 	 Demand: 1444
	Edge: 1476 <--> 1499 	 Freq: 28.0 	 Demand: 1682
	Edge: 530 <--> 531 	 Freq: 28.0 	 Demand: 118
	Edge: 511 <--> 924 	 Freq: 28.0 	 Demand: 654
	Edge: 1149 <--> 1150 	 Freq: 28.0 	 Demand: 952
	Edge: 803 <--> 804 	 Freq: 28.0 	 Demand: 204
	Edge: 1106 <--> 1111 	 Freq: 28.0 	 Demand: 560

	Routes:

	Route: 1
	Route length (44317.0) and demand (5144)
	Edge: 1106 <--> 1111 	 Freq: 28.0 	 Demand: 560
	Edge: 511 <--> 924 	 Freq: 28.0 	 Demand: 654
	Edge: 803 <--> 804 	 Freq: 28.0 	 Demand: 204
	Edge: 641 <--> 642 	 Freq: 28.0 	 Demand: 560
	Edge: 199 <--> 200 	 Freq: 28.0 	 Demand: 560
	Edge: 530 <--> 531 	 Freq: 28.0 	 Demand: 118
	Edge: 1149 <--> 1150 	 Freq: 28.0 	 Demand: 952
	Edge: 20 <--> 1049 	 Freq: 28.0 	 Demand: 560
	Edge: 741 <--> 742 	 Freq: 28.0 	 Demand: 322
	Edge: 824 <--> 838 	 Freq: 28.0 	 Demand: 654
	Route: 2
	Route length (58431.0) and demand (7612)
	Edge: 1650 <--> 1511 	 Freq: 28.0 	 Demand: 560
	Edge: 1252 <--> 1253 	 Freq: 28.0 	 Demand: 3366
	Edge: 1348 <--> 1290 	 Freq: 28.0 	 Demand: 1444
	Edge: 1476 <--> 1499 	 Freq: 28.0 	 Demand: 1682
	Edge: 1285 <--> 1286 	 Freq: 28.0 	 Demand: 560

Day 53, number of edges 15, number of routes 2

	Edges:

	Edge: 578 <--> 579 	 Freq: 28.0 	 Demand: 560
	Edge: 1013 <--> 1014 	 Freq: 28.0 	 Demand: 204
	Edge: 781 <--> 817 	 Freq: 28.0 	 Demand: 118
	Edge: 1691 <--> 1495 	 Freq: 28.0 	 Demand: 968
	Edge: 625 <--> 381 	 Freq: 28.0 	 Demand: 204
	Edge: 831 <--> 832 	 Freq: 28.0 	 Demand: 1308
	Edge: 1326 <--> 1217 	 Freq: 28.0 	 Demand: 560
	Edge: 1276 <--> 1277 	 Freq: 28.0 	 Demand: 764
	Edge: 971 <--> 1048 	 Freq: 28.0 	 Demand: 1334
	Edge: 1249 <--> 1666 	 Freq: 28.0 	 Demand: 118
	Edge: 318 <--> 1118 	 Freq: 28.0 	 Demand: 118
	Edge: 1019 <--> 860 	 Freq: 28.0 	 Demand: 560
	Edge: 30 <--> 31 	 Freq: 28.0 	 Demand: 1122
	Edge: 477 <--> 490 	 Freq: 28.0 	 Demand: 1308
	Edge: 494 <--> 664 	 Freq: 28.0 	 Demand: 4108

	Routes:

	Route: 1
	Route length (53386.0) and demand (6718)
	Edge: 477 <--> 490 	 Freq: 28.0 	 Demand: 1308
	Edge: 30 <--> 31 	 Freq: 28.0 	 Demand: 1122
	Edge: 831 <--> 832 	 Freq: 28.0 	 Demand: 1308
	Edge: 1019 <--> 860 	 Freq: 28.0 	 Demand: 560
	Edge: 971 <--> 1048 	 Freq: 28.0 	 Demand: 1334
	Edge: 578 <--> 579 	 Freq: 28.0 	 Demand: 560
	Edge: 781 <--> 817 	 Freq: 28.0 	 Demand: 118
	Edge: 1013 <--> 1014 	 Freq: 28.0 	 Demand: 204
	Edge: 625 <--> 381 	 Freq: 28.0 	 Demand: 204
	Route: 2
	Route length (75196.0) and demand (6636)
	Edge: 318 <--> 1118 	 Freq: 28.0 	 Demand: 118
	Edge: 494 <--> 664 	 Freq: 28.0 	 Demand: 4108
	Edge: 1276 <--> 1277 	 Freq: 28.0 	 Demand: 764
	Edge: 1326 <--> 1217 	 Freq: 28.0 	 Demand: 560
	Edge: 1249 <--> 1666 	 Freq: 28.0 	 Demand: 118
	Edge: 1691 <--> 1495 	 Freq: 28.0 	 Demand: 968

Day 54, number of edges 0, number of routes 0

	Edges:


	Routes:


Day 55, number of edges 0, number of routes 0

	Edges:


	Routes:





Phase 1 ended! Current time: 2026-08-09 02:40:20.026701
Phase 1 Report:
Iteration count: 1
Last iteration time: 0.0
Average iteration time: 0.0
Current score: 142676469.0


Phase 2 (only move_services) mid-report:
Iteration count: 1
Last iteration time: 0.859377384185791
Average iteration time: 0.859377384185791
Current score: 141680778.0


Phase 2 (only move_services) ended! Current time: 2026-08-09 02:43:01.651696
Phase 2 (only move_services) Report:
Iteration count: 93
Last iteration time: 0.4687490463256836
Average iteration time: 1.6957325627726891
Current score: 52292844.0


Phase 3 (using only swap_services) mid-report:
Iteration count: 1
Last iteration time: 0.9375007152557373
Average iteration time: 0.9375007152557373
Current score: 52225206.0


Phase 3 (using only swap_services) ended! Current time: 2026-08-09 02:46:22.974130
Phase 3 (using only swap_services) Report:
Iteration count: 171
Last iteration time: 0.2500126361846924
Average iteration time: 0.8003139370366146
Current score: 51653650.0


Phase 4 (routing operators) mid-report:
Current day: 0
Iteration count: 1
Last iteration time: 0.01562809944152832
Average iteration time: 0.01562809944152832
Current score: 51653650.0


Phase 4 (routing operators) day 0 ended!
Phase 4 (routing operators) day report:
Current Iteration count: 1
Last iteration time: 0.01562809944152832
Average iteration time: 0.01562809944152832
Current score: 51653650.0


Phase 4 (routing operators) day 1 ended!
Phase 4 (routing operators) day report:
Current Iteration count: 2
Last iteration time: 0.015623807907104492
Average iteration time: 0.015625953674316406
Current score: 51653650.0


Phase 4 (routing operators) day 2 ended!
Phase 4 (routing operators) day report:
Current Iteration count: 5
Last iteration time: 0.015623092651367188
Average iteration time: 0.23125114440917968
Current score: 51644794.0


Phase 4 (routing operators) day 3 ended!
Phase 4 (routing operators) day report:
Current Iteration count: 15
Last iteration time: 0.0
Average iteration time: 0.23437512715657552
Current score: 51597293.0


Phase 4 (routing operators) day 4 ended!
Phase 4 (routing operators) day report:
Current Iteration count: 18
Last iteration time: 0.0
Average iteration time: 0.22222240765889487
Current score: 51588779.0


Phase 4 (routing operators) day 7 ended!
Phase 4 (routing operators) day report:
Current Iteration count: 19
Last iteration time: 0.01562666893005371
Average iteration time: 0.21134894772579796
Current score: 51588779.0


Phase 4 (routing operators) day 8 ended!
Phase 4 (routing operators) day report:
Current Iteration count: 20
Last iteration time: 0.0
Average iteration time: 0.20078150033950806
Current score: 51588779.0


Phase 4 (routing operators) day 9 ended!
Phase 4 (routing operators) day report:
Current Iteration count: 23
Last iteration time: 0.015627622604370117
Average iteration time: 0.18070683271988575
Current score: 51516851.0


Phase 4 (routing operators) day 10 ended!
Phase 4 (routing operators) day report:
Current Iteration count: 29
Last iteration time: 0.015624523162841797
Average iteration time: 0.16756504979626882
Current score: 51439154.0


Phase 4 (routing operators) day 11 ended!
Phase 4 (routing operators) day report:
Current Iteration count: 34
Last iteration time: 0.0
Average iteration time: 0.15441206623526174
Current score: 51426194.0


Phase 4 (routing operators) day 14 ended!
Phase 4 (routing operators) day report:
Current Iteration count: 35
Last iteration time: 0.015626192092895508
Average iteration time: 0.15044675554547984
Current score: 51426194.0


Phase 4 (routing operators) day 15 ended!
Phase 4 (routing operators) day report:
Current Iteration count: 39
Last iteration time: 0.0
Average iteration time: 0.13902268042931182
Current score: 51379439.0


Phase 4 (routing operators) day 16 ended!
Phase 4 (routing operators) day report:
Current Iteration count: 45
Last iteration time: 0.0
Average iteration time: 0.13437518543667257
Current score: 51335700.0


Phase 4 (routing operators) day 17 ended!
Phase 4 (routing operators) day report:
Current Iteration count: 50
Last iteration time: 0.01562809944152832
Average iteration time: 0.1312502717971801
Current score: 51262416.0


Phase 4 (routing operators) day 18 ended!
Phase 4 (routing operators) day report:
Current Iteration count: 55
Last iteration time: 0.0
Average iteration time: 0.12443203926086416
Current score: 51214122.0


Phase 4 (routing operators) day 21 ended!
Phase 4 (routing operators) day report:
Current Iteration count: 61
Last iteration time: 0.015621185302734375
Average iteration time: 0.11962110878991292
Current score: 51161143.0


Phase 4 (routing operators) day 22 ended!
Phase 4 (routing operators) day report:
Current Iteration count: 66
Last iteration time: 0.0
Average iteration time: 0.11553049087524407
Current score: 51135982.0


Phase 4 (routing operators) day 23 ended!
Phase 4 (routing operators) day report:
Current Iteration count: 72
Last iteration time: 0.015625953674316406
Average iteration time: 0.11176232496897374
Current score: 51053437.0


Phase 4 (routing operators) day 24 ended!
Phase 4 (routing operators) day report:
Current Iteration count: 76
Last iteration time: 0.0156252384185791
Average iteration time: 0.1095807458225049
Current score: 50971459.0


Phase 4 (routing operators) day 25 ended!
Phase 4 (routing operators) day report:
Current Iteration count: 81
Last iteration time: 0.0
Average iteration time: 0.10898938296753678
Current score: 50956648.0


Phase 4 (routing operators) day 28 ended!
Phase 4 (routing operators) day report:
Current Iteration count: 85
Last iteration time: 0.0
Average iteration time: 0.10772076214061059
Current score: 50909949.0


Phase 4 (routing operators) day 29 ended!
Phase 4 (routing operators) day report:
Current Iteration count: 88
Last iteration time: 0.0
Average iteration time: 0.10458111221140078
Current score: 50871895.0


Phase 4 (routing operators) day 30 ended!
Phase 4 (routing operators) day report:
Current Iteration count: 96
Last iteration time: 0.015625715255737305
Average iteration time: 0.10286472489436463
Current score: 50782232.0


Phase 4 (routing operators) day 31 ended!
Phase 4 (routing operators) day report:
Current Iteration count: 99
Last iteration time: 0.01562190055847168
Average iteration time: 0.10211501217851732
Current score: 50716759.0


Phase 4 (routing operators) day 32 ended!
Phase 4 (routing operators) day report:
Current Iteration count: 100
Last iteration time: 0.0
Average iteration time: 0.10109386205673214
Current score: 50716759.0


Phase 4 (routing operators) day 35 ended!
Phase 4 (routing operators) day report:
Current Iteration count: 104
Last iteration time: 0.015620231628417969
Average iteration time: 0.09990992912879354
Current score: 50698846.0


Phase 4 (routing operators) day 36 ended!
Phase 4 (routing operators) day report:
Current Iteration count: 107
Last iteration time: 0.01562356948852539
Average iteration time: 0.10061338905976194
Current score: 50688205.0


Phase 4 (routing operators) day 37 ended!
Phase 4 (routing operators) day report:
Current Iteration count: 111
Last iteration time: 0.0
Average iteration time: 0.0999437753144685
Current score: 50668166.0


Phase 4 (routing operators) day 38 ended!
Phase 4 (routing operators) day report:
Current Iteration count: 113
Last iteration time: 0.015627384185791016
Average iteration time: 0.09941937860134427
Current score: 50664994.0


Phase 4 (routing operators) day 39 ended!
Phase 4 (routing operators) day report:
Current Iteration count: 119
Last iteration time: 0.0
Average iteration time: 0.10031524425795095
Current score: 50644371.0


Phase 4 (routing operators) day 42 ended!
Phase 4 (routing operators) day report:
Current Iteration count: 124
Last iteration time: 0.0
Average iteration time: 0.09916843137433451
Current score: 50628887.0


Phase 4 (routing operators) day 43 ended!
Phase 4 (routing operators) day report:
Current Iteration count: 129
Last iteration time: 0.01562643051147461
Average iteration time: 0.10053304369135418
Current score: 50593877.0


Phase 4 (routing operators) day 44 ended!
Phase 4 (routing operators) day report:
Current Iteration count: 134
Last iteration time: 0.0
Average iteration time: 0.10494413304684766
Current score: 50573227.0


Phase 4 (routing operators) day 45 ended!
Phase 4 (routing operators) day report:
Current Iteration count: 136
Last iteration time: 0.0
Average iteration time: 0.10454972877221948
Current score: 50570379.0


Phase 4 (routing operators) day 46 ended!
Phase 4 (routing operators) day report:
Current Iteration count: 140
Last iteration time: 0.015628814697265625
Average iteration time: 0.10357151542391095
Current score: 50562248.0


Phase 4 (routing operators) day 49 ended!
Phase 4 (routing operators) day report:
Current Iteration count: 144
Last iteration time: 0.0
Average iteration time: 0.10297317968474494
Current score: 50545758.0


Phase 4 (routing operators) day 50 ended!
Phase 4 (routing operators) day report:
Current Iteration count: 150
Last iteration time: 0.0
Average iteration time: 0.1022917127609253
Current score: 50524218.0


Phase 4 (routing operators) day 51 ended!
Phase 4 (routing operators) day report:
Current Iteration count: 155
Last iteration time: 0.0
Average iteration time: 0.10090729344275694
Current score: 50506766.0


Phase 4 (routing operators) day 52 ended!
Phase 4 (routing operators) day report:
Current Iteration count: 159
Last iteration time: 0.0
Average iteration time: 0.09984279128740421
Current score: 50491193.0


Phase 4 (routing operators) day 53 ended!
Phase 4 (routing operators) day report:
Current Iteration count: 164
Last iteration time: 0.0
Average iteration time: 0.09851376457912166
Current score: 49473479.0


Phase 4 (routing operators) ended! Current time: 2026-08-09 02:46:48.724122
Phase 4 (routing operators) Report:
Iteration count: 164
Last iteration time: 0.0
Average iteration time: 0.09851376457912166
Current score: 49473479.0


Local search report:
Iteration count: 2 iterations
Last iteration time: 388.69742131233215 seconds
Iteration average time: 517.6059033870697 seconds
Current score: 49473479.0

Phase 1 ended! Current time: 2026-08-09 02:46:48.724122
Phase 1 Report:
Iteration count: 1
Last iteration time: 0.0
Average iteration time: 0.0
Current score: 49473479.0


Phase 2 (only move_services) mid-report:
Iteration count: 1
Last iteration time: 4.078124284744263
Average iteration time: 4.078124284744263
Current score: 48477101.0


Phase 2 (only move_services) ended! Current time: 2026-08-09 02:48:19.786622
Phase 2 (only move_services) Report:
Iteration count: 33
Last iteration time: 0.3437535762786865
Average iteration time: 2.6676137375109117
Current score: 18266796.0


Phase 3 (using only swap_services) mid-report:
Iteration count: 1
Last iteration time: 0.7656123638153076
Average iteration time: 0.7656123638153076
Current score: 18232046.0


Phase 3 (using only swap_services) ended! Current time: 2026-08-09 02:51:26.161623
Phase 3 (using only swap_services) Report:
Iteration count: 153
Last iteration time: 0.23437929153442383
Average iteration time: 0.8065767568700456
Current score: 17683855.0


Phase 4 (routing operators) mid-report:
Current day: 0
Iteration count: 1
Last iteration time: 0.015626192092895508
Average iteration time: 0.015626192092895508
Current score: 17683855.0


Phase 4 (routing operators) day 0 ended!
Phase 4 (routing operators) day report:
Current Iteration count: 1
Last iteration time: 0.015626192092895508
Average iteration time: 0.015626192092895508
Current score: 17683855.0


Phase 4 (routing operators) day 1 ended!
Phase 4 (routing operators) day report:
Current Iteration count: 3
Last iteration time: 0.0
Average iteration time: 0.6770831743876139
Current score: 17683499.0


Phase 4 (routing operators) day 2 ended!
Phase 4 (routing operators) day report:
Current Iteration count: 4
Last iteration time: 0.0
Average iteration time: 0.5078123807907104
Current score: 17683499.0


Phase 4 (routing operators) day 3 ended!
Phase 4 (routing operators) day report:
Current Iteration count: 12
Last iteration time: 0.015630006790161133
Average iteration time: 0.24218805631001789
Current score: 17677578.0


Phase 4 (routing operators) day 4 ended!
Phase 4 (routing operators) day report:
Current Iteration count: 14
Last iteration time: 0.015625476837158203
Average iteration time: 0.2165185042790004
Current score: 17676606.0


Phase 4 (routing operators) day 7 ended!
Phase 4 (routing operators) day report:
Current Iteration count: 15
Last iteration time: 0.03124523162841797
Average iteration time: 0.2041669527689616
Current score: 17676606.0


Phase 4 (routing operators) day 8 ended!
Phase 4 (routing operators) day report:
Current Iteration count: 17
Last iteration time: 0.015623807907104492
Average iteration time: 0.19669142891378966
Current score: 17675634.0


Phase 4 (routing operators) day 9 ended!
Phase 4 (routing operators) day report:
Current Iteration count: 18
Last iteration time: 0.0
Average iteration time: 0.18576412730746802
Current score: 17675634.0


Phase 4 (routing operators) day 10 ended!
Phase 4 (routing operators) day report:
Current Iteration count: 20
Last iteration time: 0.015624523162841797
Average iteration time: 0.1765625
Current score: 17674289.0


Phase 4 (routing operators) day 11 ended!
Phase 4 (routing operators) day report:
Current Iteration count: 23
Last iteration time: 0.0
Average iteration time: 0.16576096285944403
Current score: 17649009.0


Phase 4 (routing operators) day 14 ended!
Phase 4 (routing operators) day report:
Current Iteration count: 24
Last iteration time: 0.015625953674316406
Average iteration time: 0.1595053374767304
Current score: 17649009.0


Phase 4 (routing operators) day 15 ended!
Phase 4 (routing operators) day report:
Current Iteration count: 28
Last iteration time: 0.0
Average iteration time: 0.15457591840199064
Current score: 17644221.0


Phase 4 (routing operators) day 16 ended!
Phase 4 (routing operators) day report:
Current Iteration count: 31
Last iteration time: 0.0156252384185791
Average iteration time: 0.14919348685972159
Current score: 17625423.0


Phase 4 (routing operators) day 17 ended!
Phase 4 (routing operators) day report:
Current Iteration count: 32
Last iteration time: 0.0
Average iteration time: 0.14453119039535528
Current score: 17625423.0


Phase 4 (routing operators) day 18 ended!
Phase 4 (routing operators) day report:
Current Iteration count: 35
Last iteration time: 0.0
Average iteration time: 0.13794624464852476
Current score: 17606666.0


Phase 4 (routing operators) day 21 ended!
Phase 4 (routing operators) day report:
Current Iteration count: 39
Last iteration time: 0.0
Average iteration time: 0.1378204578008408
Current score: 17600625.0


Phase 4 (routing operators) day 22 ended!
Phase 4 (routing operators) day report:
Current Iteration count: 44
Last iteration time: 0.015620231628417969
Average iteration time: 0.13352244550531567
Current score: 17593046.0


Phase 4 (routing operators) day 23 ended!
Phase 4 (routing operators) day report:
Current Iteration count: 47
Last iteration time: 0.0
Average iteration time: 0.1256647465076853
Current score: 17588960.0


Phase 4 (routing operators) day 24 ended!
Phase 4 (routing operators) day report:
Current Iteration count: 50
Last iteration time: 0.015624761581420898
Average iteration time: 0.12343737125396734
Current score: 17553610.0


Phase 4 (routing operators) day 25 ended!
Phase 4 (routing operators) day report:
Current Iteration count: 53
Last iteration time: 0.0
Average iteration time: 0.12175692252393044
Current score: 17544960.0


Phase 4 (routing operators) day 28 ended!
Phase 4 (routing operators) day report:
Current Iteration count: 54
Last iteration time: 0.0
Average iteration time: 0.1195021646994132
Current score: 17544960.0


Phase 4 (routing operators) day 29 ended!
Phase 4 (routing operators) day report:
Current Iteration count: 57
Last iteration time: 0.015625953674316406
Average iteration time: 0.11622786103633416
Current score: 17535514.0


Phase 4 (routing operators) day 30 ended!
Phase 4 (routing operators) day report:
Current Iteration count: 60
Last iteration time: 0.015624284744262695
Average iteration time: 0.11614569822947186
Current score: 17499584.0


Phase 4 (routing operators) day 31 ended!
Phase 4 (routing operators) day report:
Current Iteration count: 62
Last iteration time: 0.015620946884155273
Average iteration time: 0.1141631257149481
Current score: 17482739.0


Phase 4 (routing operators) day 32 ended!
Phase 4 (routing operators) day report:
Current Iteration count: 65
Last iteration time: 0.0
Average iteration time: 0.1115383478311392
Current score: 17470051.0


Phase 4 (routing operators) day 35 ended!
Phase 4 (routing operators) day report:
Current Iteration count: 66
Last iteration time: 0.0
Average iteration time: 0.10984837286400073
Current score: 17470051.0


Phase 4 (routing operators) day 36 ended!
Phase 4 (routing operators) day report:
Current Iteration count: 67
Last iteration time: 0.0
Average iteration time: 0.10820884491080668
Current score: 17470051.0


Phase 4 (routing operators) day 37 ended!
Phase 4 (routing operators) day report:
Current Iteration count: 68
Last iteration time: 0.015624761581420898
Average iteration time: 0.10684731427360983
Current score: 17470051.0


Phase 4 (routing operators) day 38 ended!
Phase 4 (routing operators) day report:
Current Iteration count: 69
Last iteration time: 0.015619993209838867
Average iteration time: 0.1055251791857291
Current score: 17470051.0


Phase 4 (routing operators) day 39 ended!
Phase 4 (routing operators) day report:
Current Iteration count: 71
Last iteration time: 0.015626907348632812
Average iteration time: 0.10585368854898802
Current score: 17469067.0


Phase 4 (routing operators) day 42 ended!
Phase 4 (routing operators) day report:
Current Iteration count: 72
Last iteration time: 0.0
Average iteration time: 0.10438349843025208
Current score: 17469067.0


Phase 4 (routing operators) day 43 ended!
Phase 4 (routing operators) day report:
Current Iteration count: 74
Last iteration time: 0.015622854232788086
Average iteration time: 0.1045184683155369
Current score: 17457226.0


Phase 4 (routing operators) day 44 ended!
Phase 4 (routing operators) day report:
Current Iteration count: 75
Last iteration time: 0.015624761581420898
Average iteration time: 0.10333321889241537
Current score: 17457226.0


Phase 4 (routing operators) day 45 ended!
Phase 4 (routing operators) day report:
Current Iteration count: 79
Last iteration time: 0.015627145767211914
Average iteration time: 0.10047461714925646
Current score: 17452819.0


Phase 4 (routing operators) day 46 ended!
Phase 4 (routing operators) day report:
Current Iteration count: 83
Last iteration time: 0.015622377395629883
Average iteration time: 0.10015059379209955
Current score: 17445047.0


Phase 4 (routing operators) day 49 ended!
Phase 4 (routing operators) day report:
Current Iteration count: 84
Last iteration time: 0.015625
Average iteration time: 0.09914433672314599
Current score: 17445047.0


Phase 4 (routing operators) day 50 ended!
Phase 4 (routing operators) day report:
Current Iteration count: 87
Last iteration time: 0.0156252384185791
Average iteration time: 0.09877872467041016
Current score: 17407100.0


Phase 4 (routing operators) day 51 ended!
Phase 4 (routing operators) day report:
Current Iteration count: 89
Last iteration time: 0.0
Average iteration time: 0.09761234079853873
Current score: 17400761.0


Phase 4 (routing operators) day 52 ended!
Phase 4 (routing operators) day report:
Current Iteration count: 92
Last iteration time: 0.0
Average iteration time: 0.09748633270678313
Current score: 17359741.0


Phase 4 (routing operators) day 53 ended!
Phase 4 (routing operators) day report:
Current Iteration count: 95
Last iteration time: 0.015624761581420898
Average iteration time: 0.09802623798972682
Current score: 17315636.0


Phase 4 (routing operators) ended! Current time: 2026-08-09 02:51:45.036618
Phase 4 (routing operators) Report:
Iteration count: 95
Last iteration time: 0.015624761581420898
Average iteration time: 0.09802623798972682
Current score: 17315636.0


Local search report:
Iteration count: 3 iterations
Last iteration time: 296.31249594688416 seconds
Iteration average time: 443.8414342403412 seconds
Current score: 17315636.0

Phase 1 ended! Current time: 2026-08-09 02:51:45.036618
Phase 1 Report:
Iteration count: 1
Last iteration time: 0.0
Average iteration time: 0.0
Current score: 17315636.0


Phase 2 (only move_services) mid-report:
Iteration count: 1
Last iteration time: 0.6093752384185791
Average iteration time: 0.6093752384185791
Current score: 16318322.0


Phase 2 (only move_services) ended! Current time: 2026-08-09 02:52:07.083496
Phase 2 (only move_services) Report:
Iteration count: 9
Last iteration time: 0.2656254768371582
Average iteration time: 2.052083333333333
Current score: 9418348.0


Phase 3 (using only swap_services) mid-report:
Iteration count: 1
Last iteration time: 1.0312504768371582
Average iteration time: 1.0312504768371582
Current score: 9412577.0


Phase 3 (using only swap_services) ended! Current time: 2026-08-09 02:54:31.333494
Phase 3 (using only swap_services) Report:
Iteration count: 93
Last iteration time: 0.2499995231628418
Average iteration time: 0.8439180107526877
Current score: 9353559.0


Phase 4 (routing operators) mid-report:
Current day: 0
Iteration count: 1
Last iteration time: 0.015628814697265625
Average iteration time: 0.015628814697265625
Current score: 9353559.0


Phase 4 (routing operators) day 0 ended!
Phase 4 (routing operators) day report:
Current Iteration count: 1
Last iteration time: 0.015628814697265625
Average iteration time: 0.015628814697265625
Current score: 9353559.0


Phase 4 (routing operators) day 1 ended!
Phase 4 (routing operators) day report:
Current Iteration count: 2
Last iteration time: 0.031250953674316406
Average iteration time: 0.023439884185791016
Current score: 9353559.0


Phase 4 (routing operators) day 2 ended!
Phase 4 (routing operators) day report:
Current Iteration count: 3
Last iteration time: 0.0
Average iteration time: 0.01562658945719401
Current score: 9353559.0


Phase 4 (routing operators) day 3 ended!
Phase 4 (routing operators) day report:
Current Iteration count: 5
Last iteration time: 0.015626192092895508
Average iteration time: 0.04375114440917969
Current score: 9351973.0


Phase 4 (routing operators) day 4 ended!
Phase 4 (routing operators) day report:
Current Iteration count: 8
Last iteration time: 0.0
Average iteration time: 0.07226625084877014
Current score: 9350730.0


Phase 4 (routing operators) day 7 ended!
Phase 4 (routing operators) day report:
Current Iteration count: 9
Last iteration time: 0.015625715255737305
Average iteration time: 0.06597285800509983
Current score: 9350730.0


Phase 4 (routing operators) day 8 ended!
Phase 4 (routing operators) day report:
Current Iteration count: 10
Last iteration time: 0.0
Average iteration time: 0.059375572204589847
Current score: 9350730.0


Phase 4 (routing operators) day 9 ended!
Phase 4 (routing operators) day report:
Current Iteration count: 11
Last iteration time: 0.0
Average iteration time: 0.053977792913263496
Current score: 9350730.0


Phase 4 (routing operators) day 10 ended!
Phase 4 (routing operators) day report:
Current Iteration count: 12
Last iteration time: 0.0
Average iteration time: 0.04947964350382487
Current score: 9350730.0


Phase 4 (routing operators) day 11 ended!
Phase 4 (routing operators) day report:
Current Iteration count: 13
Last iteration time: 0.0
Average iteration time: 0.045673517080453724
Current score: 9350730.0


Phase 4 (routing operators) day 14 ended!
Phase 4 (routing operators) day report:
Current Iteration count: 14
Last iteration time: 0.015625
Average iteration time: 0.043527194431849894
Current score: 9350730.0


Phase 4 (routing operators) day 15 ended!
Phase 4 (routing operators) day report:
Current Iteration count: 17
Last iteration time: 0.0
Average iteration time: 0.060661820804371554
Current score: 9343142.0


Phase 4 (routing operators) day 16 ended!
Phase 4 (routing operators) day report:
Current Iteration count: 21
Last iteration time: 0.0
Average iteration time: 0.07217266446068174
Current score: 9270469.0


Phase 4 (routing operators) day 17 ended!
Phase 4 (routing operators) day report:
Current Iteration count: 22
Last iteration time: 0.0
Average iteration time: 0.06889208880337803
Current score: 9270469.0


Phase 4 (routing operators) day 18 ended!
Phase 4 (routing operators) day report:
Current Iteration count: 23
Last iteration time: 0.0
Average iteration time: 0.06589678059453552
Current score: 9270469.0


Phase 4 (routing operators) day 21 ended!
Phase 4 (routing operators) day report:
Current Iteration count: 24
Last iteration time: 0.0
Average iteration time: 0.06315108140309654
Current score: 9270469.0


Phase 4 (routing operators) day 22 ended!
Phase 4 (routing operators) day report:
Current Iteration count: 26
Last iteration time: 0.0
Average iteration time: 0.0612980310733502
Current score: 9270424.0


Phase 4 (routing operators) day 23 ended!
Phase 4 (routing operators) day report:
Current Iteration count: 27
Last iteration time: 0.0
Average iteration time: 0.05902773362618908
Current score: 9270424.0


Phase 4 (routing operators) day 24 ended!
Phase 4 (routing operators) day report:
Current Iteration count: 29
Last iteration time: 0.015630006790161133
Average iteration time: 0.059267257821970995
Current score: 9241602.0


Phase 4 (routing operators) day 25 ended!
Phase 4 (routing operators) day report:
Current Iteration count: 30
Last iteration time: 0.0
Average iteration time: 0.05729168256123863
Current score: 9241602.0


Phase 4 (routing operators) day 28 ended!
Phase 4 (routing operators) day report:
Current Iteration count: 31
Last iteration time: 0.0
Average iteration time: 0.05544356376894061
Current score: 9241602.0


Phase 4 (routing operators) day 29 ended!
Phase 4 (routing operators) day report:
Current Iteration count: 32
Last iteration time: 0.0
Average iteration time: 0.053710952401161215
Current score: 9241602.0


Phase 4 (routing operators) day 30 ended!
Phase 4 (routing operators) day report:
Current Iteration count: 33
Last iteration time: 0.0
Average iteration time: 0.05208334778294421
Current score: 9241602.0


Phase 4 (routing operators) day 31 ended!
Phase 4 (routing operators) day report:
Current Iteration count: 36
Last iteration time: 0.015625476837158203
Average iteration time: 0.0546876390775045
Current score: 9236505.0


Phase 4 (routing operators) day 32 ended!
Phase 4 (routing operators) day report:
Current Iteration count: 42
Last iteration time: 0.015620708465576172
Average iteration time: 0.06398812362125943
Current score: 9219375.0


Phase 4 (routing operators) day 35 ended!
Phase 4 (routing operators) day report:
Current Iteration count: 43
Last iteration time: 0.015624523162841797
Average iteration time: 0.06286338872687762
Current score: 9219375.0


Phase 4 (routing operators) day 36 ended!
Phase 4 (routing operators) day report:
Current Iteration count: 44
Last iteration time: 0.0
Average iteration time: 0.06143467534672131
Current score: 9219375.0


Phase 4 (routing operators) day 37 ended!
Phase 4 (routing operators) day report:
Current Iteration count: 45
Last iteration time: 0.0
Average iteration time: 0.060069460339016396
Current score: 9219375.0


Phase 4 (routing operators) day 38 ended!
Phase 4 (routing operators) day report:
Current Iteration count: 46
Last iteration time: 0.015621185302734375
Average iteration time: 0.059103193490401565
Current score: 9219375.0


Phase 4 (routing operators) day 39 ended!
Phase 4 (routing operators) day report:
Current Iteration count: 49
Last iteration time: 0.015633106231689453
Average iteration time: 0.06218129761364996
Current score: 9218991.0


Phase 4 (routing operators) day 42 ended!
Phase 4 (routing operators) day report:
Current Iteration count: 50
Last iteration time: 0.015627622604370117
Average iteration time: 0.06125022411346436
Current score: 9218991.0


Phase 4 (routing operators) day 43 ended!
Phase 4 (routing operators) day report:
Current Iteration count: 51
Last iteration time: 0.0
Average iteration time: 0.060049239326925845
Current score: 9218991.0


Phase 4 (routing operators) day 44 ended!
Phase 4 (routing operators) day report:
Current Iteration count: 52
Last iteration time: 0.015623092651367188
Average iteration time: 0.05919489035239587
Current score: 9218991.0


Phase 4 (routing operators) day 45 ended!
Phase 4 (routing operators) day report:
Current Iteration count: 54
Last iteration time: 0.015631675720214844
Average iteration time: 0.05931734155725551
Current score: 9218051.0


Phase 4 (routing operators) day 46 ended!
Phase 4 (routing operators) day report:
Current Iteration count: 55
Last iteration time: 0.0
Average iteration time: 0.05823884443803268
Current score: 9218051.0


Phase 4 (routing operators) day 49 ended!
Phase 4 (routing operators) day report:
Current Iteration count: 56
Last iteration time: 0.0
Average iteration time: 0.05719886507306781
Current score: 9218051.0


Phase 4 (routing operators) day 50 ended!
Phase 4 (routing operators) day report:
Current Iteration count: 57
Last iteration time: 0.0
Average iteration time: 0.05619537621213679
Current score: 9218051.0


Phase 4 (routing operators) day 51 ended!
Phase 4 (routing operators) day report:
Current Iteration count: 58
Last iteration time: 0.0
Average iteration time: 0.05522649041537581
Current score: 9218051.0


Phase 4 (routing operators) day 52 ended!
Phase 4 (routing operators) day report:
Current Iteration count: 59
Last iteration time: 0.015622377395629883
Average iteration time: 0.05455523426249877
Current score: 9218051.0


Phase 4 (routing operators) day 53 ended!
Phase 4 (routing operators) day report:
Current Iteration count: 60
Last iteration time: 0.0
Average iteration time: 0.05364598035812378
Current score: 9218051.0


Phase 4 (routing operators) ended! Current time: 2026-08-09 02:54:43.755365
Phase 4 (routing operators) Report:
Iteration count: 60
Last iteration time: 0.0
Average iteration time: 0.05364598035812378
Current score: 9218051.0


Local search report:
Iteration count: 4 iterations
Last iteration time: 178.71874713897705 seconds
Iteration average time: 377.56076246500015 seconds
Current score: 9218051.0

Phase 1 ended! Current time: 2026-08-09 02:54:43.755365
Phase 1 Report:
Iteration count: 1
Last iteration time: 0.0
Average iteration time: 0.0
Current score: 9218051.0


Phase 2 (only move_services) mid-report:
Iteration count: 1
Last iteration time: 0.7656257152557373
Average iteration time: 0.7656257152557373
Current score: 8236542.0


Phase 2 (only move_services) ended! Current time: 2026-08-09 02:54:48.505370
Phase 2 (only move_services) Report:
Iteration count: 2
Last iteration time: 0.2812485694885254
Average iteration time: 0.5234371423721313
Current score: 8236542.0


Phase 3 (using only swap_services) mid-report:
Iteration count: 1
Last iteration time: 0.2656271457672119
Average iteration time: 0.2656271457672119
Current score: 8225200.0


Phase 3 (using only swap_services) ended! Current time: 2026-08-09 02:56:37.721783
Phase 3 (using only swap_services) Report:
Iteration count: 51
Last iteration time: 0.2343769073486328
Average iteration time: 0.849525339463178
Current score: 8201847.0


Phase 4 (routing operators) mid-report:
Current day: 0
Iteration count: 1
Last iteration time: 0.03125429153442383
Average iteration time: 0.03125429153442383
Current score: 8201847.0


Phase 4 (routing operators) day 0 ended!
Phase 4 (routing operators) day report:
Current Iteration count: 1
Last iteration time: 0.03125429153442383
Average iteration time: 0.03125429153442383
Current score: 8201847.0


Phase 4 (routing operators) day 1 ended!
Phase 4 (routing operators) day report:
Current Iteration count: 3
Last iteration time: 0.031253814697265625
Average iteration time: 0.4531258742014567
Current score: 8200548.0


Phase 4 (routing operators) day 2 ended!
Phase 4 (routing operators) day report:
Current Iteration count: 4
Last iteration time: 0.0
Average iteration time: 0.33984440565109253
Current score: 8200548.0


Phase 4 (routing operators) day 3 ended!
Phase 4 (routing operators) day report:
Current Iteration count: 7
Last iteration time: 0.01562643051147461
Average iteration time: 0.2700895922524589
Current score: 8199383.0


Phase 4 (routing operators) day 4 ended!
Phase 4 (routing operators) day report:
Current Iteration count: 8
Last iteration time: 0.0156252384185791
Average iteration time: 0.2382815480232239
Current score: 8199383.0


Phase 4 (routing operators) day 7 ended!
Phase 4 (routing operators) day report:
Current Iteration count: 10
Last iteration time: 0.015625476837158203
Average iteration time: 0.23125050067901612
Current score: 8198582.0


Phase 4 (routing operators) day 8 ended!
Phase 4 (routing operators) day report:
Current Iteration count: 11
Last iteration time: 0.015622854232788086
Average iteration time: 0.21164798736572266
Current score: 8198582.0


Phase 4 (routing operators) day 9 ended!
Phase 4 (routing operators) day report:
Current Iteration count: 12
Last iteration time: 0.0
Average iteration time: 0.19401065508524576
Current score: 8198582.0


Phase 4 (routing operators) day 10 ended!
Phase 4 (routing operators) day report:
Current Iteration count: 13
Last iteration time: 0.0
Average iteration time: 0.17908675854022688
Current score: 8198582.0


Phase 4 (routing operators) day 11 ended!
Phase 4 (routing operators) day report:
Current Iteration count: 14
Last iteration time: 0.0
Average iteration time: 0.16629484721592494
Current score: 8198582.0


Phase 4 (routing operators) day 14 ended!
Phase 4 (routing operators) day report:
Current Iteration count: 15
Last iteration time: 0.015619754791259766
Average iteration time: 0.15624984105428058
Current score: 8198582.0


Phase 4 (routing operators) day 15 ended!
Phase 4 (routing operators) day report:
Current Iteration count: 16
Last iteration time: 0.0
Average iteration time: 0.14648422598838803
Current score: 8198582.0


Phase 4 (routing operators) day 16 ended!
Phase 4 (routing operators) day report:
Current Iteration count: 18
Last iteration time: 0.0
Average iteration time: 0.1440972089767456
Current score: 8160901.0


Phase 4 (routing operators) day 17 ended!
Phase 4 (routing operators) day report:
Current Iteration count: 19
Last iteration time: 0.0
Average iteration time: 0.13651314534639059
Current score: 8160901.0


Phase 4 (routing operators) day 18 ended!
Phase 4 (routing operators) day report:
Current Iteration count: 20
Last iteration time: 0.0
Average iteration time: 0.12968748807907104
Current score: 8160901.0


Phase 4 (routing operators) day 21 ended!
Phase 4 (routing operators) day report:
Current Iteration count: 21
Last iteration time: 0.0
Average iteration time: 0.12351189340863909
Current score: 8160901.0


Phase 4 (routing operators) day 22 ended!
Phase 4 (routing operators) day report:
Current Iteration count: 23
Last iteration time: 0.0
Average iteration time: 0.11345104549242102
Current score: 8156432.0


Phase 4 (routing operators) day 23 ended!
Phase 4 (routing operators) day report:
Current Iteration count: 24
Last iteration time: 0.0
Average iteration time: 0.10872391859690349
Current score: 8156432.0


Phase 4 (routing operators) day 24 ended!
Phase 4 (routing operators) day report:
Current Iteration count: 25
Last iteration time: 0.015619993209838867
Average iteration time: 0.1049997615814209
Current score: 8156432.0


Phase 4 (routing operators) day 25 ended!
Phase 4 (routing operators) day report:
Current Iteration count: 26
Last iteration time: 0.0
Average iteration time: 0.1009613092129047
Current score: 8156432.0


Phase 4 (routing operators) day 28 ended!
Phase 4 (routing operators) day report:
Current Iteration count: 27
Last iteration time: 0.015622138977050781
Average iteration time: 0.09780059920416938
Current score: 8156432.0


Phase 4 (routing operators) day 29 ended!
Phase 4 (routing operators) day report:
Current Iteration count: 28
Last iteration time: 0.01562666893005371
Average iteration time: 0.09486581598009382
Current score: 8156432.0


Phase 4 (routing operators) day 30 ended!
Phase 4 (routing operators) day report:
Current Iteration count: 29
Last iteration time: 0.0
Average iteration time: 0.09159458094629748
Current score: 8156432.0


Phase 4 (routing operators) day 31 ended!
Phase 4 (routing operators) day report:
Current Iteration count: 30
Last iteration time: 0.015625715255737305
Average iteration time: 0.08906228542327882
Current score: 8156432.0


Phase 4 (routing operators) day 32 ended!
Phase 4 (routing operators) day report:
Current Iteration count: 31
Last iteration time: 0.015625
Average iteration time: 0.08669334073220532
Current score: 8156432.0


Phase 4 (routing operators) day 35 ended!
Phase 4 (routing operators) day report:
Current Iteration count: 32
Last iteration time: 0.0
Average iteration time: 0.0839841738343239
Current score: 8156432.0


Phase 4 (routing operators) day 36 ended!
Phase 4 (routing operators) day report:
Current Iteration count: 33
Last iteration time: 0.015625476837158203
Average iteration time: 0.08191269816774312
Current score: 8156432.0


Phase 4 (routing operators) day 37 ended!
Phase 4 (routing operators) day report:
Current Iteration count: 34
Last iteration time: 0.0
Average iteration time: 0.07950350116280949
Current score: 8156432.0


Phase 4 (routing operators) day 38 ended!
Phase 4 (routing operators) day report:
Current Iteration count: 35
Last iteration time: 0.015622377395629883
Average iteration time: 0.07767832619803293
Current score: 8156432.0


Phase 4 (routing operators) day 39 ended!
Phase 4 (routing operators) day report:
Current Iteration count: 36
Last iteration time: 0.01562643051147461
Average iteration time: 0.07595466242896186
Current score: 8156432.0


Phase 4 (routing operators) day 42 ended!
Phase 4 (routing operators) day report:
Current Iteration count: 37
Last iteration time: 0.0
Average iteration time: 0.07390183371466559
Current score: 8156432.0


Phase 4 (routing operators) day 43 ended!
Phase 4 (routing operators) day report:
Current Iteration count: 38
Last iteration time: 0.0
Average iteration time: 0.07195704861691124
Current score: 8156432.0


Phase 4 (routing operators) day 44 ended!
Phase 4 (routing operators) day report:
Current Iteration count: 39
Last iteration time: 0.015625476837158203
Average iteration time: 0.07051264934050731
Current score: 8156432.0


Phase 4 (routing operators) day 45 ended!
Phase 4 (routing operators) day report:
Current Iteration count: 40
Last iteration time: 0.015624761581420898
Average iteration time: 0.06914045214653015
Current score: 8156432.0


Phase 4 (routing operators) day 46 ended!
Phase 4 (routing operators) day report:
Current Iteration count: 41
Last iteration time: 0.0
Average iteration time: 0.06745409965515137
Current score: 8156432.0


Phase 4 (routing operators) day 49 ended!
Phase 4 (routing operators) day report:
Current Iteration count: 42
Last iteration time: 0.0
Average iteration time: 0.06584804966336205
Current score: 8156432.0


Phase 4 (routing operators) day 50 ended!
Phase 4 (routing operators) day report:
Current Iteration count: 43
Last iteration time: 0.0
Average iteration time: 0.06431669967119084
Current score: 8156432.0


Phase 4 (routing operators) day 51 ended!
Phase 4 (routing operators) day report:
Current Iteration count: 44
Last iteration time: 0.0
Average iteration time: 0.0628549564968456
Current score: 8156432.0


Phase 4 (routing operators) day 52 ended!
Phase 4 (routing operators) day report:
Current Iteration count: 45
Last iteration time: 0.0
Average iteration time: 0.06145817968580458
Current score: 8156432.0


Phase 4 (routing operators) day 53 ended!
Phase 4 (routing operators) day report:
Current Iteration count: 46
Last iteration time: 0.0
Average iteration time: 0.060122132301330566
Current score: 8156432.0


Phase 4 (routing operators) ended! Current time: 2026-08-09 02:56:50.174910
Phase 4 (routing operators) Report:
Iteration count: 46
Last iteration time: 0.0
Average iteration time: 0.060122132301330566
Current score: 8156432.0


Local search report:
Iteration count: 5 iterations
Last iteration time: 126.41954469680786 seconds
Iteration average time: 327.3325189113617 seconds
Current score: 8156432.0

Phase 1 ended! Current time: 2026-08-09 02:56:50.174910
Phase 1 Report:
Iteration count: 1
Last iteration time: 0.0
Average iteration time: 0.0
Current score: 8156432.0


Phase 2 (only move_services) mid-report:
Iteration count: 1
Last iteration time: 0.3125011920928955
Average iteration time: 0.3125011920928955
Current score: 8156432.0


Phase 2 (only move_services) ended! Current time: 2026-08-09 02:56:53.674908
Phase 2 (only move_services) Report:
Iteration count: 1
Last iteration time: 0.3125011920928955
Average iteration time: 0.3125011920928955
Current score: 8156432.0


Phase 3 (using only swap_services) mid-report:
Iteration count: 1
Last iteration time: 0.7812509536743164
Average iteration time: 0.7812509536743164
Current score: 8155449.0


Phase 3 (using only swap_services) ended! Current time: 2026-08-09 02:58:37.268657
Phase 3 (using only swap_services) Report:
Iteration count: 47
Last iteration time: 0.2343761920928955
Average iteration time: 0.824468054669969
Current score: 8144895.0


Phase 4 (routing operators) mid-report:
Current day: 0
Iteration count: 1
Last iteration time: 0.015621185302734375
Average iteration time: 0.015621185302734375
Current score: 8144895.0


Phase 4 (routing operators) day 0 ended!
Phase 4 (routing operators) day report:
Current Iteration count: 1
Last iteration time: 0.015621185302734375
Average iteration time: 0.015621185302734375
Current score: 8144895.0


Phase 4 (routing operators) day 1 ended!
Phase 4 (routing operators) day report:
Current Iteration count: 2
Last iteration time: 0.015625715255737305
Average iteration time: 0.01562345027923584
Current score: 8144895.0


Phase 4 (routing operators) day 2 ended!
Phase 4 (routing operators) day report:
Current Iteration count: 3
Last iteration time: 0.0
Average iteration time: 0.01041563351949056
Current score: 8144895.0


Phase 4 (routing operators) day 3 ended!
Phase 4 (routing operators) day report:
Current Iteration count: 5
Last iteration time: 0.0
Average iteration time: 0.0625002384185791
Current score: 8144659.0


Phase 4 (routing operators) day 4 ended!
Phase 4 (routing operators) day report:
Current Iteration count: 6
Last iteration time: 0.0
Average iteration time: 0.05208353201548258
Current score: 8144659.0


Phase 4 (routing operators) day 7 ended!
Phase 4 (routing operators) day report:
Current Iteration count: 7
Last iteration time: 0.0
Average iteration time: 0.04464302744184222
Current score: 8144659.0


Phase 4 (routing operators) day 8 ended!
Phase 4 (routing operators) day report:
Current Iteration count: 8
Last iteration time: 0.0
Average iteration time: 0.03906264901161194
Current score: 8144659.0


Phase 4 (routing operators) day 9 ended!
Phase 4 (routing operators) day report:
Current Iteration count: 9
Last iteration time: 0.0
Average iteration time: 0.03472235467698839
Current score: 8144659.0


Phase 4 (routing operators) day 10 ended!
Phase 4 (routing operators) day report:
Current Iteration count: 10
Last iteration time: 0.0
Average iteration time: 0.03125011920928955
Current score: 8144659.0


Phase 4 (routing operators) day 11 ended!
Phase 4 (routing operators) day report:
Current Iteration count: 11
Last iteration time: 0.0
Average iteration time: 0.028409199281172318
Current score: 8144659.0


Phase 4 (routing operators) day 14 ended!
Phase 4 (routing operators) day report:
Current Iteration count: 12
Last iteration time: 0.0
Average iteration time: 0.02604176600774129
Current score: 8144659.0


Phase 4 (routing operators) day 15 ended!
Phase 4 (routing operators) day report:
Current Iteration count: 13
Last iteration time: 0.0
Average iteration time: 0.02403855323791504
Current score: 8144659.0


Phase 4 (routing operators) day 16 ended!
Phase 4 (routing operators) day report:
Current Iteration count: 14
Last iteration time: 0.0
Average iteration time: 0.02232151372092111
Current score: 8144659.0


Phase 4 (routing operators) day 17 ended!
Phase 4 (routing operators) day report:
Current Iteration count: 15
Last iteration time: 0.015624523162841797
Average iteration time: 0.02187504768371582
Current score: 8144659.0


Phase 4 (routing operators) day 18 ended!
Phase 4 (routing operators) day report:
Current Iteration count: 17
Last iteration time: 0.015626192092895508
Average iteration time: 0.022058893652523268
Current score: 8142321.0


Phase 4 (routing operators) day 21 ended!
Phase 4 (routing operators) day report:
Current Iteration count: 18
Last iteration time: 0.0
Average iteration time: 0.02083339956071642
Current score: 8142321.0


Phase 4 (routing operators) day 22 ended!
Phase 4 (routing operators) day report:
Current Iteration count: 19
Last iteration time: 0.0
Average iteration time: 0.019736904846994502
Current score: 8142321.0


Phase 4 (routing operators) day 23 ended!
Phase 4 (routing operators) day report:
Current Iteration count: 20
Last iteration time: 0.0
Average iteration time: 0.018750059604644775
Current score: 8142321.0


Phase 4 (routing operators) day 24 ended!
Phase 4 (routing operators) day report:
Current Iteration count: 21
Last iteration time: 0.0
Average iteration time: 0.017857199623471216
Current score: 8142321.0


Phase 4 (routing operators) day 25 ended!
Phase 4 (routing operators) day report:
Current Iteration count: 23
Last iteration time: 0.015624046325683594
Average iteration time: 0.025135838467141857
Current score: 8142290.0


Phase 4 (routing operators) day 28 ended!
Phase 4 (routing operators) day report:
Current Iteration count: 24
Last iteration time: 0.0
Average iteration time: 0.02408851186434428
Current score: 8142290.0


Phase 4 (routing operators) day 29 ended!
Phase 4 (routing operators) day report:
Current Iteration count: 25
Last iteration time: 0.0
Average iteration time: 0.02312497138977051
Current score: 8142290.0


Phase 4 (routing operators) day 30 ended!
Phase 4 (routing operators) day report:
Current Iteration count: 27
Last iteration time: 0.0
Average iteration time: 0.024305493743331345
Current score: 8139442.0


Phase 4 (routing operators) day 31 ended!
Phase 4 (routing operators) day report:
Current Iteration count: 28
Last iteration time: 0.015617847442626953
Average iteration time: 0.02399522066116333
Current score: 8139442.0


Phase 4 (routing operators) day 32 ended!
Phase 4 (routing operators) day report:
Current Iteration count: 29
Last iteration time: 0.0
Average iteration time: 0.02316779925905425
Current score: 8139442.0


Phase 4 (routing operators) day 35 ended!
Phase 4 (routing operators) day report:
Current Iteration count: 30
Last iteration time: 0.0
Average iteration time: 0.02239553928375244
Current score: 8139442.0


Phase 4 (routing operators) day 36 ended!
Phase 4 (routing operators) day report:
Current Iteration count: 31
Last iteration time: 0.015624046325683594
Average iteration time: 0.022177104027040543
Current score: 8139442.0


Phase 4 (routing operators) day 37 ended!
Phase 4 (routing operators) day report:
Current Iteration count: 32
Last iteration time: 0.0
Average iteration time: 0.021484069526195526
Current score: 8139442.0


Phase 4 (routing operators) day 38 ended!
Phase 4 (routing operators) day report:
Current Iteration count: 33
Last iteration time: 0.0
Average iteration time: 0.020833037116310814
Current score: 8139442.0


Phase 4 (routing operators) day 39 ended!
Phase 4 (routing operators) day report:
Current Iteration count: 34
Last iteration time: 0.015625715255737305
Average iteration time: 0.020679880590999827
Current score: 8139442.0


Phase 4 (routing operators) day 42 ended!
Phase 4 (routing operators) day report:
Current Iteration count: 35
Last iteration time: 0.0
Average iteration time: 0.020089026859828402
Current score: 8139442.0


Phase 4 (routing operators) day 43 ended!
Phase 4 (routing operators) day report:
Current Iteration count: 36
Last iteration time: 0.015628576278686523
Average iteration time: 0.019965125454796683
Current score: 8139442.0


Phase 4 (routing operators) day 44 ended!
Phase 4 (routing operators) day report:
Current Iteration count: 37
Last iteration time: 0.015627145767211914
Average iteration time: 0.019847882760537634
Current score: 8139442.0


Phase 4 (routing operators) day 45 ended!
Phase 4 (routing operators) day report:
Current Iteration count: 38
Last iteration time: 0.0
Average iteration time: 0.019325570056312958
Current score: 8139442.0


Phase 4 (routing operators) day 46 ended!
Phase 4 (routing operators) day report:
Current Iteration count: 39
Last iteration time: 0.015631914138793945
Average iteration time: 0.019230860930222724
Current score: 8139442.0


Phase 4 (routing operators) day 49 ended!
Phase 4 (routing operators) day report:
Current Iteration count: 41
Last iteration time: 0.0
Average iteration time: 0.023628182527495586
Current score: 8139046.0


Phase 4 (routing operators) day 50 ended!
Phase 4 (routing operators) day report:
Current Iteration count: 42
Last iteration time: 0.0
Average iteration time: 0.023065606753031404
Current score: 8139046.0


Phase 4 (routing operators) day 51 ended!
Phase 4 (routing operators) day report:
Current Iteration count: 43
Last iteration time: 0.0156252384185791
Average iteration time: 0.022892574931299953
Current score: 8139046.0


Phase 4 (routing operators) day 52 ended!
Phase 4 (routing operators) day report:
Current Iteration count: 44
Last iteration time: 0.0156252384185791
Average iteration time: 0.022727408192374482
Current score: 8139046.0


Phase 4 (routing operators) day 53 ended!
Phase 4 (routing operators) day report:
Current Iteration count: 45
Last iteration time: 0.015625715255737305
Average iteration time: 0.02256959279378254
Current score: 8139046.0


Phase 4 (routing operators) ended! Current time: 2026-08-09 02:58:47.565532
Phase 4 (routing operators) Report:
Iteration count: 45
Last iteration time: 0.015625715255737305
Average iteration time: 0.02256959279378254
Current score: 8139046.0


Local search report:
Iteration count: 6 iterations
Last iteration time: 117.39062237739563 seconds
Iteration average time: 292.3422028223673 seconds
Current score: 8139046.0

Phase 1 ended! Current time: 2026-08-09 02:58:47.565532
Phase 1 Report:
Iteration count: 1
Last iteration time: 0.0
Average iteration time: 0.0
Current score: 8139046.0


Phase 2 (only move_services) mid-report:
Iteration count: 1
Last iteration time: 0.2968733310699463
Average iteration time: 0.2968733310699463
Current score: 8139046.0


Phase 2 (only move_services) ended! Current time: 2026-08-09 02:58:51.690536
Phase 2 (only move_services) Report:
Iteration count: 1
Last iteration time: 0.2968733310699463
Average iteration time: 0.2968733310699463
Current score: 8139046.0


Phase 3 (using only swap_services) mid-report:
Iteration count: 1
Last iteration time: 0.9687464237213135
Average iteration time: 0.9687464237213135
Current score: 8137833.0


Phase 3 (using only swap_services) ended! Current time: 2026-08-09 03:00:11.768657
Phase 3 (using only swap_services) Report:
Iteration count: 14
Last iteration time: 0.2812490463256836
Average iteration time: 0.8727677379335675
Current score: 8136018.0


Phase 4 (routing operators) mid-report:
Current day: 0
Iteration count: 1
Last iteration time: 0.0312497615814209
Average iteration time: 0.0312497615814209
Current score: 8136018.0


Phase 4 (routing operators) day 0 ended!
Phase 4 (routing operators) day report:
Current Iteration count: 1
Last iteration time: 0.0312497615814209
Average iteration time: 0.0312497615814209
Current score: 8136018.0


Phase 4 (routing operators) day 1 ended!
Phase 4 (routing operators) day report:
Current Iteration count: 2
Last iteration time: 0.01562809944152832
Average iteration time: 0.02343893051147461
Current score: 8136018.0


Phase 4 (routing operators) day 2 ended!
Phase 4 (routing operators) day report:
Current Iteration count: 3
Last iteration time: 0.0
Average iteration time: 0.015625953674316406
Current score: 8136018.0


Phase 4 (routing operators) day 3 ended!
Phase 4 (routing operators) day report:
Current Iteration count: 4
Last iteration time: 0.0
Average iteration time: 0.011719465255737305
Current score: 8136018.0


Phase 4 (routing operators) day 4 ended!
Phase 4 (routing operators) day report:
Current Iteration count: 5
Last iteration time: 0.0156252384185791
Average iteration time: 0.012500619888305664
Current score: 8136018.0


Phase 4 (routing operators) day 7 ended!
Phase 4 (routing operators) day report:
Current Iteration count: 6
Last iteration time: 0.0
Average iteration time: 0.01041718324025472
Current score: 8136018.0


Phase 4 (routing operators) day 8 ended!
Phase 4 (routing operators) day report:
Current Iteration count: 7
Last iteration time: 0.0
Average iteration time: 0.008929014205932617
Current score: 8136018.0


Phase 4 (routing operators) day 9 ended!
Phase 4 (routing operators) day report:
Current Iteration count: 8
Last iteration time: 0.0
Average iteration time: 0.00781288743019104
Current score: 8136018.0


Phase 4 (routing operators) day 10 ended!
Phase 4 (routing operators) day report:
Current Iteration count: 9
Last iteration time: 0.0
Average iteration time: 0.00694478882683648
Current score: 8136018.0


Phase 4 (routing operators) day 11 ended!
Phase 4 (routing operators) day report:
Current Iteration count: 10
Last iteration time: 0.0
Average iteration time: 0.006250309944152832
Current score: 8136018.0


Phase 4 (routing operators) day 14 ended!
Phase 4 (routing operators) day report:
Current Iteration count: 11
Last iteration time: 0.015623807907104492
Average iteration time: 0.0071024461226029826
Current score: 8136018.0


Phase 4 (routing operators) day 15 ended!
Phase 4 (routing operators) day report:
Current Iteration count: 12
Last iteration time: 0.01562356948852539
Average iteration time: 0.00781253973642985
Current score: 8136018.0


Phase 4 (routing operators) day 16 ended!
Phase 4 (routing operators) day report:
Current Iteration count: 13
Last iteration time: 0.0156252384185791
Average iteration time: 0.00841351655813364
Current score: 8136018.0


Phase 4 (routing operators) day 17 ended!
Phase 4 (routing operators) day report:
Current Iteration count: 14
Last iteration time: 0.01562643051147461
Average iteration time: 0.008928724697657993
Current score: 8136018.0


Phase 4 (routing operators) day 18 ended!
Phase 4 (routing operators) day report:
Current Iteration count: 15
Last iteration time: 0.0
Average iteration time: 0.008333476384480794
Current score: 8136018.0


Phase 4 (routing operators) day 21 ended!
Phase 4 (routing operators) day report:
Current Iteration count: 16
Last iteration time: 0.0
Average iteration time: 0.007812634110450745
Current score: 8136018.0


Phase 4 (routing operators) day 22 ended!
Phase 4 (routing operators) day report:
Current Iteration count: 17
Last iteration time: 0.0
Average iteration time: 0.007353067398071289
Current score: 8136018.0


Phase 4 (routing operators) day 23 ended!
Phase 4 (routing operators) day report:
Current Iteration count: 18
Last iteration time: 0.01562190055847168
Average iteration time: 0.007812447018093533
Current score: 8136018.0


Phase 4 (routing operators) day 24 ended!
Phase 4 (routing operators) day report:
Current Iteration count: 19
Last iteration time: 0.0
Average iteration time: 0.0074012655960886105
Current score: 8136018.0


Phase 4 (routing operators) day 25 ended!
Phase 4 (routing operators) day report:
Current Iteration count: 20
Last iteration time: 0.0
Average iteration time: 0.00703120231628418
Current score: 8136018.0


Phase 4 (routing operators) day 28 ended!
Phase 4 (routing operators) day report:
Current Iteration count: 21
Last iteration time: 0.0
Average iteration time: 0.006696383158365886
Current score: 8136018.0


Phase 4 (routing operators) day 29 ended!
Phase 4 (routing operators) day report:
Current Iteration count: 22
Last iteration time: 0.0
Average iteration time: 0.006392002105712891
Current score: 8136018.0


Phase 4 (routing operators) day 30 ended!
Phase 4 (routing operators) day report:
Current Iteration count: 23
Last iteration time: 0.0
Average iteration time: 0.006114088970681895
Current score: 8136018.0


Phase 4 (routing operators) day 31 ended!
Phase 4 (routing operators) day report:
Current Iteration count: 24
Last iteration time: 0.0156252384185791
Average iteration time: 0.006510386864344278
Current score: 8136018.0


Phase 4 (routing operators) day 32 ended!
Phase 4 (routing operators) day report:
Current Iteration count: 25
Last iteration time: 0.015625
Average iteration time: 0.006874971389770507
Current score: 8136018.0


Phase 4 (routing operators) day 35 ended!
Phase 4 (routing operators) day report:
Current Iteration count: 26
Last iteration time: 0.0
Average iteration time: 0.0066105494132408715
Current score: 8136018.0


Phase 4 (routing operators) day 36 ended!
Phase 4 (routing operators) day report:
Current Iteration count: 27
Last iteration time: 0.015624046325683594
Average iteration time: 0.006944382632220232
Current score: 8136018.0


Phase 4 (routing operators) day 37 ended!
Phase 4 (routing operators) day report:
Current Iteration count: 28
Last iteration time: 0.015624761581420898
Average iteration time: 0.007254396166120255
Current score: 8136018.0


Phase 4 (routing operators) day 38 ended!
Phase 4 (routing operators) day report:
Current Iteration count: 29
Last iteration time: 0.015625715255737305
Average iteration time: 0.007543062341624292
Current score: 8136018.0


Phase 4 (routing operators) day 39 ended!
Phase 4 (routing operators) day report:
Current Iteration count: 30
Last iteration time: 0.0
Average iteration time: 0.007291626930236815
Current score: 8136018.0


Phase 4 (routing operators) day 42 ended!
Phase 4 (routing operators) day report:
Current Iteration count: 31
Last iteration time: 0.0
Average iteration time: 0.0070564131582936925
Current score: 8136018.0


Phase 4 (routing operators) day 43 ended!
Phase 4 (routing operators) day report:
Current Iteration count: 32
Last iteration time: 0.0
Average iteration time: 0.0068359002470970145
Current score: 8136018.0


Phase 4 (routing operators) day 44 ended!
Phase 4 (routing operators) day report:
Current Iteration count: 33
Last iteration time: 0.0
Average iteration time: 0.006628751754760741
Current score: 8136018.0


Phase 4 (routing operators) day 45 ended!
Phase 4 (routing operators) day report:
Current Iteration count: 34
Last iteration time: 0.0
Average iteration time: 0.006433788467856014
Current score: 8136018.0


Phase 4 (routing operators) day 46 ended!
Phase 4 (routing operators) day report:
Current Iteration count: 35
Last iteration time: 0.0
Average iteration time: 0.006249965940202985
Current score: 8136018.0


Phase 4 (routing operators) day 49 ended!
Phase 4 (routing operators) day report:
Current Iteration count: 36
Last iteration time: 0.0
Average iteration time: 0.006076355775197346
Current score: 8136018.0


Phase 4 (routing operators) day 50 ended!
Phase 4 (routing operators) day report:
Current Iteration count: 37
Last iteration time: 0.0
Average iteration time: 0.005912129943435255
Current score: 8136018.0


Phase 4 (routing operators) day 51 ended!
Phase 4 (routing operators) day report:
Current Iteration count: 38
Last iteration time: 0.015627384185791016
Average iteration time: 0.006167794528760407
Current score: 8136018.0


Phase 4 (routing operators) day 52 ended!
Phase 4 (routing operators) day report:
Current Iteration count: 39
Last iteration time: 0.0
Average iteration time: 0.006009645951099883
Current score: 8136018.0


Phase 4 (routing operators) day 53 ended!
Phase 4 (routing operators) day report:
Current Iteration count: 40
Last iteration time: 0.01562809944152832
Average iteration time: 0.006250107288360594
Current score: 8136018.0


Phase 4 (routing operators) ended! Current time: 2026-08-09 03:00:21.159281
Phase 4 (routing operators) Report:
Iteration count: 40
Last iteration time: 0.01562809944152832
Average iteration time: 0.006250107288360594
Current score: 8136018.0


Local search report:
Iteration count: 7 iterations
Last iteration time: 93.59374928474426 seconds
Iteration average time: 263.9495666027069 seconds
Current score: 8136018.0

Phase 1 ended! Current time: 2026-08-09 03:00:21.159281
Phase 1 Report:
Iteration count: 1
Last iteration time: 0.0
Average iteration time: 0.0
Current score: 8136018.0


Phase 2 (only move_services) mid-report:
Iteration count: 1
Last iteration time: 0.26561760902404785
Average iteration time: 0.26561760902404785
Current score: 8136018.0


Phase 2 (only move_services) ended! Current time: 2026-08-09 03:00:25.190530
Phase 2 (only move_services) Report:
Iteration count: 1
Last iteration time: 0.26561760902404785
Average iteration time: 0.26561760902404785
Current score: 8136018.0


Phase 3 (using only swap_services) mid-report:
Iteration count: 1
Last iteration time: 1.3066184520721436
Average iteration time: 1.3066184520721436
Current score: 8135530.0


Phase 3 (using only swap_services) ended! Current time: 2026-08-09 03:02:00.980987
Phase 3 (using only swap_services) Report:
Iteration count: 6
Last iteration time: 0.328092098236084
Average iteration time: 1.2125605742136638
Current score: 8134968.0


Phase 4 (routing operators) mid-report:
Current day: 0
Iteration count: 1
Last iteration time: 0.03124856948852539
Average iteration time: 0.03124856948852539
Current score: 8134968.0


Phase 4 (routing operators) day 0 ended!
Phase 4 (routing operators) day report:
Current Iteration count: 1
Last iteration time: 0.03124856948852539
Average iteration time: 0.03124856948852539
Current score: 8134968.0


Phase 4 (routing operators) day 1 ended!
Phase 4 (routing operators) day report:
Current Iteration count: 2
Last iteration time: 0.015619993209838867
Average iteration time: 0.02343428134918213
Current score: 8134968.0


Phase 4 (routing operators) day 2 ended!
Phase 4 (routing operators) day report:
Current Iteration count: 3
Last iteration time: 0.0
Average iteration time: 0.015622854232788086
Current score: 8134968.0


Phase 4 (routing operators) day 3 ended!
Phase 4 (routing operators) day report:
Current Iteration count: 4
Last iteration time: 0.015621662139892578
Average iteration time: 0.015622556209564209
Current score: 8134968.0


Phase 4 (routing operators) day 4 ended!
Phase 4 (routing operators) day report:
Current Iteration count: 5
Last iteration time: 0.0
Average iteration time: 0.012498044967651367
Current score: 8134968.0


Phase 4 (routing operators) day 7 ended!
Phase 4 (routing operators) day report:
Current Iteration count: 6
Last iteration time: 0.015625
Average iteration time: 0.013019204139709473
Current score: 8134968.0


Phase 4 (routing operators) day 8 ended!
Phase 4 (routing operators) day report:
Current Iteration count: 7
Last iteration time: 0.0
Average iteration time: 0.01115931783403669
Current score: 8134968.0


Phase 4 (routing operators) day 9 ended!
Phase 4 (routing operators) day report:
Current Iteration count: 8
Last iteration time: 0.0
Average iteration time: 0.009764403104782104
Current score: 8134968.0


Phase 4 (routing operators) day 10 ended!
Phase 4 (routing operators) day report:
Current Iteration count: 9
Last iteration time: 0.0
Average iteration time: 0.008679469426472982
Current score: 8134968.0


Phase 4 (routing operators) day 11 ended!
Phase 4 (routing operators) day report:
Current Iteration count: 10
Last iteration time: 0.0
Average iteration time: 0.007811522483825684
Current score: 8134968.0


Phase 4 (routing operators) day 14 ended!
Phase 4 (routing operators) day report:
Current Iteration count: 12
Last iteration time: 0.0
Average iteration time: 0.022132476170857746
Current score: 8133984.0


Phase 4 (routing operators) day 15 ended!
Phase 4 (routing operators) day report:
Current Iteration count: 13
Last iteration time: 0.0
Average iteration time: 0.02042997800386869
Current score: 8133984.0


Phase 4 (routing operators) day 16 ended!
Phase 4 (routing operators) day report:
Current Iteration count: 14
Last iteration time: 0.015633583068847656
Average iteration time: 0.020087378365652903
Current score: 8133984.0


Phase 4 (routing operators) day 17 ended!
Phase 4 (routing operators) day report:
Current Iteration count: 15
Last iteration time: 0.0
Average iteration time: 0.01874821980794271
Current score: 8133984.0


Phase 4 (routing operators) day 18 ended!
Phase 4 (routing operators) day report:
Current Iteration count: 16
Last iteration time: 0.015622854232788086
Average iteration time: 0.018552884459495544
Current score: 8133984.0


Phase 4 (routing operators) day 21 ended!
Phase 4 (routing operators) day report:
Current Iteration count: 17
Last iteration time: 0.0
Average iteration time: 0.017461538314819336
Current score: 8133984.0


Phase 4 (routing operators) day 22 ended!
Phase 4 (routing operators) day report:
Current Iteration count: 18
Last iteration time: 0.0
Average iteration time: 0.01649145285288493
Current score: 8133984.0


Phase 4 (routing operators) day 23 ended!
Phase 4 (routing operators) day report:
Current Iteration count: 19
Last iteration time: 0.0
Average iteration time: 0.01562348165010151
Current score: 8133984.0


Phase 4 (routing operators) day 24 ended!
Phase 4 (routing operators) day report:
Current Iteration count: 20
Last iteration time: 0.0
Average iteration time: 0.014842307567596436
Current score: 8133984.0


Phase 4 (routing operators) day 25 ended!
Phase 4 (routing operators) day report:
Current Iteration count: 21
Last iteration time: 0.0
Average iteration time: 0.01413553101675851
Current score: 8133984.0


Phase 4 (routing operators) day 28 ended!
Phase 4 (routing operators) day report:
Current Iteration count: 22
Last iteration time: 0.015627622604370117
Average iteration time: 0.014203353361649946
Current score: 8133984.0


Phase 4 (routing operators) day 29 ended!
Phase 4 (routing operators) day report:
Current Iteration count: 23
Last iteration time: 0.015625
Average iteration time: 0.01426516408505647
Current score: 8133984.0


Phase 4 (routing operators) day 30 ended!
Phase 4 (routing operators) day report:
Current Iteration count: 25
Last iteration time: 0.0
Average iteration time: 0.013123950958251952
Current score: 8130264.0


Phase 4 (routing operators) day 31 ended!
Phase 4 (routing operators) day report:
Current Iteration count: 26
Last iteration time: 0.0
Average iteration time: 0.0126191836137038
Current score: 8130264.0


Phase 4 (routing operators) day 32 ended!
Phase 4 (routing operators) day report:
Current Iteration count: 27
Last iteration time: 0.015625
Average iteration time: 0.012730510146529588
Current score: 8130264.0


Phase 4 (routing operators) day 35 ended!
Phase 4 (routing operators) day report:
Current Iteration count: 28
Last iteration time: 0.0
Average iteration time: 0.012275849069867817
Current score: 8130264.0


Phase 4 (routing operators) day 36 ended!
Phase 4 (routing operators) day report:
Current Iteration count: 29
Last iteration time: 0.01563096046447754
Average iteration time: 0.01239154256623367
Current score: 8130264.0


Phase 4 (routing operators) day 37 ended!
Phase 4 (routing operators) day report:
Current Iteration count: 30
Last iteration time: 0.0
Average iteration time: 0.011978491147359214
Current score: 8130264.0


Phase 4 (routing operators) day 38 ended!
Phase 4 (routing operators) day report:
Current Iteration count: 31
Last iteration time: 0.015625
Average iteration time: 0.012096120465186336
Current score: 8130264.0


Phase 4 (routing operators) day 39 ended!
Phase 4 (routing operators) day report:
Current Iteration count: 32
Last iteration time: 0.0
Average iteration time: 0.011718116700649263
Current score: 8130264.0


Phase 4 (routing operators) day 42 ended!
Phase 4 (routing operators) day report:
Current Iteration count: 33
Last iteration time: 0.0
Average iteration time: 0.011363022255175043
Current score: 8130264.0


Phase 4 (routing operators) day 43 ended!
Phase 4 (routing operators) day report:
Current Iteration count: 34
Last iteration time: 0.0
Average iteration time: 0.011028815718258131
Current score: 8130264.0


Phase 4 (routing operators) day 44 ended!
Phase 4 (routing operators) day report:
Current Iteration count: 35
Last iteration time: 0.015613317489624023
Average iteration time: 0.0111598014831543
Current score: 8130264.0


Phase 4 (routing operators) day 45 ended!
Phase 4 (routing operators) day report:
Current Iteration count: 37
Last iteration time: 0.0
Average iteration time: 0.013512727376577022
Current score: 8130220.0


Phase 4 (routing operators) day 46 ended!
Phase 4 (routing operators) day report:
Current Iteration count: 38
Last iteration time: 0.0
Average iteration time: 0.013157129287719732
Current score: 8130220.0


Phase 4 (routing operators) day 49 ended!
Phase 4 (routing operators) day report:
Current Iteration count: 39
Last iteration time: 0.01562952995300293
Average iteration time: 0.013220524176573148
Current score: 8130220.0


Phase 4 (routing operators) day 50 ended!
Phase 4 (routing operators) day report:
Current Iteration count: 40
Last iteration time: 0.015627145767211914
Average iteration time: 0.013280689716339117
Current score: 8130220.0


Phase 4 (routing operators) day 51 ended!
Phase 4 (routing operators) day report:
Current Iteration count: 41
Last iteration time: 0.0
Average iteration time: 0.012956770454964992
Current score: 8130220.0


Phase 4 (routing operators) day 52 ended!
Phase 4 (routing operators) day report:
Current Iteration count: 42
Last iteration time: 0.0
Average iteration time: 0.012648275920322968
Current score: 8130220.0


Phase 4 (routing operators) day 53 ended!
Phase 4 (routing operators) day report:
Current Iteration count: 43
Last iteration time: 0.01562643051147461
Average iteration time: 0.012717535329419518
Current score: 8130220.0


Phase 4 (routing operators) ended! Current time: 2026-08-09 03:02:13.574736
Phase 4 (routing operators) Report:
Iteration count: 43
Last iteration time: 0.01562643051147461
Average iteration time: 0.012717535329419518
Current score: 8130220.0


Local search report:
Iteration count: 8 iterations
Last iteration time: 112.4154543876648 seconds
Iteration average time: 245.00780257582664 seconds
Current score: 8130220.0

Phase 1 ended! Current time: 2026-08-09 03:02:13.574736
Phase 1 Report:
Iteration count: 1
Last iteration time: 0.0
Average iteration time: 0.0
Current score: 8130220.0


Phase 2 (only move_services) mid-report:
Iteration count: 1
Last iteration time: 0.28124403953552246
Average iteration time: 0.28124403953552246
Current score: 8130220.0


Phase 2 (only move_services) ended! Current time: 2026-08-09 03:02:17.918482
Phase 2 (only move_services) Report:
Iteration count: 1
Last iteration time: 0.28124403953552246
Average iteration time: 0.28124403953552246
Current score: 8130220.0


Phase 3 (using only swap_services) mid-report:
Iteration count: 1
Last iteration time: 0.2031247615814209
Average iteration time: 0.2031247615814209
Current score: 8130220.0


Phase 3 (using only swap_services) ended! Current time: 2026-08-09 03:03:29.434111
Phase 3 (using only swap_services) Report:
Iteration count: 1
Last iteration time: 0.2031247615814209
Average iteration time: 0.2031247615814209
Current score: 8130220.0


Phase 4 (routing operators) mid-report:
Current day: 0
Iteration count: 1
Last iteration time: 0.015625953674316406
Average iteration time: 0.015625953674316406
Current score: 8130220.0


Phase 4 (routing operators) day 0 ended!
Phase 4 (routing operators) day report:
Current Iteration count: 1
Last iteration time: 0.015625953674316406
Average iteration time: 0.015625953674316406
Current score: 8130220.0


Phase 4 (routing operators) day 1 ended!
Phase 4 (routing operators) day report:
Current Iteration count: 2
Last iteration time: 0.01563119888305664
Average iteration time: 0.015628576278686523
Current score: 8130220.0


Phase 4 (routing operators) day 2 ended!
Phase 4 (routing operators) day report:
Current Iteration count: 3
Last iteration time: 0.0
Average iteration time: 0.010419050852457682
Current score: 8130220.0


Phase 4 (routing operators) day 3 ended!
Phase 4 (routing operators) day report:
Current Iteration count: 4
Last iteration time: 0.0
Average iteration time: 0.007814288139343262
Current score: 8130220.0


Phase 4 (routing operators) day 4 ended!
Phase 4 (routing operators) day report:
Current Iteration count: 5
Last iteration time: 0.0
Average iteration time: 0.00625143051147461
Current score: 8130220.0


Phase 4 (routing operators) day 7 ended!
Phase 4 (routing operators) day report:
Current Iteration count: 6
Last iteration time: 0.0
Average iteration time: 0.005209525426228841
Current score: 8130220.0


Phase 4 (routing operators) day 8 ended!
Phase 4 (routing operators) day report:
Current Iteration count: 7
Last iteration time: 0.0
Average iteration time: 0.004465307508196149
Current score: 8130220.0


Phase 4 (routing operators) day 9 ended!
Phase 4 (routing operators) day report:
Current Iteration count: 8
Last iteration time: 0.015627384185791016
Average iteration time: 0.005860567092895508
Current score: 8130220.0


Phase 4 (routing operators) day 10 ended!
Phase 4 (routing operators) day report:
Current Iteration count: 9
Last iteration time: 0.0
Average iteration time: 0.0052093929714626735
Current score: 8130220.0


Phase 4 (routing operators) day 11 ended!
Phase 4 (routing operators) day report:
Current Iteration count: 10
Last iteration time: 0.0
Average iteration time: 0.004688453674316406
Current score: 8130220.0


Phase 4 (routing operators) day 14 ended!
Phase 4 (routing operators) day report:
Current Iteration count: 11
Last iteration time: 0.015921354293823242
Average iteration time: 0.005709626457907936
Current score: 8130220.0


Phase 4 (routing operators) day 15 ended!
Phase 4 (routing operators) day report:
Current Iteration count: 12
Last iteration time: 0.0
Average iteration time: 0.005233824253082275
Current score: 8130220.0


Phase 4 (routing operators) day 16 ended!
Phase 4 (routing operators) day report:
Current Iteration count: 13
Last iteration time: 0.0
Average iteration time: 0.0048312223874605615
Current score: 8130220.0


Phase 4 (routing operators) day 17 ended!
Phase 4 (routing operators) day report:
Current Iteration count: 14
Last iteration time: 0.0
Average iteration time: 0.004486135074070522
Current score: 8130220.0


Phase 4 (routing operators) day 18 ended!
Phase 4 (routing operators) day report:
Current Iteration count: 15
Last iteration time: 0.015628814697265625
Average iteration time: 0.005228980382283529
Current score: 8130220.0


Phase 4 (routing operators) day 21 ended!
Phase 4 (routing operators) day report:
Current Iteration count: 16
Last iteration time: 0.0
Average iteration time: 0.004902169108390808
Current score: 8130220.0


Phase 4 (routing operators) day 22 ended!
Phase 4 (routing operators) day report:
Current Iteration count: 17
Last iteration time: 0.0156252384185791
Average iteration time: 0.00553293789134306
Current score: 8130220.0


Phase 4 (routing operators) day 23 ended!
Phase 4 (routing operators) day report:
Current Iteration count: 18
Last iteration time: 0.0
Average iteration time: 0.005225552452935112
Current score: 8130220.0


Phase 4 (routing operators) day 24 ended!
Phase 4 (routing operators) day report:
Current Iteration count: 19
Last iteration time: 0.0
Average iteration time: 0.004950523376464843
Current score: 8130220.0


Phase 4 (routing operators) day 25 ended!
Phase 4 (routing operators) day report:
Current Iteration count: 20
Last iteration time: 0.0
Average iteration time: 0.0047029972076416005
Current score: 8130220.0


Phase 4 (routing operators) day 28 ended!
Phase 4 (routing operators) day report:
Current Iteration count: 21
Last iteration time: 0.0
Average iteration time: 0.0044790449596586665
Current score: 8130220.0


Phase 4 (routing operators) day 29 ended!
Phase 4 (routing operators) day report:
Current Iteration count: 22
Last iteration time: 0.0
Average iteration time: 0.004275452006946909
Current score: 8130220.0


Phase 4 (routing operators) day 30 ended!
Phase 4 (routing operators) day report:
Current Iteration count: 23
Last iteration time: 0.0
Average iteration time: 0.004089562789253565
Current score: 8130220.0


Phase 4 (routing operators) day 31 ended!
Phase 4 (routing operators) day report:
Current Iteration count: 24
Last iteration time: 0.015625
Average iteration time: 0.004570206006368
Current score: 8130220.0


Phase 4 (routing operators) day 32 ended!
Phase 4 (routing operators) day report:
Current Iteration count: 25
Last iteration time: 0.0
Average iteration time: 0.00438739776611328
Current score: 8130220.0


Phase 4 (routing operators) day 35 ended!
Phase 4 (routing operators) day report:
Current Iteration count: 26
Last iteration time: 0.015626192092895508
Average iteration time: 0.004819659086374135
Current score: 8130220.0


Phase 4 (routing operators) day 36 ended!
Phase 4 (routing operators) day report:
Current Iteration count: 27
Last iteration time: 0.015623807907104492
Average iteration time: 0.005219812746401185
Current score: 8130220.0


Phase 4 (routing operators) day 37 ended!
Phase 4 (routing operators) day report:
Current Iteration count: 28
Last iteration time: 0.0
Average iteration time: 0.005033390862601142
Current score: 8130220.0


Phase 4 (routing operators) day 38 ended!
Phase 4 (routing operators) day report:
Current Iteration count: 29
Last iteration time: 0.015627145767211914
Average iteration time: 0.005398692755863582
Current score: 8130220.0


Phase 4 (routing operators) day 39 ended!
Phase 4 (routing operators) day report:
Current Iteration count: 30
Last iteration time: 0.0
Average iteration time: 0.005218736330668129
Current score: 8130220.0


Phase 4 (routing operators) day 42 ended!
Phase 4 (routing operators) day report:
Current Iteration count: 31
Last iteration time: 0.0
Average iteration time: 0.00505038999742077
Current score: 8130220.0


Phase 4 (routing operators) day 43 ended!
Phase 4 (routing operators) day report:
Current Iteration count: 32
Last iteration time: 0.01562190055847168
Average iteration time: 0.005380749702453611
Current score: 8130220.0


Phase 4 (routing operators) day 44 ended!
Phase 4 (routing operators) day report:
Current Iteration count: 33
Last iteration time: 0.015625476837158203
Average iteration time: 0.0056911959792628405
Current score: 8130220.0


Phase 4 (routing operators) day 45 ended!
Phase 4 (routing operators) day report:
Current Iteration count: 34
Last iteration time: 0.0
Average iteration time: 0.005523807862225698
Current score: 8130220.0


Phase 4 (routing operators) day 46 ended!
Phase 4 (routing operators) day report:
Current Iteration count: 35
Last iteration time: 0.0
Average iteration time: 0.005365984780447822
Current score: 8130220.0


Phase 4 (routing operators) day 49 ended!
Phase 4 (routing operators) day report:
Current Iteration count: 36
Last iteration time: 0.0
Average iteration time: 0.005216929647657605
Current score: 8130220.0


Phase 4 (routing operators) day 50 ended!
Phase 4 (routing operators) day report:
Current Iteration count: 37
Last iteration time: 0.0
Average iteration time: 0.005075931549072264
Current score: 8130220.0


Phase 4 (routing operators) day 51 ended!
Phase 4 (routing operators) day report:
Current Iteration count: 38
Last iteration time: 0.015619754791259766
Average iteration time: 0.0053534005817614085
Current score: 8130220.0


Phase 4 (routing operators) day 52 ended!
Phase 4 (routing operators) day report:
Current Iteration count: 39
Last iteration time: 0.0
Average iteration time: 0.0052161339001777825
Current score: 8130220.0


Phase 4 (routing operators) day 53 ended!
Phase 4 (routing operators) day report:
Current Iteration count: 40
Last iteration time: 0.0
Average iteration time: 0.005085730552673338
Current score: 8130220.0


Phase 4 (routing operators) ended! Current time: 2026-08-09 03:03:39.001485
Phase 4 (routing operators) Report:
Iteration count: 40
Last iteration time: 0.0
Average iteration time: 0.005085730552673338
Current score: 8130220.0


Local search report:
Iteration count: 9 iterations
Last iteration time: 85.42674946784973 seconds
Iteration average time: 227.2765744527181 seconds
Current score: 8130220.0

Local search ended after 9 iterations.
Last iteration time: 85.42674946784973 seconds
Iteration average time: 227.2765744527181 seconds
Original score: 865889781.0
Current score: 8130220.0

----- MARKER - SOLUTION PRINTED BELOW -------

Day 0, number of edges 80, number of routes 4

	Edges:

	Edge: 1135 <--> 1134 	 Freq: 56.0 	 Demand: 204
	Edge: 1138 <--> 449 	 Freq: 56.0 	 Demand: 340
	Edge: 584 <--> 1142 	 Freq: 56.0 	 Demand: 204
	Edge: 327 <--> 585 	 Freq: 56.0 	 Demand: 560
	Edge: 1109 <--> 1145 	 Freq: 56.0 	 Demand: 204
	Edge: 1144 <--> 708 	 Freq: 56.0 	 Demand: 560
	Edge: 263 <--> 1129 	 Freq: 56.0 	 Demand: 560
	Edge: 99 <--> 928 	 Freq: 56.0 	 Demand: 560
	Edge: 590 <--> 591 	 Freq: 56.0 	 Demand: 560
	Edge: 636 <--> 635 	 Freq: 56.0 	 Demand: 560
	Edge: 608 <--> 609 	 Freq: 56.0 	 Demand: 204
	Edge: 790 <--> 1116 	 Freq: 56.0 	 Demand: 204
	Edge: 1104 <--> 943 	 Freq: 56.0 	 Demand: 204
	Edge: 549 <--> 33 	 Freq: 56.0 	 Demand: 204
	Edge: 11 <--> 604 	 Freq: 56.0 	 Demand: 560
	Edge: 499 <--> 500 	 Freq: 56.0 	 Demand: 204
	Edge: 921 <--> 335 	 Freq: 56.0 	 Demand: 204
	Edge: 944 <--> 922 	 Freq: 56.0 	 Demand: 560
	Edge: 105 <--> 106 	 Freq: 56.0 	 Demand: 204
	Edge: 104 <--> 224 	 Freq: 56.0 	 Demand: 652
	Edge: 1042 <--> 56 	 Freq: 56.0 	 Demand: 204
	Edge: 432 <--> 526 	 Freq: 56.0 	 Demand: 204
	Edge: 529 <--> 1041 	 Freq: 56.0 	 Demand: 560
	Edge: 1010 <--> 1012 	 Freq: 56.0 	 Demand: 204
	Edge: 173 <--> 174 	 Freq: 56.0 	 Demand: 408
	Edge: 1034 <--> 1035 	 Freq: 56.0 	 Demand: 204
	Edge: 723 <--> 724 	 Freq: 56.0 	 Demand: 320
	Edge: 674 <--> 675 	 Freq: 56.0 	 Demand: 1120
	Edge: 377 <--> 725 	 Freq: 56.0 	 Demand: 204
	Edge: 130 <--> 1036 	 Freq: 56.0 	 Demand: 204
	Edge: 547 <--> 548 	 Freq: 56.0 	 Demand: 204
	Edge: 422 <--> 423 	 Freq: 56.0 	 Demand: 204
	Edge: 1500 <--> 1501 	 Freq: 56.0 	 Demand: 408
	Edge: 1689 <--> 1690 	 Freq: 56.0 	 Demand: 204
	Edge: 1684 <--> 1685 	 Freq: 56.0 	 Demand: 764
	Edge: 1236 <--> 1237 	 Freq: 56.0 	 Demand: 408
	Edge: 1686 <--> 1687 	 Freq: 56.0 	 Demand: 560
	Edge: 1589 <--> 1654 	 Freq: 56.0 	 Demand: 408
	Edge: 1603 <--> 1656 	 Freq: 56.0 	 Demand: 204
	Edge: 1234 <--> 1242 	 Freq: 56.0 	 Demand: 204
	Edge: 1259 <--> 1678 	 Freq: 56.0 	 Demand: 408
	Edge: 1311 <--> 1312 	 Freq: 56.0 	 Demand: 612
	Edge: 1574 <--> 1576 	 Freq: 56.0 	 Demand: 408
	Edge: 1274 <--> 1275 	 Freq: 56.0 	 Demand: 408
	Edge: 1131 <--> 1133 	 Freq: 56.0 	 Demand: 204
	Edge: 1141 <--> 1140 	 Freq: 56.0 	 Demand: 204
	Edge: 793 <--> 606 	 Freq: 56.0 	 Demand: 204
	Edge: 272 <--> 85 	 Freq: 56.0 	 Demand: 116
	Edge: 436 <--> 520 	 Freq: 56.0 	 Demand: 560
	Edge: 893 <--> 909 	 Freq: 56.0 	 Demand: 560
	Edge: 891 <--> 901 	 Freq: 56.0 	 Demand: 1308
	Edge: 466 <--> 467 	 Freq: 56.0 	 Demand: 560
	Edge: 892 <--> 886 	 Freq: 56.0 	 Demand: 1308
	Edge: 1079 <--> 522 	 Freq: 56.0 	 Demand: 204
	Edge: 586 <--> 788 	 Freq: 56.0 	 Demand: 204
	Edge: 555 <--> 796 	 Freq: 56.0 	 Demand: 204
	Edge: 90 <--> 942 	 Freq: 56.0 	 Demand: 204
	Edge: 944 <--> 1105 	 Freq: 56.0 	 Demand: 560
	Edge: 1065 <--> 1066 	 Freq: 28.0 	 Demand: 560
	Edge: 1200 <--> 1201 	 Freq: 28.0 	 Demand: 764
	Edge: 1505 <--> 1507 	 Freq: 28.0 	 Demand: 118
	Edge: 1510 <--> 1653 	 Freq: 28.0 	 Demand: 1020
	Edge: 1510 <--> 1487 	 Freq: 28.0 	 Demand: 560
	Edge: 1387 <--> 1201 	 Freq: 28.0 	 Demand: 238
	Edge: 1691 <--> 1495 	 Freq: 28.0 	 Demand: 968
	Edge: 1495 <--> 1692 	 Freq: 28.0 	 Demand: 118
	Edge: 1390 <--> 1677 	 Freq: 28.0 	 Demand: 560
	Edge: 1389 <--> 1590 	 Freq: 28.0 	 Demand: 408
	Edge: 582 <--> 581 	 Freq: 28.0 	 Demand: 118
	Edge: 902 <--> 903 	 Freq: 28.0 	 Demand: 654
	Edge: 617 <--> 618 	 Freq: 28.0 	 Demand: 1122
	Edge: 1113 <--> 1114 	 Freq: 28.0 	 Demand: 408
	Edge: 619 <--> 620 	 Freq: 28.0 	 Demand: 1122
	Edge: 1088 <--> 1082 	 Freq: 28.0 	 Demand: 680
	Edge: 399 <--> 400 	 Freq: 28.0 	 Demand: 560
	Edge: 509 <--> 1100 	 Freq: 28.0 	 Demand: 560
	Edge: 280 <--> 1094 	 Freq: 28.0 	 Demand: 560
	Edge: 1094 <--> 1095 	 Freq: 28.0 	 Demand: 560
	Edge: 838 <--> 839 	 Freq: 28.0 	 Demand: 560
	Edge: 450 <--> 367 	 Freq: 56.0 	 Demand: 560

	Routes:

	Route: 1
	Route length (85291.0) and demand (10516)
	Edge: 1135 <--> 1134 	 Freq: 56.0 	 Demand: 204
	Edge: 1138 <--> 449 	 Freq: 56.0 	 Demand: 340
	Edge: 450 <--> 367 	 Freq: 56.0 	 Demand: 560
	Edge: 584 <--> 1142 	 Freq: 56.0 	 Demand: 204
	Edge: 327 <--> 585 	 Freq: 56.0 	 Demand: 560
	Edge: 1109 <--> 1145 	 Freq: 56.0 	 Demand: 204
	Edge: 1144 <--> 708 	 Freq: 56.0 	 Demand: 560
	Edge: 586 <--> 788 	 Freq: 56.0 	 Demand: 204
	Edge: 99 <--> 928 	 Freq: 56.0 	 Demand: 560
	Edge: 590 <--> 591 	 Freq: 56.0 	 Demand: 560
	Edge: 1131 <--> 1133 	 Freq: 56.0 	 Demand: 204
	Edge: 263 <--> 1129 	 Freq: 56.0 	 Demand: 560
	Edge: 1141 <--> 1140 	 Freq: 56.0 	 Demand: 204
	Edge: 793 <--> 606 	 Freq: 56.0 	 Demand: 204
	Edge: 902 <--> 903 	 Freq: 28.0 	 Demand: 654
	Edge: 582 <--> 581 	 Freq: 28.0 	 Demand: 118
	Edge: 272 <--> 85 	 Freq: 56.0 	 Demand: 116
	Edge: 891 <--> 901 	 Freq: 56.0 	 Demand: 1308
	Edge: 436 <--> 520 	 Freq: 56.0 	 Demand: 560
	Edge: 893 <--> 909 	 Freq: 56.0 	 Demand: 560
	Edge: 466 <--> 467 	 Freq: 56.0 	 Demand: 560
	Edge: 892 <--> 886 	 Freq: 56.0 	 Demand: 1308
	Edge: 1079 <--> 522 	 Freq: 56.0 	 Demand: 204
	Route: 2
	Route length (68530.0) and demand (9444)
	Edge: 944 <--> 922 	 Freq: 56.0 	 Demand: 560
	Edge: 944 <--> 1105 	 Freq: 56.0 	 Demand: 560
	Edge: 90 <--> 942 	 Freq: 56.0 	 Demand: 204
	Edge: 555 <--> 796 	 Freq: 56.0 	 Demand: 204
	Edge: 921 <--> 335 	 Freq: 56.0 	 Demand: 204
	Edge: 280 <--> 1094 	 Freq: 28.0 	 Demand: 560
	Edge: 1094 <--> 1095 	 Freq: 28.0 	 Demand: 560
	Edge: 509 <--> 1100 	 Freq: 28.0 	 Demand: 560
	Edge: 619 <--> 620 	 Freq: 28.0 	 Demand: 1122
	Edge: 1088 <--> 1082 	 Freq: 28.0 	 Demand: 680
	Edge: 399 <--> 400 	 Freq: 28.0 	 Demand: 560
	Edge: 1113 <--> 1114 	 Freq: 28.0 	 Demand: 408
	Edge: 617 <--> 618 	 Freq: 28.0 	 Demand: 1122
	Edge: 636 <--> 635 	 Freq: 56.0 	 Demand: 560
	Edge: 608 <--> 609 	 Freq: 56.0 	 Demand: 204
	Edge: 790 <--> 1116 	 Freq: 56.0 	 Demand: 204
	Edge: 1104 <--> 943 	 Freq: 56.0 	 Demand: 204
	Edge: 549 <--> 33 	 Freq: 56.0 	 Demand: 204
	Edge: 11 <--> 604 	 Freq: 56.0 	 Demand: 560
	Edge: 499 <--> 500 	 Freq: 56.0 	 Demand: 204
	Route: 3
	Route length (72634.0) and demand (9750)
	Edge: 1510 <--> 1653 	 Freq: 28.0 	 Demand: 1020
	Edge: 1510 <--> 1487 	 Freq: 28.0 	 Demand: 560
	Edge: 1500 <--> 1501 	 Freq: 56.0 	 Demand: 408
	Edge: 1505 <--> 1507 	 Freq: 28.0 	 Demand: 118
	Edge: 1387 <--> 1201 	 Freq: 28.0 	 Demand: 238
	Edge: 1200 <--> 1201 	 Freq: 28.0 	 Demand: 764
	Edge: 1691 <--> 1495 	 Freq: 28.0 	 Demand: 968
	Edge: 1495 <--> 1692 	 Freq: 28.0 	 Demand: 118
	Edge: 1684 <--> 1685 	 Freq: 56.0 	 Demand: 764
	Edge: 1236 <--> 1237 	 Freq: 56.0 	 Demand: 408
	Edge: 1689 <--> 1690 	 Freq: 56.0 	 Demand: 204
	Edge: 1390 <--> 1677 	 Freq: 28.0 	 Demand: 560
	Edge: 1686 <--> 1687 	 Freq: 56.0 	 Demand: 560
	Edge: 1589 <--> 1654 	 Freq: 56.0 	 Demand: 408
	Edge: 1603 <--> 1656 	 Freq: 56.0 	 Demand: 204
	Edge: 1389 <--> 1590 	 Freq: 28.0 	 Demand: 408
	Edge: 1234 <--> 1242 	 Freq: 56.0 	 Demand: 204
	Edge: 1259 <--> 1678 	 Freq: 56.0 	 Demand: 408
	Edge: 1311 <--> 1312 	 Freq: 56.0 	 Demand: 612
	Edge: 1574 <--> 1576 	 Freq: 56.0 	 Demand: 408
	Edge: 1274 <--> 1275 	 Freq: 56.0 	 Demand: 408
	Route: 4
	Route length (73282.0) and demand (6016)
	Edge: 104 <--> 224 	 Freq: 56.0 	 Demand: 652
	Edge: 105 <--> 106 	 Freq: 56.0 	 Demand: 204
	Edge: 1042 <--> 56 	 Freq: 56.0 	 Demand: 204
	Edge: 432 <--> 526 	 Freq: 56.0 	 Demand: 204
	Edge: 529 <--> 1041 	 Freq: 56.0 	 Demand: 560
	Edge: 173 <--> 174 	 Freq: 56.0 	 Demand: 408
	Edge: 1010 <--> 1012 	 Freq: 56.0 	 Demand: 204
	Edge: 1034 <--> 1035 	 Freq: 56.0 	 Demand: 204
	Edge: 723 <--> 724 	 Freq: 56.0 	 Demand: 320
	Edge: 674 <--> 675 	 Freq: 56.0 	 Demand: 1120
	Edge: 377 <--> 725 	 Freq: 56.0 	 Demand: 204
	Edge: 130 <--> 1036 	 Freq: 56.0 	 Demand: 204
	Edge: 547 <--> 548 	 Freq: 56.0 	 Demand: 204
	Edge: 422 <--> 423 	 Freq: 56.0 	 Demand: 204
	Edge: 1065 <--> 1066 	 Freq: 28.0 	 Demand: 560
	Edge: 838 <--> 839 	 Freq: 28.0 	 Demand: 560

Day 1, number of edges 55, number of routes 4

	Edges:

	Edge: 1521 <--> 1522 	 Freq: 56.0 	 Demand: 408
	Edge: 1524 <--> 1525 	 Freq: 56.0 	 Demand: 1120
	Edge: 1296 <--> 1297 	 Freq: 56.0 	 Demand: 408
	Edge: 1648 <--> 1649 	 Freq: 56.0 	 Demand: 408
	Edge: 1192 <--> 1193 	 Freq: 56.0 	 Demand: 408
	Edge: 1513 <--> 1514 	 Freq: 56.0 	 Demand: 204
	Edge: 1658 <--> 1659 	 Freq: 56.0 	 Demand: 116
	Edge: 1731 <--> 1504 	 Freq: 56.0 	 Demand: 816
	Edge: 1699 <--> 1700 	 Freq: 56.0 	 Demand: 560
	Edge: 1406 <--> 1407 	 Freq: 56.0 	 Demand: 408
	Edge: 1373 <--> 1374 	 Freq: 56.0 	 Demand: 560
	Edge: 1587 <--> 1588 	 Freq: 56.0 	 Demand: 560
	Edge: 1586 <--> 1428 	 Freq: 56.0 	 Demand: 408
	Edge: 1491 <--> 1555 	 Freq: 56.0 	 Demand: 408
	Edge: 1397 <--> 1368 	 Freq: 56.0 	 Demand: 204
	Edge: 1409 <--> 1372 	 Freq: 56.0 	 Demand: 560
	Edge: 1665 <--> 1680 	 Freq: 56.0 	 Demand: 560
	Edge: 398 <--> 797 	 Freq: 56.0 	 Demand: 204
	Edge: 191 <--> 940 	 Freq: 56.0 	 Demand: 340
	Edge: 672 <--> 673 	 Freq: 56.0 	 Demand: 560
	Edge: 946 <--> 1043 	 Freq: 56.0 	 Demand: 560
	Edge: 413 <--> 722 	 Freq: 56.0 	 Demand: 560
	Edge: 243 <--> 1126 	 Freq: 56.0 	 Demand: 1120
	Edge: 244 <--> 245 	 Freq: 56.0 	 Demand: 408
	Edge: 244 <--> 241 	 Freq: 56.0 	 Demand: 204
	Edge: 1068 <--> 1072 	 Freq: 56.0 	 Demand: 560
	Edge: 332 <--> 356 	 Freq: 56.0 	 Demand: 560
	Edge: 395 <--> 497 	 Freq: 56.0 	 Demand: 560
	Edge: 394 <--> 599 	 Freq: 56.0 	 Demand: 560
	Edge: 379 <--> 600 	 Freq: 56.0 	 Demand: 560
	Edge: 1698 <--> 1710 	 Freq: 28.0 	 Demand: 204
	Edge: 1663 <--> 1664 	 Freq: 28.0 	 Demand: 3926
	Edge: 1662 <--> 1663 	 Freq: 28.0 	 Demand: 1122
	Edge: 1600 <--> 1395 	 Freq: 28.0 	 Demand: 204
	Edge: 1220 <--> 1221 	 Freq: 28.0 	 Demand: 1122
	Edge: 1222 <--> 1223 	 Freq: 28.0 	 Demand: 560
	Edge: 1426 <--> 1425 	 Freq: 28.0 	 Demand: 118
	Edge: 1550 <--> 1551 	 Freq: 28.0 	 Demand: 1122
	Edge: 1456 <--> 1448 	 Freq: 28.0 	 Demand: 1122
	Edge: 1564 <--> 1227 	 Freq: 28.0 	 Demand: 1326
	Edge: 1608 <--> 1609 	 Freq: 28.0 	 Demand: 118
	Edge: 1230 <--> 1231 	 Freq: 28.0 	 Demand: 560
	Edge: 639 <--> 640 	 Freq: 28.0 	 Demand: 1122
	Edge: 197 <--> 198 	 Freq: 28.0 	 Demand: 560
	Edge: 111 <--> 158 	 Freq: 28.0 	 Demand: 560
	Edge: 231 <--> 153 	 Freq: 28.0 	 Demand: 356
	Edge: 1733 <--> 1351 	 Freq: 28.0 	 Demand: 1122
	Edge: 1724 <--> 1725 	 Freq: 28.0 	 Demand: 1682
	Edge: 1729 <--> 1730 	 Freq: 28.0 	 Demand: 560
	Edge: 30 <--> 31 	 Freq: 28.0 	 Demand: 1122
	Edge: 537 <--> 546 	 Freq: 56.0 	 Demand: 340
	Edge: 915 <--> 1071 	 Freq: 56.0 	 Demand: 652
	Edge: 1067 <--> 1055 	 Freq: 56.0 	 Demand: 204
	Edge: 719 <--> 1143 	 Freq: 56.0 	 Demand: 204
	Edge: 601 <--> 602 	 Freq: 56.0 	 Demand: 612

	Routes:

	Route: 1
	Route length (72501.0) and demand (9136)
	Edge: 1521 <--> 1522 	 Freq: 56.0 	 Demand: 408
	Edge: 1524 <--> 1525 	 Freq: 56.0 	 Demand: 1120
	Edge: 1296 <--> 1297 	 Freq: 56.0 	 Demand: 408
	Edge: 1648 <--> 1649 	 Freq: 56.0 	 Demand: 408
	Edge: 1192 <--> 1193 	 Freq: 56.0 	 Demand: 408
	Edge: 1513 <--> 1514 	 Freq: 56.0 	 Demand: 204
	Edge: 1731 <--> 1504 	 Freq: 56.0 	 Demand: 816
	Edge: 1658 <--> 1659 	 Freq: 56.0 	 Demand: 116
	Edge: 1699 <--> 1700 	 Freq: 56.0 	 Demand: 560
	Edge: 1698 <--> 1710 	 Freq: 28.0 	 Demand: 204
	Edge: 1373 <--> 1374 	 Freq: 56.0 	 Demand: 560
	Edge: 1587 <--> 1588 	 Freq: 56.0 	 Demand: 560
	Edge: 1729 <--> 1730 	 Freq: 28.0 	 Demand: 560
	Edge: 1724 <--> 1725 	 Freq: 28.0 	 Demand: 1682
	Edge: 1733 <--> 1351 	 Freq: 28.0 	 Demand: 1122
	Route: 2
	Route length (40068.0) and demand (6220)
	Edge: 1663 <--> 1664 	 Freq: 28.0 	 Demand: 3926
	Edge: 1662 <--> 1663 	 Freq: 28.0 	 Demand: 1122
	Edge: 601 <--> 602 	 Freq: 56.0 	 Demand: 612
	Edge: 379 <--> 600 	 Freq: 56.0 	 Demand: 560
	Route: 3
	Route length (48254.0) and demand (8734)
	Edge: 413 <--> 722 	 Freq: 56.0 	 Demand: 560
	Edge: 946 <--> 1043 	 Freq: 56.0 	 Demand: 560
	Edge: 672 <--> 673 	 Freq: 56.0 	 Demand: 560
	Edge: 191 <--> 940 	 Freq: 56.0 	 Demand: 340
	Edge: 639 <--> 640 	 Freq: 28.0 	 Demand: 1122
	Edge: 197 <--> 198 	 Freq: 28.0 	 Demand: 560
	Edge: 398 <--> 797 	 Freq: 56.0 	 Demand: 204
	Edge: 243 <--> 1126 	 Freq: 56.0 	 Demand: 1120
	Edge: 244 <--> 245 	 Freq: 56.0 	 Demand: 408
	Edge: 244 <--> 241 	 Freq: 56.0 	 Demand: 204
	Edge: 719 <--> 1143 	 Freq: 56.0 	 Demand: 204
	Edge: 1068 <--> 1072 	 Freq: 56.0 	 Demand: 560
	Edge: 1067 <--> 1055 	 Freq: 56.0 	 Demand: 204
	Edge: 915 <--> 1071 	 Freq: 56.0 	 Demand: 652
	Edge: 332 <--> 356 	 Freq: 56.0 	 Demand: 560
	Edge: 111 <--> 158 	 Freq: 28.0 	 Demand: 560
	Edge: 231 <--> 153 	 Freq: 28.0 	 Demand: 356
	Route: 4
	Route length (75707.0) and demand (11382)
	Edge: 537 <--> 546 	 Freq: 56.0 	 Demand: 340
	Edge: 395 <--> 497 	 Freq: 56.0 	 Demand: 560
	Edge: 394 <--> 599 	 Freq: 56.0 	 Demand: 560
	Edge: 1665 <--> 1680 	 Freq: 56.0 	 Demand: 560
	Edge: 1586 <--> 1428 	 Freq: 56.0 	 Demand: 408
	Edge: 1491 <--> 1555 	 Freq: 56.0 	 Demand: 408
	Edge: 1397 <--> 1368 	 Freq: 56.0 	 Demand: 204
	Edge: 1600 <--> 1395 	 Freq: 28.0 	 Demand: 204
	Edge: 1220 <--> 1221 	 Freq: 28.0 	 Demand: 1122
	Edge: 1222 <--> 1223 	 Freq: 28.0 	 Demand: 560
	Edge: 1426 <--> 1425 	 Freq: 28.0 	 Demand: 118
	Edge: 1550 <--> 1551 	 Freq: 28.0 	 Demand: 1122
	Edge: 1456 <--> 1448 	 Freq: 28.0 	 Demand: 1122
	Edge: 1564 <--> 1227 	 Freq: 28.0 	 Demand: 1326
	Edge: 1608 <--> 1609 	 Freq: 28.0 	 Demand: 118
	Edge: 1230 <--> 1231 	 Freq: 28.0 	 Demand: 560
	Edge: 1409 <--> 1372 	 Freq: 56.0 	 Demand: 560
	Edge: 1406 <--> 1407 	 Freq: 56.0 	 Demand: 408
	Edge: 30 <--> 31 	 Freq: 28.0 	 Demand: 1122

Day 2, number of edges 28, number of routes 2

	Edges:

	Edge: 444 <--> 1128 	 Freq: 56.0 	 Demand: 204
	Edge: 225 <--> 226 	 Freq: 56.0 	 Demand: 204
	Edge: 1621 <--> 1646 	 Freq: 56.0 	 Demand: 408
	Edge: 1526 <--> 1527 	 Freq: 56.0 	 Demand: 408
	Edge: 1436 <--> 1411 	 Freq: 56.0 	 Demand: 560
	Edge: 1198 <--> 1199 	 Freq: 56.0 	 Demand: 236
	Edge: 456 <--> 457 	 Freq: 56.0 	 Demand: 560
	Edge: 910 <--> 1075 	 Freq: 56.0 	 Demand: 652
	Edge: 523 <--> 524 	 Freq: 56.0 	 Demand: 160
	Edge: 331 <--> 248 	 Freq: 56.0 	 Demand: 204
	Edge: 447 <--> 448 	 Freq: 56.0 	 Demand: 204
	Edge: 349 <--> 350 	 Freq: 28.0 	 Demand: 118
	Edge: 307 <--> 311 	 Freq: 28.0 	 Demand: 560
	Edge: 306 <--> 308 	 Freq: 28.0 	 Demand: 238
	Edge: 308 <--> 309 	 Freq: 28.0 	 Demand: 2244
	Edge: 308 <--> 445 	 Freq: 28.0 	 Demand: 560
	Edge: 701 <--> 702 	 Freq: 28.0 	 Demand: 1122
	Edge: 1476 <--> 1499 	 Freq: 28.0 	 Demand: 1682
	Edge: 1280 <--> 1281 	 Freq: 28.0 	 Demand: 1682
	Edge: 1478 <--> 1479 	 Freq: 28.0 	 Demand: 1682
	Edge: 907 <--> 908 	 Freq: 28.0 	 Demand: 1122
	Edge: 904 <--> 905 	 Freq: 28.0 	 Demand: 560
	Edge: 220 <--> 320 	 Freq: 28.0 	 Demand: 560
	Edge: 376 <--> 751 	 Freq: 28.0 	 Demand: 3086
	Edge: 310 <--> 136 	 Freq: 28.0 	 Demand: 1462
	Edge: 320 <--> 321 	 Freq: 28.0 	 Demand: 560
	Edge: 351 <--> 390 	 Freq: 56.0 	 Demand: 560
	Edge: 455 <--> 456 	 Freq: 56.0 	 Demand: 560

	Routes:

	Route: 1
	Route length (56341.0) and demand (10422)
	Edge: 1476 <--> 1499 	 Freq: 28.0 	 Demand: 1682
	Edge: 1280 <--> 1281 	 Freq: 28.0 	 Demand: 1682
	Edge: 1478 <--> 1479 	 Freq: 28.0 	 Demand: 1682
	Edge: 1621 <--> 1646 	 Freq: 56.0 	 Demand: 408
	Edge: 1526 <--> 1527 	 Freq: 56.0 	 Demand: 408
	Edge: 1436 <--> 1411 	 Freq: 56.0 	 Demand: 560
	Edge: 1198 <--> 1199 	 Freq: 56.0 	 Demand: 236
	Edge: 351 <--> 390 	 Freq: 56.0 	 Demand: 560
	Edge: 349 <--> 350 	 Freq: 28.0 	 Demand: 118
	Edge: 376 <--> 751 	 Freq: 28.0 	 Demand: 3086
	Route: 2
	Route length (52893.0) and demand (11736)
	Edge: 910 <--> 1075 	 Freq: 56.0 	 Demand: 652
	Edge: 523 <--> 524 	 Freq: 56.0 	 Demand: 160
	Edge: 904 <--> 905 	 Freq: 28.0 	 Demand: 560
	Edge: 907 <--> 908 	 Freq: 28.0 	 Demand: 1122
	Edge: 456 <--> 457 	 Freq: 56.0 	 Demand: 560
	Edge: 455 <--> 456 	 Freq: 56.0 	 Demand: 560
	Edge: 306 <--> 308 	 Freq: 28.0 	 Demand: 238
	Edge: 307 <--> 311 	 Freq: 28.0 	 Demand: 560
	Edge: 220 <--> 320 	 Freq: 28.0 	 Demand: 560
	Edge: 447 <--> 448 	 Freq: 56.0 	 Demand: 204
	Edge: 331 <--> 248 	 Freq: 56.0 	 Demand: 204
	Edge: 310 <--> 136 	 Freq: 28.0 	 Demand: 1462
	Edge: 320 <--> 321 	 Freq: 28.0 	 Demand: 560
	Edge: 308 <--> 445 	 Freq: 28.0 	 Demand: 560
	Edge: 308 <--> 309 	 Freq: 28.0 	 Demand: 2244
	Edge: 444 <--> 1128 	 Freq: 56.0 	 Demand: 204
	Edge: 701 <--> 702 	 Freq: 28.0 	 Demand: 1122
	Edge: 225 <--> 226 	 Freq: 56.0 	 Demand: 204

Day 3, number of edges 21, number of routes 2

	Edges:

	Edge: 1681 <--> 1693 	 Freq: 28.0 	 Demand: 1122
	Edge: 1605 <--> 1515 	 Freq: 28.0 	 Demand: 118
	Edge: 1547 <--> 1734 	 Freq: 28.0 	 Demand: 118
	Edge: 1327 <--> 1560 	 Freq: 28.0 	 Demand: 118
	Edge: 1252 <--> 1253 	 Freq: 28.0 	 Demand: 3366
	Edge: 1376 <--> 1719 	 Freq: 28.0 	 Demand: 2244
	Edge: 1249 <--> 1666 	 Freq: 28.0 	 Demand: 118
	Edge: 1347 <--> 1464 	 Freq: 28.0 	 Demand: 356
	Edge: 1346 <--> 1347 	 Freq: 28.0 	 Demand: 118
	Edge: 1661 <--> 1346 	 Freq: 28.0 	 Demand: 1530
	Edge: 1472 <--> 1660 	 Freq: 28.0 	 Demand: 1122
	Edge: 1553 <--> 1214 	 Freq: 28.0 	 Demand: 1682
	Edge: 342 <--> 1064 	 Freq: 28.0 	 Demand: 1308
	Edge: 180 <--> 181 	 Freq: 28.0 	 Demand: 1308
	Edge: 662 <--> 663 	 Freq: 28.0 	 Demand: 560
	Edge: 565 <--> 566 	 Freq: 28.0 	 Demand: 1682
	Edge: 60 <--> 61 	 Freq: 28.0 	 Demand: 1216
	Edge: 660 <--> 661 	 Freq: 28.0 	 Demand: 654
	Edge: 1324 <--> 1325 	 Freq: 28.0 	 Demand: 2244
	Edge: 1650 <--> 1511 	 Freq: 28.0 	 Demand: 560
	Edge: 1216 <--> 1217 	 Freq: 28.0 	 Demand: 560

	Routes:

	Route: 1
	Route length (43408.0) and demand (11724)
	Edge: 1553 <--> 1214 	 Freq: 28.0 	 Demand: 1682
	Edge: 1661 <--> 1346 	 Freq: 28.0 	 Demand: 1530
	Edge: 1347 <--> 1464 	 Freq: 28.0 	 Demand: 356
	Edge: 1346 <--> 1347 	 Freq: 28.0 	 Demand: 118
	Edge: 1472 <--> 1660 	 Freq: 28.0 	 Demand: 1122
	Edge: 1216 <--> 1217 	 Freq: 28.0 	 Demand: 560
	Edge: 1324 <--> 1325 	 Freq: 28.0 	 Demand: 2244
	Edge: 60 <--> 61 	 Freq: 28.0 	 Demand: 1216
	Edge: 565 <--> 566 	 Freq: 28.0 	 Demand: 1682
	Edge: 662 <--> 663 	 Freq: 28.0 	 Demand: 560
	Edge: 660 <--> 661 	 Freq: 28.0 	 Demand: 654
	Route: 2
	Route length (63940.0) and demand (10380)
	Edge: 1650 <--> 1511 	 Freq: 28.0 	 Demand: 560
	Edge: 1681 <--> 1693 	 Freq: 28.0 	 Demand: 1122
	Edge: 1249 <--> 1666 	 Freq: 28.0 	 Demand: 118
	Edge: 1376 <--> 1719 	 Freq: 28.0 	 Demand: 2244
	Edge: 1327 <--> 1560 	 Freq: 28.0 	 Demand: 118
	Edge: 1252 <--> 1253 	 Freq: 28.0 	 Demand: 3366
	Edge: 1547 <--> 1734 	 Freq: 28.0 	 Demand: 118
	Edge: 1605 <--> 1515 	 Freq: 28.0 	 Demand: 118
	Edge: 180 <--> 181 	 Freq: 28.0 	 Demand: 1308
	Edge: 342 <--> 1064 	 Freq: 28.0 	 Demand: 1308

Day 4, number of edges 23, number of routes 3

	Edges:

	Edge: 407 <--> 1080 	 Freq: 56.0 	 Demand: 204
	Edge: 339 <--> 340 	 Freq: 28.0 	 Demand: 560
	Edge: 828 <--> 830 	 Freq: 28.0 	 Demand: 560
	Edge: 536 <--> 738 	 Freq: 28.0 	 Demand: 1308
	Edge: 1153 <--> 1154 	 Freq: 28.0 	 Demand: 1308
	Edge: 834 <--> 1015 	 Freq: 28.0 	 Demand: 1308
	Edge: 1157 <--> 659 	 Freq: 28.0 	 Demand: 204
	Edge: 839 <--> 1018 	 Freq: 28.0 	 Demand: 118
	Edge: 485 <--> 486 	 Freq: 28.0 	 Demand: 1682
	Edge: 21 <--> 22 	 Freq: 28.0 	 Demand: 654
	Edge: 859 <--> 1018 	 Freq: 28.0 	 Demand: 1954
	Edge: 1159 <--> 991 	 Freq: 28.0 	 Demand: 2066
	Edge: 699 <--> 700 	 Freq: 28.0 	 Demand: 118
	Edge: 916 <--> 1081 	 Freq: 28.0 	 Demand: 3926
	Edge: 729 <--> 731 	 Freq: 28.0 	 Demand: 4210
	Edge: 643 <--> 644 	 Freq: 28.0 	 Demand: 714
	Edge: 696 <--> 697 	 Freq: 28.0 	 Demand: 340
	Edge: 687 <--> 688 	 Freq: 28.0 	 Demand: 1308
	Edge: 570 <--> 571 	 Freq: 28.0 	 Demand: 408
	Edge: 29 <--> 62 	 Freq: 28.0 	 Demand: 2618
	Edge: 661 <--> 1158 	 Freq: 28.0 	 Demand: 340
	Edge: 494 <--> 664 	 Freq: 28.0 	 Demand: 4108
	Edge: 334 <--> 406 	 Freq: 56.0 	 Demand: 560

	Routes:

	Route: 1
	Route length (36500.0) and demand (11788)
	Edge: 407 <--> 1080 	 Freq: 56.0 	 Demand: 204
	Edge: 334 <--> 406 	 Freq: 56.0 	 Demand: 560
	Edge: 699 <--> 700 	 Freq: 28.0 	 Demand: 118
	Edge: 916 <--> 1081 	 Freq: 28.0 	 Demand: 3926
	Edge: 729 <--> 731 	 Freq: 28.0 	 Demand: 4210
	Edge: 570 <--> 571 	 Freq: 28.0 	 Demand: 408
	Edge: 643 <--> 644 	 Freq: 28.0 	 Demand: 714
	Edge: 696 <--> 697 	 Freq: 28.0 	 Demand: 340
	Edge: 687 <--> 688 	 Freq: 28.0 	 Demand: 1308
	Route: 2
	Route length (10395.0) and demand (11722)
	Edge: 839 <--> 1018 	 Freq: 28.0 	 Demand: 118
	Edge: 859 <--> 1018 	 Freq: 28.0 	 Demand: 1954
	Edge: 21 <--> 22 	 Freq: 28.0 	 Demand: 654
	Edge: 485 <--> 486 	 Freq: 28.0 	 Demand: 1682
	Edge: 1159 <--> 991 	 Freq: 28.0 	 Demand: 2066
	Edge: 828 <--> 830 	 Freq: 28.0 	 Demand: 560
	Edge: 339 <--> 340 	 Freq: 28.0 	 Demand: 560
	Edge: 834 <--> 1015 	 Freq: 28.0 	 Demand: 1308
	Edge: 1157 <--> 659 	 Freq: 28.0 	 Demand: 204
	Edge: 1153 <--> 1154 	 Freq: 28.0 	 Demand: 1308
	Edge: 536 <--> 738 	 Freq: 28.0 	 Demand: 1308
	Route: 3
	Route length (8001.0) and demand (7066)
	Edge: 661 <--> 1158 	 Freq: 28.0 	 Demand: 340
	Edge: 29 <--> 62 	 Freq: 28.0 	 Demand: 2618
	Edge: 494 <--> 664 	 Freq: 28.0 	 Demand: 4108

Day 5, number of edges 0, number of routes 0

	Edges:


	Routes:


Day 6, number of edges 0, number of routes 0

	Edges:


	Routes:


Day 7, number of edges 28, number of routes 3

	Edges:

	Edge: 1187 <--> 1188 	 Freq: 28.0 	 Demand: 3926
	Edge: 1367 <--> 1644 	 Freq: 28.0 	 Demand: 654
	Edge: 1644 <--> 1645 	 Freq: 28.0 	 Demand: 408
	Edge: 1639 <--> 1640 	 Freq: 28.0 	 Demand: 560
	Edge: 1705 <--> 1706 	 Freq: 28.0 	 Demand: 560
	Edge: 1667 <--> 1668 	 Freq: 28.0 	 Demand: 560
	Edge: 1531 <--> 1532 	 Freq: 28.0 	 Demand: 1122
	Edge: 1306 <--> 1307 	 Freq: 28.0 	 Demand: 1682
	Edge: 1270 <--> 1470 	 Freq: 28.0 	 Demand: 560
	Edge: 1268 <--> 1269 	 Freq: 28.0 	 Demand: 238
	Edge: 1289 <--> 1268 	 Freq: 28.0 	 Demand: 118
	Edge: 1345 <--> 1290 	 Freq: 28.0 	 Demand: 680
	Edge: 1670 <--> 1345 	 Freq: 28.0 	 Demand: 204
	Edge: 1254 <--> 1255 	 Freq: 28.0 	 Demand: 204
	Edge: 1716 <--> 1697 	 Freq: 28.0 	 Demand: 798
	Edge: 1552 <--> 1344 	 Freq: 28.0 	 Demand: 4216
	Edge: 1189 <--> 1466 	 Freq: 28.0 	 Demand: 1682
	Edge: 1202 <--> 1203 	 Freq: 28.0 	 Demand: 560
	Edge: 1214 <--> 1202 	 Freq: 28.0 	 Demand: 476
	Edge: 1636 <--> 1637 	 Freq: 28.0 	 Demand: 560
	Edge: 1637 <--> 1266 	 Freq: 28.0 	 Demand: 560
	Edge: 1265 <--> 1266 	 Freq: 28.0 	 Demand: 1598
	Edge: 1264 <--> 1263 	 Freq: 28.0 	 Demand: 1122
	Edge: 1536 <--> 1262 	 Freq: 28.0 	 Demand: 3366
	Edge: 1469 <--> 1482 	 Freq: 28.0 	 Demand: 3624
	Edge: 1204 <--> 1205 	 Freq: 28.0 	 Demand: 238
	Edge: 1720 <--> 1369 	 Freq: 28.0 	 Demand: 560
	Edge: 1163 <--> 1164 	 Freq: 56.0 	 Demand: 204

	Routes:

	Route: 1
	Route length (40680.0) and demand (11832)
	Edge: 1636 <--> 1637 	 Freq: 28.0 	 Demand: 560
	Edge: 1637 <--> 1266 	 Freq: 28.0 	 Demand: 560
	Edge: 1265 <--> 1266 	 Freq: 28.0 	 Demand: 1598
	Edge: 1264 <--> 1263 	 Freq: 28.0 	 Demand: 1122
	Edge: 1536 <--> 1262 	 Freq: 28.0 	 Demand: 3366
	Edge: 1469 <--> 1482 	 Freq: 28.0 	 Demand: 3624
	Edge: 1204 <--> 1205 	 Freq: 28.0 	 Demand: 238
	Edge: 1254 <--> 1255 	 Freq: 28.0 	 Demand: 204
	Edge: 1720 <--> 1369 	 Freq: 28.0 	 Demand: 560
	Route: 2
	Route length (40146.0) and demand (9736)
	Edge: 1214 <--> 1202 	 Freq: 28.0 	 Demand: 476
	Edge: 1202 <--> 1203 	 Freq: 28.0 	 Demand: 560
	Edge: 1268 <--> 1269 	 Freq: 28.0 	 Demand: 238
	Edge: 1270 <--> 1470 	 Freq: 28.0 	 Demand: 560
	Edge: 1306 <--> 1307 	 Freq: 28.0 	 Demand: 1682
	Edge: 1289 <--> 1268 	 Freq: 28.0 	 Demand: 118
	Edge: 1345 <--> 1290 	 Freq: 28.0 	 Demand: 680
	Edge: 1670 <--> 1345 	 Freq: 28.0 	 Demand: 204
	Edge: 1552 <--> 1344 	 Freq: 28.0 	 Demand: 4216
	Edge: 1716 <--> 1697 	 Freq: 28.0 	 Demand: 798
	Edge: 1163 <--> 1164 	 Freq: 56.0 	 Demand: 204
	Route: 3
	Route length (40467.0) and demand (9472)
	Edge: 1189 <--> 1466 	 Freq: 28.0 	 Demand: 1682
	Edge: 1531 <--> 1532 	 Freq: 28.0 	 Demand: 1122
	Edge: 1667 <--> 1668 	 Freq: 28.0 	 Demand: 560
	Edge: 1705 <--> 1706 	 Freq: 28.0 	 Demand: 560
	Edge: 1639 <--> 1640 	 Freq: 28.0 	 Demand: 560
	Edge: 1644 <--> 1645 	 Freq: 28.0 	 Demand: 408
	Edge: 1367 <--> 1644 	 Freq: 28.0 	 Demand: 654
	Edge: 1187 <--> 1188 	 Freq: 28.0 	 Demand: 3926

Day 8, number of edges 17, number of routes 2

	Edges:

	Edge: 831 <--> 832 	 Freq: 28.0 	 Demand: 1308
	Edge: 756 <--> 550 	 Freq: 28.0 	 Demand: 1682
	Edge: 45 <--> 46 	 Freq: 28.0 	 Demand: 654
	Edge: 1017 <--> 337 	 Freq: 28.0 	 Demand: 654
	Edge: 1017 <--> 1181 	 Freq: 28.0 	 Demand: 654
	Edge: 991 <--> 989 	 Freq: 28.0 	 Demand: 560
	Edge: 140 <--> 295 	 Freq: 28.0 	 Demand: 1122
	Edge: 137 <--> 296 	 Freq: 28.0 	 Demand: 816
	Edge: 139 <--> 140 	 Freq: 28.0 	 Demand: 2244
	Edge: 1123 <--> 138 	 Freq: 28.0 	 Demand: 2244
	Edge: 667 <--> 668 	 Freq: 28.0 	 Demand: 2618
	Edge: 1124 <--> 1125 	 Freq: 28.0 	 Demand: 1122
	Edge: 429 <--> 430 	 Freq: 28.0 	 Demand: 560
	Edge: 1120 <--> 115 	 Freq: 28.0 	 Demand: 1122
	Edge: 736 <--> 737 	 Freq: 28.0 	 Demand: 1308
	Edge: 563 <--> 564 	 Freq: 28.0 	 Demand: 560
	Edge: 1162 <--> 533 	 Freq: 28.0 	 Demand: 1428

	Routes:

	Route: 1
	Route length (12800.0) and demand (8808)
	Edge: 1162 <--> 533 	 Freq: 28.0 	 Demand: 1428
	Edge: 1017 <--> 1181 	 Freq: 28.0 	 Demand: 654
	Edge: 756 <--> 550 	 Freq: 28.0 	 Demand: 1682
	Edge: 1017 <--> 337 	 Freq: 28.0 	 Demand: 654
	Edge: 45 <--> 46 	 Freq: 28.0 	 Demand: 654
	Edge: 991 <--> 989 	 Freq: 28.0 	 Demand: 560
	Edge: 563 <--> 564 	 Freq: 28.0 	 Demand: 560
	Edge: 736 <--> 737 	 Freq: 28.0 	 Demand: 1308
	Edge: 831 <--> 832 	 Freq: 28.0 	 Demand: 1308
	Route: 2
	Route length (19504.0) and demand (11848)
	Edge: 667 <--> 668 	 Freq: 28.0 	 Demand: 2618
	Edge: 1124 <--> 1125 	 Freq: 28.0 	 Demand: 1122
	Edge: 1123 <--> 138 	 Freq: 28.0 	 Demand: 2244
	Edge: 140 <--> 295 	 Freq: 28.0 	 Demand: 1122
	Edge: 137 <--> 296 	 Freq: 28.0 	 Demand: 816
	Edge: 139 <--> 140 	 Freq: 28.0 	 Demand: 2244
	Edge: 429 <--> 430 	 Freq: 28.0 	 Demand: 560
	Edge: 1120 <--> 115 	 Freq: 28.0 	 Demand: 1122

Day 9, number of edges 19, number of routes 3

	Edges:

	Edge: 1331 <--> 1332 	 Freq: 28.0 	 Demand: 118
	Edge: 1121 <--> 1122 	 Freq: 28.0 	 Demand: 1122
	Edge: 304 <--> 305 	 Freq: 28.0 	 Demand: 560
	Edge: 1278 <--> 1279 	 Freq: 28.0 	 Demand: 560
	Edge: 1243 <--> 1244 	 Freq: 28.0 	 Demand: 560
	Edge: 132 <--> 133 	 Freq: 28.0 	 Demand: 1666
	Edge: 135 <--> 234 	 Freq: 28.0 	 Demand: 2788
	Edge: 654 <--> 655 	 Freq: 28.0 	 Demand: 654
	Edge: 657 <--> 654 	 Freq: 28.0 	 Demand: 1308
	Edge: 1473 <--> 1474 	 Freq: 28.0 	 Demand: 1326
	Edge: 1038 <--> 1159 	 Freq: 28.0 	 Demand: 1002
	Edge: 1033 <--> 1038 	 Freq: 28.0 	 Demand: 560
	Edge: 749 <--> 372 	 Freq: 28.0 	 Demand: 858
	Edge: 1214 <--> 1215 	 Freq: 28.0 	 Demand: 1682
	Edge: 52 <--> 39 	 Freq: 28.0 	 Demand: 3970
	Edge: 39 <--> 40 	 Freq: 28.0 	 Demand: 3548
	Edge: 50 <--> 51 	 Freq: 28.0 	 Demand: 3986
	Edge: 1492 <--> 1493 	 Freq: 28.0 	 Demand: 1122
	Edge: 109 <--> 938 	 Freq: 28.0 	 Demand: 560

	Routes:

	Route: 1
	Route length (7788.0) and demand (11504)
	Edge: 52 <--> 39 	 Freq: 28.0 	 Demand: 3970
	Edge: 39 <--> 40 	 Freq: 28.0 	 Demand: 3548
	Edge: 50 <--> 51 	 Freq: 28.0 	 Demand: 3986
	Route: 2
	Route length (68704.0) and demand (11504)
	Edge: 1331 <--> 1332 	 Freq: 28.0 	 Demand: 118
	Edge: 1492 <--> 1493 	 Freq: 28.0 	 Demand: 1122
	Edge: 1473 <--> 1474 	 Freq: 28.0 	 Demand: 1326
	Edge: 1214 <--> 1215 	 Freq: 28.0 	 Demand: 1682
	Edge: 1278 <--> 1279 	 Freq: 28.0 	 Demand: 560
	Edge: 1243 <--> 1244 	 Freq: 28.0 	 Demand: 560
	Edge: 1121 <--> 1122 	 Freq: 28.0 	 Demand: 1122
	Edge: 132 <--> 133 	 Freq: 28.0 	 Demand: 1666
	Edge: 135 <--> 234 	 Freq: 28.0 	 Demand: 2788
	Edge: 304 <--> 305 	 Freq: 28.0 	 Demand: 560
	Route: 3
	Route length (30885.0) and demand (4942)
	Edge: 1033 <--> 1038 	 Freq: 28.0 	 Demand: 560
	Edge: 1038 <--> 1159 	 Freq: 28.0 	 Demand: 1002
	Edge: 749 <--> 372 	 Freq: 28.0 	 Demand: 858
	Edge: 654 <--> 655 	 Freq: 28.0 	 Demand: 654
	Edge: 657 <--> 654 	 Freq: 28.0 	 Demand: 1308
	Edge: 109 <--> 938 	 Freq: 28.0 	 Demand: 560

Day 10, number of edges 19, number of routes 2

	Edges:

	Edge: 1051 <--> 1052 	 Freq: 28.0 	 Demand: 340
	Edge: 709 <--> 711 	 Freq: 28.0 	 Demand: 1216
	Edge: 462 <--> 513 	 Freq: 28.0 	 Demand: 560
	Edge: 1480 <--> 1481 	 Freq: 28.0 	 Demand: 1122
	Edge: 464 <--> 465 	 Freq: 28.0 	 Demand: 560
	Edge: 896 <--> 897 	 Freq: 28.0 	 Demand: 1682
	Edge: 734 <--> 735 	 Freq: 28.0 	 Demand: 2244
	Edge: 53 <--> 1045 	 Freq: 28.0 	 Demand: 118
	Edge: 1183 <--> 1184 	 Freq: 28.0 	 Demand: 1598
	Edge: 1155 <--> 1151 	 Freq: 28.0 	 Demand: 612
	Edge: 656 <--> 748 	 Freq: 28.0 	 Demand: 2430
	Edge: 1022 <--> 764 	 Freq: 28.0 	 Demand: 118
	Edge: 1713 <--> 1342 	 Freq: 28.0 	 Demand: 1122
	Edge: 1472 <--> 1291 	 Freq: 28.0 	 Demand: 238
	Edge: 1545 <--> 1572 	 Freq: 28.0 	 Demand: 560
	Edge: 463 <--> 72 	 Freq: 28.0 	 Demand: 560
	Edge: 110 <--> 1096 	 Freq: 28.0 	 Demand: 560
	Edge: 938 <--> 939 	 Freq: 28.0 	 Demand: 560
	Edge: 1276 <--> 1277 	 Freq: 28.0 	 Demand: 764

	Routes:

	Route: 1
	Route length (51827.0) and demand (11560)
	Edge: 464 <--> 465 	 Freq: 28.0 	 Demand: 560
	Edge: 462 <--> 513 	 Freq: 28.0 	 Demand: 560
	Edge: 896 <--> 897 	 Freq: 28.0 	 Demand: 1682
	Edge: 463 <--> 72 	 Freq: 28.0 	 Demand: 560
	Edge: 709 <--> 711 	 Freq: 28.0 	 Demand: 1216
	Edge: 1051 <--> 1052 	 Freq: 28.0 	 Demand: 340
	Edge: 938 <--> 939 	 Freq: 28.0 	 Demand: 560
	Edge: 110 <--> 1096 	 Freq: 28.0 	 Demand: 560
	Edge: 1022 <--> 764 	 Freq: 28.0 	 Demand: 118
	Edge: 734 <--> 735 	 Freq: 28.0 	 Demand: 2244
	Edge: 53 <--> 1045 	 Freq: 28.0 	 Demand: 118
	Edge: 656 <--> 748 	 Freq: 28.0 	 Demand: 2430
	Edge: 1155 <--> 1151 	 Freq: 28.0 	 Demand: 612
	Route: 2
	Route length (49268.0) and demand (5404)
	Edge: 1545 <--> 1572 	 Freq: 28.0 	 Demand: 560
	Edge: 1713 <--> 1342 	 Freq: 28.0 	 Demand: 1122
	Edge: 1183 <--> 1184 	 Freq: 28.0 	 Demand: 1598
	Edge: 1472 <--> 1291 	 Freq: 28.0 	 Demand: 238
	Edge: 1480 <--> 1481 	 Freq: 28.0 	 Demand: 1122
	Edge: 1276 <--> 1277 	 Freq: 28.0 	 Demand: 764

Day 11, number of edges 17, number of routes 2

	Edges:

	Edge: 188 <--> 1061 	 Freq: 28.0 	 Demand: 654
	Edge: 75 <--> 403 	 Freq: 28.0 	 Demand: 560
	Edge: 199 <--> 200 	 Freq: 28.0 	 Demand: 560
	Edge: 196 <--> 615 	 Freq: 28.0 	 Demand: 560
	Edge: 773 <--> 774 	 Freq: 28.0 	 Demand: 560
	Edge: 1723 <--> 1726 	 Freq: 28.0 	 Demand: 356
	Edge: 572 <--> 573 	 Freq: 28.0 	 Demand: 654
	Edge: 219 <--> 220 	 Freq: 28.0 	 Demand: 560
	Edge: 739 <--> 740 	 Freq: 28.0 	 Demand: 560
	Edge: 1047 <--> 739 	 Freq: 28.0 	 Demand: 1122
	Edge: 690 <--> 692 	 Freq: 28.0 	 Demand: 1122
	Edge: 691 <--> 746 	 Freq: 28.0 	 Demand: 560
	Edge: 1151 <--> 1001 	 Freq: 28.0 	 Demand: 560
	Edge: 1076 <--> 1077 	 Freq: 28.0 	 Demand: 1682
	Edge: 404 <--> 405 	 Freq: 28.0 	 Demand: 560
	Edge: 504 <--> 505 	 Freq: 28.0 	 Demand: 1122
	Edge: 1634 <--> 1635 	 Freq: 28.0 	 Demand: 1122

	Routes:

	Route: 1
	Route length (91895.0) and demand (8950)
	Edge: 1634 <--> 1635 	 Freq: 28.0 	 Demand: 1122
	Edge: 1723 <--> 1726 	 Freq: 28.0 	 Demand: 356
	Edge: 773 <--> 774 	 Freq: 28.0 	 Demand: 560
	Edge: 219 <--> 220 	 Freq: 28.0 	 Demand: 560
	Edge: 75 <--> 403 	 Freq: 28.0 	 Demand: 560
	Edge: 404 <--> 405 	 Freq: 28.0 	 Demand: 560
	Edge: 572 <--> 573 	 Freq: 28.0 	 Demand: 654
	Edge: 188 <--> 1061 	 Freq: 28.0 	 Demand: 654
	Edge: 1076 <--> 1077 	 Freq: 28.0 	 Demand: 1682
	Edge: 199 <--> 200 	 Freq: 28.0 	 Demand: 560
	Edge: 504 <--> 505 	 Freq: 28.0 	 Demand: 1122
	Edge: 196 <--> 615 	 Freq: 28.0 	 Demand: 560
	Route: 2
	Route length (7652.0) and demand (3924)
	Edge: 1047 <--> 739 	 Freq: 28.0 	 Demand: 1122
	Edge: 739 <--> 740 	 Freq: 28.0 	 Demand: 560
	Edge: 690 <--> 692 	 Freq: 28.0 	 Demand: 1122
	Edge: 691 <--> 746 	 Freq: 28.0 	 Demand: 560
	Edge: 1151 <--> 1001 	 Freq: 28.0 	 Demand: 560

Day 12, number of edges 0, number of routes 0

	Edges:


	Routes:


Day 13, number of edges 0, number of routes 0

	Edges:


	Routes:


Day 14, number of edges 20, number of routes 3

	Edges:

	Edge: 346 <--> 347 	 Freq: 28.0 	 Demand: 952
	Edge: 323 <--> 321 	 Freq: 28.0 	 Demand: 1122
	Edge: 323 <--> 443 	 Freq: 28.0 	 Demand: 560
	Edge: 254 <--> 5 	 Freq: 28.0 	 Demand: 204
	Edge: 470 <--> 250 	 Freq: 28.0 	 Demand: 204
	Edge: 1152 <--> 771 	 Freq: 28.0 	 Demand: 654
	Edge: 1173 <--> 1024 	 Freq: 28.0 	 Demand: 322
	Edge: 270 <--> 401 	 Freq: 28.0 	 Demand: 764
	Edge: 685 <--> 686 	 Freq: 28.0 	 Demand: 2618
	Edge: 637 <--> 638 	 Freq: 28.0 	 Demand: 1122
	Edge: 24 <--> 25 	 Freq: 28.0 	 Demand: 560
	Edge: 23 <--> 24 	 Freq: 28.0 	 Demand: 3638
	Edge: 172 <--> 848 	 Freq: 28.0 	 Demand: 1682
	Edge: 487 <--> 488 	 Freq: 28.0 	 Demand: 2618
	Edge: 745 <--> 1172 	 Freq: 28.0 	 Demand: 2804
	Edge: 1329 <--> 1330 	 Freq: 28.0 	 Demand: 3926
	Edge: 1350 <--> 1679 	 Freq: 28.0 	 Demand: 3366
	Edge: 1206 <--> 1207 	 Freq: 28.0 	 Demand: 3514
	Edge: 1208 <--> 1498 	 Freq: 28.0 	 Demand: 1122
	Edge: 445 <--> 446 	 Freq: 28.0 	 Demand: 798

	Routes:

	Route: 1
	Route length (42047.0) and demand (11928)
	Edge: 1329 <--> 1330 	 Freq: 28.0 	 Demand: 3926
	Edge: 1350 <--> 1679 	 Freq: 28.0 	 Demand: 3366
	Edge: 1206 <--> 1207 	 Freq: 28.0 	 Demand: 3514
	Edge: 1208 <--> 1498 	 Freq: 28.0 	 Demand: 1122
	Route: 2
	Route length (12750.0) and demand (9202)
	Edge: 487 <--> 488 	 Freq: 28.0 	 Demand: 2618
	Edge: 172 <--> 848 	 Freq: 28.0 	 Demand: 1682
	Edge: 745 <--> 1172 	 Freq: 28.0 	 Demand: 2804
	Edge: 1152 <--> 771 	 Freq: 28.0 	 Demand: 654
	Edge: 1173 <--> 1024 	 Freq: 28.0 	 Demand: 322
	Edge: 637 <--> 638 	 Freq: 28.0 	 Demand: 1122
	Route: 3
	Route length (50081.0) and demand (11420)
	Edge: 685 <--> 686 	 Freq: 28.0 	 Demand: 2618
	Edge: 346 <--> 347 	 Freq: 28.0 	 Demand: 952
	Edge: 445 <--> 446 	 Freq: 28.0 	 Demand: 798
	Edge: 323 <--> 443 	 Freq: 28.0 	 Demand: 560
	Edge: 323 <--> 321 	 Freq: 28.0 	 Demand: 1122
	Edge: 470 <--> 250 	 Freq: 28.0 	 Demand: 204
	Edge: 254 <--> 5 	 Freq: 28.0 	 Demand: 204
	Edge: 270 <--> 401 	 Freq: 28.0 	 Demand: 764
	Edge: 23 <--> 24 	 Freq: 28.0 	 Demand: 3638
	Edge: 24 <--> 25 	 Freq: 28.0 	 Demand: 560

Day 15, number of edges 21, number of routes 2

	Edges:

	Edge: 930 <--> 931 	 Freq: 28.0 	 Demand: 204
	Edge: 929 <--> 932 	 Freq: 28.0 	 Demand: 560
	Edge: 1325 <--> 1326 	 Freq: 28.0 	 Demand: 204
	Edge: 1073 <--> 1074 	 Freq: 28.0 	 Demand: 1122
	Edge: 596 <--> 718 	 Freq: 28.0 	 Demand: 1122
	Edge: 717 <--> 595 	 Freq: 28.0 	 Demand: 764
	Edge: 362 <--> 231 	 Freq: 28.0 	 Demand: 1428
	Edge: 746 <--> 491 	 Freq: 28.0 	 Demand: 654
	Edge: 955 <--> 253 	 Freq: 28.0 	 Demand: 1122
	Edge: 747 <--> 482 	 Freq: 28.0 	 Demand: 1122
	Edge: 482 <--> 483 	 Freq: 28.0 	 Demand: 1870
	Edge: 1025 <--> 1033 	 Freq: 28.0 	 Demand: 654
	Edge: 1715 <--> 1713 	 Freq: 28.0 	 Demand: 560
	Edge: 1334 <--> 1672 	 Freq: 28.0 	 Demand: 560
	Edge: 757 <--> 758 	 Freq: 28.0 	 Demand: 1682
	Edge: 534 <--> 535 	 Freq: 28.0 	 Demand: 654
	Edge: 535 <--> 1165 	 Freq: 28.0 	 Demand: 560
	Edge: 1167 <--> 823 	 Freq: 28.0 	 Demand: 1394
	Edge: 476 <--> 489 	 Freq: 28.0 	 Demand: 1308
	Edge: 387 <--> 671 	 Freq: 28.0 	 Demand: 560
	Edge: 1326 <--> 1217 	 Freq: 28.0 	 Demand: 560

	Routes:

	Route: 1
	Route length (7918.0) and demand (8216)
	Edge: 476 <--> 489 	 Freq: 28.0 	 Demand: 1308
	Edge: 1167 <--> 823 	 Freq: 28.0 	 Demand: 1394
	Edge: 1025 <--> 1033 	 Freq: 28.0 	 Demand: 654
	Edge: 482 <--> 483 	 Freq: 28.0 	 Demand: 1870
	Edge: 746 <--> 491 	 Freq: 28.0 	 Demand: 654
	Edge: 747 <--> 482 	 Freq: 28.0 	 Demand: 1122
	Edge: 535 <--> 1165 	 Freq: 28.0 	 Demand: 560
	Edge: 534 <--> 535 	 Freq: 28.0 	 Demand: 654
	Route: 2
	Route length (85675.0) and demand (10448)
	Edge: 757 <--> 758 	 Freq: 28.0 	 Demand: 1682
	Edge: 387 <--> 671 	 Freq: 28.0 	 Demand: 560
	Edge: 929 <--> 932 	 Freq: 28.0 	 Demand: 560
	Edge: 930 <--> 931 	 Freq: 28.0 	 Demand: 204
	Edge: 596 <--> 718 	 Freq: 28.0 	 Demand: 1122
	Edge: 717 <--> 595 	 Freq: 28.0 	 Demand: 764
	Edge: 1073 <--> 1074 	 Freq: 28.0 	 Demand: 1122
	Edge: 955 <--> 253 	 Freq: 28.0 	 Demand: 1122
	Edge: 362 <--> 231 	 Freq: 28.0 	 Demand: 1428
	Edge: 1325 <--> 1326 	 Freq: 28.0 	 Demand: 204
	Edge: 1326 <--> 1217 	 Freq: 28.0 	 Demand: 560
	Edge: 1715 <--> 1713 	 Freq: 28.0 	 Demand: 560
	Edge: 1334 <--> 1672 	 Freq: 28.0 	 Demand: 560

Day 16, number of edges 23, number of routes 2

	Edges:

	Edge: 597 <--> 107 	 Freq: 28.0 	 Demand: 204
	Edge: 107 <--> 108 	 Freq: 28.0 	 Demand: 560
	Edge: 592 <--> 593 	 Freq: 28.0 	 Demand: 560
	Edge: 8 <--> 1023 	 Freq: 28.0 	 Demand: 654
	Edge: 762 <--> 763 	 Freq: 28.0 	 Demand: 560
	Edge: 715 <--> 716 	 Freq: 28.0 	 Demand: 1326
	Edge: 153 <--> 1 	 Freq: 28.0 	 Demand: 560
	Edge: 953 <--> 954 	 Freq: 28.0 	 Demand: 1122
	Edge: 156 <--> 157 	 Freq: 28.0 	 Demand: 476
	Edge: 561 <--> 562 	 Freq: 28.0 	 Demand: 560
	Edge: 836 <--> 837 	 Freq: 28.0 	 Demand: 2244
	Edge: 835 <--> 836 	 Freq: 28.0 	 Demand: 322
	Edge: 825 <--> 826 	 Freq: 28.0 	 Demand: 892
	Edge: 1023 <--> 1022 	 Freq: 28.0 	 Demand: 408
	Edge: 727 <--> 728 	 Freq: 28.0 	 Demand: 340
	Edge: 1292 <--> 1363 	 Freq: 28.0 	 Demand: 1326
	Edge: 1669 <--> 1212 	 Freq: 28.0 	 Demand: 204
	Edge: 1299 <--> 1300 	 Freq: 28.0 	 Demand: 1122
	Edge: 1674 <--> 1675 	 Freq: 28.0 	 Demand: 560
	Edge: 1673 <--> 1674 	 Freq: 28.0 	 Demand: 3926
	Edge: 1302 <--> 1303 	 Freq: 28.0 	 Demand: 560
	Edge: 535 <--> 823 	 Freq: 28.0 	 Demand: 560
	Edge: 1320 <--> 1321 	 Freq: 28.0 	 Demand: 3734

	Routes:

	Route: 1
	Route length (39009.0) and demand (11432)
	Edge: 1320 <--> 1321 	 Freq: 28.0 	 Demand: 3734
	Edge: 1669 <--> 1212 	 Freq: 28.0 	 Demand: 204
	Edge: 1292 <--> 1363 	 Freq: 28.0 	 Demand: 1326
	Edge: 1302 <--> 1303 	 Freq: 28.0 	 Demand: 560
	Edge: 1299 <--> 1300 	 Freq: 28.0 	 Demand: 1122
	Edge: 1674 <--> 1675 	 Freq: 28.0 	 Demand: 560
	Edge: 1673 <--> 1674 	 Freq: 28.0 	 Demand: 3926
	Route: 2
	Route length (53103.0) and demand (11348)
	Edge: 597 <--> 107 	 Freq: 28.0 	 Demand: 204
	Edge: 107 <--> 108 	 Freq: 28.0 	 Demand: 560
	Edge: 592 <--> 593 	 Freq: 28.0 	 Demand: 560
	Edge: 727 <--> 728 	 Freq: 28.0 	 Demand: 340
	Edge: 715 <--> 716 	 Freq: 28.0 	 Demand: 1326
	Edge: 953 <--> 954 	 Freq: 28.0 	 Demand: 1122
	Edge: 156 <--> 157 	 Freq: 28.0 	 Demand: 476
	Edge: 153 <--> 1 	 Freq: 28.0 	 Demand: 560
	Edge: 535 <--> 823 	 Freq: 28.0 	 Demand: 560
	Edge: 561 <--> 562 	 Freq: 28.0 	 Demand: 560
	Edge: 836 <--> 837 	 Freq: 28.0 	 Demand: 2244
	Edge: 835 <--> 836 	 Freq: 28.0 	 Demand: 322
	Edge: 825 <--> 826 	 Freq: 28.0 	 Demand: 892
	Edge: 1023 <--> 1022 	 Freq: 28.0 	 Demand: 408
	Edge: 762 <--> 763 	 Freq: 28.0 	 Demand: 560
	Edge: 8 <--> 1023 	 Freq: 28.0 	 Demand: 654

Day 17, number of edges 20, number of routes 3

	Edges:

	Edge: 774 <--> 783 	 Freq: 28.0 	 Demand: 560
	Edge: 1136 <--> 1137 	 Freq: 28.0 	 Demand: 560
	Edge: 1285 <--> 1286 	 Freq: 28.0 	 Demand: 560
	Edge: 1732 <--> 1381 	 Freq: 28.0 	 Demand: 560
	Edge: 835 <--> 1180 	 Freq: 28.0 	 Demand: 654
	Edge: 826 <--> 835 	 Freq: 28.0 	 Demand: 1122
	Edge: 826 <--> 1167 	 Freq: 28.0 	 Demand: 118
	Edge: 1424 <--> 1722 	 Freq: 28.0 	 Demand: 204
	Edge: 1146 <--> 1147 	 Freq: 28.0 	 Demand: 1682
	Edge: 145 <--> 286 	 Freq: 28.0 	 Demand: 3696
	Edge: 257 <--> 598 	 Freq: 28.0 	 Demand: 560
	Edge: 1553 <--> 1642 	 Freq: 28.0 	 Demand: 560
	Edge: 1322 <--> 1323 	 Freq: 28.0 	 Demand: 1122
	Edge: 1363 <--> 1348 	 Freq: 28.0 	 Demand: 560
	Edge: 1708 <--> 1310 	 Freq: 28.0 	 Demand: 1122
	Edge: 1310 <--> 1717 	 Freq: 28.0 	 Demand: 2804
	Edge: 820 <--> 821 	 Freq: 28.0 	 Demand: 1308
	Edge: 1021 <--> 819 	 Freq: 28.0 	 Demand: 654
	Edge: 37 <--> 38 	 Freq: 28.0 	 Demand: 1546
	Edge: 808 <--> 809 	 Freq: 28.0 	 Demand: 3694

	Routes:

	Route: 1
	Route length (48202.0) and demand (8612)
	Edge: 1136 <--> 1137 	 Freq: 28.0 	 Demand: 560
	Edge: 1322 <--> 1323 	 Freq: 28.0 	 Demand: 1122
	Edge: 1363 <--> 1348 	 Freq: 28.0 	 Demand: 560
	Edge: 1424 <--> 1722 	 Freq: 28.0 	 Demand: 204
	Edge: 1553 <--> 1642 	 Freq: 28.0 	 Demand: 560
	Edge: 1310 <--> 1717 	 Freq: 28.0 	 Demand: 2804
	Edge: 1708 <--> 1310 	 Freq: 28.0 	 Demand: 1122
	Edge: 1732 <--> 1381 	 Freq: 28.0 	 Demand: 560
	Edge: 1285 <--> 1286 	 Freq: 28.0 	 Demand: 560
	Edge: 774 <--> 783 	 Freq: 28.0 	 Demand: 560
	Route: 2
	Route length (5533.0) and demand (9096)
	Edge: 835 <--> 1180 	 Freq: 28.0 	 Demand: 654
	Edge: 826 <--> 835 	 Freq: 28.0 	 Demand: 1122
	Edge: 826 <--> 1167 	 Freq: 28.0 	 Demand: 118
	Edge: 820 <--> 821 	 Freq: 28.0 	 Demand: 1308
	Edge: 1021 <--> 819 	 Freq: 28.0 	 Demand: 654
	Edge: 37 <--> 38 	 Freq: 28.0 	 Demand: 1546
	Edge: 808 <--> 809 	 Freq: 28.0 	 Demand: 3694
	Route: 3
	Route length (17069.0) and demand (5938)
	Edge: 1146 <--> 1147 	 Freq: 28.0 	 Demand: 1682
	Edge: 145 <--> 286 	 Freq: 28.0 	 Demand: 3696
	Edge: 257 <--> 598 	 Freq: 28.0 	 Demand: 560

Day 18, number of edges 21, number of routes 2

	Edges:

	Edge: 471 <--> 472 	 Freq: 28.0 	 Demand: 560
	Edge: 192 <--> 815 	 Freq: 28.0 	 Demand: 560
	Edge: 190 <--> 802 	 Freq: 28.0 	 Demand: 560
	Edge: 437 <--> 438 	 Freq: 28.0 	 Demand: 1122
	Edge: 1132 <--> 249 	 Freq: 28.0 	 Demand: 560
	Edge: 1159 <--> 970 	 Freq: 28.0 	 Demand: 118
	Edge: 970 <--> 1160 	 Freq: 28.0 	 Demand: 238
	Edge: 55 <--> 1139 	 Freq: 28.0 	 Demand: 748
	Edge: 54 <--> 55 	 Freq: 28.0 	 Demand: 118
	Edge: 837 <--> 859 	 Freq: 28.0 	 Demand: 1682
	Edge: 319 <--> 318 	 Freq: 28.0 	 Demand: 118
	Edge: 318 <--> 1118 	 Freq: 28.0 	 Demand: 118
	Edge: 259 <--> 360 	 Freq: 28.0 	 Demand: 118
	Edge: 960 <--> 961 	 Freq: 28.0 	 Demand: 1122
	Edge: 961 <--> 962 	 Freq: 28.0 	 Demand: 1122
	Edge: 726 <--> 727 	 Freq: 28.0 	 Demand: 118
	Edge: 1341 <--> 1301 	 Freq: 28.0 	 Demand: 1122
	Edge: 1552 <--> 1363 	 Freq: 28.0 	 Demand: 1036
	Edge: 1174 <--> 35 	 Freq: 28.0 	 Demand: 408
	Edge: 480 <--> 481 	 Freq: 28.0 	 Demand: 3926
	Edge: 313 <--> 219 	 Freq: 28.0 	 Demand: 340

	Routes:

	Route: 1
	Route length (93909.0) and demand (11888)
	Edge: 1552 <--> 1363 	 Freq: 28.0 	 Demand: 1036
	Edge: 1341 <--> 1301 	 Freq: 28.0 	 Demand: 1122
	Edge: 313 <--> 219 	 Freq: 28.0 	 Demand: 340
	Edge: 1132 <--> 249 	 Freq: 28.0 	 Demand: 560
	Edge: 318 <--> 1118 	 Freq: 28.0 	 Demand: 118
	Edge: 259 <--> 360 	 Freq: 28.0 	 Demand: 118
	Edge: 319 <--> 318 	 Freq: 28.0 	 Demand: 118
	Edge: 961 <--> 962 	 Freq: 28.0 	 Demand: 1122
	Edge: 960 <--> 961 	 Freq: 28.0 	 Demand: 1122
	Edge: 437 <--> 438 	 Freq: 28.0 	 Demand: 1122
	Edge: 726 <--> 727 	 Freq: 28.0 	 Demand: 118
	Edge: 471 <--> 472 	 Freq: 28.0 	 Demand: 560
	Edge: 190 <--> 802 	 Freq: 28.0 	 Demand: 560
	Edge: 192 <--> 815 	 Freq: 28.0 	 Demand: 560
	Edge: 837 <--> 859 	 Freq: 28.0 	 Demand: 1682
	Edge: 1159 <--> 970 	 Freq: 28.0 	 Demand: 118
	Edge: 970 <--> 1160 	 Freq: 28.0 	 Demand: 238
	Edge: 54 <--> 55 	 Freq: 28.0 	 Demand: 118
	Edge: 55 <--> 1139 	 Freq: 28.0 	 Demand: 748
	Edge: 1174 <--> 35 	 Freq: 28.0 	 Demand: 408
	Route: 2
	Route length (1845.0) and demand (3926)
	Edge: 480 <--> 481 	 Freq: 28.0 	 Demand: 3926

Day 19, number of edges 0, number of routes 0

	Edges:


	Routes:


Day 20, number of edges 0, number of routes 0

	Edges:


	Routes:


Day 21, number of edges 20, number of routes 2

	Edges:

	Edge: 514 <--> 1115 	 Freq: 28.0 	 Demand: 1122
	Edge: 1106 <--> 1111 	 Freq: 28.0 	 Demand: 560
	Edge: 1149 <--> 1150 	 Freq: 28.0 	 Demand: 952
	Edge: 1004 <--> 1005 	 Freq: 28.0 	 Demand: 356
	Edge: 543 <--> 478 	 Freq: 28.0 	 Demand: 204
	Edge: 996 <--> 997 	 Freq: 28.0 	 Demand: 1308
	Edge: 678 <--> 677 	 Freq: 28.0 	 Demand: 560
	Edge: 156 <--> 249 	 Freq: 28.0 	 Demand: 560
	Edge: 1290 <--> 1289 	 Freq: 28.0 	 Demand: 560
	Edge: 557 <--> 558 	 Freq: 28.0 	 Demand: 118
	Edge: 767 <--> 1175 	 Freq: 28.0 	 Demand: 1682
	Edge: 765 <--> 559 	 Freq: 28.0 	 Demand: 118
	Edge: 1362 <--> 1292 	 Freq: 28.0 	 Demand: 3110
	Edge: 550 <--> 551 	 Freq: 28.0 	 Demand: 3578
	Edge: 551 <--> 542 	 Freq: 28.0 	 Demand: 654
	Edge: 1348 <--> 1290 	 Freq: 28.0 	 Demand: 1444
	Edge: 477 <--> 490 	 Freq: 28.0 	 Demand: 1308
	Edge: 530 <--> 531 	 Freq: 28.0 	 Demand: 118
	Edge: 741 <--> 742 	 Freq: 28.0 	 Demand: 322
	Edge: 155 <--> 1127 	 Freq: 28.0 	 Demand: 408

	Routes:

	Route: 1
	Route length (49353.0) and demand (11092)
	Edge: 477 <--> 490 	 Freq: 28.0 	 Demand: 1308
	Edge: 551 <--> 542 	 Freq: 28.0 	 Demand: 654
	Edge: 550 <--> 551 	 Freq: 28.0 	 Demand: 3578
	Edge: 557 <--> 558 	 Freq: 28.0 	 Demand: 118
	Edge: 767 <--> 1175 	 Freq: 28.0 	 Demand: 1682
	Edge: 741 <--> 742 	 Freq: 28.0 	 Demand: 322
	Edge: 765 <--> 559 	 Freq: 28.0 	 Demand: 118
	Edge: 543 <--> 478 	 Freq: 28.0 	 Demand: 204
	Edge: 1004 <--> 1005 	 Freq: 28.0 	 Demand: 356
	Edge: 514 <--> 1115 	 Freq: 28.0 	 Demand: 1122
	Edge: 1106 <--> 1111 	 Freq: 28.0 	 Demand: 560
	Edge: 530 <--> 531 	 Freq: 28.0 	 Demand: 118
	Edge: 1149 <--> 1150 	 Freq: 28.0 	 Demand: 952
	Route: 2
	Route length (50909.0) and demand (7950)
	Edge: 155 <--> 1127 	 Freq: 28.0 	 Demand: 408
	Edge: 156 <--> 249 	 Freq: 28.0 	 Demand: 560
	Edge: 996 <--> 997 	 Freq: 28.0 	 Demand: 1308
	Edge: 678 <--> 677 	 Freq: 28.0 	 Demand: 560
	Edge: 1290 <--> 1289 	 Freq: 28.0 	 Demand: 560
	Edge: 1348 <--> 1290 	 Freq: 28.0 	 Demand: 1444
	Edge: 1362 <--> 1292 	 Freq: 28.0 	 Demand: 3110

Day 22, number of edges 19, number of routes 1

	Edges:

	Edge: 948 <--> 1110 	 Freq: 28.0 	 Demand: 204
	Edge: 948 <--> 949 	 Freq: 28.0 	 Demand: 654
	Edge: 511 <--> 924 	 Freq: 28.0 	 Demand: 654
	Edge: 781 <--> 817 	 Freq: 28.0 	 Demand: 118
	Edge: 479 <--> 693 	 Freq: 28.0 	 Demand: 526
	Edge: 693 <--> 861 	 Freq: 28.0 	 Demand: 1122
	Edge: 861 <--> 862 	 Freq: 28.0 	 Demand: 204
	Edge: 1028 <--> 1026 	 Freq: 28.0 	 Demand: 118
	Edge: 641 <--> 642 	 Freq: 28.0 	 Demand: 560
	Edge: 1084 <--> 468 	 Freq: 28.0 	 Demand: 560
	Edge: 1168 <--> 1169 	 Freq: 28.0 	 Demand: 118
	Edge: 680 <--> 681 	 Freq: 28.0 	 Demand: 654
	Edge: 993 <--> 842 	 Freq: 28.0 	 Demand: 118
	Edge: 1019 <--> 860 	 Freq: 28.0 	 Demand: 560
	Edge: 860 <--> 1038 	 Freq: 28.0 	 Demand: 1122
	Edge: 823 <--> 824 	 Freq: 28.0 	 Demand: 798
	Edge: 645 <--> 646 	 Freq: 28.0 	 Demand: 560
	Edge: 803 <--> 1103 	 Freq: 28.0 	 Demand: 340
	Edge: 559 <--> 560 	 Freq: 28.0 	 Demand: 118

	Routes:

	Route: 1
	Route length (64308.0) and demand (9108)
	Edge: 993 <--> 842 	 Freq: 28.0 	 Demand: 118
	Edge: 1168 <--> 1169 	 Freq: 28.0 	 Demand: 118
	Edge: 680 <--> 681 	 Freq: 28.0 	 Demand: 654
	Edge: 641 <--> 642 	 Freq: 28.0 	 Demand: 560
	Edge: 1084 <--> 468 	 Freq: 28.0 	 Demand: 560
	Edge: 803 <--> 1103 	 Freq: 28.0 	 Demand: 340
	Edge: 948 <--> 1110 	 Freq: 28.0 	 Demand: 204
	Edge: 948 <--> 949 	 Freq: 28.0 	 Demand: 654
	Edge: 511 <--> 924 	 Freq: 28.0 	 Demand: 654
	Edge: 645 <--> 646 	 Freq: 28.0 	 Demand: 560
	Edge: 781 <--> 817 	 Freq: 28.0 	 Demand: 118
	Edge: 559 <--> 560 	 Freq: 28.0 	 Demand: 118
	Edge: 861 <--> 862 	 Freq: 28.0 	 Demand: 204
	Edge: 1028 <--> 1026 	 Freq: 28.0 	 Demand: 118
	Edge: 693 <--> 861 	 Freq: 28.0 	 Demand: 1122
	Edge: 479 <--> 693 	 Freq: 28.0 	 Demand: 526
	Edge: 860 <--> 1038 	 Freq: 28.0 	 Demand: 1122
	Edge: 1019 <--> 860 	 Freq: 28.0 	 Demand: 560
	Edge: 823 <--> 824 	 Freq: 28.0 	 Demand: 798

Day 23, number of edges 19, number of routes 1

	Edges:

	Edge: 800 <--> 801 	 Freq: 28.0 	 Demand: 356
	Edge: 978 <--> 979 	 Freq: 28.0 	 Demand: 1122
	Edge: 807 <--> 594 	 Freq: 28.0 	 Demand: 238
	Edge: 981 <--> 807 	 Freq: 28.0 	 Demand: 204
	Edge: 58 <--> 59 	 Freq: 28.0 	 Demand: 118
	Edge: 841 <--> 994 	 Freq: 28.0 	 Demand: 476
	Edge: 995 <--> 268 	 Freq: 28.0 	 Demand: 238
	Edge: 847 <--> 843 	 Freq: 28.0 	 Demand: 714
	Edge: 1048 <--> 866 	 Freq: 28.0 	 Demand: 654
	Edge: 971 <--> 1048 	 Freq: 28.0 	 Demand: 1334
	Edge: 1139 <--> 1046 	 Freq: 28.0 	 Demand: 118
	Edge: 1652 <--> 1423 	 Freq: 28.0 	 Demand: 204
	Edge: 752 <--> 1171 	 Freq: 28.0 	 Demand: 764
	Edge: 824 <--> 838 	 Freq: 28.0 	 Demand: 654
	Edge: 1467 <--> 1715 	 Freq: 28.0 	 Demand: 238
	Edge: 1715 <--> 1716 	 Freq: 28.0 	 Demand: 764
	Edge: 1362 <--> 1714 	 Freq: 28.0 	 Demand: 560
	Edge: 1218 <--> 1219 	 Freq: 28.0 	 Demand: 2244
	Edge: 683 <--> 684 	 Freq: 28.0 	 Demand: 654

	Routes:

	Route: 1
	Route length (78131.0) and demand (11654)
	Edge: 58 <--> 59 	 Freq: 28.0 	 Demand: 118
	Edge: 1652 <--> 1423 	 Freq: 28.0 	 Demand: 204
	Edge: 1218 <--> 1219 	 Freq: 28.0 	 Demand: 2244
	Edge: 1715 <--> 1716 	 Freq: 28.0 	 Demand: 764
	Edge: 1362 <--> 1714 	 Freq: 28.0 	 Demand: 560
	Edge: 1467 <--> 1715 	 Freq: 28.0 	 Demand: 238
	Edge: 807 <--> 594 	 Freq: 28.0 	 Demand: 238
	Edge: 800 <--> 801 	 Freq: 28.0 	 Demand: 356
	Edge: 981 <--> 807 	 Freq: 28.0 	 Demand: 204
	Edge: 978 <--> 979 	 Freq: 28.0 	 Demand: 1122
	Edge: 752 <--> 1171 	 Freq: 28.0 	 Demand: 764
	Edge: 1048 <--> 866 	 Freq: 28.0 	 Demand: 654
	Edge: 1139 <--> 1046 	 Freq: 28.0 	 Demand: 118
	Edge: 971 <--> 1048 	 Freq: 28.0 	 Demand: 1334
	Edge: 824 <--> 838 	 Freq: 28.0 	 Demand: 654
	Edge: 683 <--> 684 	 Freq: 28.0 	 Demand: 654
	Edge: 841 <--> 994 	 Freq: 28.0 	 Demand: 476
	Edge: 847 <--> 843 	 Freq: 28.0 	 Demand: 714
	Edge: 995 <--> 268 	 Freq: 28.0 	 Demand: 238

Day 24, number of edges 20, number of routes 2

	Edges:

	Edge: 20 <--> 1049 	 Freq: 28.0 	 Demand: 560
	Edge: 1200 <--> 1201 	 Freq: 28.0 	 Demand: 764
	Edge: 399 <--> 400 	 Freq: 28.0 	 Demand: 560
	Edge: 1107 <--> 976 	 Freq: 28.0 	 Demand: 118
	Edge: 1696 <--> 1460 	 Freq: 28.0 	 Demand: 560
	Edge: 1240 <--> 1241 	 Freq: 28.0 	 Demand: 764
	Edge: 1709 <--> 1721 	 Freq: 28.0 	 Demand: 356
	Edge: 1288 <--> 1383 	 Freq: 28.0 	 Demand: 408
	Edge: 1720 <--> 1287 	 Freq: 28.0 	 Demand: 764
	Edge: 1238 <--> 1239 	 Freq: 28.0 	 Demand: 1122
	Edge: 1530 <--> 1305 	 Freq: 28.0 	 Demand: 560
	Edge: 1185 <--> 1186 	 Freq: 28.0 	 Demand: 560
	Edge: 1474 <--> 1475 	 Freq: 28.0 	 Demand: 2244
	Edge: 769 <--> 770 	 Freq: 28.0 	 Demand: 1122
	Edge: 754 <--> 755 	 Freq: 28.0 	 Demand: 2210
	Edge: 755 <--> 756 	 Freq: 28.0 	 Demand: 2040
	Edge: 28 <--> 761 	 Freq: 28.0 	 Demand: 3692
	Edge: 1360 <--> 1708 	 Freq: 28.0 	 Demand: 118
	Edge: 578 <--> 579 	 Freq: 28.0 	 Demand: 560
	Edge: 1510 <--> 1653 	 Freq: 28.0 	 Demand: 1020

	Routes:

	Route: 1
	Route length (57814.0) and demand (9240)
	Edge: 1696 <--> 1460 	 Freq: 28.0 	 Demand: 560
	Edge: 1360 <--> 1708 	 Freq: 28.0 	 Demand: 118
	Edge: 1185 <--> 1186 	 Freq: 28.0 	 Demand: 560
	Edge: 1530 <--> 1305 	 Freq: 28.0 	 Demand: 560
	Edge: 1238 <--> 1239 	 Freq: 28.0 	 Demand: 1122
	Edge: 1240 <--> 1241 	 Freq: 28.0 	 Demand: 764
	Edge: 1709 <--> 1721 	 Freq: 28.0 	 Demand: 356
	Edge: 1288 <--> 1383 	 Freq: 28.0 	 Demand: 408
	Edge: 1720 <--> 1287 	 Freq: 28.0 	 Demand: 764
	Edge: 1474 <--> 1475 	 Freq: 28.0 	 Demand: 2244
	Edge: 1510 <--> 1653 	 Freq: 28.0 	 Demand: 1020
	Edge: 1200 <--> 1201 	 Freq: 28.0 	 Demand: 764
	Route: 2
	Route length (37212.0) and demand (10862)
	Edge: 28 <--> 761 	 Freq: 28.0 	 Demand: 3692
	Edge: 754 <--> 755 	 Freq: 28.0 	 Demand: 2210
	Edge: 755 <--> 756 	 Freq: 28.0 	 Demand: 2040
	Edge: 769 <--> 770 	 Freq: 28.0 	 Demand: 1122
	Edge: 20 <--> 1049 	 Freq: 28.0 	 Demand: 560
	Edge: 578 <--> 579 	 Freq: 28.0 	 Demand: 560
	Edge: 1107 <--> 976 	 Freq: 28.0 	 Demand: 118
	Edge: 399 <--> 400 	 Freq: 28.0 	 Demand: 560

Day 25, number of edges 20, number of routes 2

	Edges:

	Edge: 1148 <--> 1027 	 Freq: 28.0 	 Demand: 118
	Edge: 1510 <--> 1487 	 Freq: 28.0 	 Demand: 560
	Edge: 1088 <--> 1082 	 Freq: 28.0 	 Demand: 680
	Edge: 1220 <--> 1221 	 Freq: 28.0 	 Demand: 1122
	Edge: 1550 <--> 1551 	 Freq: 28.0 	 Demand: 1122
	Edge: 1400 <--> 1401 	 Freq: 28.0 	 Demand: 560
	Edge: 639 <--> 640 	 Freq: 28.0 	 Demand: 1122
	Edge: 197 <--> 198 	 Freq: 28.0 	 Demand: 560
	Edge: 111 <--> 158 	 Freq: 28.0 	 Demand: 560
	Edge: 112 <--> 116 	 Freq: 28.0 	 Demand: 1122
	Edge: 111 <--> 112 	 Freq: 28.0 	 Demand: 2244
	Edge: 1048 <--> 754 	 Freq: 28.0 	 Demand: 1216
	Edge: 541 <--> 542 	 Freq: 28.0 	 Demand: 1326
	Edge: 43 <--> 44 	 Freq: 28.0 	 Demand: 1122
	Edge: 48 <--> 49 	 Freq: 28.0 	 Demand: 2618
	Edge: 849 <--> 850 	 Freq: 28.0 	 Demand: 1682
	Edge: 806 <--> 1092 	 Freq: 28.0 	 Demand: 560
	Edge: 803 <--> 804 	 Freq: 28.0 	 Demand: 204
	Edge: 1727 <--> 1728 	 Freq: 28.0 	 Demand: 654
	Edge: 30 <--> 31 	 Freq: 28.0 	 Demand: 1122

	Routes:

	Route: 1
	Route length (47292.0) and demand (11208)
	Edge: 30 <--> 31 	 Freq: 28.0 	 Demand: 1122
	Edge: 1148 <--> 1027 	 Freq: 28.0 	 Demand: 118
	Edge: 541 <--> 542 	 Freq: 28.0 	 Demand: 1326
	Edge: 1048 <--> 754 	 Freq: 28.0 	 Demand: 1216
	Edge: 849 <--> 850 	 Freq: 28.0 	 Demand: 1682
	Edge: 48 <--> 49 	 Freq: 28.0 	 Demand: 2618
	Edge: 639 <--> 640 	 Freq: 28.0 	 Demand: 1122
	Edge: 197 <--> 198 	 Freq: 28.0 	 Demand: 560
	Edge: 1088 <--> 1082 	 Freq: 28.0 	 Demand: 680
	Edge: 806 <--> 1092 	 Freq: 28.0 	 Demand: 560
	Edge: 803 <--> 804 	 Freq: 28.0 	 Demand: 204
	Route: 2
	Route length (74065.0) and demand (9066)
	Edge: 1510 <--> 1487 	 Freq: 28.0 	 Demand: 560
	Edge: 1220 <--> 1221 	 Freq: 28.0 	 Demand: 1122
	Edge: 1550 <--> 1551 	 Freq: 28.0 	 Demand: 1122
	Edge: 1727 <--> 1728 	 Freq: 28.0 	 Demand: 654
	Edge: 1400 <--> 1401 	 Freq: 28.0 	 Demand: 560
	Edge: 43 <--> 44 	 Freq: 28.0 	 Demand: 1122
	Edge: 112 <--> 116 	 Freq: 28.0 	 Demand: 1122
	Edge: 111 <--> 112 	 Freq: 28.0 	 Demand: 2244
	Edge: 111 <--> 158 	 Freq: 28.0 	 Demand: 560

Day 26, number of edges 0, number of routes 0

	Edges:


	Routes:


Day 27, number of edges 0, number of routes 0

	Edges:


	Routes:


Day 28, number of edges 18, number of routes 2

	Edges:

	Edge: 1691 <--> 1495 	 Freq: 28.0 	 Demand: 968
	Edge: 625 <--> 381 	 Freq: 28.0 	 Demand: 204
	Edge: 381 <--> 382 	 Freq: 28.0 	 Demand: 118
	Edge: 1222 <--> 1223 	 Freq: 28.0 	 Demand: 560
	Edge: 1564 <--> 1227 	 Freq: 28.0 	 Demand: 1326
	Edge: 220 <--> 320 	 Freq: 28.0 	 Demand: 560
	Edge: 376 <--> 751 	 Freq: 28.0 	 Demand: 3086
	Edge: 1724 <--> 1725 	 Freq: 28.0 	 Demand: 1682
	Edge: 1547 <--> 1734 	 Freq: 28.0 	 Demand: 118
	Edge: 1729 <--> 1730 	 Freq: 28.0 	 Demand: 560
	Edge: 1327 <--> 1560 	 Freq: 28.0 	 Demand: 118
	Edge: 21 <--> 22 	 Freq: 28.0 	 Demand: 654
	Edge: 766 <--> 484 	 Freq: 28.0 	 Demand: 1122
	Edge: 1465 <--> 1348 	 Freq: 28.0 	 Demand: 1122
	Edge: 1321 <--> 1362 	 Freq: 28.0 	 Demand: 1648
	Edge: 1319 <--> 1320 	 Freq: 28.0 	 Demand: 2244
	Edge: 1094 <--> 1095 	 Freq: 28.0 	 Demand: 560
	Edge: 320 <--> 321 	 Freq: 28.0 	 Demand: 560

	Routes:

	Route: 1
	Route length (33207.0) and demand (5744)
	Edge: 1094 <--> 1095 	 Freq: 28.0 	 Demand: 560
	Edge: 625 <--> 381 	 Freq: 28.0 	 Demand: 204
	Edge: 381 <--> 382 	 Freq: 28.0 	 Demand: 118
	Edge: 376 <--> 751 	 Freq: 28.0 	 Demand: 3086
	Edge: 21 <--> 22 	 Freq: 28.0 	 Demand: 654
	Edge: 766 <--> 484 	 Freq: 28.0 	 Demand: 1122
	Route: 2
	Route length (76722.0) and demand (11466)
	Edge: 320 <--> 321 	 Freq: 28.0 	 Demand: 560
	Edge: 220 <--> 320 	 Freq: 28.0 	 Demand: 560
	Edge: 1319 <--> 1320 	 Freq: 28.0 	 Demand: 2244
	Edge: 1321 <--> 1362 	 Freq: 28.0 	 Demand: 1648
	Edge: 1465 <--> 1348 	 Freq: 28.0 	 Demand: 1122
	Edge: 1724 <--> 1725 	 Freq: 28.0 	 Demand: 1682
	Edge: 1547 <--> 1734 	 Freq: 28.0 	 Demand: 118
	Edge: 1729 <--> 1730 	 Freq: 28.0 	 Demand: 560
	Edge: 1327 <--> 1560 	 Freq: 28.0 	 Demand: 118
	Edge: 1564 <--> 1227 	 Freq: 28.0 	 Demand: 1326
	Edge: 1222 <--> 1223 	 Freq: 28.0 	 Demand: 560
	Edge: 1691 <--> 1495 	 Freq: 28.0 	 Demand: 968

Day 29, number of edges 19, number of routes 2

	Edges:

	Edge: 1065 <--> 1066 	 Freq: 28.0 	 Demand: 560
	Edge: 1013 <--> 1014 	 Freq: 28.0 	 Demand: 204
	Edge: 349 <--> 350 	 Freq: 28.0 	 Demand: 118
	Edge: 617 <--> 618 	 Freq: 28.0 	 Demand: 1122
	Edge: 1698 <--> 1710 	 Freq: 28.0 	 Demand: 204
	Edge: 1681 <--> 1693 	 Freq: 28.0 	 Demand: 1122
	Edge: 1662 <--> 1663 	 Freq: 28.0 	 Demand: 1122
	Edge: 1600 <--> 1395 	 Freq: 28.0 	 Demand: 204
	Edge: 1426 <--> 1425 	 Freq: 28.0 	 Demand: 118
	Edge: 1280 <--> 1281 	 Freq: 28.0 	 Demand: 1682
	Edge: 1478 <--> 1479 	 Freq: 28.0 	 Demand: 1682
	Edge: 339 <--> 340 	 Freq: 28.0 	 Demand: 560
	Edge: 1249 <--> 1666 	 Freq: 28.0 	 Demand: 118
	Edge: 864 <--> 865 	 Freq: 28.0 	 Demand: 2804
	Edge: 342 <--> 1064 	 Freq: 28.0 	 Demand: 1308
	Edge: 180 <--> 181 	 Freq: 28.0 	 Demand: 1308
	Edge: 643 <--> 644 	 Freq: 28.0 	 Demand: 714
	Edge: 388 <--> 863 	 Freq: 28.0 	 Demand: 560
	Edge: 1224 <--> 1225 	 Freq: 28.0 	 Demand: 1122

	Routes:

	Route: 1
	Route length (69301.0) and demand (10704)
	Edge: 643 <--> 644 	 Freq: 28.0 	 Demand: 714
	Edge: 342 <--> 1064 	 Freq: 28.0 	 Demand: 1308
	Edge: 180 <--> 181 	 Freq: 28.0 	 Demand: 1308
	Edge: 1478 <--> 1479 	 Freq: 28.0 	 Demand: 1682
	Edge: 1280 <--> 1281 	 Freq: 28.0 	 Demand: 1682
	Edge: 1249 <--> 1666 	 Freq: 28.0 	 Demand: 118
	Edge: 1681 <--> 1693 	 Freq: 28.0 	 Demand: 1122
	Edge: 1698 <--> 1710 	 Freq: 28.0 	 Demand: 204
	Edge: 1600 <--> 1395 	 Freq: 28.0 	 Demand: 204
	Edge: 1426 <--> 1425 	 Freq: 28.0 	 Demand: 118
	Edge: 1662 <--> 1663 	 Freq: 28.0 	 Demand: 1122
	Edge: 1224 <--> 1225 	 Freq: 28.0 	 Demand: 1122
	Route: 2
	Route length (46771.0) and demand (5928)
	Edge: 617 <--> 618 	 Freq: 28.0 	 Demand: 1122
	Edge: 388 <--> 863 	 Freq: 28.0 	 Demand: 560
	Edge: 1065 <--> 1066 	 Freq: 28.0 	 Demand: 560
	Edge: 1013 <--> 1014 	 Freq: 28.0 	 Demand: 204
	Edge: 349 <--> 350 	 Freq: 28.0 	 Demand: 118
	Edge: 339 <--> 340 	 Freq: 28.0 	 Demand: 560
	Edge: 864 <--> 865 	 Freq: 28.0 	 Demand: 2804

Day 30, number of edges 20, number of routes 1

	Edges:

	Edge: 1495 <--> 1692 	 Freq: 28.0 	 Demand: 118
	Edge: 1390 <--> 1677 	 Freq: 28.0 	 Demand: 560
	Edge: 1389 <--> 1590 	 Freq: 28.0 	 Demand: 408
	Edge: 582 <--> 581 	 Freq: 28.0 	 Demand: 118
	Edge: 902 <--> 903 	 Freq: 28.0 	 Demand: 654
	Edge: 1113 <--> 1114 	 Freq: 28.0 	 Demand: 408
	Edge: 1456 <--> 1448 	 Freq: 28.0 	 Demand: 1122
	Edge: 307 <--> 311 	 Freq: 28.0 	 Demand: 560
	Edge: 308 <--> 309 	 Freq: 28.0 	 Demand: 2244
	Edge: 701 <--> 702 	 Freq: 28.0 	 Demand: 1122
	Edge: 907 <--> 908 	 Freq: 28.0 	 Demand: 1122
	Edge: 904 <--> 905 	 Freq: 28.0 	 Demand: 560
	Edge: 231 <--> 153 	 Freq: 28.0 	 Demand: 356
	Edge: 1347 <--> 1464 	 Freq: 28.0 	 Demand: 356
	Edge: 839 <--> 1018 	 Freq: 28.0 	 Demand: 118
	Edge: 699 <--> 700 	 Freq: 28.0 	 Demand: 118
	Edge: 838 <--> 839 	 Freq: 28.0 	 Demand: 560
	Edge: 696 <--> 697 	 Freq: 28.0 	 Demand: 340
	Edge: 280 <--> 1094 	 Freq: 28.0 	 Demand: 560
	Edge: 1216 <--> 1217 	 Freq: 28.0 	 Demand: 560

	Routes:

	Route: 1
	Route length (128356.0) and demand (11964)
	Edge: 1390 <--> 1677 	 Freq: 28.0 	 Demand: 560
	Edge: 1389 <--> 1590 	 Freq: 28.0 	 Demand: 408
	Edge: 1495 <--> 1692 	 Freq: 28.0 	 Demand: 118
	Edge: 1456 <--> 1448 	 Freq: 28.0 	 Demand: 1122
	Edge: 1347 <--> 1464 	 Freq: 28.0 	 Demand: 356
	Edge: 1216 <--> 1217 	 Freq: 28.0 	 Demand: 560
	Edge: 696 <--> 697 	 Freq: 28.0 	 Demand: 340
	Edge: 307 <--> 311 	 Freq: 28.0 	 Demand: 560
	Edge: 701 <--> 702 	 Freq: 28.0 	 Demand: 1122
	Edge: 308 <--> 309 	 Freq: 28.0 	 Demand: 2244
	Edge: 231 <--> 153 	 Freq: 28.0 	 Demand: 356
	Edge: 904 <--> 905 	 Freq: 28.0 	 Demand: 560
	Edge: 907 <--> 908 	 Freq: 28.0 	 Demand: 1122
	Edge: 582 <--> 581 	 Freq: 28.0 	 Demand: 118
	Edge: 902 <--> 903 	 Freq: 28.0 	 Demand: 654
	Edge: 699 <--> 700 	 Freq: 28.0 	 Demand: 118
	Edge: 1113 <--> 1114 	 Freq: 28.0 	 Demand: 408
	Edge: 280 <--> 1094 	 Freq: 28.0 	 Demand: 560
	Edge: 839 <--> 1018 	 Freq: 28.0 	 Demand: 118
	Edge: 838 <--> 839 	 Freq: 28.0 	 Demand: 560

Day 31, number of edges 18, number of routes 3

	Edges:

	Edge: 1505 <--> 1507 	 Freq: 28.0 	 Demand: 118
	Edge: 619 <--> 620 	 Freq: 28.0 	 Demand: 1122
	Edge: 1608 <--> 1609 	 Freq: 28.0 	 Demand: 118
	Edge: 306 <--> 308 	 Freq: 28.0 	 Demand: 238
	Edge: 308 <--> 445 	 Freq: 28.0 	 Demand: 560
	Edge: 1733 <--> 1351 	 Freq: 28.0 	 Demand: 1122
	Edge: 1252 <--> 1253 	 Freq: 28.0 	 Demand: 3366
	Edge: 1376 <--> 1719 	 Freq: 28.0 	 Demand: 2244
	Edge: 859 <--> 1018 	 Freq: 28.0 	 Demand: 1954
	Edge: 729 <--> 731 	 Freq: 28.0 	 Demand: 4210
	Edge: 1553 <--> 1214 	 Freq: 28.0 	 Demand: 1682
	Edge: 662 <--> 663 	 Freq: 28.0 	 Demand: 560
	Edge: 565 <--> 566 	 Freq: 28.0 	 Demand: 1682
	Edge: 29 <--> 62 	 Freq: 28.0 	 Demand: 2618
	Edge: 60 <--> 61 	 Freq: 28.0 	 Demand: 1216
	Edge: 661 <--> 1158 	 Freq: 28.0 	 Demand: 340
	Edge: 660 <--> 661 	 Freq: 28.0 	 Demand: 654
	Edge: 1324 <--> 1325 	 Freq: 28.0 	 Demand: 2244

	Routes:

	Route: 1
	Route length (67538.0) and demand (10894)
	Edge: 1324 <--> 1325 	 Freq: 28.0 	 Demand: 2244
	Edge: 1505 <--> 1507 	 Freq: 28.0 	 Demand: 118
	Edge: 1608 <--> 1609 	 Freq: 28.0 	 Demand: 118
	Edge: 1376 <--> 1719 	 Freq: 28.0 	 Demand: 2244
	Edge: 1252 <--> 1253 	 Freq: 28.0 	 Demand: 3366
	Edge: 1733 <--> 1351 	 Freq: 28.0 	 Demand: 1122
	Edge: 1553 <--> 1214 	 Freq: 28.0 	 Demand: 1682
	Route: 2
	Route length (49183.0) and demand (8084)
	Edge: 859 <--> 1018 	 Freq: 28.0 	 Demand: 1954
	Edge: 619 <--> 620 	 Freq: 28.0 	 Demand: 1122
	Edge: 729 <--> 731 	 Freq: 28.0 	 Demand: 4210
	Edge: 308 <--> 445 	 Freq: 28.0 	 Demand: 560
	Edge: 306 <--> 308 	 Freq: 28.0 	 Demand: 238
	Route: 3
	Route length (6216.0) and demand (7070)
	Edge: 60 <--> 61 	 Freq: 28.0 	 Demand: 1216
	Edge: 29 <--> 62 	 Freq: 28.0 	 Demand: 2618
	Edge: 565 <--> 566 	 Freq: 28.0 	 Demand: 1682
	Edge: 662 <--> 663 	 Freq: 28.0 	 Demand: 560
	Edge: 661 <--> 1158 	 Freq: 28.0 	 Demand: 340
	Edge: 660 <--> 661 	 Freq: 28.0 	 Demand: 654

Day 32, number of edges 21, number of routes 3

	Edges:

	Edge: 509 <--> 1100 	 Freq: 28.0 	 Demand: 560
	Edge: 1663 <--> 1664 	 Freq: 28.0 	 Demand: 3926
	Edge: 1230 <--> 1231 	 Freq: 28.0 	 Demand: 560
	Edge: 1476 <--> 1499 	 Freq: 28.0 	 Demand: 1682
	Edge: 1346 <--> 1347 	 Freq: 28.0 	 Demand: 118
	Edge: 310 <--> 136 	 Freq: 28.0 	 Demand: 1462
	Edge: 1159 <--> 991 	 Freq: 28.0 	 Demand: 2066
	Edge: 916 <--> 1081 	 Freq: 28.0 	 Demand: 3926
	Edge: 687 <--> 688 	 Freq: 28.0 	 Demand: 1308
	Edge: 570 <--> 571 	 Freq: 28.0 	 Demand: 408
	Edge: 140 <--> 295 	 Freq: 28.0 	 Demand: 1122
	Edge: 137 <--> 296 	 Freq: 28.0 	 Demand: 816
	Edge: 139 <--> 140 	 Freq: 28.0 	 Demand: 2244
	Edge: 1123 <--> 138 	 Freq: 28.0 	 Demand: 2244
	Edge: 667 <--> 668 	 Freq: 28.0 	 Demand: 2618
	Edge: 1124 <--> 1125 	 Freq: 28.0 	 Demand: 1122
	Edge: 429 <--> 430 	 Freq: 28.0 	 Demand: 560
	Edge: 1120 <--> 115 	 Freq: 28.0 	 Demand: 1122
	Edge: 1387 <--> 1201 	 Freq: 28.0 	 Demand: 238
	Edge: 1650 <--> 1511 	 Freq: 28.0 	 Demand: 560
	Edge: 1162 <--> 533 	 Freq: 28.0 	 Demand: 1428

	Routes:

	Route: 1
	Route length (19104.0) and demand (10726)
	Edge: 140 <--> 295 	 Freq: 28.0 	 Demand: 1122
	Edge: 137 <--> 296 	 Freq: 28.0 	 Demand: 816
	Edge: 139 <--> 140 	 Freq: 28.0 	 Demand: 2244
	Edge: 1123 <--> 138 	 Freq: 28.0 	 Demand: 2244
	Edge: 1124 <--> 1125 	 Freq: 28.0 	 Demand: 1122
	Edge: 667 <--> 668 	 Freq: 28.0 	 Demand: 2618
	Edge: 429 <--> 430 	 Freq: 28.0 	 Demand: 560
	Route: 2
	Route length (66319.0) and demand (8512)
	Edge: 1387 <--> 1201 	 Freq: 28.0 	 Demand: 238
	Edge: 1230 <--> 1231 	 Freq: 28.0 	 Demand: 560
	Edge: 1650 <--> 1511 	 Freq: 28.0 	 Demand: 560
	Edge: 1346 <--> 1347 	 Freq: 28.0 	 Demand: 118
	Edge: 1663 <--> 1664 	 Freq: 28.0 	 Demand: 3926
	Edge: 1476 <--> 1499 	 Freq: 28.0 	 Demand: 1682
	Edge: 1162 <--> 533 	 Freq: 28.0 	 Demand: 1428
	Route: 3
	Route length (52504.0) and demand (10852)
	Edge: 1159 <--> 991 	 Freq: 28.0 	 Demand: 2066
	Edge: 509 <--> 1100 	 Freq: 28.0 	 Demand: 560
	Edge: 916 <--> 1081 	 Freq: 28.0 	 Demand: 3926
	Edge: 1120 <--> 115 	 Freq: 28.0 	 Demand: 1122
	Edge: 310 <--> 136 	 Freq: 28.0 	 Demand: 1462
	Edge: 570 <--> 571 	 Freq: 28.0 	 Demand: 408
	Edge: 687 <--> 688 	 Freq: 28.0 	 Demand: 1308

Day 33, number of edges 0, number of routes 0

	Edges:


	Routes:


Day 34, number of edges 0, number of routes 0

	Edges:


	Routes:


Day 35, number of edges 20, number of routes 2

	Edges:

	Edge: 709 <--> 711 	 Freq: 28.0 	 Demand: 1216
	Edge: 199 <--> 200 	 Freq: 28.0 	 Demand: 560
	Edge: 196 <--> 615 	 Freq: 28.0 	 Demand: 560
	Edge: 304 <--> 305 	 Freq: 28.0 	 Demand: 560
	Edge: 1278 <--> 1279 	 Freq: 28.0 	 Demand: 560
	Edge: 464 <--> 465 	 Freq: 28.0 	 Demand: 560
	Edge: 1605 <--> 1515 	 Freq: 28.0 	 Demand: 118
	Edge: 1661 <--> 1346 	 Freq: 28.0 	 Demand: 1530
	Edge: 1472 <--> 1660 	 Freq: 28.0 	 Demand: 1122
	Edge: 1473 <--> 1474 	 Freq: 28.0 	 Demand: 1326
	Edge: 1183 <--> 1184 	 Freq: 28.0 	 Demand: 1598
	Edge: 756 <--> 550 	 Freq: 28.0 	 Demand: 1682
	Edge: 485 <--> 486 	 Freq: 28.0 	 Demand: 1682
	Edge: 1038 <--> 1159 	 Freq: 28.0 	 Demand: 1002
	Edge: 45 <--> 46 	 Freq: 28.0 	 Demand: 654
	Edge: 1017 <--> 337 	 Freq: 28.0 	 Demand: 654
	Edge: 1017 <--> 1181 	 Freq: 28.0 	 Demand: 654
	Edge: 991 <--> 989 	 Freq: 28.0 	 Demand: 560
	Edge: 1472 <--> 1291 	 Freq: 28.0 	 Demand: 238
	Edge: 896 <--> 897 	 Freq: 28.0 	 Demand: 1682

	Routes:

	Route: 1
	Route length (7947.0) and demand (6888)
	Edge: 1038 <--> 1159 	 Freq: 28.0 	 Demand: 1002
	Edge: 45 <--> 46 	 Freq: 28.0 	 Demand: 654
	Edge: 1017 <--> 337 	 Freq: 28.0 	 Demand: 654
	Edge: 485 <--> 486 	 Freq: 28.0 	 Demand: 1682
	Edge: 756 <--> 550 	 Freq: 28.0 	 Demand: 1682
	Edge: 1017 <--> 1181 	 Freq: 28.0 	 Demand: 654
	Edge: 991 <--> 989 	 Freq: 28.0 	 Demand: 560
	Route: 2
	Route length (90458.0) and demand (11630)
	Edge: 1605 <--> 1515 	 Freq: 28.0 	 Demand: 118
	Edge: 1278 <--> 1279 	 Freq: 28.0 	 Demand: 560
	Edge: 1661 <--> 1346 	 Freq: 28.0 	 Demand: 1530
	Edge: 1472 <--> 1660 	 Freq: 28.0 	 Demand: 1122
	Edge: 1473 <--> 1474 	 Freq: 28.0 	 Demand: 1326
	Edge: 1472 <--> 1291 	 Freq: 28.0 	 Demand: 238
	Edge: 1183 <--> 1184 	 Freq: 28.0 	 Demand: 1598
	Edge: 304 <--> 305 	 Freq: 28.0 	 Demand: 560
	Edge: 464 <--> 465 	 Freq: 28.0 	 Demand: 560
	Edge: 896 <--> 897 	 Freq: 28.0 	 Demand: 1682
	Edge: 709 <--> 711 	 Freq: 28.0 	 Demand: 1216
	Edge: 199 <--> 200 	 Freq: 28.0 	 Demand: 560
	Edge: 196 <--> 615 	 Freq: 28.0 	 Demand: 560

Day 36, number of edges 23, number of routes 3

	Edges:

	Edge: 1276 <--> 1277 	 Freq: 28.0 	 Demand: 764
	Edge: 1480 <--> 1481 	 Freq: 28.0 	 Demand: 1122
	Edge: 1634 <--> 1635 	 Freq: 28.0 	 Demand: 1122
	Edge: 1243 <--> 1244 	 Freq: 28.0 	 Demand: 560
	Edge: 828 <--> 830 	 Freq: 28.0 	 Demand: 560
	Edge: 734 <--> 735 	 Freq: 28.0 	 Demand: 2244
	Edge: 53 <--> 1045 	 Freq: 28.0 	 Demand: 118
	Edge: 1254 <--> 1255 	 Freq: 28.0 	 Demand: 204
	Edge: 536 <--> 738 	 Freq: 28.0 	 Demand: 1308
	Edge: 1153 <--> 1154 	 Freq: 28.0 	 Demand: 1308
	Edge: 834 <--> 1015 	 Freq: 28.0 	 Demand: 1308
	Edge: 1157 <--> 659 	 Freq: 28.0 	 Demand: 204
	Edge: 1636 <--> 1637 	 Freq: 28.0 	 Demand: 560
	Edge: 1637 <--> 1266 	 Freq: 28.0 	 Demand: 560
	Edge: 1265 <--> 1266 	 Freq: 28.0 	 Demand: 1598
	Edge: 1264 <--> 1263 	 Freq: 28.0 	 Demand: 1122
	Edge: 1536 <--> 1262 	 Freq: 28.0 	 Demand: 3366
	Edge: 1469 <--> 1482 	 Freq: 28.0 	 Demand: 3624
	Edge: 1204 <--> 1205 	 Freq: 28.0 	 Demand: 238
	Edge: 1720 <--> 1369 	 Freq: 28.0 	 Demand: 560
	Edge: 494 <--> 664 	 Freq: 28.0 	 Demand: 4108
	Edge: 463 <--> 72 	 Freq: 28.0 	 Demand: 560
	Edge: 75 <--> 403 	 Freq: 28.0 	 Demand: 560

	Routes:

	Route: 1
	Route length (40680.0) and demand (11832)
	Edge: 1636 <--> 1637 	 Freq: 28.0 	 Demand: 560
	Edge: 1637 <--> 1266 	 Freq: 28.0 	 Demand: 560
	Edge: 1265 <--> 1266 	 Freq: 28.0 	 Demand: 1598
	Edge: 1264 <--> 1263 	 Freq: 28.0 	 Demand: 1122
	Edge: 1536 <--> 1262 	 Freq: 28.0 	 Demand: 3366
	Edge: 1469 <--> 1482 	 Freq: 28.0 	 Demand: 3624
	Edge: 1204 <--> 1205 	 Freq: 28.0 	 Demand: 238
	Edge: 1254 <--> 1255 	 Freq: 28.0 	 Demand: 204
	Edge: 1720 <--> 1369 	 Freq: 28.0 	 Demand: 560
	Route: 2
	Route length (66746.0) and demand (8796)
	Edge: 1480 <--> 1481 	 Freq: 28.0 	 Demand: 1122
	Edge: 1634 <--> 1635 	 Freq: 28.0 	 Demand: 1122
	Edge: 1243 <--> 1244 	 Freq: 28.0 	 Demand: 560
	Edge: 1276 <--> 1277 	 Freq: 28.0 	 Demand: 764
	Edge: 494 <--> 664 	 Freq: 28.0 	 Demand: 4108
	Edge: 463 <--> 72 	 Freq: 28.0 	 Demand: 560
	Edge: 75 <--> 403 	 Freq: 28.0 	 Demand: 560
	Route: 3
	Route length (8053.0) and demand (7050)
	Edge: 536 <--> 738 	 Freq: 28.0 	 Demand: 1308
	Edge: 1153 <--> 1154 	 Freq: 28.0 	 Demand: 1308
	Edge: 834 <--> 1015 	 Freq: 28.0 	 Demand: 1308
	Edge: 1157 <--> 659 	 Freq: 28.0 	 Demand: 204
	Edge: 828 <--> 830 	 Freq: 28.0 	 Demand: 560
	Edge: 734 <--> 735 	 Freq: 28.0 	 Demand: 2244
	Edge: 53 <--> 1045 	 Freq: 28.0 	 Demand: 118

Day 37, number of edges 20, number of routes 2

	Edges:

	Edge: 1051 <--> 1052 	 Freq: 28.0 	 Demand: 340
	Edge: 1121 <--> 1122 	 Freq: 28.0 	 Demand: 1122
	Edge: 1723 <--> 1726 	 Freq: 28.0 	 Demand: 356
	Edge: 572 <--> 573 	 Freq: 28.0 	 Demand: 654
	Edge: 739 <--> 740 	 Freq: 28.0 	 Demand: 560
	Edge: 1047 <--> 739 	 Freq: 28.0 	 Demand: 1122
	Edge: 1187 <--> 1188 	 Freq: 28.0 	 Demand: 3926
	Edge: 1367 <--> 1644 	 Freq: 28.0 	 Demand: 654
	Edge: 1644 <--> 1645 	 Freq: 28.0 	 Demand: 408
	Edge: 1639 <--> 1640 	 Freq: 28.0 	 Demand: 560
	Edge: 1705 <--> 1706 	 Freq: 28.0 	 Demand: 560
	Edge: 1667 <--> 1668 	 Freq: 28.0 	 Demand: 560
	Edge: 1531 <--> 1532 	 Freq: 28.0 	 Demand: 1122
	Edge: 1306 <--> 1307 	 Freq: 28.0 	 Demand: 1682
	Edge: 1270 <--> 1470 	 Freq: 28.0 	 Demand: 560
	Edge: 657 <--> 654 	 Freq: 28.0 	 Demand: 1308
	Edge: 1155 <--> 1151 	 Freq: 28.0 	 Demand: 612
	Edge: 1151 <--> 1001 	 Freq: 28.0 	 Demand: 560
	Edge: 1076 <--> 1077 	 Freq: 28.0 	 Demand: 1682
	Edge: 1492 <--> 1493 	 Freq: 28.0 	 Demand: 1122

	Routes:

	Route: 1
	Route length (42737.0) and demand (7960)
	Edge: 1047 <--> 739 	 Freq: 28.0 	 Demand: 1122
	Edge: 739 <--> 740 	 Freq: 28.0 	 Demand: 560
	Edge: 1151 <--> 1001 	 Freq: 28.0 	 Demand: 560
	Edge: 1155 <--> 1151 	 Freq: 28.0 	 Demand: 612
	Edge: 657 <--> 654 	 Freq: 28.0 	 Demand: 1308
	Edge: 1051 <--> 1052 	 Freq: 28.0 	 Demand: 340
	Edge: 1076 <--> 1077 	 Freq: 28.0 	 Demand: 1682
	Edge: 572 <--> 573 	 Freq: 28.0 	 Demand: 654
	Edge: 1121 <--> 1122 	 Freq: 28.0 	 Demand: 1122
	Route: 2
	Route length (51124.0) and demand (11510)
	Edge: 1723 <--> 1726 	 Freq: 28.0 	 Demand: 356
	Edge: 1531 <--> 1532 	 Freq: 28.0 	 Demand: 1122
	Edge: 1667 <--> 1668 	 Freq: 28.0 	 Demand: 560
	Edge: 1705 <--> 1706 	 Freq: 28.0 	 Demand: 560
	Edge: 1639 <--> 1640 	 Freq: 28.0 	 Demand: 560
	Edge: 1644 <--> 1645 	 Freq: 28.0 	 Demand: 408
	Edge: 1367 <--> 1644 	 Freq: 28.0 	 Demand: 654
	Edge: 1187 <--> 1188 	 Freq: 28.0 	 Demand: 3926
	Edge: 1306 <--> 1307 	 Freq: 28.0 	 Demand: 1682
	Edge: 1270 <--> 1470 	 Freq: 28.0 	 Demand: 560
	Edge: 1492 <--> 1493 	 Freq: 28.0 	 Demand: 1122

Day 38, number of edges 20, number of routes 3

	Edges:

	Edge: 1331 <--> 1332 	 Freq: 28.0 	 Demand: 118
	Edge: 132 <--> 133 	 Freq: 28.0 	 Demand: 1666
	Edge: 1268 <--> 1269 	 Freq: 28.0 	 Demand: 238
	Edge: 1289 <--> 1268 	 Freq: 28.0 	 Demand: 118
	Edge: 1345 <--> 1290 	 Freq: 28.0 	 Demand: 680
	Edge: 1670 <--> 1345 	 Freq: 28.0 	 Demand: 204
	Edge: 654 <--> 655 	 Freq: 28.0 	 Demand: 654
	Edge: 690 <--> 692 	 Freq: 28.0 	 Demand: 1122
	Edge: 254 <--> 5 	 Freq: 28.0 	 Demand: 204
	Edge: 1022 <--> 764 	 Freq: 28.0 	 Demand: 118
	Edge: 1214 <--> 1215 	 Freq: 28.0 	 Demand: 1682
	Edge: 1716 <--> 1697 	 Freq: 28.0 	 Demand: 798
	Edge: 1552 <--> 1344 	 Freq: 28.0 	 Demand: 4216
	Edge: 1189 <--> 1466 	 Freq: 28.0 	 Demand: 1682
	Edge: 1202 <--> 1203 	 Freq: 28.0 	 Demand: 560
	Edge: 1214 <--> 1202 	 Freq: 28.0 	 Demand: 476
	Edge: 52 <--> 39 	 Freq: 28.0 	 Demand: 3970
	Edge: 39 <--> 40 	 Freq: 28.0 	 Demand: 3548
	Edge: 50 <--> 51 	 Freq: 28.0 	 Demand: 3986
	Edge: 1545 <--> 1572 	 Freq: 28.0 	 Demand: 560

	Routes:

	Route: 1
	Route length (21445.0) and demand (3764)
	Edge: 654 <--> 655 	 Freq: 28.0 	 Demand: 654
	Edge: 690 <--> 692 	 Freq: 28.0 	 Demand: 1122
	Edge: 1022 <--> 764 	 Freq: 28.0 	 Demand: 118
	Edge: 254 <--> 5 	 Freq: 28.0 	 Demand: 204
	Edge: 132 <--> 133 	 Freq: 28.0 	 Demand: 1666
	Route: 2
	Route length (54087.0) and demand (11332)
	Edge: 1214 <--> 1215 	 Freq: 28.0 	 Demand: 1682
	Edge: 1214 <--> 1202 	 Freq: 28.0 	 Demand: 476
	Edge: 1202 <--> 1203 	 Freq: 28.0 	 Demand: 560
	Edge: 1189 <--> 1466 	 Freq: 28.0 	 Demand: 1682
	Edge: 1268 <--> 1269 	 Freq: 28.0 	 Demand: 238
	Edge: 1289 <--> 1268 	 Freq: 28.0 	 Demand: 118
	Edge: 1345 <--> 1290 	 Freq: 28.0 	 Demand: 680
	Edge: 1670 <--> 1345 	 Freq: 28.0 	 Demand: 204
	Edge: 1552 <--> 1344 	 Freq: 28.0 	 Demand: 4216
	Edge: 1716 <--> 1697 	 Freq: 28.0 	 Demand: 798
	Edge: 1545 <--> 1572 	 Freq: 28.0 	 Demand: 560
	Edge: 1331 <--> 1332 	 Freq: 28.0 	 Demand: 118
	Route: 3
	Route length (7788.0) and demand (11504)
	Edge: 52 <--> 39 	 Freq: 28.0 	 Demand: 3970
	Edge: 39 <--> 40 	 Freq: 28.0 	 Demand: 3548
	Edge: 50 <--> 51 	 Freq: 28.0 	 Demand: 3986

Day 39, number of edges 20, number of routes 2

	Edges:

	Edge: 930 <--> 931 	 Freq: 28.0 	 Demand: 204
	Edge: 929 <--> 932 	 Freq: 28.0 	 Demand: 560
	Edge: 110 <--> 1096 	 Freq: 28.0 	 Demand: 560
	Edge: 109 <--> 938 	 Freq: 28.0 	 Demand: 560
	Edge: 938 <--> 939 	 Freq: 28.0 	 Demand: 560
	Edge: 831 <--> 832 	 Freq: 28.0 	 Demand: 1308
	Edge: 1325 <--> 1326 	 Freq: 28.0 	 Demand: 204
	Edge: 135 <--> 234 	 Freq: 28.0 	 Demand: 2788
	Edge: 656 <--> 748 	 Freq: 28.0 	 Demand: 2430
	Edge: 1033 <--> 1038 	 Freq: 28.0 	 Demand: 560
	Edge: 1025 <--> 1033 	 Freq: 28.0 	 Demand: 654
	Edge: 749 <--> 372 	 Freq: 28.0 	 Demand: 858
	Edge: 1173 <--> 1024 	 Freq: 28.0 	 Demand: 322
	Edge: 1715 <--> 1713 	 Freq: 28.0 	 Demand: 560
	Edge: 1713 <--> 1342 	 Freq: 28.0 	 Demand: 1122
	Edge: 736 <--> 737 	 Freq: 28.0 	 Demand: 1308
	Edge: 563 <--> 564 	 Freq: 28.0 	 Demand: 560
	Edge: 745 <--> 1172 	 Freq: 28.0 	 Demand: 2804
	Edge: 1326 <--> 1217 	 Freq: 28.0 	 Demand: 560
	Edge: 717 <--> 595 	 Freq: 28.0 	 Demand: 764

	Routes:

	Route: 1
	Route length (8356.0) and demand (8936)
	Edge: 831 <--> 832 	 Freq: 28.0 	 Demand: 1308
	Edge: 745 <--> 1172 	 Freq: 28.0 	 Demand: 2804
	Edge: 656 <--> 748 	 Freq: 28.0 	 Demand: 2430
	Edge: 749 <--> 372 	 Freq: 28.0 	 Demand: 858
	Edge: 1025 <--> 1033 	 Freq: 28.0 	 Demand: 654
	Edge: 1033 <--> 1038 	 Freq: 28.0 	 Demand: 560
	Edge: 1173 <--> 1024 	 Freq: 28.0 	 Demand: 322
	Route: 2
	Route length (89015.0) and demand (10310)
	Edge: 736 <--> 737 	 Freq: 28.0 	 Demand: 1308
	Edge: 563 <--> 564 	 Freq: 28.0 	 Demand: 560
	Edge: 110 <--> 1096 	 Freq: 28.0 	 Demand: 560
	Edge: 109 <--> 938 	 Freq: 28.0 	 Demand: 560
	Edge: 938 <--> 939 	 Freq: 28.0 	 Demand: 560
	Edge: 929 <--> 932 	 Freq: 28.0 	 Demand: 560
	Edge: 930 <--> 931 	 Freq: 28.0 	 Demand: 204
	Edge: 717 <--> 595 	 Freq: 28.0 	 Demand: 764
	Edge: 135 <--> 234 	 Freq: 28.0 	 Demand: 2788
	Edge: 1325 <--> 1326 	 Freq: 28.0 	 Demand: 204
	Edge: 1326 <--> 1217 	 Freq: 28.0 	 Demand: 560
	Edge: 1713 <--> 1342 	 Freq: 28.0 	 Demand: 1122
	Edge: 1715 <--> 1713 	 Freq: 28.0 	 Demand: 560

Day 40, number of edges 0, number of routes 0

	Edges:


	Routes:


Day 41, number of edges 0, number of routes 0

	Edges:


	Routes:


Day 42, number of edges 19, number of routes 2

	Edges:

	Edge: 471 <--> 472 	 Freq: 28.0 	 Demand: 560
	Edge: 188 <--> 1061 	 Freq: 28.0 	 Demand: 654
	Edge: 504 <--> 505 	 Freq: 28.0 	 Demand: 1122
	Edge: 387 <--> 671 	 Freq: 28.0 	 Demand: 560
	Edge: 597 <--> 107 	 Freq: 28.0 	 Demand: 204
	Edge: 8 <--> 1023 	 Freq: 28.0 	 Demand: 654
	Edge: 323 <--> 321 	 Freq: 28.0 	 Demand: 1122
	Edge: 219 <--> 220 	 Freq: 28.0 	 Demand: 560
	Edge: 54 <--> 55 	 Freq: 28.0 	 Demand: 118
	Edge: 837 <--> 859 	 Freq: 28.0 	 Demand: 1682
	Edge: 835 <--> 1180 	 Freq: 28.0 	 Demand: 654
	Edge: 1152 <--> 771 	 Freq: 28.0 	 Demand: 654
	Edge: 747 <--> 482 	 Freq: 28.0 	 Demand: 1122
	Edge: 482 <--> 483 	 Freq: 28.0 	 Demand: 1870
	Edge: 270 <--> 401 	 Freq: 28.0 	 Demand: 764
	Edge: 404 <--> 405 	 Freq: 28.0 	 Demand: 560
	Edge: 462 <--> 513 	 Freq: 28.0 	 Demand: 560
	Edge: 192 <--> 815 	 Freq: 28.0 	 Demand: 560
	Edge: 445 <--> 446 	 Freq: 28.0 	 Demand: 798

	Routes:

	Route: 1
	Route length (58123.0) and demand (8678)
	Edge: 219 <--> 220 	 Freq: 28.0 	 Demand: 560
	Edge: 445 <--> 446 	 Freq: 28.0 	 Demand: 798
	Edge: 323 <--> 321 	 Freq: 28.0 	 Demand: 1122
	Edge: 404 <--> 405 	 Freq: 28.0 	 Demand: 560
	Edge: 462 <--> 513 	 Freq: 28.0 	 Demand: 560
	Edge: 188 <--> 1061 	 Freq: 28.0 	 Demand: 654
	Edge: 270 <--> 401 	 Freq: 28.0 	 Demand: 764
	Edge: 471 <--> 472 	 Freq: 28.0 	 Demand: 560
	Edge: 504 <--> 505 	 Freq: 28.0 	 Demand: 1122
	Edge: 387 <--> 671 	 Freq: 28.0 	 Demand: 560
	Edge: 192 <--> 815 	 Freq: 28.0 	 Demand: 560
	Edge: 597 <--> 107 	 Freq: 28.0 	 Demand: 204
	Edge: 8 <--> 1023 	 Freq: 28.0 	 Demand: 654
	Route: 2
	Route length (6438.0) and demand (6100)
	Edge: 837 <--> 859 	 Freq: 28.0 	 Demand: 1682
	Edge: 835 <--> 1180 	 Freq: 28.0 	 Demand: 654
	Edge: 482 <--> 483 	 Freq: 28.0 	 Demand: 1870
	Edge: 747 <--> 482 	 Freq: 28.0 	 Demand: 1122
	Edge: 1152 <--> 771 	 Freq: 28.0 	 Demand: 654
	Edge: 54 <--> 55 	 Freq: 28.0 	 Demand: 118

Day 43, number of edges 22, number of routes 2

	Edges:

	Edge: 107 <--> 108 	 Freq: 28.0 	 Demand: 560
	Edge: 592 <--> 593 	 Freq: 28.0 	 Demand: 560
	Edge: 762 <--> 763 	 Freq: 28.0 	 Demand: 560
	Edge: 346 <--> 347 	 Freq: 28.0 	 Demand: 952
	Edge: 774 <--> 783 	 Freq: 28.0 	 Demand: 560
	Edge: 1136 <--> 1137 	 Freq: 28.0 	 Demand: 560
	Edge: 773 <--> 774 	 Freq: 28.0 	 Demand: 560
	Edge: 1285 <--> 1286 	 Freq: 28.0 	 Demand: 560
	Edge: 1732 <--> 1381 	 Freq: 28.0 	 Demand: 560
	Edge: 362 <--> 231 	 Freq: 28.0 	 Demand: 1428
	Edge: 953 <--> 954 	 Freq: 28.0 	 Demand: 1122
	Edge: 835 <--> 836 	 Freq: 28.0 	 Demand: 322
	Edge: 691 <--> 746 	 Freq: 28.0 	 Demand: 560
	Edge: 960 <--> 961 	 Freq: 28.0 	 Demand: 1122
	Edge: 1146 <--> 1147 	 Freq: 28.0 	 Demand: 1682
	Edge: 145 <--> 286 	 Freq: 28.0 	 Demand: 3696
	Edge: 257 <--> 598 	 Freq: 28.0 	 Demand: 560
	Edge: 955 <--> 253 	 Freq: 28.0 	 Demand: 1122
	Edge: 1553 <--> 1642 	 Freq: 28.0 	 Demand: 560
	Edge: 1708 <--> 1310 	 Freq: 28.0 	 Demand: 1122
	Edge: 1310 <--> 1717 	 Freq: 28.0 	 Demand: 2804
	Edge: 190 <--> 802 	 Freq: 28.0 	 Demand: 560

	Routes:

	Route: 1
	Route length (71871.0) and demand (11360)
	Edge: 592 <--> 593 	 Freq: 28.0 	 Demand: 560
	Edge: 107 <--> 108 	 Freq: 28.0 	 Demand: 560
	Edge: 190 <--> 802 	 Freq: 28.0 	 Demand: 560
	Edge: 762 <--> 763 	 Freq: 28.0 	 Demand: 560
	Edge: 835 <--> 836 	 Freq: 28.0 	 Demand: 322
	Edge: 691 <--> 746 	 Freq: 28.0 	 Demand: 560
	Edge: 774 <--> 783 	 Freq: 28.0 	 Demand: 560
	Edge: 346 <--> 347 	 Freq: 28.0 	 Demand: 952
	Edge: 773 <--> 774 	 Freq: 28.0 	 Demand: 560
	Edge: 1136 <--> 1137 	 Freq: 28.0 	 Demand: 560
	Edge: 1285 <--> 1286 	 Freq: 28.0 	 Demand: 560
	Edge: 1553 <--> 1642 	 Freq: 28.0 	 Demand: 560
	Edge: 1310 <--> 1717 	 Freq: 28.0 	 Demand: 2804
	Edge: 1708 <--> 1310 	 Freq: 28.0 	 Demand: 1122
	Edge: 1732 <--> 1381 	 Freq: 28.0 	 Demand: 560
	Route: 2
	Route length (17770.0) and demand (10732)
	Edge: 362 <--> 231 	 Freq: 28.0 	 Demand: 1428
	Edge: 955 <--> 253 	 Freq: 28.0 	 Demand: 1122
	Edge: 257 <--> 598 	 Freq: 28.0 	 Demand: 560
	Edge: 1146 <--> 1147 	 Freq: 28.0 	 Demand: 1682
	Edge: 960 <--> 961 	 Freq: 28.0 	 Demand: 1122
	Edge: 145 <--> 286 	 Freq: 28.0 	 Demand: 3696
	Edge: 953 <--> 954 	 Freq: 28.0 	 Demand: 1122

Day 44, number of edges 24, number of routes 3

	Edges:

	Edge: 437 <--> 438 	 Freq: 28.0 	 Demand: 1122
	Edge: 746 <--> 491 	 Freq: 28.0 	 Demand: 654
	Edge: 825 <--> 826 	 Freq: 28.0 	 Demand: 892
	Edge: 259 <--> 360 	 Freq: 28.0 	 Demand: 118
	Edge: 961 <--> 962 	 Freq: 28.0 	 Demand: 1122
	Edge: 727 <--> 728 	 Freq: 28.0 	 Demand: 340
	Edge: 726 <--> 727 	 Freq: 28.0 	 Demand: 118
	Edge: 1292 <--> 1363 	 Freq: 28.0 	 Demand: 1326
	Edge: 1669 <--> 1212 	 Freq: 28.0 	 Demand: 204
	Edge: 1334 <--> 1672 	 Freq: 28.0 	 Demand: 560
	Edge: 1322 <--> 1323 	 Freq: 28.0 	 Demand: 1122
	Edge: 1341 <--> 1301 	 Freq: 28.0 	 Demand: 1122
	Edge: 1299 <--> 1300 	 Freq: 28.0 	 Demand: 1122
	Edge: 1674 <--> 1675 	 Freq: 28.0 	 Demand: 560
	Edge: 1673 <--> 1674 	 Freq: 28.0 	 Demand: 3926
	Edge: 1302 <--> 1303 	 Freq: 28.0 	 Demand: 560
	Edge: 1552 <--> 1363 	 Freq: 28.0 	 Demand: 1036
	Edge: 1363 <--> 1348 	 Freq: 28.0 	 Demand: 560
	Edge: 1320 <--> 1321 	 Freq: 28.0 	 Demand: 3734
	Edge: 1329 <--> 1330 	 Freq: 28.0 	 Demand: 3926
	Edge: 1350 <--> 1679 	 Freq: 28.0 	 Demand: 3366
	Edge: 1206 <--> 1207 	 Freq: 28.0 	 Demand: 3514
	Edge: 1208 <--> 1498 	 Freq: 28.0 	 Demand: 1122
	Edge: 596 <--> 718 	 Freq: 28.0 	 Demand: 1122

	Routes:

	Route: 1
	Route length (42047.0) and demand (11928)
	Edge: 1329 <--> 1330 	 Freq: 28.0 	 Demand: 3926
	Edge: 1350 <--> 1679 	 Freq: 28.0 	 Demand: 3366
	Edge: 1206 <--> 1207 	 Freq: 28.0 	 Demand: 3514
	Edge: 1208 <--> 1498 	 Freq: 28.0 	 Demand: 1122
	Route: 2
	Route length (41290.0) and demand (10518)
	Edge: 1334 <--> 1672 	 Freq: 28.0 	 Demand: 560
	Edge: 1322 <--> 1323 	 Freq: 28.0 	 Demand: 1122
	Edge: 1341 <--> 1301 	 Freq: 28.0 	 Demand: 1122
	Edge: 1299 <--> 1300 	 Freq: 28.0 	 Demand: 1122
	Edge: 1673 <--> 1674 	 Freq: 28.0 	 Demand: 3926
	Edge: 1674 <--> 1675 	 Freq: 28.0 	 Demand: 560
	Edge: 1302 <--> 1303 	 Freq: 28.0 	 Demand: 560
	Edge: 825 <--> 826 	 Freq: 28.0 	 Demand: 892
	Edge: 746 <--> 491 	 Freq: 28.0 	 Demand: 654
	Route: 3
	Route length (73950.0) and demand (10802)
	Edge: 1669 <--> 1212 	 Freq: 28.0 	 Demand: 204
	Edge: 1292 <--> 1363 	 Freq: 28.0 	 Demand: 1326
	Edge: 1552 <--> 1363 	 Freq: 28.0 	 Demand: 1036
	Edge: 1363 <--> 1348 	 Freq: 28.0 	 Demand: 560
	Edge: 1320 <--> 1321 	 Freq: 28.0 	 Demand: 3734
	Edge: 259 <--> 360 	 Freq: 28.0 	 Demand: 118
	Edge: 961 <--> 962 	 Freq: 28.0 	 Demand: 1122
	Edge: 437 <--> 438 	 Freq: 28.0 	 Demand: 1122
	Edge: 596 <--> 718 	 Freq: 28.0 	 Demand: 1122
	Edge: 726 <--> 727 	 Freq: 28.0 	 Demand: 118
	Edge: 727 <--> 728 	 Freq: 28.0 	 Demand: 340

Day 45, number of edges 16, number of routes 2

	Edges:

	Edge: 153 <--> 1 	 Freq: 28.0 	 Demand: 560
	Edge: 313 <--> 219 	 Freq: 28.0 	 Demand: 340
	Edge: 826 <--> 835 	 Freq: 28.0 	 Demand: 1122
	Edge: 826 <--> 1167 	 Freq: 28.0 	 Demand: 118
	Edge: 155 <--> 1127 	 Freq: 28.0 	 Demand: 408
	Edge: 685 <--> 686 	 Freq: 28.0 	 Demand: 2618
	Edge: 757 <--> 758 	 Freq: 28.0 	 Demand: 1682
	Edge: 1174 <--> 35 	 Freq: 28.0 	 Demand: 408
	Edge: 534 <--> 535 	 Freq: 28.0 	 Demand: 654
	Edge: 535 <--> 1165 	 Freq: 28.0 	 Demand: 560
	Edge: 535 <--> 823 	 Freq: 28.0 	 Demand: 560
	Edge: 1167 <--> 823 	 Freq: 28.0 	 Demand: 1394
	Edge: 476 <--> 489 	 Freq: 28.0 	 Demand: 1308
	Edge: 477 <--> 490 	 Freq: 28.0 	 Demand: 1308
	Edge: 637 <--> 638 	 Freq: 28.0 	 Demand: 1122
	Edge: 678 <--> 677 	 Freq: 28.0 	 Demand: 560

	Routes:

	Route: 1
	Route length (16661.0) and demand (4486)
	Edge: 685 <--> 686 	 Freq: 28.0 	 Demand: 2618
	Edge: 678 <--> 677 	 Freq: 28.0 	 Demand: 560
	Edge: 313 <--> 219 	 Freq: 28.0 	 Demand: 340
	Edge: 153 <--> 1 	 Freq: 28.0 	 Demand: 560
	Edge: 155 <--> 1127 	 Freq: 28.0 	 Demand: 408
	Route: 2
	Route length (7338.0) and demand (10236)
	Edge: 637 <--> 638 	 Freq: 28.0 	 Demand: 1122
	Edge: 477 <--> 490 	 Freq: 28.0 	 Demand: 1308
	Edge: 476 <--> 489 	 Freq: 28.0 	 Demand: 1308
	Edge: 1174 <--> 35 	 Freq: 28.0 	 Demand: 408
	Edge: 534 <--> 535 	 Freq: 28.0 	 Demand: 654
	Edge: 535 <--> 1165 	 Freq: 28.0 	 Demand: 560
	Edge: 535 <--> 823 	 Freq: 28.0 	 Demand: 560
	Edge: 1167 <--> 823 	 Freq: 28.0 	 Demand: 1394
	Edge: 826 <--> 1167 	 Freq: 28.0 	 Demand: 118
	Edge: 826 <--> 835 	 Freq: 28.0 	 Demand: 1122
	Edge: 757 <--> 758 	 Freq: 28.0 	 Demand: 1682

Day 46, number of edges 18, number of routes 2

	Edges:

	Edge: 1168 <--> 1169 	 Freq: 28.0 	 Demand: 118
	Edge: 715 <--> 716 	 Freq: 28.0 	 Demand: 1326
	Edge: 156 <--> 249 	 Freq: 28.0 	 Demand: 560
	Edge: 156 <--> 157 	 Freq: 28.0 	 Demand: 476
	Edge: 561 <--> 562 	 Freq: 28.0 	 Demand: 560
	Edge: 836 <--> 837 	 Freq: 28.0 	 Demand: 2244
	Edge: 470 <--> 250 	 Freq: 28.0 	 Demand: 204
	Edge: 1023 <--> 1022 	 Freq: 28.0 	 Demand: 408
	Edge: 24 <--> 25 	 Freq: 28.0 	 Demand: 560
	Edge: 23 <--> 24 	 Freq: 28.0 	 Demand: 3638
	Edge: 172 <--> 848 	 Freq: 28.0 	 Demand: 1682
	Edge: 487 <--> 488 	 Freq: 28.0 	 Demand: 2618
	Edge: 820 <--> 821 	 Freq: 28.0 	 Demand: 1308
	Edge: 1021 <--> 819 	 Freq: 28.0 	 Demand: 654
	Edge: 37 <--> 38 	 Freq: 28.0 	 Demand: 1546
	Edge: 808 <--> 809 	 Freq: 28.0 	 Demand: 3694
	Edge: 323 <--> 443 	 Freq: 28.0 	 Demand: 560
	Edge: 1073 <--> 1074 	 Freq: 28.0 	 Demand: 1122

	Routes:

	Route: 1
	Route length (12734.0) and demand (11710)
	Edge: 172 <--> 848 	 Freq: 28.0 	 Demand: 1682
	Edge: 487 <--> 488 	 Freq: 28.0 	 Demand: 2618
	Edge: 1023 <--> 1022 	 Freq: 28.0 	 Demand: 408
	Edge: 561 <--> 562 	 Freq: 28.0 	 Demand: 560
	Edge: 836 <--> 837 	 Freq: 28.0 	 Demand: 2244
	Edge: 23 <--> 24 	 Freq: 28.0 	 Demand: 3638
	Edge: 24 <--> 25 	 Freq: 28.0 	 Demand: 560
	Route: 2
	Route length (39238.0) and demand (11568)
	Edge: 1073 <--> 1074 	 Freq: 28.0 	 Demand: 1122
	Edge: 715 <--> 716 	 Freq: 28.0 	 Demand: 1326
	Edge: 470 <--> 250 	 Freq: 28.0 	 Demand: 204
	Edge: 156 <--> 249 	 Freq: 28.0 	 Demand: 560
	Edge: 156 <--> 157 	 Freq: 28.0 	 Demand: 476
	Edge: 323 <--> 443 	 Freq: 28.0 	 Demand: 560
	Edge: 1168 <--> 1169 	 Freq: 28.0 	 Demand: 118
	Edge: 820 <--> 821 	 Freq: 28.0 	 Demand: 1308
	Edge: 1021 <--> 819 	 Freq: 28.0 	 Demand: 654
	Edge: 37 <--> 38 	 Freq: 28.0 	 Demand: 1546
	Edge: 808 <--> 809 	 Freq: 28.0 	 Demand: 3694

Day 47, number of edges 0, number of routes 0

	Edges:


	Routes:


Day 48, number of edges 0, number of routes 0

	Edges:


	Routes:


Day 49, number of edges 21, number of routes 2

	Edges:

	Edge: 479 <--> 693 	 Freq: 28.0 	 Demand: 526
	Edge: 693 <--> 861 	 Freq: 28.0 	 Demand: 1122
	Edge: 861 <--> 862 	 Freq: 28.0 	 Demand: 204
	Edge: 1028 <--> 1026 	 Freq: 28.0 	 Demand: 118
	Edge: 1148 <--> 1027 	 Freq: 28.0 	 Demand: 118
	Edge: 1084 <--> 468 	 Freq: 28.0 	 Demand: 560
	Edge: 1400 <--> 1401 	 Freq: 28.0 	 Demand: 560
	Edge: 112 <--> 116 	 Freq: 28.0 	 Demand: 1122
	Edge: 111 <--> 112 	 Freq: 28.0 	 Demand: 2244
	Edge: 1159 <--> 970 	 Freq: 28.0 	 Demand: 118
	Edge: 1652 <--> 1423 	 Freq: 28.0 	 Demand: 204
	Edge: 1238 <--> 1239 	 Freq: 28.0 	 Demand: 1122
	Edge: 1424 <--> 1722 	 Freq: 28.0 	 Demand: 204
	Edge: 557 <--> 558 	 Freq: 28.0 	 Demand: 118
	Edge: 755 <--> 756 	 Freq: 28.0 	 Demand: 2040
	Edge: 550 <--> 551 	 Freq: 28.0 	 Demand: 3578
	Edge: 551 <--> 542 	 Freq: 28.0 	 Demand: 654
	Edge: 541 <--> 542 	 Freq: 28.0 	 Demand: 1326
	Edge: 823 <--> 824 	 Freq: 28.0 	 Demand: 798
	Edge: 48 <--> 49 	 Freq: 28.0 	 Demand: 2618
	Edge: 849 <--> 850 	 Freq: 28.0 	 Demand: 1682

	Routes:

	Route: 1
	Route length (8297.0) and demand (10720)
	Edge: 823 <--> 824 	 Freq: 28.0 	 Demand: 798
	Edge: 1159 <--> 970 	 Freq: 28.0 	 Demand: 118
	Edge: 755 <--> 756 	 Freq: 28.0 	 Demand: 2040
	Edge: 693 <--> 861 	 Freq: 28.0 	 Demand: 1122
	Edge: 861 <--> 862 	 Freq: 28.0 	 Demand: 204
	Edge: 1028 <--> 1026 	 Freq: 28.0 	 Demand: 118
	Edge: 1148 <--> 1027 	 Freq: 28.0 	 Demand: 118
	Edge: 551 <--> 542 	 Freq: 28.0 	 Demand: 654
	Edge: 550 <--> 551 	 Freq: 28.0 	 Demand: 3578
	Edge: 541 <--> 542 	 Freq: 28.0 	 Demand: 1326
	Edge: 479 <--> 693 	 Freq: 28.0 	 Demand: 526
	Edge: 557 <--> 558 	 Freq: 28.0 	 Demand: 118
	Route: 2
	Route length (90906.0) and demand (10316)
	Edge: 1400 <--> 1401 	 Freq: 28.0 	 Demand: 560
	Edge: 1652 <--> 1423 	 Freq: 28.0 	 Demand: 204
	Edge: 1424 <--> 1722 	 Freq: 28.0 	 Demand: 204
	Edge: 1238 <--> 1239 	 Freq: 28.0 	 Demand: 1122
	Edge: 111 <--> 112 	 Freq: 28.0 	 Demand: 2244
	Edge: 112 <--> 116 	 Freq: 28.0 	 Demand: 1122
	Edge: 48 <--> 49 	 Freq: 28.0 	 Demand: 2618
	Edge: 849 <--> 850 	 Freq: 28.0 	 Demand: 1682
	Edge: 1084 <--> 468 	 Freq: 28.0 	 Demand: 560

Day 50, number of edges 20, number of routes 2

	Edges:

	Edge: 514 <--> 1115 	 Freq: 28.0 	 Demand: 1122
	Edge: 20 <--> 1049 	 Freq: 28.0 	 Demand: 560
	Edge: 1149 <--> 1150 	 Freq: 28.0 	 Demand: 952
	Edge: 58 <--> 59 	 Freq: 28.0 	 Demand: 118
	Edge: 1696 <--> 1460 	 Freq: 28.0 	 Demand: 560
	Edge: 1132 <--> 249 	 Freq: 28.0 	 Demand: 560
	Edge: 970 <--> 1160 	 Freq: 28.0 	 Demand: 238
	Edge: 971 <--> 1048 	 Freq: 28.0 	 Demand: 1334
	Edge: 1139 <--> 1046 	 Freq: 28.0 	 Demand: 118
	Edge: 55 <--> 1139 	 Freq: 28.0 	 Demand: 748
	Edge: 1530 <--> 1305 	 Freq: 28.0 	 Demand: 560
	Edge: 319 <--> 318 	 Freq: 28.0 	 Demand: 118
	Edge: 318 <--> 1118 	 Freq: 28.0 	 Demand: 118
	Edge: 1348 <--> 1290 	 Freq: 28.0 	 Demand: 1444
	Edge: 28 <--> 761 	 Freq: 28.0 	 Demand: 3692
	Edge: 1360 <--> 1708 	 Freq: 28.0 	 Demand: 118
	Edge: 480 <--> 481 	 Freq: 28.0 	 Demand: 3926
	Edge: 807 <--> 594 	 Freq: 28.0 	 Demand: 238
	Edge: 1727 <--> 1728 	 Freq: 28.0 	 Demand: 654
	Edge: 559 <--> 560 	 Freq: 28.0 	 Demand: 118

	Routes:

	Route: 1
	Route length (71588.0) and demand (11868)
	Edge: 1132 <--> 249 	 Freq: 28.0 	 Demand: 560
	Edge: 319 <--> 318 	 Freq: 28.0 	 Demand: 118
	Edge: 318 <--> 1118 	 Freq: 28.0 	 Demand: 118
	Edge: 1727 <--> 1728 	 Freq: 28.0 	 Demand: 654
	Edge: 1530 <--> 1305 	 Freq: 28.0 	 Demand: 560
	Edge: 1348 <--> 1290 	 Freq: 28.0 	 Demand: 1444
	Edge: 1696 <--> 1460 	 Freq: 28.0 	 Demand: 560
	Edge: 1360 <--> 1708 	 Freq: 28.0 	 Demand: 118
	Edge: 58 <--> 59 	 Freq: 28.0 	 Demand: 118
	Edge: 28 <--> 761 	 Freq: 28.0 	 Demand: 3692
	Edge: 480 <--> 481 	 Freq: 28.0 	 Demand: 3926
	Route: 2
	Route length (34311.0) and demand (5428)
	Edge: 970 <--> 1160 	 Freq: 28.0 	 Demand: 238
	Edge: 559 <--> 560 	 Freq: 28.0 	 Demand: 118
	Edge: 971 <--> 1048 	 Freq: 28.0 	 Demand: 1334
	Edge: 55 <--> 1139 	 Freq: 28.0 	 Demand: 748
	Edge: 1139 <--> 1046 	 Freq: 28.0 	 Demand: 118
	Edge: 20 <--> 1049 	 Freq: 28.0 	 Demand: 560
	Edge: 1149 <--> 1150 	 Freq: 28.0 	 Demand: 952
	Edge: 807 <--> 594 	 Freq: 28.0 	 Demand: 238
	Edge: 514 <--> 1115 	 Freq: 28.0 	 Demand: 1122

Day 51, number of edges 20, number of routes 2

	Edges:

	Edge: 800 <--> 801 	 Freq: 28.0 	 Demand: 356
	Edge: 948 <--> 1110 	 Freq: 28.0 	 Demand: 204
	Edge: 948 <--> 949 	 Freq: 28.0 	 Demand: 654
	Edge: 511 <--> 924 	 Freq: 28.0 	 Demand: 654
	Edge: 1106 <--> 1111 	 Freq: 28.0 	 Demand: 560
	Edge: 1107 <--> 976 	 Freq: 28.0 	 Demand: 118
	Edge: 978 <--> 979 	 Freq: 28.0 	 Demand: 1122
	Edge: 847 <--> 843 	 Freq: 28.0 	 Demand: 714
	Edge: 680 <--> 681 	 Freq: 28.0 	 Demand: 654
	Edge: 993 <--> 842 	 Freq: 28.0 	 Demand: 118
	Edge: 1048 <--> 866 	 Freq: 28.0 	 Demand: 654
	Edge: 1240 <--> 1241 	 Freq: 28.0 	 Demand: 764
	Edge: 1709 <--> 1721 	 Freq: 28.0 	 Demand: 356
	Edge: 1720 <--> 1287 	 Freq: 28.0 	 Demand: 764
	Edge: 1185 <--> 1186 	 Freq: 28.0 	 Demand: 560
	Edge: 1362 <--> 1292 	 Freq: 28.0 	 Demand: 3110
	Edge: 1048 <--> 754 	 Freq: 28.0 	 Demand: 1216
	Edge: 43 <--> 44 	 Freq: 28.0 	 Demand: 1122
	Edge: 806 <--> 1092 	 Freq: 28.0 	 Demand: 560
	Edge: 741 <--> 742 	 Freq: 28.0 	 Demand: 322

	Routes:

	Route: 1
	Route length (46710.0) and demand (8162)
	Edge: 993 <--> 842 	 Freq: 28.0 	 Demand: 118
	Edge: 43 <--> 44 	 Freq: 28.0 	 Demand: 1122
	Edge: 1362 <--> 1292 	 Freq: 28.0 	 Demand: 3110
	Edge: 1720 <--> 1287 	 Freq: 28.0 	 Demand: 764
	Edge: 1709 <--> 1721 	 Freq: 28.0 	 Demand: 356
	Edge: 1240 <--> 1241 	 Freq: 28.0 	 Demand: 764
	Edge: 1185 <--> 1186 	 Freq: 28.0 	 Demand: 560
	Edge: 680 <--> 681 	 Freq: 28.0 	 Demand: 654
	Edge: 847 <--> 843 	 Freq: 28.0 	 Demand: 714
	Route: 2
	Route length (40938.0) and demand (6420)
	Edge: 1048 <--> 754 	 Freq: 28.0 	 Demand: 1216
	Edge: 1048 <--> 866 	 Freq: 28.0 	 Demand: 654
	Edge: 741 <--> 742 	 Freq: 28.0 	 Demand: 322
	Edge: 978 <--> 979 	 Freq: 28.0 	 Demand: 1122
	Edge: 1107 <--> 976 	 Freq: 28.0 	 Demand: 118
	Edge: 800 <--> 801 	 Freq: 28.0 	 Demand: 356
	Edge: 806 <--> 1092 	 Freq: 28.0 	 Demand: 560
	Edge: 948 <--> 1110 	 Freq: 28.0 	 Demand: 204
	Edge: 948 <--> 949 	 Freq: 28.0 	 Demand: 654
	Edge: 511 <--> 924 	 Freq: 28.0 	 Demand: 654
	Edge: 1106 <--> 1111 	 Freq: 28.0 	 Demand: 560

Day 52, number of edges 19, number of routes 2

	Edges:

	Edge: 803 <--> 804 	 Freq: 28.0 	 Demand: 204
	Edge: 1004 <--> 1005 	 Freq: 28.0 	 Demand: 356
	Edge: 781 <--> 817 	 Freq: 28.0 	 Demand: 118
	Edge: 641 <--> 642 	 Freq: 28.0 	 Demand: 560
	Edge: 625 <--> 381 	 Freq: 28.0 	 Demand: 204
	Edge: 381 <--> 382 	 Freq: 28.0 	 Demand: 118
	Edge: 1290 <--> 1289 	 Freq: 28.0 	 Demand: 560
	Edge: 1474 <--> 1475 	 Freq: 28.0 	 Demand: 2244
	Edge: 769 <--> 770 	 Freq: 28.0 	 Demand: 1122
	Edge: 765 <--> 559 	 Freq: 28.0 	 Demand: 118
	Edge: 824 <--> 838 	 Freq: 28.0 	 Demand: 654
	Edge: 1019 <--> 860 	 Freq: 28.0 	 Demand: 560
	Edge: 1362 <--> 1714 	 Freq: 28.0 	 Demand: 560
	Edge: 1218 <--> 1219 	 Freq: 28.0 	 Demand: 2244
	Edge: 1465 <--> 1348 	 Freq: 28.0 	 Demand: 1122
	Edge: 683 <--> 684 	 Freq: 28.0 	 Demand: 654
	Edge: 803 <--> 1103 	 Freq: 28.0 	 Demand: 340
	Edge: 530 <--> 531 	 Freq: 28.0 	 Demand: 118
	Edge: 981 <--> 807 	 Freq: 28.0 	 Demand: 204

	Routes:

	Route: 1
	Route length (41263.0) and demand (7384)
	Edge: 1218 <--> 1219 	 Freq: 28.0 	 Demand: 2244
	Edge: 1474 <--> 1475 	 Freq: 28.0 	 Demand: 2244
	Edge: 1290 <--> 1289 	 Freq: 28.0 	 Demand: 560
	Edge: 1465 <--> 1348 	 Freq: 28.0 	 Demand: 1122
	Edge: 1362 <--> 1714 	 Freq: 28.0 	 Demand: 560
	Edge: 683 <--> 684 	 Freq: 28.0 	 Demand: 654
	Route: 2
	Route length (47360.0) and demand (4676)
	Edge: 625 <--> 381 	 Freq: 28.0 	 Demand: 204
	Edge: 981 <--> 807 	 Freq: 28.0 	 Demand: 204
	Edge: 803 <--> 804 	 Freq: 28.0 	 Demand: 204
	Edge: 803 <--> 1103 	 Freq: 28.0 	 Demand: 340
	Edge: 641 <--> 642 	 Freq: 28.0 	 Demand: 560
	Edge: 381 <--> 382 	 Freq: 28.0 	 Demand: 118
	Edge: 530 <--> 531 	 Freq: 28.0 	 Demand: 118
	Edge: 781 <--> 817 	 Freq: 28.0 	 Demand: 118
	Edge: 1004 <--> 1005 	 Freq: 28.0 	 Demand: 356
	Edge: 769 <--> 770 	 Freq: 28.0 	 Demand: 1122
	Edge: 765 <--> 559 	 Freq: 28.0 	 Demand: 118
	Edge: 1019 <--> 860 	 Freq: 28.0 	 Demand: 560
	Edge: 824 <--> 838 	 Freq: 28.0 	 Demand: 654

Day 53, number of edges 20, number of routes 2

	Edges:

	Edge: 388 <--> 863 	 Freq: 28.0 	 Demand: 560
	Edge: 645 <--> 646 	 Freq: 28.0 	 Demand: 560
	Edge: 1013 <--> 1014 	 Freq: 28.0 	 Demand: 204
	Edge: 543 <--> 478 	 Freq: 28.0 	 Demand: 204
	Edge: 841 <--> 994 	 Freq: 28.0 	 Demand: 476
	Edge: 995 <--> 268 	 Freq: 28.0 	 Demand: 238
	Edge: 1288 <--> 1383 	 Freq: 28.0 	 Demand: 408
	Edge: 864 <--> 865 	 Freq: 28.0 	 Demand: 2804
	Edge: 767 <--> 1175 	 Freq: 28.0 	 Demand: 1682
	Edge: 766 <--> 484 	 Freq: 28.0 	 Demand: 1122
	Edge: 752 <--> 1171 	 Freq: 28.0 	 Demand: 764
	Edge: 860 <--> 1038 	 Freq: 28.0 	 Demand: 1122
	Edge: 754 <--> 755 	 Freq: 28.0 	 Demand: 2210
	Edge: 1467 <--> 1715 	 Freq: 28.0 	 Demand: 238
	Edge: 1715 <--> 1716 	 Freq: 28.0 	 Demand: 764
	Edge: 1321 <--> 1362 	 Freq: 28.0 	 Demand: 1648
	Edge: 1319 <--> 1320 	 Freq: 28.0 	 Demand: 2244
	Edge: 578 <--> 579 	 Freq: 28.0 	 Demand: 560
	Edge: 1224 <--> 1225 	 Freq: 28.0 	 Demand: 1122
	Edge: 996 <--> 997 	 Freq: 28.0 	 Demand: 1308

	Routes:

	Route: 1
	Route length (43782.0) and demand (8446)
	Edge: 1224 <--> 1225 	 Freq: 28.0 	 Demand: 1122
	Edge: 1319 <--> 1320 	 Freq: 28.0 	 Demand: 2244
	Edge: 1467 <--> 1715 	 Freq: 28.0 	 Demand: 238
	Edge: 1715 <--> 1716 	 Freq: 28.0 	 Demand: 764
	Edge: 1288 <--> 1383 	 Freq: 28.0 	 Demand: 408
	Edge: 1321 <--> 1362 	 Freq: 28.0 	 Demand: 1648
	Edge: 841 <--> 994 	 Freq: 28.0 	 Demand: 476
	Edge: 995 <--> 268 	 Freq: 28.0 	 Demand: 238
	Edge: 996 <--> 997 	 Freq: 28.0 	 Demand: 1308
	Route: 2
	Route length (28362.0) and demand (11792)
	Edge: 578 <--> 579 	 Freq: 28.0 	 Demand: 560
	Edge: 388 <--> 863 	 Freq: 28.0 	 Demand: 560
	Edge: 645 <--> 646 	 Freq: 28.0 	 Demand: 560
	Edge: 1013 <--> 1014 	 Freq: 28.0 	 Demand: 204
	Edge: 543 <--> 478 	 Freq: 28.0 	 Demand: 204
	Edge: 752 <--> 1171 	 Freq: 28.0 	 Demand: 764
	Edge: 766 <--> 484 	 Freq: 28.0 	 Demand: 1122
	Edge: 767 <--> 1175 	 Freq: 28.0 	 Demand: 1682
	Edge: 864 <--> 865 	 Freq: 28.0 	 Demand: 2804
	Edge: 754 <--> 755 	 Freq: 28.0 	 Demand: 2210
	Edge: 860 <--> 1038 	 Freq: 28.0 	 Demand: 1122

Day 54, number of edges 0, number of routes 0

	Edges:


	Routes:


Day 55, number of edges 0, number of routes 0

	Edges:


	Routes:


----- MARKER - SOLUTION PRINTED ABOVE -------

Printing greedy algorithm time to avoid scrolling or ctrl+f
Greedy algorithm time: 0:00:02.397902 seconds
LS time: 0:34:05.504800
Greedy algorithm score: 865889781.0
LS return score: 8130220.0
Final solution score: 8130220.0
Maximum routes among all days: 4
Minimum routes among all days: 1

Penalties count:
Overloaded route count: 0
Irregular services count: 0
Irregular spacing count: 0
