Using greedy static/fixed clusters algorithm!
Graph Data file used: SP-CARP_N9_p_graph.dat
Vehicle Data file used: SP-CARP_1-4.veh

Program starting at: 2026-08-09 02:56:32.674907
Greedy algorithm time: 2.077178 seconds
Cost of initial solution: 269279964.0
Total number of edges: 500
Number of unsatisfied edges: 87
0 edges were not serviced at all!
Running Local Search with top 50 operations according to estimation


Phase 1 mid-report:
Iteration count: 1
Last iteration time: 1.2812469005584717
Average iteration time: 1.2812469005584717
Current score: 197262140.0

Phase 1 ended! Current time: 2026-08-09 02:56:41.096781
Phase 1 Report:
Iteration count: 14
Last iteration time: 0.0
Average iteration time: 0.38057996545519146
Current score: 15138118.0


Phase 2 (only move_services) mid-report:
Iteration count: 1
Last iteration time: 2.0781261920928955
Average iteration time: 2.0781261920928955
Current score: 13638118.0


Phase 2 (only move_services) ended! Current time: 2026-08-09 02:56:53.315536
Phase 2 (only move_services) Report:
Iteration count: 7
Last iteration time: 0.1562509536743164
Average iteration time: 1.453125306538173
Current score: 8718377.0


Phase 3 (using only swap_services) mid-report:
Iteration count: 1
Last iteration time: 0.7968747615814209
Average iteration time: 0.7968747615814209
Current score: 8705702.0


Phase 3 (using only swap_services) ended! Current time: 2026-08-09 02:58:34.846781
Phase 3 (using only swap_services) Report:
Iteration count: 34
Last iteration time: 0.14062166213989258
Average iteration time: 0.6884189703885247
Current score: 8611494.0


Phase 4 (routing operators) mid-report:
Current day: 0
Iteration count: 1
Last iteration time: 0.04687309265136719
Average iteration time: 0.04687309265136719
Current score: 8611494.0


Phase 4 (routing operators) day 0 ended!
Phase 4 (routing operators) day report:
Current Iteration count: 1
Last iteration time: 0.04687309265136719
Average iteration time: 0.04687309265136719
Current score: 8611494.0


Phase 4 (routing operators) day 1 ended!
Phase 4 (routing operators) day report:
Current Iteration count: 3
Last iteration time: 0.03125166893005371
Average iteration time: 1.6406246821085613
Current score: 8608486.0


Phase 4 (routing operators) day 2 ended!
Phase 4 (routing operators) day report:
Current Iteration count: 4
Last iteration time: 0.01562643051147461
Average iteration time: 1.2343751192092896
Current score: 8608486.0


Phase 4 (routing operators) day 3 ended!
Phase 4 (routing operators) day report:
Current Iteration count: 5
Last iteration time: 0.01562643051147461
Average iteration time: 0.9906253814697266
Current score: 8608486.0


Phase 4 (routing operators) day 4 ended!
Phase 4 (routing operators) day report:
Current Iteration count: 9
Last iteration time: 0.031245708465576172
Average iteration time: 0.8368058999379476
Current score: 8608379.0


Phase 4 (routing operators) day 7 ended!
Phase 4 (routing operators) day report:
Current Iteration count: 18
Last iteration time: 0.031250715255737305
Average iteration time: 0.5789932409922282
Current score: 8579388.0


Phase 4 (routing operators) day 8 ended!
Phase 4 (routing operators) day report:
Current Iteration count: 21
Last iteration time: 0.0
Average iteration time: 0.5193455332801455
Current score: 8578192.0


Phase 4 (routing operators) day 9 ended!
Phase 4 (routing operators) day report:
Current Iteration count: 22
Last iteration time: 0.0
Average iteration time: 0.49573891813104803
Current score: 8578192.0


Phase 4 (routing operators) day 10 ended!
Phase 4 (routing operators) day report:
Current Iteration count: 23
Last iteration time: 0.0
Average iteration time: 0.4741850521253503
Current score: 8578192.0


Phase 4 (routing operators) day 11 ended!
Phase 4 (routing operators) day report:
Current Iteration count: 24
Last iteration time: 0.0
Average iteration time: 0.4544273416201274
Current score: 8578192.0


Phase 4 (routing operators) day 14 ended!
Phase 4 (routing operators) day report:
Current Iteration count: 26
Last iteration time: 0.0
Average iteration time: 0.4200721795742328
Current score: 8578097.0


Phase 4 (routing operators) day 15 ended!
Phase 4 (routing operators) day report:
Current Iteration count: 27
Last iteration time: 0.0
Average iteration time: 0.4045139507011131
Current score: 8578097.0


Phase 4 (routing operators) day 16 ended!
Phase 4 (routing operators) day report:
Current Iteration count: 28
Last iteration time: 0.0
Average iteration time: 0.3900670238903591
Current score: 8578097.0


Phase 4 (routing operators) day 17 ended!
Phase 4 (routing operators) day report:
Current Iteration count: 29
Last iteration time: 0.0
Average iteration time: 0.376616436859657
Current score: 8578097.0


Phase 4 (routing operators) day 18 ended!
Phase 4 (routing operators) day report:
Current Iteration count: 31
Last iteration time: 0.0
Average iteration time: 0.3523186022235501
Current score: 8557318.0


Phase 4 (routing operators) day 21 ended!
Phase 4 (routing operators) day report:
Current Iteration count: 34
Last iteration time: 0.0
Average iteration time: 0.3216914499507231
Current score: 8501930.0


Phase 4 (routing operators) day 22 ended!
Phase 4 (routing operators) day report:
Current Iteration count: 36
Last iteration time: 0.0
Average iteration time: 0.3038197027312385
Current score: 8474507.0


Phase 4 (routing operators) day 23 ended!
Phase 4 (routing operators) day report:
Current Iteration count: 40
Last iteration time: 0.0
Average iteration time: 0.2738283336162567
Current score: 8398832.0


Phase 4 (routing operators) day 24 ended!
Phase 4 (routing operators) day report:
Current Iteration count: 42
Last iteration time: 0.0
Average iteration time: 0.26078888915833975
Current score: 8374218.0


Phase 4 (routing operators) day 25 ended!
Phase 4 (routing operators) day report:
Current Iteration count: 43
Last iteration time: 0.0
Average iteration time: 0.2547240312709365
Current score: 8374218.0


Phase 4 (routing operators) ended! Current time: 2026-08-09 02:59:10.596790
Phase 4 (routing operators) Report:
Iteration count: 43
Last iteration time: 0.0
Average iteration time: 0.2547240312709365
Current score: 8374218.0


Local search report:
Iteration count: 1 iterations
Last iteration time: 154.82812809944153 seconds
Iteration average time: 154.82812809944153 seconds
Current score: 8374218.0

Solution after going through each phase once:


Day 0, number of edges 115, number of routes 6

	Edges:

	Edge: 1738 <--> 1424 	 Freq: 7.0 	 Demand: 1020
	Edge: 128 <--> 129 	 Freq: 28.0 	 Demand: 510
	Edge: 254 <--> 625 	 Freq: 28.0 	 Demand: 510
	Edge: 126 <--> 626 	 Freq: 28.0 	 Demand: 714
	Edge: 282 <--> 266 	 Freq: 28.0 	 Demand: 510
	Edge: 332 <--> 213 	 Freq: 28.0 	 Demand: 204
	Edge: 165 <--> 166 	 Freq: 28.0 	 Demand: 204
	Edge: 336 <--> 705 	 Freq: 28.0 	 Demand: 204
	Edge: 1734 <--> 721 	 Freq: 28.0 	 Demand: 204
	Edge: 720 <--> 307 	 Freq: 28.0 	 Demand: 118
	Edge: 1387 <--> 769 	 Freq: 28.0 	 Demand: 204
	Edge: 372 <--> 327 	 Freq: 28.0 	 Demand: 510
	Edge: 356 <--> 357 	 Freq: 28.0 	 Demand: 204
	Edge: 349 <--> 350 	 Freq: 28.0 	 Demand: 204
	Edge: 303 <--> 304 	 Freq: 28.0 	 Demand: 510
	Edge: 676 <--> 695 	 Freq: 28.0 	 Demand: 510
	Edge: 715 <--> 716 	 Freq: 28.0 	 Demand: 510
	Edge: 361 <--> 717 	 Freq: 28.0 	 Demand: 1020
	Edge: 364 <--> 365 	 Freq: 28.0 	 Demand: 1020
	Edge: 264 <--> 265 	 Freq: 28.0 	 Demand: 204
	Edge: 629 <--> 624 	 Freq: 28.0 	 Demand: 408
	Edge: 100 <--> 629 	 Freq: 28.0 	 Demand: 714
	Edge: 101 <--> 1259 	 Freq: 28.0 	 Demand: 510
	Edge: 603 <--> 604 	 Freq: 28.0 	 Demand: 204
	Edge: 601 <--> 602 	 Freq: 28.0 	 Demand: 1020
	Edge: 600 <--> 108 	 Freq: 28.0 	 Demand: 1020
	Edge: 88 <--> 89 	 Freq: 28.0 	 Demand: 408
	Edge: 1083 <--> 135 	 Freq: 28.0 	 Demand: 510
	Edge: 1737 <--> 833 	 Freq: 28.0 	 Demand: 204
	Edge: 1052 <--> 1023 	 Freq: 28.0 	 Demand: 204
	Edge: 1390 <--> 1097 	 Freq: 28.0 	 Demand: 408
	Edge: 1660 <--> 1661 	 Freq: 28.0 	 Demand: 510
	Edge: 231 <--> 321 	 Freq: 28.0 	 Demand: 510
	Edge: 295 <--> 296 	 Freq: 28.0 	 Demand: 204
	Edge: 461 <--> 463 	 Freq: 28.0 	 Demand: 408
	Edge: 955 <--> 956 	 Freq: 28.0 	 Demand: 1020
	Edge: 730 <--> 1258 	 Freq: 28.0 	 Demand: 1020
	Edge: 111 <--> 1096 	 Freq: 28.0 	 Demand: 510
	Edge: 1489 <--> 1503 	 Freq: 28.0 	 Demand: 204
	Edge: 1487 <--> 546 	 Freq: 28.0 	 Demand: 204
	Edge: 114 <--> 115 	 Freq: 28.0 	 Demand: 1530
	Edge: 1505 <--> 547 	 Freq: 28.0 	 Demand: 204
	Edge: 1505 <--> 1506 	 Freq: 28.0 	 Demand: 510
	Edge: 1075 <--> 1508 	 Freq: 28.0 	 Demand: 1020
	Edge: 1042 <--> 1069 	 Freq: 28.0 	 Demand: 612
	Edge: 1053 <--> 1054 	 Freq: 28.0 	 Demand: 204
	Edge: 563 <--> 540 	 Freq: 28.0 	 Demand: 204
	Edge: 1184 <--> 1492 	 Freq: 28.0 	 Demand: 510
	Edge: 1291 <--> 1292 	 Freq: 28.0 	 Demand: 510
	Edge: 452 <--> 1652 	 Freq: 28.0 	 Demand: 204
	Edge: 1517 <--> 1518 	 Freq: 28.0 	 Demand: 204
	Edge: 979 <--> 981 	 Freq: 28.0 	 Demand: 204
	Edge: 834 <--> 483 	 Freq: 28.0 	 Demand: 510
	Edge: 136 <--> 834 	 Freq: 28.0 	 Demand: 408
	Edge: 500 <--> 1509 	 Freq: 28.0 	 Demand: 204
	Edge: 1064 <--> 1072 	 Freq: 28.0 	 Demand: 204
	Edge: 421 <--> 422 	 Freq: 28.0 	 Demand: 510
	Edge: 1077 <--> 116 	 Freq: 28.0 	 Demand: 510
	Edge: 118 <--> 119 	 Freq: 28.0 	 Demand: 1020
	Edge: 117 <--> 139 	 Freq: 28.0 	 Demand: 204
	Edge: 228 <--> 229 	 Freq: 28.0 	 Demand: 204
	Edge: 120 <--> 1076 	 Freq: 28.0 	 Demand: 510
	Edge: 227 <--> 120 	 Freq: 28.0 	 Demand: 510
	Edge: 16 <--> 17 	 Freq: 28.0 	 Demand: 1530
	Edge: 1100 <--> 1101 	 Freq: 28.0 	 Demand: 204
	Edge: 498 <--> 499 	 Freq: 28.0 	 Demand: 1020
	Edge: 827 <--> 495 	 Freq: 28.0 	 Demand: 1020
	Edge: 481 <--> 482 	 Freq: 28.0 	 Demand: 510
	Edge: 424 <--> 137 	 Freq: 28.0 	 Demand: 1020
	Edge: 209 <--> 210 	 Freq: 28.0 	 Demand: 510
	Edge: 1645 <--> 401 	 Freq: 28.0 	 Demand: 204
	Edge: 1014 <--> 1015 	 Freq: 28.0 	 Demand: 1020
	Edge: 1012 <--> 1013 	 Freq: 28.0 	 Demand: 510
	Edge: 994 <--> 995 	 Freq: 28.0 	 Demand: 204
	Edge: 1029 <--> 1150 	 Freq: 28.0 	 Demand: 118
	Edge: 485 <--> 486 	 Freq: 28.0 	 Demand: 204
	Edge: 1501 <--> 1504 	 Freq: 28.0 	 Demand: 510
	Edge: 6 <--> 1093 	 Freq: 28.0 	 Demand: 510
	Edge: 19 <--> 155 	 Freq: 28.0 	 Demand: 510
	Edge: 1078 <--> 1079 	 Freq: 28.0 	 Demand: 714
	Edge: 1094 <--> 1095 	 Freq: 28.0 	 Demand: 510
	Edge: 1511 <--> 1410 	 Freq: 28.0 	 Demand: 1020
	Edge: 1465 <--> 1507 	 Freq: 28.0 	 Demand: 510
	Edge: 1465 <--> 1466 	 Freq: 28.0 	 Demand: 204
	Edge: 1110 <--> 1112 	 Freq: 28.0 	 Demand: 714
	Edge: 105 <--> 106 	 Freq: 28.0 	 Demand: 118
	Edge: 515 <--> 1109 	 Freq: 28.0 	 Demand: 204
	Edge: 503 <--> 504 	 Freq: 28.0 	 Demand: 1020
	Edge: 145 <--> 146 	 Freq: 28.0 	 Demand: 1020
	Edge: 157 <--> 158 	 Freq: 28.0 	 Demand: 1020
	Edge: 13 <--> 187 	 Freq: 28.0 	 Demand: 204
	Edge: 519 <--> 520 	 Freq: 28.0 	 Demand: 1020
	Edge: 532 <--> 533 	 Freq: 28.0 	 Demand: 204
	Edge: 1388 <--> 1510 	 Freq: 28.0 	 Demand: 204
	Edge: 962 <--> 886 	 Freq: 28.0 	 Demand: 204
	Edge: 131 <--> 132 	 Freq: 28.0 	 Demand: 510
	Edge: 965 <--> 1443 	 Freq: 28.0 	 Demand: 510
	Edge: 963 <--> 964 	 Freq: 28.0 	 Demand: 510
	Edge: 1444 <--> 1445 	 Freq: 28.0 	 Demand: 1530
	Edge: 1467 <--> 1445 	 Freq: 28.0 	 Demand: 510
	Edge: 1524 <--> 963 	 Freq: 28.0 	 Demand: 204
	Edge: 1740 <--> 134 	 Freq: 28.0 	 Demand: 510
	Edge: 1495 <--> 1496 	 Freq: 28.0 	 Demand: 204
	Edge: 537 <--> 1525 	 Freq: 28.0 	 Demand: 204
	Edge: 1468 <--> 1469 	 Freq: 28.0 	 Demand: 408
	Edge: 90 <--> 91 	 Freq: 28.0 	 Demand: 1530
	Edge: 86 <--> 87 	 Freq: 28.0 	 Demand: 1530
	Edge: 179 <--> 180 	 Freq: 28.0 	 Demand: 204
	Edge: 180 <--> 294 	 Freq: 28.0 	 Demand: 510
	Edge: 153 <--> 154 	 Freq: 28.0 	 Demand: 204
	Edge: 1485 <--> 1526 	 Freq: 28.0 	 Demand: 714
	Edge: 1512 <--> 1513 	 Freq: 28.0 	 Demand: 510
	Edge: 1442 <--> 984 	 Freq: 28.0 	 Demand: 1020
	Edge: 732 <--> 623 	 Freq: 28.0 	 Demand: 510
	Edge: 290 <--> 1105 	 Freq: 28.0 	 Demand: 204

	Routes:

	Route: 1
	Route length (69300.0) and demand (11864)
	Edge: 1014 <--> 1015 	 Freq: 28.0 	 Demand: 1020
	Edge: 1012 <--> 1013 	 Freq: 28.0 	 Demand: 510
	Edge: 994 <--> 995 	 Freq: 28.0 	 Demand: 204
	Edge: 1029 <--> 1150 	 Freq: 28.0 	 Demand: 118
	Edge: 485 <--> 486 	 Freq: 28.0 	 Demand: 204
	Edge: 1501 <--> 1504 	 Freq: 28.0 	 Demand: 510
	Edge: 6 <--> 1093 	 Freq: 28.0 	 Demand: 510
	Edge: 19 <--> 155 	 Freq: 28.0 	 Demand: 510
	Edge: 1078 <--> 1079 	 Freq: 28.0 	 Demand: 714
	Edge: 1094 <--> 1095 	 Freq: 28.0 	 Demand: 510
	Edge: 1511 <--> 1410 	 Freq: 28.0 	 Demand: 1020
	Edge: 1465 <--> 1466 	 Freq: 28.0 	 Demand: 204
	Edge: 1465 <--> 1507 	 Freq: 28.0 	 Demand: 510
	Edge: 1110 <--> 1112 	 Freq: 28.0 	 Demand: 714
	Edge: 105 <--> 106 	 Freq: 28.0 	 Demand: 118
	Edge: 515 <--> 1109 	 Freq: 28.0 	 Demand: 204
	Edge: 503 <--> 504 	 Freq: 28.0 	 Demand: 1020
	Edge: 145 <--> 146 	 Freq: 28.0 	 Demand: 1020
	Edge: 157 <--> 158 	 Freq: 28.0 	 Demand: 1020
	Edge: 13 <--> 187 	 Freq: 28.0 	 Demand: 204
	Edge: 519 <--> 520 	 Freq: 28.0 	 Demand: 1020
	Route: 2
	Route length (56779.0) and demand (11934)
	Edge: 532 <--> 533 	 Freq: 28.0 	 Demand: 204
	Edge: 1442 <--> 984 	 Freq: 28.0 	 Demand: 1020
	Edge: 1512 <--> 1513 	 Freq: 28.0 	 Demand: 510
	Edge: 1485 <--> 1526 	 Freq: 28.0 	 Demand: 714
	Edge: 153 <--> 154 	 Freq: 28.0 	 Demand: 204
	Edge: 180 <--> 294 	 Freq: 28.0 	 Demand: 510
	Edge: 179 <--> 180 	 Freq: 28.0 	 Demand: 204
	Edge: 90 <--> 91 	 Freq: 28.0 	 Demand: 1530
	Edge: 86 <--> 87 	 Freq: 28.0 	 Demand: 1530
	Edge: 88 <--> 89 	 Freq: 28.0 	 Demand: 408
	Edge: 537 <--> 1525 	 Freq: 28.0 	 Demand: 204
	Edge: 1495 <--> 1496 	 Freq: 28.0 	 Demand: 204
	Edge: 1740 <--> 134 	 Freq: 28.0 	 Demand: 510
	Edge: 1524 <--> 963 	 Freq: 28.0 	 Demand: 204
	Edge: 1467 <--> 1445 	 Freq: 28.0 	 Demand: 510
	Edge: 1444 <--> 1445 	 Freq: 28.0 	 Demand: 1530
	Edge: 963 <--> 964 	 Freq: 28.0 	 Demand: 510
	Edge: 965 <--> 1443 	 Freq: 28.0 	 Demand: 510
	Edge: 131 <--> 132 	 Freq: 28.0 	 Demand: 510
	Edge: 962 <--> 886 	 Freq: 28.0 	 Demand: 204
	Edge: 1388 <--> 1510 	 Freq: 28.0 	 Demand: 204
	Route: 3
	Route length (71496.0) and demand (11934)
	Edge: 1291 <--> 1292 	 Freq: 28.0 	 Demand: 510
	Edge: 452 <--> 1652 	 Freq: 28.0 	 Demand: 204
	Edge: 1517 <--> 1518 	 Freq: 28.0 	 Demand: 204
	Edge: 979 <--> 981 	 Freq: 28.0 	 Demand: 204
	Edge: 424 <--> 137 	 Freq: 28.0 	 Demand: 1020
	Edge: 481 <--> 482 	 Freq: 28.0 	 Demand: 510
	Edge: 827 <--> 495 	 Freq: 28.0 	 Demand: 1020
	Edge: 498 <--> 499 	 Freq: 28.0 	 Demand: 1020
	Edge: 1100 <--> 1101 	 Freq: 28.0 	 Demand: 204
	Edge: 16 <--> 17 	 Freq: 28.0 	 Demand: 1530
	Edge: 228 <--> 229 	 Freq: 28.0 	 Demand: 204
	Edge: 227 <--> 120 	 Freq: 28.0 	 Demand: 510
	Edge: 120 <--> 1076 	 Freq: 28.0 	 Demand: 510
	Edge: 117 <--> 139 	 Freq: 28.0 	 Demand: 204
	Edge: 118 <--> 119 	 Freq: 28.0 	 Demand: 1020
	Edge: 1077 <--> 116 	 Freq: 28.0 	 Demand: 510
	Edge: 421 <--> 422 	 Freq: 28.0 	 Demand: 510
	Edge: 1064 <--> 1072 	 Freq: 28.0 	 Demand: 204
	Edge: 500 <--> 1509 	 Freq: 28.0 	 Demand: 204
	Edge: 136 <--> 834 	 Freq: 28.0 	 Demand: 408
	Edge: 834 <--> 483 	 Freq: 28.0 	 Demand: 510
	Edge: 209 <--> 210 	 Freq: 28.0 	 Demand: 510
	Edge: 1645 <--> 401 	 Freq: 28.0 	 Demand: 204
	Route: 4
	Route length (31232.0) and demand (1020)
	Edge: 1738 <--> 1424 	 Freq: 7.0 	 Demand: 1020
	Route: 5
	Route length (117679.0) and demand (11950)
	Edge: 254 <--> 625 	 Freq: 28.0 	 Demand: 510
	Edge: 126 <--> 626 	 Freq: 28.0 	 Demand: 714
	Edge: 732 <--> 623 	 Freq: 28.0 	 Demand: 510
	Edge: 165 <--> 166 	 Freq: 28.0 	 Demand: 204
	Edge: 332 <--> 213 	 Freq: 28.0 	 Demand: 204
	Edge: 264 <--> 265 	 Freq: 28.0 	 Demand: 204
	Edge: 364 <--> 365 	 Freq: 28.0 	 Demand: 1020
	Edge: 361 <--> 717 	 Freq: 28.0 	 Demand: 1020
	Edge: 715 <--> 716 	 Freq: 28.0 	 Demand: 510
	Edge: 676 <--> 695 	 Freq: 28.0 	 Demand: 510
	Edge: 303 <--> 304 	 Freq: 28.0 	 Demand: 510
	Edge: 349 <--> 350 	 Freq: 28.0 	 Demand: 204
	Edge: 356 <--> 357 	 Freq: 28.0 	 Demand: 204
	Edge: 372 <--> 327 	 Freq: 28.0 	 Demand: 510
	Edge: 1387 <--> 769 	 Freq: 28.0 	 Demand: 204
	Edge: 720 <--> 307 	 Freq: 28.0 	 Demand: 118
	Edge: 1734 <--> 721 	 Freq: 28.0 	 Demand: 204
	Edge: 336 <--> 705 	 Freq: 28.0 	 Demand: 204
	Edge: 282 <--> 266 	 Freq: 28.0 	 Demand: 510
	Edge: 629 <--> 624 	 Freq: 28.0 	 Demand: 408
	Edge: 100 <--> 629 	 Freq: 28.0 	 Demand: 714
	Edge: 101 <--> 1259 	 Freq: 28.0 	 Demand: 510
	Edge: 601 <--> 602 	 Freq: 28.0 	 Demand: 1020
	Edge: 600 <--> 108 	 Freq: 28.0 	 Demand: 1020
	Edge: 603 <--> 604 	 Freq: 28.0 	 Demand: 204
	Route: 6
	Route length (95448.0) and demand (11832)
	Edge: 1390 <--> 1097 	 Freq: 28.0 	 Demand: 408
	Edge: 1184 <--> 1492 	 Freq: 28.0 	 Demand: 510
	Edge: 563 <--> 540 	 Freq: 28.0 	 Demand: 204
	Edge: 1053 <--> 1054 	 Freq: 28.0 	 Demand: 204
	Edge: 1042 <--> 1069 	 Freq: 28.0 	 Demand: 612
	Edge: 1075 <--> 1508 	 Freq: 28.0 	 Demand: 1020
	Edge: 1505 <--> 1506 	 Freq: 28.0 	 Demand: 510
	Edge: 1505 <--> 547 	 Freq: 28.0 	 Demand: 204
	Edge: 1487 <--> 546 	 Freq: 28.0 	 Demand: 204
	Edge: 111 <--> 1096 	 Freq: 28.0 	 Demand: 510
	Edge: 1489 <--> 1503 	 Freq: 28.0 	 Demand: 204
	Edge: 114 <--> 115 	 Freq: 28.0 	 Demand: 1530
	Edge: 290 <--> 1105 	 Freq: 28.0 	 Demand: 204
	Edge: 128 <--> 129 	 Freq: 28.0 	 Demand: 510
	Edge: 730 <--> 1258 	 Freq: 28.0 	 Demand: 1020
	Edge: 955 <--> 956 	 Freq: 28.0 	 Demand: 1020
	Edge: 461 <--> 463 	 Freq: 28.0 	 Demand: 408
	Edge: 295 <--> 296 	 Freq: 28.0 	 Demand: 204
	Edge: 231 <--> 321 	 Freq: 28.0 	 Demand: 510
	Edge: 1660 <--> 1661 	 Freq: 28.0 	 Demand: 510
	Edge: 1052 <--> 1023 	 Freq: 28.0 	 Demand: 204
	Edge: 1737 <--> 833 	 Freq: 28.0 	 Demand: 204
	Edge: 1083 <--> 135 	 Freq: 28.0 	 Demand: 510
	Edge: 1468 <--> 1469 	 Freq: 28.0 	 Demand: 408

Day 1, number of edges 95, number of routes 5

	Edges:

	Edge: 1260 <--> 655 	 Freq: 14.0 	 Demand: 510
	Edge: 1317 <--> 819 	 Freq: 14.0 	 Demand: 510
	Edge: 790 <--> 791 	 Freq: 28.0 	 Demand: 1020
	Edge: 377 <--> 381 	 Freq: 28.0 	 Demand: 408
	Edge: 803 <--> 804 	 Freq: 28.0 	 Demand: 408
	Edge: 755 <--> 754 	 Freq: 28.0 	 Demand: 204
	Edge: 784 <--> 7 	 Freq: 28.0 	 Demand: 714
	Edge: 8 <--> 198 	 Freq: 28.0 	 Demand: 204
	Edge: 204 <--> 810 	 Freq: 28.0 	 Demand: 1020
	Edge: 585 <--> 586 	 Freq: 28.0 	 Demand: 510
	Edge: 584 <--> 1286 	 Freq: 28.0 	 Demand: 510
	Edge: 746 <--> 747 	 Freq: 28.0 	 Demand: 510
	Edge: 1673 <--> 1674 	 Freq: 28.0 	 Demand: 204
	Edge: 744 <--> 745 	 Freq: 28.0 	 Demand: 510
	Edge: 822 <--> 823 	 Freq: 28.0 	 Demand: 1020
	Edge: 824 <--> 825 	 Freq: 28.0 	 Demand: 1020
	Edge: 748 <--> 640 	 Freq: 28.0 	 Demand: 510
	Edge: 630 <--> 631 	 Freq: 28.0 	 Demand: 510
	Edge: 632 <--> 630 	 Freq: 28.0 	 Demand: 510
	Edge: 632 <--> 633 	 Freq: 28.0 	 Demand: 510
	Edge: 653 <--> 654 	 Freq: 28.0 	 Demand: 510
	Edge: 649 <--> 383 	 Freq: 28.0 	 Demand: 510
	Edge: 880 <--> 881 	 Freq: 28.0 	 Demand: 1530
	Edge: 32 <--> 33 	 Freq: 28.0 	 Demand: 1020
	Edge: 33 <--> 79 	 Freq: 28.0 	 Demand: 1020
	Edge: 80 <--> 764 	 Freq: 28.0 	 Demand: 408
	Edge: 816 <--> 817 	 Freq: 28.0 	 Demand: 816
	Edge: 245 <--> 246 	 Freq: 28.0 	 Demand: 408
	Edge: 419 <--> 796 	 Freq: 28.0 	 Demand: 510
	Edge: 1741 <--> 780 	 Freq: 28.0 	 Demand: 510
	Edge: 1320 <--> 42 	 Freq: 28.0 	 Demand: 408
	Edge: 798 <--> 42 	 Freq: 28.0 	 Demand: 408
	Edge: 777 <--> 798 	 Freq: 28.0 	 Demand: 204
	Edge: 814 <--> 815 	 Freq: 28.0 	 Demand: 204
	Edge: 812 <--> 879 	 Freq: 28.0 	 Demand: 1020
	Edge: 34 <--> 35 	 Freq: 28.0 	 Demand: 510
	Edge: 1341 <--> 1338 	 Freq: 28.0 	 Demand: 1020
	Edge: 1338 <--> 1339 	 Freq: 28.0 	 Demand: 510
	Edge: 848 <--> 783 	 Freq: 28.0 	 Demand: 510
	Edge: 847 <--> 848 	 Freq: 28.0 	 Demand: 118
	Edge: 1282 <--> 1324 	 Freq: 28.0 	 Demand: 204
	Edge: 28 <--> 29 	 Freq: 28.0 	 Demand: 408
	Edge: 621 <--> 622 	 Freq: 28.0 	 Demand: 612
	Edge: 1254 <--> 1279 	 Freq: 28.0 	 Demand: 510
	Edge: 713 <--> 714 	 Freq: 28.0 	 Demand: 1020
	Edge: 595 <--> 663 	 Freq: 28.0 	 Demand: 1020
	Edge: 662 <--> 1402 	 Freq: 28.0 	 Demand: 510
	Edge: 641 <--> 642 	 Freq: 28.0 	 Demand: 612
	Edge: 659 <--> 660 	 Freq: 28.0 	 Demand: 510
	Edge: 849 <--> 382 	 Freq: 28.0 	 Demand: 714
	Edge: 1237 <--> 97 	 Freq: 28.0 	 Demand: 1530
	Edge: 652 <--> 653 	 Freq: 28.0 	 Demand: 1020
	Edge: 650 <--> 651 	 Freq: 28.0 	 Demand: 510
	Edge: 648 <--> 1256 	 Freq: 28.0 	 Demand: 204
	Edge: 1236 <--> 1257 	 Freq: 28.0 	 Demand: 510
	Edge: 432 <--> 433 	 Freq: 28.0 	 Demand: 510
	Edge: 739 <--> 738 	 Freq: 28.0 	 Demand: 1020
	Edge: 453 <--> 454 	 Freq: 28.0 	 Demand: 204
	Edge: 71 <--> 72 	 Freq: 28.0 	 Demand: 2040
	Edge: 1614 <--> 1615 	 Freq: 28.0 	 Demand: 714
	Edge: 1615 <--> 1616 	 Freq: 28.0 	 Demand: 510
	Edge: 1616 <--> 1613 	 Freq: 28.0 	 Demand: 510
	Edge: 1621 <--> 1644 	 Freq: 28.0 	 Demand: 510
	Edge: 174 <--> 175 	 Freq: 28.0 	 Demand: 204
	Edge: 175 <--> 176 	 Freq: 28.0 	 Demand: 408
	Edge: 1618 <--> 1619 	 Freq: 28.0 	 Demand: 510
	Edge: 1448 <--> 172 	 Freq: 28.0 	 Demand: 204
	Edge: 1612 <--> 1620 	 Freq: 28.0 	 Demand: 510
	Edge: 170 <--> 1611 	 Freq: 28.0 	 Demand: 204
	Edge: 182 <--> 1611 	 Freq: 28.0 	 Demand: 612
	Edge: 27 <--> 28 	 Freq: 28.0 	 Demand: 204
	Edge: 413 <--> 1473 	 Freq: 28.0 	 Demand: 204
	Edge: 671 <--> 202 	 Freq: 28.0 	 Demand: 204
	Edge: 609 <--> 702 	 Freq: 28.0 	 Demand: 1326
	Edge: 609 <--> 610 	 Freq: 28.0 	 Demand: 510
	Edge: 685 <--> 690 	 Freq: 28.0 	 Demand: 510
	Edge: 691 <--> 1315 	 Freq: 28.0 	 Demand: 1530
	Edge: 670 <--> 672 	 Freq: 28.0 	 Demand: 204
	Edge: 217 <--> 218 	 Freq: 28.0 	 Demand: 510
	Edge: 701 <--> 751 	 Freq: 28.0 	 Demand: 1020
	Edge: 313 <--> 852 	 Freq: 28.0 	 Demand: 2550
	Edge: 752 <--> 729 	 Freq: 28.0 	 Demand: 510
	Edge: 728 <--> 727 	 Freq: 28.0 	 Demand: 510
	Edge: 719 <--> 697 	 Freq: 28.0 	 Demand: 408
	Edge: 702 <--> 692 	 Freq: 28.0 	 Demand: 204
	Edge: 750 <--> 692 	 Freq: 28.0 	 Demand: 510
	Edge: 853 <--> 854 	 Freq: 28.0 	 Demand: 816
	Edge: 352 <--> 353 	 Freq: 28.0 	 Demand: 204
	Edge: 531 <--> 525 	 Freq: 28.0 	 Demand: 510
	Edge: 887 <--> 888 	 Freq: 28.0 	 Demand: 510
	Edge: 1578 <--> 185 	 Freq: 28.0 	 Demand: 408
	Edge: 163 <--> 164 	 Freq: 28.0 	 Demand: 2040
	Edge: 71 <--> 1578 	 Freq: 28.0 	 Demand: 510
	Edge: 1647 <--> 1648 	 Freq: 28.0 	 Demand: 510
	Edge: 71 <--> 392 	 Freq: 28.0 	 Demand: 408

	Routes:

	Route: 1
	Route length (109746.0) and demand (11934)
	Edge: 28 <--> 29 	 Freq: 28.0 	 Demand: 408
	Edge: 671 <--> 202 	 Freq: 28.0 	 Demand: 204
	Edge: 609 <--> 702 	 Freq: 28.0 	 Demand: 1326
	Edge: 609 <--> 610 	 Freq: 28.0 	 Demand: 510
	Edge: 685 <--> 690 	 Freq: 28.0 	 Demand: 510
	Edge: 691 <--> 1315 	 Freq: 28.0 	 Demand: 1530
	Edge: 670 <--> 672 	 Freq: 28.0 	 Demand: 204
	Edge: 217 <--> 218 	 Freq: 28.0 	 Demand: 510
	Edge: 701 <--> 751 	 Freq: 28.0 	 Demand: 1020
	Edge: 313 <--> 852 	 Freq: 28.0 	 Demand: 2550
	Edge: 752 <--> 729 	 Freq: 28.0 	 Demand: 510
	Edge: 728 <--> 727 	 Freq: 28.0 	 Demand: 510
	Edge: 719 <--> 697 	 Freq: 28.0 	 Demand: 408
	Edge: 702 <--> 692 	 Freq: 28.0 	 Demand: 204
	Edge: 750 <--> 692 	 Freq: 28.0 	 Demand: 510
	Edge: 853 <--> 854 	 Freq: 28.0 	 Demand: 816
	Edge: 352 <--> 353 	 Freq: 28.0 	 Demand: 204
	Route: 2
	Route length (98369.0) and demand (11730)
	Edge: 739 <--> 738 	 Freq: 28.0 	 Demand: 1020
	Edge: 432 <--> 433 	 Freq: 28.0 	 Demand: 510
	Edge: 1236 <--> 1257 	 Freq: 28.0 	 Demand: 510
	Edge: 648 <--> 1256 	 Freq: 28.0 	 Demand: 204
	Edge: 649 <--> 383 	 Freq: 28.0 	 Demand: 510
	Edge: 1237 <--> 97 	 Freq: 28.0 	 Demand: 1530
	Edge: 650 <--> 651 	 Freq: 28.0 	 Demand: 510
	Edge: 652 <--> 653 	 Freq: 28.0 	 Demand: 1020
	Edge: 849 <--> 382 	 Freq: 28.0 	 Demand: 714
	Edge: 659 <--> 660 	 Freq: 28.0 	 Demand: 510
	Edge: 641 <--> 642 	 Freq: 28.0 	 Demand: 612
	Edge: 662 <--> 1402 	 Freq: 28.0 	 Demand: 510
	Edge: 595 <--> 663 	 Freq: 28.0 	 Demand: 1020
	Edge: 713 <--> 714 	 Freq: 28.0 	 Demand: 1020
	Edge: 413 <--> 1473 	 Freq: 28.0 	 Demand: 204
	Edge: 1254 <--> 1279 	 Freq: 28.0 	 Demand: 510
	Edge: 621 <--> 622 	 Freq: 28.0 	 Demand: 612
	Edge: 27 <--> 28 	 Freq: 28.0 	 Demand: 204
	Route: 3
	Route length (33004.0) and demand (11832)
	Edge: 1647 <--> 1648 	 Freq: 28.0 	 Demand: 510
	Edge: 163 <--> 164 	 Freq: 28.0 	 Demand: 2040
	Edge: 1578 <--> 185 	 Freq: 28.0 	 Demand: 408
	Edge: 71 <--> 1578 	 Freq: 28.0 	 Demand: 510
	Edge: 182 <--> 1611 	 Freq: 28.0 	 Demand: 612
	Edge: 170 <--> 1611 	 Freq: 28.0 	 Demand: 204
	Edge: 1612 <--> 1620 	 Freq: 28.0 	 Demand: 510
	Edge: 1448 <--> 172 	 Freq: 28.0 	 Demand: 204
	Edge: 1618 <--> 1619 	 Freq: 28.0 	 Demand: 510
	Edge: 1621 <--> 1644 	 Freq: 28.0 	 Demand: 510
	Edge: 174 <--> 175 	 Freq: 28.0 	 Demand: 204
	Edge: 175 <--> 176 	 Freq: 28.0 	 Demand: 408
	Edge: 531 <--> 525 	 Freq: 28.0 	 Demand: 510
	Edge: 1616 <--> 1613 	 Freq: 28.0 	 Demand: 510
	Edge: 1615 <--> 1616 	 Freq: 28.0 	 Demand: 510
	Edge: 1614 <--> 1615 	 Freq: 28.0 	 Demand: 714
	Edge: 71 <--> 72 	 Freq: 28.0 	 Demand: 2040
	Edge: 71 <--> 392 	 Freq: 28.0 	 Demand: 408
	Edge: 887 <--> 888 	 Freq: 28.0 	 Demand: 510
	Route: 4
	Route length (90878.0) and demand (11542)
	Edge: 245 <--> 246 	 Freq: 28.0 	 Demand: 408
	Edge: 816 <--> 817 	 Freq: 28.0 	 Demand: 816
	Edge: 32 <--> 33 	 Freq: 28.0 	 Demand: 1020
	Edge: 33 <--> 79 	 Freq: 28.0 	 Demand: 1020
	Edge: 80 <--> 764 	 Freq: 28.0 	 Demand: 408
	Edge: 880 <--> 881 	 Freq: 28.0 	 Demand: 1530
	Edge: 419 <--> 796 	 Freq: 28.0 	 Demand: 510
	Edge: 1741 <--> 780 	 Freq: 28.0 	 Demand: 510
	Edge: 1320 <--> 42 	 Freq: 28.0 	 Demand: 408
	Edge: 798 <--> 42 	 Freq: 28.0 	 Demand: 408
	Edge: 777 <--> 798 	 Freq: 28.0 	 Demand: 204
	Edge: 814 <--> 815 	 Freq: 28.0 	 Demand: 204
	Edge: 812 <--> 879 	 Freq: 28.0 	 Demand: 1020
	Edge: 34 <--> 35 	 Freq: 28.0 	 Demand: 510
	Edge: 1341 <--> 1338 	 Freq: 28.0 	 Demand: 1020
	Edge: 1338 <--> 1339 	 Freq: 28.0 	 Demand: 510
	Edge: 848 <--> 783 	 Freq: 28.0 	 Demand: 510
	Edge: 847 <--> 848 	 Freq: 28.0 	 Demand: 118
	Edge: 1282 <--> 1324 	 Freq: 28.0 	 Demand: 204
	Edge: 453 <--> 454 	 Freq: 28.0 	 Demand: 204
	Route: 5
	Route length (106629.0) and demand (11832)
	Edge: 653 <--> 654 	 Freq: 28.0 	 Demand: 510
	Edge: 632 <--> 633 	 Freq: 28.0 	 Demand: 510
	Edge: 632 <--> 630 	 Freq: 28.0 	 Demand: 510
	Edge: 630 <--> 631 	 Freq: 28.0 	 Demand: 510
	Edge: 822 <--> 823 	 Freq: 28.0 	 Demand: 1020
	Edge: 824 <--> 825 	 Freq: 28.0 	 Demand: 1020
	Edge: 748 <--> 640 	 Freq: 28.0 	 Demand: 510
	Edge: 1260 <--> 655 	 Freq: 14.0 	 Demand: 510
	Edge: 744 <--> 745 	 Freq: 28.0 	 Demand: 510
	Edge: 1673 <--> 1674 	 Freq: 28.0 	 Demand: 204
	Edge: 746 <--> 747 	 Freq: 28.0 	 Demand: 510
	Edge: 584 <--> 1286 	 Freq: 28.0 	 Demand: 510
	Edge: 585 <--> 586 	 Freq: 28.0 	 Demand: 510
	Edge: 204 <--> 810 	 Freq: 28.0 	 Demand: 1020
	Edge: 8 <--> 198 	 Freq: 28.0 	 Demand: 204
	Edge: 784 <--> 7 	 Freq: 28.0 	 Demand: 714
	Edge: 755 <--> 754 	 Freq: 28.0 	 Demand: 204
	Edge: 803 <--> 804 	 Freq: 28.0 	 Demand: 408
	Edge: 377 <--> 381 	 Freq: 28.0 	 Demand: 408
	Edge: 790 <--> 791 	 Freq: 28.0 	 Demand: 1020
	Edge: 1317 <--> 819 	 Freq: 14.0 	 Demand: 510

Day 2, number of edges 81, number of routes 5

	Edges:

	Edge: 493 <--> 429 	 Freq: 28.0 	 Demand: 510
	Edge: 1024 <--> 957 	 Freq: 28.0 	 Demand: 204
	Edge: 195 <--> 954 	 Freq: 28.0 	 Demand: 204
	Edge: 1349 <--> 802 	 Freq: 28.0 	 Demand: 510
	Edge: 1321 <--> 1322 	 Freq: 28.0 	 Demand: 510
	Edge: 1360 <--> 1361 	 Freq: 28.0 	 Demand: 2550
	Edge: 813 <--> 192 	 Freq: 28.0 	 Demand: 714
	Edge: 190 <--> 191 	 Freq: 28.0 	 Demand: 1530
	Edge: 850 <--> 851 	 Freq: 28.0 	 Demand: 1020
	Edge: 742 <--> 851 	 Freq: 28.0 	 Demand: 1020
	Edge: 362 <--> 363 	 Freq: 28.0 	 Demand: 204
	Edge: 283 <--> 284 	 Freq: 28.0 	 Demand: 204
	Edge: 287 <--> 288 	 Freq: 28.0 	 Demand: 714
	Edge: 768 <--> 278 	 Freq: 28.0 	 Demand: 204
	Edge: 104 <--> 1735 	 Freq: 28.0 	 Demand: 1020
	Edge: 1289 <--> 1736 	 Freq: 28.0 	 Demand: 1020
	Edge: 1355 <--> 1357 	 Freq: 28.0 	 Demand: 204
	Edge: 876 <--> 1627 	 Freq: 28.0 	 Demand: 510
	Edge: 1450 <--> 1434 	 Freq: 28.0 	 Demand: 408
	Edge: 1296 <--> 450 	 Freq: 28.0 	 Demand: 204
	Edge: 526 <--> 527 	 Freq: 28.0 	 Demand: 1020
	Edge: 502 <--> 1494 	 Freq: 28.0 	 Demand: 510
	Edge: 835 <--> 836 	 Freq: 28.0 	 Demand: 510
	Edge: 491 <--> 1527 	 Freq: 28.0 	 Demand: 1020
	Edge: 68 <--> 826 	 Freq: 28.0 	 Demand: 1530
	Edge: 1090 <--> 1091 	 Freq: 28.0 	 Demand: 510
	Edge: 222 <--> 233 	 Freq: 28.0 	 Demand: 510
	Edge: 483 <--> 223 	 Freq: 28.0 	 Demand: 1020
	Edge: 1651 <--> 1704 	 Freq: 28.0 	 Demand: 1020
	Edge: 1299 <--> 1419 	 Freq: 28.0 	 Demand: 204
	Edge: 910 <--> 911 	 Freq: 28.0 	 Demand: 510
	Edge: 910 <--> 1669 	 Freq: 28.0 	 Demand: 510
	Edge: 1131 <--> 1606 	 Freq: 28.0 	 Demand: 408
	Edge: 1130 <--> 1131 	 Freq: 28.0 	 Demand: 510
	Edge: 916 <--> 1130 	 Freq: 28.0 	 Demand: 510
	Edge: 1138 <--> 1130 	 Freq: 28.0 	 Demand: 408
	Edge: 1139 <--> 1140 	 Freq: 28.0 	 Demand: 1020
	Edge: 1149 <--> 1139 	 Freq: 28.0 	 Demand: 1020
	Edge: 1148 <--> 1708 	 Freq: 28.0 	 Demand: 1020
	Edge: 907 <--> 1138 	 Freq: 28.0 	 Demand: 1020
	Edge: 909 <--> 906 	 Freq: 28.0 	 Demand: 1020
	Edge: 1677 <--> 1678 	 Freq: 28.0 	 Demand: 204
	Edge: 908 <--> 909 	 Freq: 28.0 	 Demand: 1734
	Edge: 1637 <--> 1638 	 Freq: 28.0 	 Demand: 1020
	Edge: 1137 <--> 908 	 Freq: 28.0 	 Demand: 408
	Edge: 1137 <--> 1127 	 Freq: 28.0 	 Demand: 510
	Edge: 917 <--> 1356 	 Freq: 28.0 	 Demand: 1020
	Edge: 1356 <--> 1636 	 Freq: 28.0 	 Demand: 1020
	Edge: 932 <--> 933 	 Freq: 28.0 	 Demand: 3942
	Edge: 1120 <--> 1207 	 Freq: 28.0 	 Demand: 408
	Edge: 317 <--> 318 	 Freq: 28.0 	 Demand: 1020
	Edge: 10 <--> 152 	 Freq: 28.0 	 Demand: 408
	Edge: 1681 <--> 1368 	 Freq: 28.0 	 Demand: 204
	Edge: 1682 <--> 1683 	 Freq: 28.0 	 Demand: 1020
	Edge: 1348 <--> 1640 	 Freq: 28.0 	 Demand: 204
	Edge: 455 <--> 456 	 Freq: 28.0 	 Demand: 510
	Edge: 1272 <--> 1733 	 Freq: 28.0 	 Demand: 510
	Edge: 939 <--> 940 	 Freq: 28.0 	 Demand: 118
	Edge: 1656 <--> 1722 	 Freq: 28.0 	 Demand: 510
	Edge: 1240 <--> 1529 	 Freq: 28.0 	 Demand: 510
	Edge: 1372 <--> 1726 	 Freq: 28.0 	 Demand: 204
	Edge: 1168 <--> 1144 	 Freq: 28.0 	 Demand: 510
	Edge: 1190 <--> 946 	 Freq: 28.0 	 Demand: 408
	Edge: 1711 <--> 1187 	 Freq: 28.0 	 Demand: 238
	Edge: 389 <--> 390 	 Freq: 28.0 	 Demand: 510
	Edge: 1248 <--> 1249 	 Freq: 28.0 	 Demand: 714
	Edge: 1658 <--> 1253 	 Freq: 28.0 	 Demand: 204
	Edge: 1399 <--> 1400 	 Freq: 28.0 	 Demand: 510
	Edge: 1544 <--> 1369 	 Freq: 28.0 	 Demand: 510
	Edge: 1543 <--> 1632 	 Freq: 28.0 	 Demand: 1020
	Edge: 891 <--> 1229 	 Freq: 28.0 	 Demand: 510
	Edge: 1229 <--> 1547 	 Freq: 28.0 	 Demand: 510
	Edge: 1716 <--> 890 	 Freq: 28.0 	 Demand: 1020
	Edge: 889 <--> 1654 	 Freq: 28.0 	 Demand: 3416
	Edge: 1630 <--> 1631 	 Freq: 28.0 	 Demand: 204
	Edge: 1172 <--> 1173 	 Freq: 28.0 	 Demand: 1530
	Edge: 1323 <--> 1350 	 Freq: 28.0 	 Demand: 1020
	Edge: 800 <--> 1323 	 Freq: 28.0 	 Demand: 408
	Edge: 279 <--> 434 	 Freq: 28.0 	 Demand: 204
	Edge: 1322 <--> 417 	 Freq: 28.0 	 Demand: 204
	Edge: 778 <--> 779 	 Freq: 28.0 	 Demand: 510

	Routes:

	Route: 1
	Route length (49169.0) and demand (11608)
	Edge: 917 <--> 1356 	 Freq: 28.0 	 Demand: 1020
	Edge: 1356 <--> 1636 	 Freq: 28.0 	 Demand: 1020
	Edge: 932 <--> 933 	 Freq: 28.0 	 Demand: 3942
	Edge: 1120 <--> 1207 	 Freq: 28.0 	 Demand: 408
	Edge: 317 <--> 318 	 Freq: 28.0 	 Demand: 1020
	Edge: 10 <--> 152 	 Freq: 28.0 	 Demand: 408
	Edge: 1348 <--> 1640 	 Freq: 28.0 	 Demand: 204
	Edge: 1682 <--> 1683 	 Freq: 28.0 	 Demand: 1020
	Edge: 1681 <--> 1368 	 Freq: 28.0 	 Demand: 204
	Edge: 455 <--> 456 	 Freq: 28.0 	 Demand: 510
	Edge: 1272 <--> 1733 	 Freq: 28.0 	 Demand: 510
	Edge: 939 <--> 940 	 Freq: 28.0 	 Demand: 118
	Edge: 1240 <--> 1529 	 Freq: 28.0 	 Demand: 510
	Edge: 1656 <--> 1722 	 Freq: 28.0 	 Demand: 510
	Edge: 1372 <--> 1726 	 Freq: 28.0 	 Demand: 204
	Route: 2
	Route length (30285.0) and demand (11832)
	Edge: 910 <--> 911 	 Freq: 28.0 	 Demand: 510
	Edge: 910 <--> 1669 	 Freq: 28.0 	 Demand: 510
	Edge: 1131 <--> 1606 	 Freq: 28.0 	 Demand: 408
	Edge: 1130 <--> 1131 	 Freq: 28.0 	 Demand: 510
	Edge: 916 <--> 1130 	 Freq: 28.0 	 Demand: 510
	Edge: 1138 <--> 1130 	 Freq: 28.0 	 Demand: 408
	Edge: 1139 <--> 1140 	 Freq: 28.0 	 Demand: 1020
	Edge: 1149 <--> 1139 	 Freq: 28.0 	 Demand: 1020
	Edge: 1148 <--> 1708 	 Freq: 28.0 	 Demand: 1020
	Edge: 907 <--> 1138 	 Freq: 28.0 	 Demand: 1020
	Edge: 909 <--> 906 	 Freq: 28.0 	 Demand: 1020
	Edge: 1677 <--> 1678 	 Freq: 28.0 	 Demand: 204
	Edge: 908 <--> 909 	 Freq: 28.0 	 Demand: 1734
	Edge: 1637 <--> 1638 	 Freq: 28.0 	 Demand: 1020
	Edge: 1137 <--> 908 	 Freq: 28.0 	 Demand: 408
	Edge: 1137 <--> 1127 	 Freq: 28.0 	 Demand: 510
	Route: 3
	Route length (62438.0) and demand (11730)
	Edge: 104 <--> 1735 	 Freq: 28.0 	 Demand: 1020
	Edge: 1289 <--> 1736 	 Freq: 28.0 	 Demand: 1020
	Edge: 1355 <--> 1357 	 Freq: 28.0 	 Demand: 204
	Edge: 876 <--> 1627 	 Freq: 28.0 	 Demand: 510
	Edge: 1450 <--> 1434 	 Freq: 28.0 	 Demand: 408
	Edge: 1296 <--> 450 	 Freq: 28.0 	 Demand: 204
	Edge: 526 <--> 527 	 Freq: 28.0 	 Demand: 1020
	Edge: 493 <--> 429 	 Freq: 28.0 	 Demand: 510
	Edge: 835 <--> 836 	 Freq: 28.0 	 Demand: 510
	Edge: 1090 <--> 1091 	 Freq: 28.0 	 Demand: 510
	Edge: 222 <--> 233 	 Freq: 28.0 	 Demand: 510
	Edge: 483 <--> 223 	 Freq: 28.0 	 Demand: 1020
	Edge: 68 <--> 826 	 Freq: 28.0 	 Demand: 1530
	Edge: 491 <--> 1527 	 Freq: 28.0 	 Demand: 1020
	Edge: 502 <--> 1494 	 Freq: 28.0 	 Demand: 510
	Edge: 1651 <--> 1704 	 Freq: 28.0 	 Demand: 1020
	Edge: 1299 <--> 1419 	 Freq: 28.0 	 Demand: 204
	Route: 4
	Route length (97708.0) and demand (11934)
	Edge: 1024 <--> 957 	 Freq: 28.0 	 Demand: 204
	Edge: 195 <--> 954 	 Freq: 28.0 	 Demand: 204
	Edge: 1349 <--> 802 	 Freq: 28.0 	 Demand: 510
	Edge: 1323 <--> 1350 	 Freq: 28.0 	 Demand: 1020
	Edge: 800 <--> 1323 	 Freq: 28.0 	 Demand: 408
	Edge: 778 <--> 779 	 Freq: 28.0 	 Demand: 510
	Edge: 1321 <--> 1322 	 Freq: 28.0 	 Demand: 510
	Edge: 1322 <--> 417 	 Freq: 28.0 	 Demand: 204
	Edge: 190 <--> 191 	 Freq: 28.0 	 Demand: 1530
	Edge: 813 <--> 192 	 Freq: 28.0 	 Demand: 714
	Edge: 1360 <--> 1361 	 Freq: 28.0 	 Demand: 2550
	Edge: 850 <--> 851 	 Freq: 28.0 	 Demand: 1020
	Edge: 742 <--> 851 	 Freq: 28.0 	 Demand: 1020
	Edge: 362 <--> 363 	 Freq: 28.0 	 Demand: 204
	Edge: 283 <--> 284 	 Freq: 28.0 	 Demand: 204
	Edge: 287 <--> 288 	 Freq: 28.0 	 Demand: 714
	Edge: 768 <--> 278 	 Freq: 28.0 	 Demand: 204
	Edge: 279 <--> 434 	 Freq: 28.0 	 Demand: 204
	Route: 5
	Route length (36616.0) and demand (11814)
	Edge: 1168 <--> 1144 	 Freq: 28.0 	 Demand: 510
	Edge: 1190 <--> 946 	 Freq: 28.0 	 Demand: 408
	Edge: 1711 <--> 1187 	 Freq: 28.0 	 Demand: 238
	Edge: 389 <--> 390 	 Freq: 28.0 	 Demand: 510
	Edge: 1248 <--> 1249 	 Freq: 28.0 	 Demand: 714
	Edge: 1658 <--> 1253 	 Freq: 28.0 	 Demand: 204
	Edge: 1544 <--> 1369 	 Freq: 28.0 	 Demand: 510
	Edge: 1172 <--> 1173 	 Freq: 28.0 	 Demand: 1530
	Edge: 1630 <--> 1631 	 Freq: 28.0 	 Demand: 204
	Edge: 889 <--> 1654 	 Freq: 28.0 	 Demand: 3416
	Edge: 1716 <--> 890 	 Freq: 28.0 	 Demand: 1020
	Edge: 1229 <--> 1547 	 Freq: 28.0 	 Demand: 510
	Edge: 891 <--> 1229 	 Freq: 28.0 	 Demand: 510
	Edge: 1543 <--> 1632 	 Freq: 28.0 	 Demand: 1020
	Edge: 1399 <--> 1400 	 Freq: 28.0 	 Demand: 510

Day 3, number of edges 68, number of routes 5

	Edges:

	Edge: 83 <--> 84 	 Freq: 14.0 	 Demand: 510
	Edge: 558 <--> 559 	 Freq: 28.0 	 Demand: 204
	Edge: 562 <--> 1232 	 Freq: 28.0 	 Demand: 510
	Edge: 1225 <--> 1226 	 Freq: 28.0 	 Demand: 2244
	Edge: 564 <--> 1225 	 Freq: 28.0 	 Demand: 510
	Edge: 1227 <--> 1235 	 Freq: 28.0 	 Demand: 1020
	Edge: 1228 <--> 1226 	 Freq: 28.0 	 Demand: 510
	Edge: 1701 <--> 1594 	 Freq: 28.0 	 Demand: 918
	Edge: 570 <--> 571 	 Freq: 28.0 	 Demand: 1530
	Edge: 1679 <--> 248 	 Freq: 28.0 	 Demand: 510
	Edge: 575 <--> 576 	 Freq: 28.0 	 Demand: 510
	Edge: 386 <--> 387 	 Freq: 28.0 	 Demand: 816
	Edge: 565 <--> 566 	 Freq: 28.0 	 Demand: 1020
	Edge: 564 <--> 565 	 Freq: 28.0 	 Demand: 714
	Edge: 1233 <--> 1234 	 Freq: 28.0 	 Demand: 510
	Edge: 1343 <--> 1344 	 Freq: 28.0 	 Demand: 408
	Edge: 425 <--> 1739 	 Freq: 28.0 	 Demand: 510
	Edge: 760 <--> 236 	 Freq: 28.0 	 Demand: 1020
	Edge: 124 <--> 226 	 Freq: 28.0 	 Demand: 510
	Edge: 124 <--> 130 	 Freq: 28.0 	 Demand: 204
	Edge: 201 <--> 809 	 Freq: 28.0 	 Demand: 2040
	Edge: 78 <--> 1342 	 Freq: 28.0 	 Demand: 1020
	Edge: 807 <--> 38 	 Freq: 28.0 	 Demand: 510
	Edge: 39 <--> 40 	 Freq: 28.0 	 Demand: 1530
	Edge: 805 <--> 806 	 Freq: 28.0 	 Demand: 1020
	Edge: 38 <--> 76 	 Freq: 28.0 	 Demand: 204
	Edge: 76 <--> 94 	 Freq: 28.0 	 Demand: 510
	Edge: 94 <--> 36 	 Freq: 28.0 	 Demand: 1020
	Edge: 36 <--> 37 	 Freq: 28.0 	 Demand: 1020
	Edge: 42 <--> 43 	 Freq: 28.0 	 Demand: 204
	Edge: 1306 <--> 1307 	 Freq: 28.0 	 Demand: 918
	Edge: 1217 <--> 1163 	 Freq: 28.0 	 Demand: 612
	Edge: 1163 <--> 1006 	 Freq: 28.0 	 Demand: 510
	Edge: 1006 <--> 1608 	 Freq: 28.0 	 Demand: 628
	Edge: 905 <--> 1153 	 Freq: 28.0 	 Demand: 510
	Edge: 1213 <--> 1210 	 Freq: 28.0 	 Demand: 1530
	Edge: 840 <--> 929 	 Freq: 28.0 	 Demand: 1020
	Edge: 1135 <--> 1136 	 Freq: 28.0 	 Demand: 1020
	Edge: 1009 <--> 1609 	 Freq: 28.0 	 Demand: 2040
	Edge: 1152 <--> 1211 	 Freq: 28.0 	 Demand: 1020
	Edge: 1151 <--> 1152 	 Freq: 28.0 	 Demand: 510
	Edge: 841 <--> 1325 	 Freq: 28.0 	 Demand: 408
	Edge: 902 <--> 903 	 Freq: 28.0 	 Demand: 1020
	Edge: 1176 <--> 1177 	 Freq: 28.0 	 Demand: 1020
	Edge: 861 <--> 862 	 Freq: 28.0 	 Demand: 408
	Edge: 861 <--> 1662 	 Freq: 28.0 	 Demand: 510
	Edge: 1663 <--> 1664 	 Freq: 28.0 	 Demand: 510
	Edge: 448 <--> 1657 	 Freq: 28.0 	 Demand: 2550
	Edge: 882 <--> 1607 	 Freq: 28.0 	 Demand: 510
	Edge: 103 <--> 1535 	 Freq: 28.0 	 Demand: 1530
	Edge: 883 <--> 1542 	 Freq: 28.0 	 Demand: 510
	Edge: 1542 <--> 1729 	 Freq: 28.0 	 Demand: 408
	Edge: 1197 <--> 1198 	 Freq: 28.0 	 Demand: 1020
	Edge: 1169 <--> 1197 	 Freq: 28.0 	 Demand: 1428
	Edge: 1327 <--> 1168 	 Freq: 28.0 	 Demand: 918
	Edge: 1327 <--> 1328 	 Freq: 28.0 	 Demand: 510
	Edge: 1670 <--> 1671 	 Freq: 28.0 	 Demand: 510
	Edge: 1018 <--> 1670 	 Freq: 28.0 	 Demand: 1020
	Edge: 1017 <--> 1018 	 Freq: 28.0 	 Demand: 918
	Edge: 1017 <--> 1154 	 Freq: 28.0 	 Demand: 510
	Edge: 1167 <--> 899 	 Freq: 28.0 	 Demand: 918
	Edge: 900 <--> 1672 	 Freq: 28.0 	 Demand: 2550
	Edge: 899 <--> 921 	 Freq: 28.0 	 Demand: 1938
	Edge: 1166 <--> 1329 	 Freq: 28.0 	 Demand: 1020
	Edge: 1303 <--> 1329 	 Freq: 28.0 	 Demand: 918
	Edge: 1304 <--> 1302 	 Freq: 28.0 	 Demand: 408
	Edge: 1304 <--> 1305 	 Freq: 28.0 	 Demand: 510
	Edge: 1307 <--> 1655 	 Freq: 28.0 	 Demand: 408

	Routes:

	Route: 1
	Route length (32730.0) and demand (11832)
	Edge: 1176 <--> 1177 	 Freq: 28.0 	 Demand: 1020
	Edge: 1663 <--> 1664 	 Freq: 28.0 	 Demand: 510
	Edge: 861 <--> 1662 	 Freq: 28.0 	 Demand: 510
	Edge: 861 <--> 862 	 Freq: 28.0 	 Demand: 408
	Edge: 448 <--> 1657 	 Freq: 28.0 	 Demand: 2550
	Edge: 882 <--> 1607 	 Freq: 28.0 	 Demand: 510
	Edge: 103 <--> 1535 	 Freq: 28.0 	 Demand: 1530
	Edge: 883 <--> 1542 	 Freq: 28.0 	 Demand: 510
	Edge: 1542 <--> 1729 	 Freq: 28.0 	 Demand: 408
	Edge: 1197 <--> 1198 	 Freq: 28.0 	 Demand: 1020
	Edge: 1169 <--> 1197 	 Freq: 28.0 	 Demand: 1428
	Edge: 1327 <--> 1168 	 Freq: 28.0 	 Demand: 918
	Edge: 1327 <--> 1328 	 Freq: 28.0 	 Demand: 510
	Route: 2
	Route length (29933.0) and demand (11628)
	Edge: 1304 <--> 1305 	 Freq: 28.0 	 Demand: 510
	Edge: 1304 <--> 1302 	 Freq: 28.0 	 Demand: 408
	Edge: 1303 <--> 1329 	 Freq: 28.0 	 Demand: 918
	Edge: 1166 <--> 1329 	 Freq: 28.0 	 Demand: 1020
	Edge: 899 <--> 921 	 Freq: 28.0 	 Demand: 1938
	Edge: 900 <--> 1672 	 Freq: 28.0 	 Demand: 2550
	Edge: 1167 <--> 899 	 Freq: 28.0 	 Demand: 918
	Edge: 1017 <--> 1154 	 Freq: 28.0 	 Demand: 510
	Edge: 1017 <--> 1018 	 Freq: 28.0 	 Demand: 918
	Edge: 1018 <--> 1670 	 Freq: 28.0 	 Demand: 1020
	Edge: 1670 <--> 1671 	 Freq: 28.0 	 Demand: 510
	Edge: 1307 <--> 1655 	 Freq: 28.0 	 Demand: 408
	Route: 3
	Route length (31206.0) and demand (11746)
	Edge: 1306 <--> 1307 	 Freq: 28.0 	 Demand: 918
	Edge: 902 <--> 903 	 Freq: 28.0 	 Demand: 1020
	Edge: 841 <--> 1325 	 Freq: 28.0 	 Demand: 408
	Edge: 1151 <--> 1152 	 Freq: 28.0 	 Demand: 510
	Edge: 1152 <--> 1211 	 Freq: 28.0 	 Demand: 1020
	Edge: 1009 <--> 1609 	 Freq: 28.0 	 Demand: 2040
	Edge: 1135 <--> 1136 	 Freq: 28.0 	 Demand: 1020
	Edge: 840 <--> 929 	 Freq: 28.0 	 Demand: 1020
	Edge: 1213 <--> 1210 	 Freq: 28.0 	 Demand: 1530
	Edge: 905 <--> 1153 	 Freq: 28.0 	 Demand: 510
	Edge: 1006 <--> 1608 	 Freq: 28.0 	 Demand: 628
	Edge: 1163 <--> 1006 	 Freq: 28.0 	 Demand: 510
	Edge: 1217 <--> 1163 	 Freq: 28.0 	 Demand: 612
	Route: 4
	Route length (92009.0) and demand (11832)
	Edge: 425 <--> 1739 	 Freq: 28.0 	 Demand: 510
	Edge: 760 <--> 236 	 Freq: 28.0 	 Demand: 1020
	Edge: 124 <--> 130 	 Freq: 28.0 	 Demand: 204
	Edge: 124 <--> 226 	 Freq: 28.0 	 Demand: 510
	Edge: 83 <--> 84 	 Freq: 14.0 	 Demand: 510
	Edge: 201 <--> 809 	 Freq: 28.0 	 Demand: 2040
	Edge: 78 <--> 1342 	 Freq: 28.0 	 Demand: 1020
	Edge: 807 <--> 38 	 Freq: 28.0 	 Demand: 510
	Edge: 39 <--> 40 	 Freq: 28.0 	 Demand: 1530
	Edge: 805 <--> 806 	 Freq: 28.0 	 Demand: 1020
	Edge: 38 <--> 76 	 Freq: 28.0 	 Demand: 204
	Edge: 76 <--> 94 	 Freq: 28.0 	 Demand: 510
	Edge: 94 <--> 36 	 Freq: 28.0 	 Demand: 1020
	Edge: 36 <--> 37 	 Freq: 28.0 	 Demand: 1020
	Edge: 42 <--> 43 	 Freq: 28.0 	 Demand: 204
	Route: 5
	Route length (38815.0) and demand (11934)
	Edge: 558 <--> 559 	 Freq: 28.0 	 Demand: 204
	Edge: 562 <--> 1232 	 Freq: 28.0 	 Demand: 510
	Edge: 564 <--> 1225 	 Freq: 28.0 	 Demand: 510
	Edge: 564 <--> 565 	 Freq: 28.0 	 Demand: 714
	Edge: 565 <--> 566 	 Freq: 28.0 	 Demand: 1020
	Edge: 386 <--> 387 	 Freq: 28.0 	 Demand: 816
	Edge: 575 <--> 576 	 Freq: 28.0 	 Demand: 510
	Edge: 1679 <--> 248 	 Freq: 28.0 	 Demand: 510
	Edge: 570 <--> 571 	 Freq: 28.0 	 Demand: 1530
	Edge: 1701 <--> 1594 	 Freq: 28.0 	 Demand: 918
	Edge: 1228 <--> 1226 	 Freq: 28.0 	 Demand: 510
	Edge: 1227 <--> 1235 	 Freq: 28.0 	 Demand: 1020
	Edge: 1225 <--> 1226 	 Freq: 28.0 	 Demand: 2244
	Edge: 1233 <--> 1234 	 Freq: 28.0 	 Demand: 510
	Edge: 1343 <--> 1344 	 Freq: 28.0 	 Demand: 408

Day 4, number of edges 51, number of routes 5

	Edges:

	Edge: 1304 <--> 1305 	 Freq: 14.0 	 Demand: 510
	Edge: 1358 <--> 1579 	 Freq: 28.0 	 Demand: 510
	Edge: 1220 <--> 1221 	 Freq: 28.0 	 Demand: 510
	Edge: 912 <--> 913 	 Freq: 28.0 	 Demand: 816
	Edge: 1218 <--> 1219 	 Freq: 28.0 	 Demand: 510
	Edge: 1208 <--> 1220 	 Freq: 28.0 	 Demand: 1530
	Edge: 911 <--> 1208 	 Freq: 28.0 	 Demand: 1020
	Edge: 911 <--> 931 	 Freq: 28.0 	 Demand: 1428
	Edge: 942 <--> 931 	 Freq: 28.0 	 Demand: 510
	Edge: 942 <--> 943 	 Freq: 28.0 	 Demand: 1530
	Edge: 943 <--> 944 	 Freq: 28.0 	 Demand: 2550
	Edge: 944 <--> 1214 	 Freq: 28.0 	 Demand: 1020
	Edge: 1710 <--> 1214 	 Freq: 28.0 	 Demand: 408
	Edge: 1380 <--> 1008 	 Freq: 28.0 	 Demand: 1020
	Edge: 1246 <--> 1721 	 Freq: 28.0 	 Demand: 510
	Edge: 1242 <--> 1246 	 Freq: 28.0 	 Demand: 1734
	Edge: 1243 <--> 1244 	 Freq: 28.0 	 Demand: 1020
	Edge: 828 <--> 829 	 Freq: 28.0 	 Demand: 1530
	Edge: 1245 <--> 1600 	 Freq: 28.0 	 Demand: 510
	Edge: 1713 <--> 1714 	 Freq: 28.0 	 Demand: 1530
	Edge: 1628 <--> 1713 	 Freq: 28.0 	 Demand: 2040
	Edge: 1156 <--> 1157 	 Freq: 28.0 	 Demand: 510
	Edge: 1140 <--> 1128 	 Freq: 28.0 	 Demand: 510
	Edge: 915 <--> 916 	 Freq: 28.0 	 Demand: 408
	Edge: 1128 <--> 914 	 Freq: 28.0 	 Demand: 1020
	Edge: 894 <--> 895 	 Freq: 28.0 	 Demand: 204
	Edge: 1381 <--> 941 	 Freq: 28.0 	 Demand: 1020
	Edge: 1238 <--> 1239 	 Freq: 28.0 	 Demand: 3060
	Edge: 991 <--> 934 	 Freq: 28.0 	 Demand: 510
	Edge: 1362 <--> 1363 	 Freq: 28.0 	 Demand: 2550
	Edge: 1642 <--> 1643 	 Freq: 28.0 	 Demand: 1530
	Edge: 1364 <--> 1365 	 Freq: 28.0 	 Demand: 510
	Edge: 1530 <--> 1531 	 Freq: 28.0 	 Demand: 1020
	Edge: 161 <--> 162 	 Freq: 28.0 	 Demand: 204
	Edge: 1277 <--> 1275 	 Freq: 28.0 	 Demand: 510
	Edge: 169 <--> 167 	 Freq: 28.0 	 Demand: 204
	Edge: 1624 <--> 1625 	 Freq: 28.0 	 Demand: 204
	Edge: 923 <--> 921 	 Freq: 28.0 	 Demand: 204
	Edge: 922 <--> 444 	 Freq: 28.0 	 Demand: 1020
	Edge: 444 <--> 445 	 Freq: 28.0 	 Demand: 2040
	Edge: 892 <--> 893 	 Freq: 28.0 	 Demand: 3468
	Edge: 893 <--> 1168 	 Freq: 28.0 	 Demand: 2040
	Edge: 1144 <--> 1165 	 Freq: 28.0 	 Demand: 322
	Edge: 1164 <--> 1165 	 Freq: 28.0 	 Demand: 408
	Edge: 923 <--> 1144 	 Freq: 28.0 	 Demand: 1428
	Edge: 1165 <--> 1166 	 Freq: 28.0 	 Demand: 510
	Edge: 1174 <--> 1175 	 Freq: 28.0 	 Demand: 1020
	Edge: 959 <--> 960 	 Freq: 28.0 	 Demand: 1138
	Edge: 185 <--> 183 	 Freq: 28.0 	 Demand: 1020
	Edge: 1194 <--> 1534 	 Freq: 28.0 	 Demand: 2550
	Edge: 1192 <--> 1533 	 Freq: 28.0 	 Demand: 1020

	Routes:

	Route: 1
	Route length (34886.0) and demand (11730)
	Edge: 912 <--> 913 	 Freq: 28.0 	 Demand: 816
	Edge: 1530 <--> 1531 	 Freq: 28.0 	 Demand: 1020
	Edge: 1642 <--> 1643 	 Freq: 28.0 	 Demand: 1530
	Edge: 1364 <--> 1365 	 Freq: 28.0 	 Demand: 510
	Edge: 1362 <--> 1363 	 Freq: 28.0 	 Demand: 2550
	Edge: 991 <--> 934 	 Freq: 28.0 	 Demand: 510
	Edge: 1381 <--> 941 	 Freq: 28.0 	 Demand: 1020
	Edge: 1238 <--> 1239 	 Freq: 28.0 	 Demand: 3060
	Edge: 894 <--> 895 	 Freq: 28.0 	 Demand: 204
	Edge: 1246 <--> 1721 	 Freq: 28.0 	 Demand: 510
	Route: 2
	Route length (30802.0) and demand (11832)
	Edge: 915 <--> 916 	 Freq: 28.0 	 Demand: 408
	Edge: 1128 <--> 914 	 Freq: 28.0 	 Demand: 1020
	Edge: 1380 <--> 1008 	 Freq: 28.0 	 Demand: 1020
	Edge: 1242 <--> 1246 	 Freq: 28.0 	 Demand: 1734
	Edge: 1243 <--> 1244 	 Freq: 28.0 	 Demand: 1020
	Edge: 1245 <--> 1600 	 Freq: 28.0 	 Demand: 510
	Edge: 828 <--> 829 	 Freq: 28.0 	 Demand: 1530
	Edge: 1713 <--> 1714 	 Freq: 28.0 	 Demand: 1530
	Edge: 1628 <--> 1713 	 Freq: 28.0 	 Demand: 2040
	Edge: 1156 <--> 1157 	 Freq: 28.0 	 Demand: 510
	Edge: 1140 <--> 1128 	 Freq: 28.0 	 Demand: 510
	Route: 3
	Route length (29893.0) and demand (11016)
	Edge: 1220 <--> 1221 	 Freq: 28.0 	 Demand: 510
	Edge: 1218 <--> 1219 	 Freq: 28.0 	 Demand: 510
	Edge: 1208 <--> 1220 	 Freq: 28.0 	 Demand: 1530
	Edge: 911 <--> 1208 	 Freq: 28.0 	 Demand: 1020
	Edge: 911 <--> 931 	 Freq: 28.0 	 Demand: 1428
	Edge: 942 <--> 931 	 Freq: 28.0 	 Demand: 510
	Edge: 942 <--> 943 	 Freq: 28.0 	 Demand: 1530
	Edge: 943 <--> 944 	 Freq: 28.0 	 Demand: 2550
	Edge: 944 <--> 1214 	 Freq: 28.0 	 Demand: 1020
	Edge: 1710 <--> 1214 	 Freq: 28.0 	 Demand: 408
	Route: 4
	Route length (30551.0) and demand (11950)
	Edge: 923 <--> 921 	 Freq: 28.0 	 Demand: 204
	Edge: 922 <--> 444 	 Freq: 28.0 	 Demand: 1020
	Edge: 444 <--> 445 	 Freq: 28.0 	 Demand: 2040
	Edge: 892 <--> 893 	 Freq: 28.0 	 Demand: 3468
	Edge: 893 <--> 1168 	 Freq: 28.0 	 Demand: 2040
	Edge: 1144 <--> 1165 	 Freq: 28.0 	 Demand: 322
	Edge: 1164 <--> 1165 	 Freq: 28.0 	 Demand: 408
	Edge: 923 <--> 1144 	 Freq: 28.0 	 Demand: 1428
	Edge: 1165 <--> 1166 	 Freq: 28.0 	 Demand: 510
	Edge: 1304 <--> 1305 	 Freq: 14.0 	 Demand: 510
	Route: 5
	Route length (38843.0) and demand (8380)
	Edge: 959 <--> 960 	 Freq: 28.0 	 Demand: 1138
	Edge: 185 <--> 183 	 Freq: 28.0 	 Demand: 1020
	Edge: 1358 <--> 1579 	 Freq: 28.0 	 Demand: 510
	Edge: 161 <--> 162 	 Freq: 28.0 	 Demand: 204
	Edge: 1277 <--> 1275 	 Freq: 28.0 	 Demand: 510
	Edge: 169 <--> 167 	 Freq: 28.0 	 Demand: 204
	Edge: 1624 <--> 1625 	 Freq: 28.0 	 Demand: 204
	Edge: 1174 <--> 1175 	 Freq: 28.0 	 Demand: 1020
	Edge: 1192 <--> 1533 	 Freq: 28.0 	 Demand: 1020
	Edge: 1194 <--> 1534 	 Freq: 28.0 	 Demand: 2550

Day 5, number of edges 0, number of routes 0

	Edges:


	Routes:


Day 6, number of edges 0, number of routes 0

	Edges:


	Routes:


Day 7, number of edges 40, number of routes 5

	Edges:

	Edge: 1378 <--> 1379 	 Freq: 28.0 	 Demand: 510
	Edge: 951 <--> 952 	 Freq: 28.0 	 Demand: 2040
	Edge: 1427 <--> 951 	 Freq: 28.0 	 Demand: 204
	Edge: 1428 <--> 1633 	 Freq: 28.0 	 Demand: 408
	Edge: 1715 <--> 1546 	 Freq: 28.0 	 Demand: 510
	Edge: 1426 <--> 1653 	 Freq: 28.0 	 Demand: 3830
	Edge: 1634 <--> 1635 	 Freq: 28.0 	 Demand: 510
	Edge: 1383 <--> 1384 	 Freq: 28.0 	 Demand: 1020
	Edge: 1538 <--> 1539 	 Freq: 28.0 	 Demand: 2550
	Edge: 1538 <--> 938 	 Freq: 28.0 	 Demand: 714
	Edge: 842 <--> 843 	 Freq: 28.0 	 Demand: 510
	Edge: 843 <--> 1354 	 Freq: 28.0 	 Demand: 1020
	Edge: 1712 <--> 1132 	 Freq: 28.0 	 Demand: 1020
	Edge: 1413 <--> 1162 	 Freq: 28.0 	 Demand: 510
	Edge: 1217 <--> 1159 	 Freq: 28.0 	 Demand: 1530
	Edge: 1216 <--> 1217 	 Freq: 28.0 	 Demand: 1020
	Edge: 1215 <--> 1216 	 Freq: 28.0 	 Demand: 408
	Edge: 1127 <--> 1367 	 Freq: 28.0 	 Demand: 3660
	Edge: 1214 <--> 1215 	 Freq: 28.0 	 Demand: 2040
	Edge: 1688 <--> 1689 	 Freq: 28.0 	 Demand: 1530
	Edge: 1336 <--> 1337 	 Freq: 28.0 	 Demand: 204
	Edge: 1583 <--> 1309 	 Freq: 28.0 	 Demand: 1020
	Edge: 1583 <--> 1446 	 Freq: 28.0 	 Demand: 510
	Edge: 1309 <--> 1310 	 Freq: 28.0 	 Demand: 1020
	Edge: 1562 <--> 1563 	 Freq: 28.0 	 Demand: 1020
	Edge: 1728 <--> 1720 	 Freq: 28.0 	 Demand: 1020
	Edge: 1668 <--> 838 	 Freq: 28.0 	 Demand: 1530
	Edge: 1414 <--> 1566 	 Freq: 28.0 	 Demand: 1020
	Edge: 1586 <--> 1566 	 Freq: 28.0 	 Demand: 2040
	Edge: 1565 <--> 1626 	 Freq: 28.0 	 Demand: 2040
	Edge: 1667 <--> 1675 	 Freq: 28.0 	 Demand: 4080
	Edge: 410 <--> 1623 	 Freq: 28.0 	 Demand: 408
	Edge: 845 <--> 1684 	 Freq: 28.0 	 Demand: 408
	Edge: 869 <--> 870 	 Freq: 28.0 	 Demand: 510
	Edge: 3 <--> 4 	 Freq: 28.0 	 Demand: 510
	Edge: 1334 <--> 1335 	 Freq: 28.0 	 Demand: 2550
	Edge: 319 <--> 1392 	 Freq: 28.0 	 Demand: 612
	Edge: 1313 <--> 1592 	 Freq: 14.0 	 Demand: 2040
	Edge: 1404 <--> 1405 	 Freq: 28.0 	 Demand: 510
	Edge: 1332 <--> 1591 	 Freq: 14.0 	 Demand: 3060

	Routes:

	Route: 1
	Route length (28886.0) and demand (11526)
	Edge: 869 <--> 870 	 Freq: 28.0 	 Demand: 510
	Edge: 1336 <--> 1337 	 Freq: 28.0 	 Demand: 204
	Edge: 1334 <--> 1335 	 Freq: 28.0 	 Demand: 2550
	Edge: 1313 <--> 1592 	 Freq: 14.0 	 Demand: 2040
	Edge: 1332 <--> 1591 	 Freq: 14.0 	 Demand: 3060
	Edge: 1309 <--> 1310 	 Freq: 28.0 	 Demand: 1020
	Edge: 1583 <--> 1446 	 Freq: 28.0 	 Demand: 510
	Edge: 1583 <--> 1309 	 Freq: 28.0 	 Demand: 1020
	Edge: 319 <--> 1392 	 Freq: 28.0 	 Demand: 612
	Route: 2
	Route length (27271.0) and demand (5916)
	Edge: 1378 <--> 1379 	 Freq: 28.0 	 Demand: 510
	Edge: 845 <--> 1684 	 Freq: 28.0 	 Demand: 408
	Edge: 410 <--> 1623 	 Freq: 28.0 	 Demand: 408
	Edge: 1728 <--> 1720 	 Freq: 28.0 	 Demand: 1020
	Edge: 1668 <--> 838 	 Freq: 28.0 	 Demand: 1530
	Edge: 1688 <--> 1689 	 Freq: 28.0 	 Demand: 1530
	Edge: 3 <--> 4 	 Freq: 28.0 	 Demand: 510
	Route: 3
	Route length (33669.0) and demand (10710)
	Edge: 1404 <--> 1405 	 Freq: 28.0 	 Demand: 510
	Edge: 1667 <--> 1675 	 Freq: 28.0 	 Demand: 4080
	Edge: 1565 <--> 1626 	 Freq: 28.0 	 Demand: 2040
	Edge: 1586 <--> 1566 	 Freq: 28.0 	 Demand: 2040
	Edge: 1414 <--> 1566 	 Freq: 28.0 	 Demand: 1020
	Edge: 1562 <--> 1563 	 Freq: 28.0 	 Demand: 1020
	Route: 4
	Route length (29646.0) and demand (11718)
	Edge: 842 <--> 843 	 Freq: 28.0 	 Demand: 510
	Edge: 843 <--> 1354 	 Freq: 28.0 	 Demand: 1020
	Edge: 1712 <--> 1132 	 Freq: 28.0 	 Demand: 1020
	Edge: 1217 <--> 1159 	 Freq: 28.0 	 Demand: 1530
	Edge: 1215 <--> 1216 	 Freq: 28.0 	 Demand: 408
	Edge: 1214 <--> 1215 	 Freq: 28.0 	 Demand: 2040
	Edge: 1127 <--> 1367 	 Freq: 28.0 	 Demand: 3660
	Edge: 1216 <--> 1217 	 Freq: 28.0 	 Demand: 1020
	Edge: 1413 <--> 1162 	 Freq: 28.0 	 Demand: 510
	Route: 5
	Route length (32508.0) and demand (11786)
	Edge: 1538 <--> 1539 	 Freq: 28.0 	 Demand: 2550
	Edge: 951 <--> 952 	 Freq: 28.0 	 Demand: 2040
	Edge: 1427 <--> 951 	 Freq: 28.0 	 Demand: 204
	Edge: 1715 <--> 1546 	 Freq: 28.0 	 Demand: 510
	Edge: 1634 <--> 1635 	 Freq: 28.0 	 Demand: 510
	Edge: 1383 <--> 1384 	 Freq: 28.0 	 Demand: 1020
	Edge: 1426 <--> 1653 	 Freq: 28.0 	 Demand: 3830
	Edge: 1428 <--> 1633 	 Freq: 28.0 	 Demand: 408
	Edge: 1538 <--> 938 	 Freq: 28.0 	 Demand: 714

Day 8, number of edges 30, number of routes 4

	Edges:

	Edge: 1738 <--> 1424 	 Freq: 7.0 	 Demand: 1020
	Edge: 1723 <--> 1724 	 Freq: 14.0 	 Demand: 1530
	Edge: 1718 <--> 1727 	 Freq: 14.0 	 Demand: 1530
	Edge: 1418 <--> 1725 	 Freq: 14.0 	 Demand: 510
	Edge: 1738 <--> 1424 	 Freq: 14.0 	 Demand: 2040
	Edge: 446 <--> 447 	 Freq: 14.0 	 Demand: 2040
	Edge: 874 <--> 397 	 Freq: 28.0 	 Demand: 204
	Edge: 1417 <--> 1692 	 Freq: 28.0 	 Demand: 204
	Edge: 897 <--> 1418 	 Freq: 28.0 	 Demand: 510
	Edge: 1687 <--> 1717 	 Freq: 28.0 	 Demand: 1020
	Edge: 1719 <--> 394 	 Freq: 28.0 	 Demand: 2040
	Edge: 367 <--> 368 	 Freq: 28.0 	 Demand: 3620
	Edge: 1742 <--> 150 	 Freq: 28.0 	 Demand: 816
	Edge: 249 <--> 250 	 Freq: 28.0 	 Demand: 2244
	Edge: 1142 <--> 1143 	 Freq: 28.0 	 Demand: 408
	Edge: 1595 <--> 1596 	 Freq: 28.0 	 Demand: 1020
	Edge: 1709 <--> 1604 	 Freq: 28.0 	 Demand: 510
	Edge: 1604 <--> 1605 	 Freq: 28.0 	 Demand: 1530
	Edge: 1601 <--> 1602 	 Freq: 28.0 	 Demand: 3060
	Edge: 1141 <--> 1142 	 Freq: 28.0 	 Demand: 3060
	Edge: 1536 <--> 937 	 Freq: 28.0 	 Demand: 510
	Edge: 1396 <--> 1541 	 Freq: 28.0 	 Demand: 1530
	Edge: 1346 <--> 384 	 Freq: 28.0 	 Demand: 2550
	Edge: 1556 <--> 1347 	 Freq: 28.0 	 Demand: 1020
	Edge: 1411 <--> 1347 	 Freq: 28.0 	 Demand: 510
	Edge: 1695 <--> 1696 	 Freq: 28.0 	 Demand: 4230
	Edge: 1541 <--> 1555 	 Freq: 28.0 	 Demand: 1734
	Edge: 1639 <--> 1186 	 Freq: 28.0 	 Demand: 1020
	Edge: 1311 <--> 1312 	 Freq: 14.0 	 Demand: 2040
	Edge: 1022 <--> 1293 	 Freq: 28.0 	 Demand: 204

	Routes:

	Route: 1
	Route length (29051.0) and demand (9840)
	Edge: 1695 <--> 1696 	 Freq: 28.0 	 Demand: 4230
	Edge: 1396 <--> 1541 	 Freq: 28.0 	 Demand: 1530
	Edge: 446 <--> 447 	 Freq: 14.0 	 Demand: 2040
	Edge: 1311 <--> 1312 	 Freq: 14.0 	 Demand: 2040
	Route: 2
	Route length (35284.0) and demand (10812)
	Edge: 874 <--> 397 	 Freq: 28.0 	 Demand: 204
	Edge: 1022 <--> 1293 	 Freq: 28.0 	 Demand: 204
	Edge: 1346 <--> 384 	 Freq: 28.0 	 Demand: 2550
	Edge: 1556 <--> 1347 	 Freq: 28.0 	 Demand: 1020
	Edge: 1411 <--> 1347 	 Freq: 28.0 	 Demand: 510
	Edge: 1541 <--> 1555 	 Freq: 28.0 	 Demand: 1734
	Edge: 1738 <--> 1424 	 Freq: 7.0 	 Demand: 1020
	Edge: 1738 <--> 1424 	 Freq: 14.0 	 Demand: 2040
	Edge: 1536 <--> 937 	 Freq: 28.0 	 Demand: 510
	Edge: 1639 <--> 1186 	 Freq: 28.0 	 Demand: 1020
	Route: 3
	Route length (29412.0) and demand (11832)
	Edge: 249 <--> 250 	 Freq: 28.0 	 Demand: 2244
	Edge: 1595 <--> 1596 	 Freq: 28.0 	 Demand: 1020
	Edge: 1604 <--> 1605 	 Freq: 28.0 	 Demand: 1530
	Edge: 1601 <--> 1602 	 Freq: 28.0 	 Demand: 3060
	Edge: 1709 <--> 1604 	 Freq: 28.0 	 Demand: 510
	Edge: 1141 <--> 1142 	 Freq: 28.0 	 Demand: 3060
	Edge: 1142 <--> 1143 	 Freq: 28.0 	 Demand: 408
	Route: 4
	Route length (26884.0) and demand (11780)
	Edge: 1417 <--> 1692 	 Freq: 28.0 	 Demand: 204
	Edge: 1687 <--> 1717 	 Freq: 28.0 	 Demand: 1020
	Edge: 367 <--> 368 	 Freq: 28.0 	 Demand: 3620
	Edge: 1719 <--> 394 	 Freq: 28.0 	 Demand: 2040
	Edge: 897 <--> 1418 	 Freq: 28.0 	 Demand: 510
	Edge: 1418 <--> 1725 	 Freq: 14.0 	 Demand: 510
	Edge: 1718 <--> 1727 	 Freq: 14.0 	 Demand: 1530
	Edge: 1723 <--> 1724 	 Freq: 14.0 	 Demand: 1530
	Edge: 1742 <--> 150 	 Freq: 28.0 	 Demand: 816

Day 9, number of edges 4, number of routes 2

	Edges:

	Edge: 1731 <--> 1732 	 Freq: 28.0 	 Demand: 3060
	Edge: 1554 <--> 1730 	 Freq: 28.0 	 Demand: 3060
	Edge: 1196 <--> 1587 	 Freq: 28.0 	 Demand: 4080
	Edge: 1330 <--> 1331 	 Freq: 14.0 	 Demand: 2040

	Routes:

	Route: 1
	Route length (32765.0) and demand (10200)
	Edge: 1554 <--> 1730 	 Freq: 28.0 	 Demand: 3060
	Edge: 1731 <--> 1732 	 Freq: 28.0 	 Demand: 3060
	Edge: 1196 <--> 1587 	 Freq: 28.0 	 Demand: 4080
	Route: 2
	Route length (27553.0) and demand (2040)
	Edge: 1330 <--> 1331 	 Freq: 14.0 	 Demand: 2040

Day 10, number of edges 2, number of routes 1

	Edges:

	Edge: 829 <--> 830 	 Freq: 14.0 	 Demand: 1020
	Edge: 1147 <--> 1155 	 Freq: 28.0 	 Demand: 510

	Routes:

	Route: 1
	Route length (30719.0) and demand (1530)
	Edge: 829 <--> 830 	 Freq: 14.0 	 Demand: 1020
	Edge: 1147 <--> 1155 	 Freq: 28.0 	 Demand: 510

Day 11, number of edges 0, number of routes 0

	Edges:


	Routes:


Day 12, number of edges 0, number of routes 0

	Edges:


	Routes:


Day 13, number of edges 0, number of routes 0

	Edges:


	Routes:


Day 14, number of edges 5, number of routes 2

	Edges:

	Edge: 1738 <--> 1424 	 Freq: 7.0 	 Demand: 1020
	Edge: 1550 <--> 1551 	 Freq: 28.0 	 Demand: 3458
	Edge: 1551 <--> 1552 	 Freq: 28.0 	 Demand: 4122
	Edge: 1555 <--> 1411 	 Freq: 28.0 	 Demand: 612
	Edge: 990 <--> 1549 	 Freq: 28.0 	 Demand: 3722

	Routes:

	Route: 1
	Route length (31398.0) and demand (9212)
	Edge: 1738 <--> 1424 	 Freq: 7.0 	 Demand: 1020
	Edge: 1555 <--> 1411 	 Freq: 28.0 	 Demand: 612
	Edge: 1551 <--> 1552 	 Freq: 28.0 	 Demand: 4122
	Edge: 1550 <--> 1551 	 Freq: 28.0 	 Demand: 3458
	Route: 2
	Route length (27901.0) and demand (3722)
	Edge: 990 <--> 1549 	 Freq: 28.0 	 Demand: 3722

Day 15, number of edges 1, number of routes 1

	Edges:

	Edge: 1260 <--> 655 	 Freq: 14.0 	 Demand: 510

	Routes:

	Route: 1
	Route length (90771.0) and demand (510)
	Edge: 1260 <--> 655 	 Freq: 14.0 	 Demand: 510

Day 16, number of edges 0, number of routes 0

	Edges:


	Routes:


Day 17, number of edges 2, number of routes 2

	Edges:

	Edge: 1317 <--> 819 	 Freq: 14.0 	 Demand: 510
	Edge: 0 <--> 1593 	 Freq: 28.0 	 Demand: 2040

	Routes:

	Route: 1
	Route length (123.0) and demand (2040)
	Edge: 0 <--> 1593 	 Freq: 28.0 	 Demand: 2040
	Route: 2
	Route length (85963.0) and demand (510)
	Edge: 1317 <--> 819 	 Freq: 14.0 	 Demand: 510

Day 18, number of edges 2, number of routes 1

	Edges:

	Edge: 83 <--> 84 	 Freq: 14.0 	 Demand: 510
	Edge: 1304 <--> 1305 	 Freq: 14.0 	 Demand: 510

	Routes:

	Route: 1
	Route length (95840.0) and demand (1020)
	Edge: 83 <--> 84 	 Freq: 14.0 	 Demand: 510
	Edge: 1304 <--> 1305 	 Freq: 14.0 	 Demand: 510

Day 19, number of edges 0, number of routes 0

	Edges:


	Routes:


Day 20, number of edges 0, number of routes 0

	Edges:


	Routes:


Day 21, number of edges 6, number of routes 1

	Edges:

	Edge: 1738 <--> 1424 	 Freq: 7.0 	 Demand: 1020
	Edge: 1738 <--> 1424 	 Freq: 14.0 	 Demand: 2040
	Edge: 446 <--> 447 	 Freq: 14.0 	 Demand: 2040
	Edge: 1311 <--> 1312 	 Freq: 14.0 	 Demand: 2040
	Edge: 1313 <--> 1592 	 Freq: 14.0 	 Demand: 2040
	Edge: 1393 <--> 1548 	 Freq: 28.0 	 Demand: 510

	Routes:

	Route: 1
	Route length (31697.0) and demand (9690)
	Edge: 1738 <--> 1424 	 Freq: 14.0 	 Demand: 2040
	Edge: 1738 <--> 1424 	 Freq: 7.0 	 Demand: 1020
	Edge: 446 <--> 447 	 Freq: 14.0 	 Demand: 2040
	Edge: 1311 <--> 1312 	 Freq: 14.0 	 Demand: 2040
	Edge: 1313 <--> 1592 	 Freq: 14.0 	 Demand: 2040
	Edge: 1393 <--> 1548 	 Freq: 28.0 	 Demand: 510

Day 22, number of edges 6, number of routes 1

	Edges:

	Edge: 1406 <--> 1584 	 Freq: 28.0 	 Demand: 2040
	Edge: 1585 <--> 1665 	 Freq: 28.0 	 Demand: 2040
	Edge: 1406 <--> 1407 	 Freq: 28.0 	 Demand: 4080
	Edge: 1195 <--> 1590 	 Freq: 28.0 	 Demand: 1020
	Edge: 1589 <--> 581 	 Freq: 28.0 	 Demand: 408
	Edge: 1330 <--> 1331 	 Freq: 14.0 	 Demand: 2040

	Routes:

	Route: 1
	Route length (34178.0) and demand (11628)
	Edge: 1589 <--> 581 	 Freq: 28.0 	 Demand: 408
	Edge: 1406 <--> 1584 	 Freq: 28.0 	 Demand: 2040
	Edge: 1585 <--> 1665 	 Freq: 28.0 	 Demand: 2040
	Edge: 1406 <--> 1407 	 Freq: 28.0 	 Demand: 4080
	Edge: 1195 <--> 1590 	 Freq: 28.0 	 Demand: 1020
	Edge: 1330 <--> 1331 	 Freq: 14.0 	 Demand: 2040

Day 23, number of edges 4, number of routes 1

	Edges:

	Edge: 829 <--> 830 	 Freq: 14.0 	 Demand: 1020
	Edge: 1723 <--> 1724 	 Freq: 14.0 	 Demand: 1530
	Edge: 1332 <--> 1591 	 Freq: 14.0 	 Demand: 3060
	Edge: 1418 <--> 1725 	 Freq: 14.0 	 Demand: 510

	Routes:

	Route: 1
	Route length (32977.0) and demand (6120)
	Edge: 1418 <--> 1725 	 Freq: 14.0 	 Demand: 510
	Edge: 1723 <--> 1724 	 Freq: 14.0 	 Demand: 1530
	Edge: 1332 <--> 1591 	 Freq: 14.0 	 Demand: 3060
	Edge: 829 <--> 830 	 Freq: 14.0 	 Demand: 1020

Day 24, number of edges 5, number of routes 1

	Edges:

	Edge: 1666 <--> 1676 	 Freq: 28.0 	 Demand: 2040
	Edge: 1561 <--> 581 	 Freq: 28.0 	 Demand: 2040
	Edge: 1588 <--> 581 	 Freq: 28.0 	 Demand: 2040
	Edge: 1558 <--> 1666 	 Freq: 28.0 	 Demand: 1530
	Edge: 1718 <--> 1727 	 Freq: 14.0 	 Demand: 1530

	Routes:

	Route: 1
	Route length (33278.0) and demand (9180)
	Edge: 1666 <--> 1676 	 Freq: 28.0 	 Demand: 2040
	Edge: 1558 <--> 1666 	 Freq: 28.0 	 Demand: 1530
	Edge: 1588 <--> 581 	 Freq: 28.0 	 Demand: 2040
	Edge: 1561 <--> 581 	 Freq: 28.0 	 Demand: 2040
	Edge: 1718 <--> 1727 	 Freq: 14.0 	 Demand: 1530

Day 25, number of edges 0, number of routes 0

	Edges:


	Routes:


Day 26, number of edges 0, number of routes 0

	Edges:


	Routes:


Day 27, number of edges 0, number of routes 0

	Edges:


	Routes:





Phase 1 ended! Current time: 2026-08-09 02:59:10.596790
Phase 1 Report:
Iteration count: 1
Last iteration time: 0.0
Average iteration time: 0.0
Current score: 8374218.0


Phase 2 (only move_services) mid-report:
Iteration count: 1
Last iteration time: 0.17187261581420898
Average iteration time: 0.17187261581420898
Current score: 8374218.0


Phase 2 (only move_services) ended! Current time: 2026-08-09 02:59:12.831158
Phase 2 (only move_services) Report:
Iteration count: 1
Last iteration time: 0.17187261581420898
Average iteration time: 0.17187261581420898
Current score: 8374218.0


Phase 3 (using only swap_services) mid-report:
Iteration count: 1
Last iteration time: 0.5781300067901611
Average iteration time: 0.5781300067901611
Current score: 8363454.0


Phase 3 (using only swap_services) ended! Current time: 2026-08-09 03:00:40.612413
Phase 3 (using only swap_services) Report:
Iteration count: 18
Last iteration time: 0.1250014305114746
Average iteration time: 0.6041668521033395
Current score: 8346947.0


Phase 4 (routing operators) mid-report:
Current day: 0
Iteration count: 1
Last iteration time: 0.0468904972076416
Average iteration time: 0.0468904972076416
Current score: 8346947.0


Phase 4 (routing operators) day 0 ended!
Phase 4 (routing operators) day report:
Current Iteration count: 1
Last iteration time: 0.0468904972076416
Average iteration time: 0.0468904972076416
Current score: 8346947.0


Phase 4 (routing operators) day 1 ended!
Phase 4 (routing operators) day report:
Current Iteration count: 2
Last iteration time: 0.01562047004699707
Average iteration time: 0.031255483627319336
Current score: 8346947.0


Phase 4 (routing operators) day 2 ended!
Phase 4 (routing operators) day report:
Current Iteration count: 3
Last iteration time: 0.031267642974853516
Average iteration time: 0.03125953674316406
Current score: 8346947.0


Phase 4 (routing operators) day 3 ended!
Phase 4 (routing operators) day report:
Current Iteration count: 4
Last iteration time: 0.015625715255737305
Average iteration time: 0.027351081371307373
Current score: 8346947.0


Phase 4 (routing operators) day 4 ended!
Phase 4 (routing operators) day report:
Current Iteration count: 5
Last iteration time: 0.03124856948852539
Average iteration time: 0.028130578994750976
Current score: 8346947.0


Phase 4 (routing operators) day 7 ended!
Phase 4 (routing operators) day report:
Current Iteration count: 7
Last iteration time: 0.03124690055847168
Average iteration time: 0.11607527732849118
Current score: 8346496.0


Phase 4 (routing operators) day 8 ended!
Phase 4 (routing operators) day report:
Current Iteration count: 8
Last iteration time: 0.01562356948852539
Average iteration time: 0.10351881384849546
Current score: 8346496.0


Phase 4 (routing operators) day 9 ended!
Phase 4 (routing operators) day report:
Current Iteration count: 10
Last iteration time: 0.0
Average iteration time: 0.08281505107879636
Current score: 8318288.0


Phase 4 (routing operators) day 10 ended!
Phase 4 (routing operators) day report:
Current Iteration count: 11
Last iteration time: 0.0
Average iteration time: 0.07528641007163306
Current score: 8318288.0


Phase 4 (routing operators) day 11 ended!
Phase 4 (routing operators) day report:
Current Iteration count: 12
Last iteration time: 0.0
Average iteration time: 0.06901254256566364
Current score: 8318288.0


Phase 4 (routing operators) day 14 ended!
Phase 4 (routing operators) day report:
Current Iteration count: 14
Last iteration time: 0.0
Average iteration time: 0.059153607913425964
Current score: 8317184.0


Phase 4 (routing operators) day 15 ended!
Phase 4 (routing operators) day report:
Current Iteration count: 15
Last iteration time: 0.0
Average iteration time: 0.0552100340525309
Current score: 8317184.0


Phase 4 (routing operators) day 16 ended!
Phase 4 (routing operators) day report:
Current Iteration count: 16
Last iteration time: 0.0
Average iteration time: 0.05175940692424772
Current score: 8317184.0


Phase 4 (routing operators) day 17 ended!
Phase 4 (routing operators) day report:
Current Iteration count: 17
Last iteration time: 0.0
Average iteration time: 0.048714735928703734
Current score: 8317184.0


Phase 4 (routing operators) day 18 ended!
Phase 4 (routing operators) day report:
Current Iteration count: 18
Last iteration time: 0.0
Average iteration time: 0.04600836171044241
Current score: 8317184.0


Phase 4 (routing operators) day 21 ended!
Phase 4 (routing operators) day report:
Current Iteration count: 19
Last iteration time: 0.015628814697265625
Average iteration time: 0.044409438183433105
Current score: 8317184.0


Phase 4 (routing operators) day 22 ended!
Phase 4 (routing operators) day report:
Current Iteration count: 20
Last iteration time: 0.0
Average iteration time: 0.04218896627426145
Current score: 8317184.0


Phase 4 (routing operators) day 23 ended!
Phase 4 (routing operators) day report:
Current Iteration count: 21
Last iteration time: 0.0
Average iteration time: 0.040179967880248996
Current score: 8317184.0


Phase 4 (routing operators) day 24 ended!
Phase 4 (routing operators) day report:
Current Iteration count: 22
Last iteration time: 0.0
Average iteration time: 0.03835360570387404
Current score: 8317184.0


Phase 4 (routing operators) day 25 ended!
Phase 4 (routing operators) day report:
Current Iteration count: 23
Last iteration time: 0.0
Average iteration time: 0.03668605762979256
Current score: 8317184.0


Phase 4 (routing operators) ended! Current time: 2026-08-09 03:01:13.830628
Phase 4 (routing operators) Report:
Iteration count: 23
Last iteration time: 0.0
Average iteration time: 0.03668605762979256
Current score: 8317184.0


Local search report:
Iteration count: 2 iterations
Last iteration time: 123.2338387966156 seconds
Iteration average time: 139.03098344802856 seconds
Current score: 8317184.0

Phase 1 ended! Current time: 2026-08-09 03:01:13.830628
Phase 1 Report:
Iteration count: 1
Last iteration time: 0.0
Average iteration time: 0.0
Current score: 8317184.0


Phase 2 (only move_services) mid-report:
Iteration count: 1
Last iteration time: 0.2343752384185791
Average iteration time: 0.2343752384185791
Current score: 8317184.0


Phase 2 (only move_services) ended! Current time: 2026-08-09 03:01:17.049378
Phase 2 (only move_services) Report:
Iteration count: 1
Last iteration time: 0.2343752384185791
Average iteration time: 0.2343752384185791
Current score: 8317184.0


Phase 3 (using only swap_services) mid-report:
Iteration count: 1
Last iteration time: 0.5468759536743164
Average iteration time: 0.5468759536743164
Current score: 8316892.0


Phase 3 (using only swap_services) ended! Current time: 2026-08-09 03:02:59.184111
Phase 3 (using only swap_services) Report:
Iteration count: 6
Last iteration time: 0.09375381469726562
Average iteration time: 0.5703132152557373
Current score: 8316375.0


Phase 4 (routing operators) mid-report:
Current day: 0
Iteration count: 1
Last iteration time: 0.03125619888305664
Average iteration time: 0.03125619888305664
Current score: 8316375.0


Phase 4 (routing operators) day 0 ended!
Phase 4 (routing operators) day report:
Current Iteration count: 1
Last iteration time: 0.03125619888305664
Average iteration time: 0.03125619888305664
Current score: 8316375.0


Phase 4 (routing operators) day 1 ended!
Phase 4 (routing operators) day report:
Current Iteration count: 2
Last iteration time: 0.031255483627319336
Average iteration time: 0.03125584125518799
Current score: 8316375.0


Phase 4 (routing operators) day 2 ended!
Phase 4 (routing operators) day report:
Current Iteration count: 3
Last iteration time: 0.0156252384185791
Average iteration time: 0.026045640309651695
Current score: 8316375.0


Phase 4 (routing operators) day 3 ended!
Phase 4 (routing operators) day report:
Current Iteration count: 4
Last iteration time: 0.01562666893005371
Average iteration time: 0.023440897464752197
Current score: 8316375.0


Phase 4 (routing operators) day 4 ended!
Phase 4 (routing operators) day report:
Current Iteration count: 5
Last iteration time: 0.03125405311584473
Average iteration time: 0.025003528594970705
Current score: 8316375.0


Phase 4 (routing operators) day 7 ended!
Phase 4 (routing operators) day report:
Current Iteration count: 7
Last iteration time: 0.03125119209289551
Average iteration time: 0.07589544568743026
Current score: 8315880.0


Phase 4 (routing operators) day 8 ended!
Phase 4 (routing operators) day report:
Current Iteration count: 8
Last iteration time: 0.0
Average iteration time: 0.06640851497650148
Current score: 8315880.0


Phase 4 (routing operators) day 9 ended!
Phase 4 (routing operators) day report:
Current Iteration count: 9
Last iteration time: 0.0
Average iteration time: 0.059029791090223535
Current score: 8315880.0


Phase 4 (routing operators) day 10 ended!
Phase 4 (routing operators) day report:
Current Iteration count: 10
Last iteration time: 0.0
Average iteration time: 0.053126811981201186
Current score: 8315880.0


Phase 4 (routing operators) day 11 ended!
Phase 4 (routing operators) day report:
Current Iteration count: 11
Last iteration time: 0.0
Average iteration time: 0.048297101801091986
Current score: 8315880.0


Phase 4 (routing operators) day 14 ended!
Phase 4 (routing operators) day report:
Current Iteration count: 12
Last iteration time: 0.0
Average iteration time: 0.044272343317667655
Current score: 8315880.0


Phase 4 (routing operators) day 15 ended!
Phase 4 (routing operators) day report:
Current Iteration count: 13
Last iteration time: 0.0
Average iteration time: 0.04086677844707783
Current score: 8315880.0


Phase 4 (routing operators) day 16 ended!
Phase 4 (routing operators) day report:
Current Iteration count: 14
Last iteration time: 0.0
Average iteration time: 0.03794772284371513
Current score: 8315880.0


Phase 4 (routing operators) day 17 ended!
Phase 4 (routing operators) day report:
Current Iteration count: 15
Last iteration time: 0.0
Average iteration time: 0.035417874654134124
Current score: 8315880.0


Phase 4 (routing operators) day 18 ended!
Phase 4 (routing operators) day report:
Current Iteration count: 16
Last iteration time: 0.01562809944152832
Average iteration time: 0.03418101370334626
Current score: 8315880.0


Phase 4 (routing operators) day 21 ended!
Phase 4 (routing operators) day report:
Current Iteration count: 17
Last iteration time: 0.0
Average iteration time: 0.032170365838443536
Current score: 8315880.0


Phase 4 (routing operators) day 22 ended!
Phase 4 (routing operators) day report:
Current Iteration count: 18
Last iteration time: 0.0
Average iteration time: 0.03038312329186334
Current score: 8315880.0


Phase 4 (routing operators) day 23 ended!
Phase 4 (routing operators) day report:
Current Iteration count: 19
Last iteration time: 0.0
Average iteration time: 0.02878401153966001
Current score: 8315880.0


Phase 4 (routing operators) day 24 ended!
Phase 4 (routing operators) day report:
Current Iteration count: 20
Last iteration time: 0.0
Average iteration time: 0.027344810962677008
Current score: 8315880.0


Phase 4 (routing operators) day 25 ended!
Phase 4 (routing operators) day report:
Current Iteration count: 21
Last iteration time: 0.0
Average iteration time: 0.026042677107311434
Current score: 8315880.0


Phase 4 (routing operators) ended! Current time: 2026-08-09 03:03:24.809115
Phase 4 (routing operators) Report:
Iteration count: 21
Last iteration time: 0.0
Average iteration time: 0.026042677107311434
Current score: 8315880.0


Local search report:
Iteration count: 3 iterations
Last iteration time: 130.97848677635193 seconds
Iteration average time: 136.34681789080304 seconds
Current score: 8315880.0

Phase 1 ended! Current time: 2026-08-09 03:03:24.809115
Phase 1 Report:
Iteration count: 1
Last iteration time: 0.0
Average iteration time: 0.0
Current score: 8315880.0


Phase 2 (only move_services) mid-report:
Iteration count: 1
Last iteration time: 0.09374594688415527
Average iteration time: 0.09374594688415527
Current score: 8315880.0


Phase 2 (only move_services) ended! Current time: 2026-08-09 03:03:26.902859
Phase 2 (only move_services) Report:
Iteration count: 1
Last iteration time: 0.09374594688415527
Average iteration time: 0.09374594688415527
Current score: 8315880.0


Phase 3 (using only swap_services) mid-report:
Iteration count: 1
Last iteration time: 0.06250166893005371
Average iteration time: 0.06250166893005371
Current score: 8315880.0


Phase 3 (using only swap_services) ended! Current time: 2026-08-09 03:04:45.413000
Phase 3 (using only swap_services) Report:
Iteration count: 1
Last iteration time: 0.06250166893005371
Average iteration time: 0.06250166893005371
Current score: 8315880.0


Phase 4 (routing operators) mid-report:
Current day: 0
Iteration count: 1
Last iteration time: 0.03125190734863281
Average iteration time: 0.03125190734863281
Current score: 8315880.0


Phase 4 (routing operators) day 0 ended!
Phase 4 (routing operators) day report:
Current Iteration count: 1
Last iteration time: 0.03125190734863281
Average iteration time: 0.03125190734863281
Current score: 8315880.0


Phase 4 (routing operators) day 1 ended!
Phase 4 (routing operators) day report:
Current Iteration count: 2
Last iteration time: 0.015627145767211914
Average iteration time: 0.023439526557922363
Current score: 8315880.0


Phase 4 (routing operators) day 2 ended!
Phase 4 (routing operators) day report:
Current Iteration count: 3
Last iteration time: 0.015627145767211914
Average iteration time: 0.020835399627685547
Current score: 8315880.0


Phase 4 (routing operators) day 3 ended!
Phase 4 (routing operators) day report:
Current Iteration count: 4
Last iteration time: 0.015624523162841797
Average iteration time: 0.01953268051147461
Current score: 8315880.0


Phase 4 (routing operators) day 4 ended!
Phase 4 (routing operators) day report:
Current Iteration count: 5
Last iteration time: 0.015622854232788086
Average iteration time: 0.018750715255737304
Current score: 8315880.0


Phase 4 (routing operators) day 7 ended!
Phase 4 (routing operators) day report:
Current Iteration count: 6
Last iteration time: 0.031252384185791016
Average iteration time: 0.02083432674407959
Current score: 8315880.0


Phase 4 (routing operators) day 8 ended!
Phase 4 (routing operators) day report:
Current Iteration count: 7
Last iteration time: 0.01563119888305664
Average iteration time: 0.020091022763933455
Current score: 8315880.0


Phase 4 (routing operators) day 9 ended!
Phase 4 (routing operators) day report:
Current Iteration count: 8
Last iteration time: 0.0
Average iteration time: 0.017579644918441772
Current score: 8315880.0


Phase 4 (routing operators) day 10 ended!
Phase 4 (routing operators) day report:
Current Iteration count: 9
Last iteration time: 0.0
Average iteration time: 0.01562635103861491
Current score: 8315880.0


Phase 4 (routing operators) day 11 ended!
Phase 4 (routing operators) day report:
Current Iteration count: 10
Last iteration time: 0.0
Average iteration time: 0.014063715934753418
Current score: 8315880.0


Phase 4 (routing operators) day 14 ended!
Phase 4 (routing operators) day report:
Current Iteration count: 11
Last iteration time: 0.0
Average iteration time: 0.012785196304321289
Current score: 8315880.0


Phase 4 (routing operators) day 15 ended!
Phase 4 (routing operators) day report:
Current Iteration count: 12
Last iteration time: 0.0
Average iteration time: 0.011719763278961182
Current score: 8315880.0


Phase 4 (routing operators) day 16 ended!
Phase 4 (routing operators) day report:
Current Iteration count: 13
Last iteration time: 0.01562643051147461
Average iteration time: 0.012020276143000675
Current score: 8315880.0


Phase 4 (routing operators) day 17 ended!
Phase 4 (routing operators) day report:
Current Iteration count: 14
Last iteration time: 0.0
Average iteration time: 0.0111616849899292
Current score: 8315880.0


Phase 4 (routing operators) day 18 ended!
Phase 4 (routing operators) day report:
Current Iteration count: 15
Last iteration time: 0.0
Average iteration time: 0.010417572657267253
Current score: 8315880.0


Phase 4 (routing operators) day 21 ended!
Phase 4 (routing operators) day report:
Current Iteration count: 16
Last iteration time: 0.0
Average iteration time: 0.00976647436618805
Current score: 8315880.0


Phase 4 (routing operators) day 22 ended!
Phase 4 (routing operators) day report:
Current Iteration count: 17
Last iteration time: 0.0
Average iteration time: 0.00919197587405934
Current score: 8315880.0


Phase 4 (routing operators) day 23 ended!
Phase 4 (routing operators) day report:
Current Iteration count: 18
Last iteration time: 0.0
Average iteration time: 0.00868131054772271
Current score: 8315880.0


Phase 4 (routing operators) day 24 ended!
Phase 4 (routing operators) day report:
Current Iteration count: 19
Last iteration time: 0.0
Average iteration time: 0.00822439946626362
Current score: 8315880.0


Phase 4 (routing operators) day 25 ended!
Phase 4 (routing operators) day report:
Current Iteration count: 20
Last iteration time: 0.015619516372680664
Average iteration time: 0.008594155311584473
Current score: 8315880.0


Phase 4 (routing operators) ended! Current time: 2026-08-09 03:05:10.756749
Phase 4 (routing operators) Report:
Iteration count: 20
Last iteration time: 0.015619516372680664
Average iteration time: 0.008594155311584473
Current score: 8315880.0


Local search report:
Iteration count: 4 iterations
Last iteration time: 105.94763374328613 seconds
Iteration average time: 128.7470218539238 seconds
Current score: 8315880.0

Local search ended after 4 iterations.
Last iteration time: 105.94763374328613 seconds
Iteration average time: 128.7470218539238 seconds
Original score: 269279964.0
Current score: 8315880.0

----- MARKER - SOLUTION PRINTED BELOW -------

Day 0, number of edges 115, number of routes 6

	Edges:

	Edge: 1738 <--> 1424 	 Freq: 7.0 	 Demand: 1020
	Edge: 128 <--> 129 	 Freq: 28.0 	 Demand: 510
	Edge: 254 <--> 625 	 Freq: 28.0 	 Demand: 510
	Edge: 126 <--> 626 	 Freq: 28.0 	 Demand: 714
	Edge: 282 <--> 266 	 Freq: 28.0 	 Demand: 510
	Edge: 332 <--> 213 	 Freq: 28.0 	 Demand: 204
	Edge: 165 <--> 166 	 Freq: 28.0 	 Demand: 204
	Edge: 336 <--> 705 	 Freq: 28.0 	 Demand: 204
	Edge: 1734 <--> 721 	 Freq: 28.0 	 Demand: 204
	Edge: 720 <--> 307 	 Freq: 28.0 	 Demand: 118
	Edge: 1387 <--> 769 	 Freq: 28.0 	 Demand: 204
	Edge: 372 <--> 327 	 Freq: 28.0 	 Demand: 510
	Edge: 356 <--> 357 	 Freq: 28.0 	 Demand: 204
	Edge: 349 <--> 350 	 Freq: 28.0 	 Demand: 204
	Edge: 303 <--> 304 	 Freq: 28.0 	 Demand: 510
	Edge: 676 <--> 695 	 Freq: 28.0 	 Demand: 510
	Edge: 715 <--> 716 	 Freq: 28.0 	 Demand: 510
	Edge: 361 <--> 717 	 Freq: 28.0 	 Demand: 1020
	Edge: 364 <--> 365 	 Freq: 28.0 	 Demand: 1020
	Edge: 264 <--> 265 	 Freq: 28.0 	 Demand: 204
	Edge: 629 <--> 624 	 Freq: 28.0 	 Demand: 408
	Edge: 100 <--> 629 	 Freq: 28.0 	 Demand: 714
	Edge: 101 <--> 1259 	 Freq: 28.0 	 Demand: 510
	Edge: 603 <--> 604 	 Freq: 28.0 	 Demand: 204
	Edge: 601 <--> 602 	 Freq: 28.0 	 Demand: 1020
	Edge: 600 <--> 108 	 Freq: 28.0 	 Demand: 1020
	Edge: 88 <--> 89 	 Freq: 28.0 	 Demand: 408
	Edge: 1083 <--> 135 	 Freq: 28.0 	 Demand: 510
	Edge: 1737 <--> 833 	 Freq: 28.0 	 Demand: 204
	Edge: 1052 <--> 1023 	 Freq: 28.0 	 Demand: 204
	Edge: 1390 <--> 1097 	 Freq: 28.0 	 Demand: 408
	Edge: 1660 <--> 1661 	 Freq: 28.0 	 Demand: 510
	Edge: 231 <--> 321 	 Freq: 28.0 	 Demand: 510
	Edge: 295 <--> 296 	 Freq: 28.0 	 Demand: 204
	Edge: 461 <--> 463 	 Freq: 28.0 	 Demand: 408
	Edge: 955 <--> 956 	 Freq: 28.0 	 Demand: 1020
	Edge: 730 <--> 1258 	 Freq: 28.0 	 Demand: 1020
	Edge: 290 <--> 1105 	 Freq: 28.0 	 Demand: 204
	Edge: 111 <--> 1096 	 Freq: 28.0 	 Demand: 510
	Edge: 1489 <--> 1503 	 Freq: 28.0 	 Demand: 204
	Edge: 1487 <--> 546 	 Freq: 28.0 	 Demand: 204
	Edge: 114 <--> 115 	 Freq: 28.0 	 Demand: 1530
	Edge: 1505 <--> 547 	 Freq: 28.0 	 Demand: 204
	Edge: 1505 <--> 1506 	 Freq: 28.0 	 Demand: 510
	Edge: 1075 <--> 1508 	 Freq: 28.0 	 Demand: 1020
	Edge: 1042 <--> 1069 	 Freq: 28.0 	 Demand: 612
	Edge: 1053 <--> 1054 	 Freq: 28.0 	 Demand: 204
	Edge: 563 <--> 540 	 Freq: 28.0 	 Demand: 204
	Edge: 1184 <--> 1492 	 Freq: 28.0 	 Demand: 510
	Edge: 1291 <--> 1292 	 Freq: 28.0 	 Demand: 510
	Edge: 452 <--> 1652 	 Freq: 28.0 	 Demand: 204
	Edge: 1517 <--> 1518 	 Freq: 28.0 	 Demand: 204
	Edge: 979 <--> 981 	 Freq: 28.0 	 Demand: 204
	Edge: 136 <--> 834 	 Freq: 28.0 	 Demand: 408
	Edge: 500 <--> 1509 	 Freq: 28.0 	 Demand: 204
	Edge: 1064 <--> 1072 	 Freq: 28.0 	 Demand: 204
	Edge: 421 <--> 422 	 Freq: 28.0 	 Demand: 510
	Edge: 1077 <--> 116 	 Freq: 28.0 	 Demand: 510
	Edge: 118 <--> 119 	 Freq: 28.0 	 Demand: 1020
	Edge: 117 <--> 139 	 Freq: 28.0 	 Demand: 204
	Edge: 228 <--> 229 	 Freq: 28.0 	 Demand: 204
	Edge: 120 <--> 1076 	 Freq: 28.0 	 Demand: 510
	Edge: 227 <--> 120 	 Freq: 28.0 	 Demand: 510
	Edge: 16 <--> 17 	 Freq: 28.0 	 Demand: 1530
	Edge: 1100 <--> 1101 	 Freq: 28.0 	 Demand: 204
	Edge: 498 <--> 499 	 Freq: 28.0 	 Demand: 1020
	Edge: 827 <--> 495 	 Freq: 28.0 	 Demand: 1020
	Edge: 481 <--> 482 	 Freq: 28.0 	 Demand: 510
	Edge: 424 <--> 137 	 Freq: 28.0 	 Demand: 1020
	Edge: 1645 <--> 401 	 Freq: 28.0 	 Demand: 204
	Edge: 1014 <--> 1015 	 Freq: 28.0 	 Demand: 1020
	Edge: 1012 <--> 1013 	 Freq: 28.0 	 Demand: 510
	Edge: 994 <--> 995 	 Freq: 28.0 	 Demand: 204
	Edge: 1029 <--> 1150 	 Freq: 28.0 	 Demand: 118
	Edge: 485 <--> 486 	 Freq: 28.0 	 Demand: 204
	Edge: 1501 <--> 1504 	 Freq: 28.0 	 Demand: 510
	Edge: 6 <--> 1093 	 Freq: 28.0 	 Demand: 510
	Edge: 19 <--> 155 	 Freq: 28.0 	 Demand: 510
	Edge: 1078 <--> 1079 	 Freq: 28.0 	 Demand: 714
	Edge: 1094 <--> 1095 	 Freq: 28.0 	 Demand: 510
	Edge: 1511 <--> 1410 	 Freq: 28.0 	 Demand: 1020
	Edge: 1465 <--> 1507 	 Freq: 28.0 	 Demand: 510
	Edge: 1465 <--> 1466 	 Freq: 28.0 	 Demand: 204
	Edge: 1110 <--> 1112 	 Freq: 28.0 	 Demand: 714
	Edge: 105 <--> 106 	 Freq: 28.0 	 Demand: 118
	Edge: 515 <--> 1109 	 Freq: 28.0 	 Demand: 204
	Edge: 503 <--> 504 	 Freq: 28.0 	 Demand: 1020
	Edge: 145 <--> 146 	 Freq: 28.0 	 Demand: 1020
	Edge: 157 <--> 158 	 Freq: 28.0 	 Demand: 1020
	Edge: 13 <--> 187 	 Freq: 28.0 	 Demand: 204
	Edge: 519 <--> 520 	 Freq: 28.0 	 Demand: 1020
	Edge: 532 <--> 533 	 Freq: 28.0 	 Demand: 204
	Edge: 1388 <--> 1510 	 Freq: 28.0 	 Demand: 204
	Edge: 962 <--> 886 	 Freq: 28.0 	 Demand: 204
	Edge: 131 <--> 132 	 Freq: 28.0 	 Demand: 510
	Edge: 965 <--> 1443 	 Freq: 28.0 	 Demand: 510
	Edge: 963 <--> 964 	 Freq: 28.0 	 Demand: 510
	Edge: 1444 <--> 1445 	 Freq: 28.0 	 Demand: 1530
	Edge: 1467 <--> 1445 	 Freq: 28.0 	 Demand: 510
	Edge: 1524 <--> 963 	 Freq: 28.0 	 Demand: 204
	Edge: 1740 <--> 134 	 Freq: 28.0 	 Demand: 510
	Edge: 1495 <--> 1496 	 Freq: 28.0 	 Demand: 204
	Edge: 537 <--> 1525 	 Freq: 28.0 	 Demand: 204
	Edge: 1468 <--> 1469 	 Freq: 28.0 	 Demand: 408
	Edge: 90 <--> 91 	 Freq: 28.0 	 Demand: 1530
	Edge: 86 <--> 87 	 Freq: 28.0 	 Demand: 1530
	Edge: 179 <--> 180 	 Freq: 28.0 	 Demand: 204
	Edge: 180 <--> 294 	 Freq: 28.0 	 Demand: 510
	Edge: 153 <--> 154 	 Freq: 28.0 	 Demand: 204
	Edge: 1485 <--> 1526 	 Freq: 28.0 	 Demand: 714
	Edge: 1512 <--> 1513 	 Freq: 28.0 	 Demand: 510
	Edge: 1442 <--> 984 	 Freq: 28.0 	 Demand: 1020
	Edge: 732 <--> 623 	 Freq: 28.0 	 Demand: 510
	Edge: 502 <--> 1494 	 Freq: 28.0 	 Demand: 510
	Edge: 835 <--> 836 	 Freq: 28.0 	 Demand: 510

	Routes:

	Route: 1
	Route length (56430.0) and demand (11934)
	Edge: 1645 <--> 401 	 Freq: 28.0 	 Demand: 204
	Edge: 1442 <--> 984 	 Freq: 28.0 	 Demand: 1020
	Edge: 1512 <--> 1513 	 Freq: 28.0 	 Demand: 510
	Edge: 1485 <--> 1526 	 Freq: 28.0 	 Demand: 714
	Edge: 153 <--> 154 	 Freq: 28.0 	 Demand: 204
	Edge: 180 <--> 294 	 Freq: 28.0 	 Demand: 510
	Edge: 179 <--> 180 	 Freq: 28.0 	 Demand: 204
	Edge: 90 <--> 91 	 Freq: 28.0 	 Demand: 1530
	Edge: 86 <--> 87 	 Freq: 28.0 	 Demand: 1530
	Edge: 88 <--> 89 	 Freq: 28.0 	 Demand: 408
	Edge: 537 <--> 1525 	 Freq: 28.0 	 Demand: 204
	Edge: 1495 <--> 1496 	 Freq: 28.0 	 Demand: 204
	Edge: 1740 <--> 134 	 Freq: 28.0 	 Demand: 510
	Edge: 1524 <--> 963 	 Freq: 28.0 	 Demand: 204
	Edge: 1467 <--> 1445 	 Freq: 28.0 	 Demand: 510
	Edge: 1444 <--> 1445 	 Freq: 28.0 	 Demand: 1530
	Edge: 963 <--> 964 	 Freq: 28.0 	 Demand: 510
	Edge: 965 <--> 1443 	 Freq: 28.0 	 Demand: 510
	Edge: 131 <--> 132 	 Freq: 28.0 	 Demand: 510
	Edge: 962 <--> 886 	 Freq: 28.0 	 Demand: 204
	Edge: 1388 <--> 1510 	 Freq: 28.0 	 Demand: 204
	Route: 2
	Route length (71572.0) and demand (11934)
	Edge: 1291 <--> 1292 	 Freq: 28.0 	 Demand: 510
	Edge: 452 <--> 1652 	 Freq: 28.0 	 Demand: 204
	Edge: 1517 <--> 1518 	 Freq: 28.0 	 Demand: 204
	Edge: 979 <--> 981 	 Freq: 28.0 	 Demand: 204
	Edge: 424 <--> 137 	 Freq: 28.0 	 Demand: 1020
	Edge: 481 <--> 482 	 Freq: 28.0 	 Demand: 510
	Edge: 827 <--> 495 	 Freq: 28.0 	 Demand: 1020
	Edge: 498 <--> 499 	 Freq: 28.0 	 Demand: 1020
	Edge: 1100 <--> 1101 	 Freq: 28.0 	 Demand: 204
	Edge: 16 <--> 17 	 Freq: 28.0 	 Demand: 1530
	Edge: 228 <--> 229 	 Freq: 28.0 	 Demand: 204
	Edge: 227 <--> 120 	 Freq: 28.0 	 Demand: 510
	Edge: 120 <--> 1076 	 Freq: 28.0 	 Demand: 510
	Edge: 117 <--> 139 	 Freq: 28.0 	 Demand: 204
	Edge: 118 <--> 119 	 Freq: 28.0 	 Demand: 1020
	Edge: 1077 <--> 116 	 Freq: 28.0 	 Demand: 510
	Edge: 421 <--> 422 	 Freq: 28.0 	 Demand: 510
	Edge: 1064 <--> 1072 	 Freq: 28.0 	 Demand: 204
	Edge: 500 <--> 1509 	 Freq: 28.0 	 Demand: 204
	Edge: 136 <--> 834 	 Freq: 28.0 	 Demand: 408
	Edge: 835 <--> 836 	 Freq: 28.0 	 Demand: 510
	Edge: 502 <--> 1494 	 Freq: 28.0 	 Demand: 510
	Edge: 532 <--> 533 	 Freq: 28.0 	 Demand: 204
	Route: 3
	Route length (117679.0) and demand (11950)
	Edge: 254 <--> 625 	 Freq: 28.0 	 Demand: 510
	Edge: 126 <--> 626 	 Freq: 28.0 	 Demand: 714
	Edge: 732 <--> 623 	 Freq: 28.0 	 Demand: 510
	Edge: 165 <--> 166 	 Freq: 28.0 	 Demand: 204
	Edge: 332 <--> 213 	 Freq: 28.0 	 Demand: 204
	Edge: 264 <--> 265 	 Freq: 28.0 	 Demand: 204
	Edge: 364 <--> 365 	 Freq: 28.0 	 Demand: 1020
	Edge: 361 <--> 717 	 Freq: 28.0 	 Demand: 1020
	Edge: 715 <--> 716 	 Freq: 28.0 	 Demand: 510
	Edge: 676 <--> 695 	 Freq: 28.0 	 Demand: 510
	Edge: 303 <--> 304 	 Freq: 28.0 	 Demand: 510
	Edge: 349 <--> 350 	 Freq: 28.0 	 Demand: 204
	Edge: 356 <--> 357 	 Freq: 28.0 	 Demand: 204
	Edge: 372 <--> 327 	 Freq: 28.0 	 Demand: 510
	Edge: 1387 <--> 769 	 Freq: 28.0 	 Demand: 204
	Edge: 720 <--> 307 	 Freq: 28.0 	 Demand: 118
	Edge: 1734 <--> 721 	 Freq: 28.0 	 Demand: 204
	Edge: 336 <--> 705 	 Freq: 28.0 	 Demand: 204
	Edge: 282 <--> 266 	 Freq: 28.0 	 Demand: 510
	Edge: 629 <--> 624 	 Freq: 28.0 	 Demand: 408
	Edge: 100 <--> 629 	 Freq: 28.0 	 Demand: 714
	Edge: 101 <--> 1259 	 Freq: 28.0 	 Demand: 510
	Edge: 601 <--> 602 	 Freq: 28.0 	 Demand: 1020
	Edge: 600 <--> 108 	 Freq: 28.0 	 Demand: 1020
	Edge: 603 <--> 604 	 Freq: 28.0 	 Demand: 204
	Route: 4
	Route length (31232.0) and demand (1020)
	Edge: 1738 <--> 1424 	 Freq: 7.0 	 Demand: 1020
	Route: 5
	Route length (95448.0) and demand (11832)
	Edge: 1390 <--> 1097 	 Freq: 28.0 	 Demand: 408
	Edge: 1184 <--> 1492 	 Freq: 28.0 	 Demand: 510
	Edge: 563 <--> 540 	 Freq: 28.0 	 Demand: 204
	Edge: 1053 <--> 1054 	 Freq: 28.0 	 Demand: 204
	Edge: 1042 <--> 1069 	 Freq: 28.0 	 Demand: 612
	Edge: 1075 <--> 1508 	 Freq: 28.0 	 Demand: 1020
	Edge: 1505 <--> 1506 	 Freq: 28.0 	 Demand: 510
	Edge: 1505 <--> 547 	 Freq: 28.0 	 Demand: 204
	Edge: 1487 <--> 546 	 Freq: 28.0 	 Demand: 204
	Edge: 111 <--> 1096 	 Freq: 28.0 	 Demand: 510
	Edge: 1489 <--> 1503 	 Freq: 28.0 	 Demand: 204
	Edge: 114 <--> 115 	 Freq: 28.0 	 Demand: 1530
	Edge: 290 <--> 1105 	 Freq: 28.0 	 Demand: 204
	Edge: 128 <--> 129 	 Freq: 28.0 	 Demand: 510
	Edge: 730 <--> 1258 	 Freq: 28.0 	 Demand: 1020
	Edge: 955 <--> 956 	 Freq: 28.0 	 Demand: 1020
	Edge: 461 <--> 463 	 Freq: 28.0 	 Demand: 408
	Edge: 295 <--> 296 	 Freq: 28.0 	 Demand: 204
	Edge: 231 <--> 321 	 Freq: 28.0 	 Demand: 510
	Edge: 1660 <--> 1661 	 Freq: 28.0 	 Demand: 510
	Edge: 1052 <--> 1023 	 Freq: 28.0 	 Demand: 204
	Edge: 1737 <--> 833 	 Freq: 28.0 	 Demand: 204
	Edge: 1083 <--> 135 	 Freq: 28.0 	 Demand: 510
	Edge: 1468 <--> 1469 	 Freq: 28.0 	 Demand: 408
	Route: 6
	Route length (69300.0) and demand (11864)
	Edge: 1014 <--> 1015 	 Freq: 28.0 	 Demand: 1020
	Edge: 1012 <--> 1013 	 Freq: 28.0 	 Demand: 510
	Edge: 994 <--> 995 	 Freq: 28.0 	 Demand: 204
	Edge: 1029 <--> 1150 	 Freq: 28.0 	 Demand: 118
	Edge: 485 <--> 486 	 Freq: 28.0 	 Demand: 204
	Edge: 1501 <--> 1504 	 Freq: 28.0 	 Demand: 510
	Edge: 6 <--> 1093 	 Freq: 28.0 	 Demand: 510
	Edge: 19 <--> 155 	 Freq: 28.0 	 Demand: 510
	Edge: 1078 <--> 1079 	 Freq: 28.0 	 Demand: 714
	Edge: 1094 <--> 1095 	 Freq: 28.0 	 Demand: 510
	Edge: 1511 <--> 1410 	 Freq: 28.0 	 Demand: 1020
	Edge: 1465 <--> 1466 	 Freq: 28.0 	 Demand: 204
	Edge: 1465 <--> 1507 	 Freq: 28.0 	 Demand: 510
	Edge: 1110 <--> 1112 	 Freq: 28.0 	 Demand: 714
	Edge: 105 <--> 106 	 Freq: 28.0 	 Demand: 118
	Edge: 515 <--> 1109 	 Freq: 28.0 	 Demand: 204
	Edge: 503 <--> 504 	 Freq: 28.0 	 Demand: 1020
	Edge: 145 <--> 146 	 Freq: 28.0 	 Demand: 1020
	Edge: 157 <--> 158 	 Freq: 28.0 	 Demand: 1020
	Edge: 13 <--> 187 	 Freq: 28.0 	 Demand: 204
	Edge: 519 <--> 520 	 Freq: 28.0 	 Demand: 1020

Day 1, number of edges 95, number of routes 5

	Edges:

	Edge: 790 <--> 791 	 Freq: 28.0 	 Demand: 1020
	Edge: 377 <--> 381 	 Freq: 28.0 	 Demand: 408
	Edge: 803 <--> 804 	 Freq: 28.0 	 Demand: 408
	Edge: 755 <--> 754 	 Freq: 28.0 	 Demand: 204
	Edge: 784 <--> 7 	 Freq: 28.0 	 Demand: 714
	Edge: 8 <--> 198 	 Freq: 28.0 	 Demand: 204
	Edge: 204 <--> 810 	 Freq: 28.0 	 Demand: 1020
	Edge: 585 <--> 586 	 Freq: 28.0 	 Demand: 510
	Edge: 584 <--> 1286 	 Freq: 28.0 	 Demand: 510
	Edge: 746 <--> 747 	 Freq: 28.0 	 Demand: 510
	Edge: 1673 <--> 1674 	 Freq: 28.0 	 Demand: 204
	Edge: 744 <--> 745 	 Freq: 28.0 	 Demand: 510
	Edge: 822 <--> 823 	 Freq: 28.0 	 Demand: 1020
	Edge: 824 <--> 825 	 Freq: 28.0 	 Demand: 1020
	Edge: 748 <--> 640 	 Freq: 28.0 	 Demand: 510
	Edge: 630 <--> 631 	 Freq: 28.0 	 Demand: 510
	Edge: 632 <--> 630 	 Freq: 28.0 	 Demand: 510
	Edge: 632 <--> 633 	 Freq: 28.0 	 Demand: 510
	Edge: 653 <--> 654 	 Freq: 28.0 	 Demand: 510
	Edge: 649 <--> 383 	 Freq: 28.0 	 Demand: 510
	Edge: 880 <--> 881 	 Freq: 28.0 	 Demand: 1530
	Edge: 32 <--> 33 	 Freq: 28.0 	 Demand: 1020
	Edge: 33 <--> 79 	 Freq: 28.0 	 Demand: 1020
	Edge: 80 <--> 764 	 Freq: 28.0 	 Demand: 408
	Edge: 816 <--> 817 	 Freq: 28.0 	 Demand: 816
	Edge: 245 <--> 246 	 Freq: 28.0 	 Demand: 408
	Edge: 419 <--> 796 	 Freq: 28.0 	 Demand: 510
	Edge: 1741 <--> 780 	 Freq: 28.0 	 Demand: 510
	Edge: 1320 <--> 42 	 Freq: 28.0 	 Demand: 408
	Edge: 798 <--> 42 	 Freq: 28.0 	 Demand: 408
	Edge: 777 <--> 798 	 Freq: 28.0 	 Demand: 204
	Edge: 814 <--> 815 	 Freq: 28.0 	 Demand: 204
	Edge: 812 <--> 879 	 Freq: 28.0 	 Demand: 1020
	Edge: 34 <--> 35 	 Freq: 28.0 	 Demand: 510
	Edge: 1341 <--> 1338 	 Freq: 28.0 	 Demand: 1020
	Edge: 1338 <--> 1339 	 Freq: 28.0 	 Demand: 510
	Edge: 848 <--> 783 	 Freq: 28.0 	 Demand: 510
	Edge: 847 <--> 848 	 Freq: 28.0 	 Demand: 118
	Edge: 1282 <--> 1324 	 Freq: 28.0 	 Demand: 204
	Edge: 28 <--> 29 	 Freq: 28.0 	 Demand: 408
	Edge: 621 <--> 622 	 Freq: 28.0 	 Demand: 612
	Edge: 1254 <--> 1279 	 Freq: 28.0 	 Demand: 510
	Edge: 713 <--> 714 	 Freq: 28.0 	 Demand: 1020
	Edge: 595 <--> 663 	 Freq: 28.0 	 Demand: 1020
	Edge: 662 <--> 1402 	 Freq: 28.0 	 Demand: 510
	Edge: 641 <--> 642 	 Freq: 28.0 	 Demand: 612
	Edge: 659 <--> 660 	 Freq: 28.0 	 Demand: 510
	Edge: 849 <--> 382 	 Freq: 28.0 	 Demand: 714
	Edge: 1237 <--> 97 	 Freq: 28.0 	 Demand: 1530
	Edge: 652 <--> 653 	 Freq: 28.0 	 Demand: 1020
	Edge: 650 <--> 651 	 Freq: 28.0 	 Demand: 510
	Edge: 648 <--> 1256 	 Freq: 28.0 	 Demand: 204
	Edge: 1236 <--> 1257 	 Freq: 28.0 	 Demand: 510
	Edge: 432 <--> 433 	 Freq: 28.0 	 Demand: 510
	Edge: 739 <--> 738 	 Freq: 28.0 	 Demand: 1020
	Edge: 453 <--> 454 	 Freq: 28.0 	 Demand: 204
	Edge: 71 <--> 392 	 Freq: 28.0 	 Demand: 408
	Edge: 71 <--> 72 	 Freq: 28.0 	 Demand: 2040
	Edge: 1614 <--> 1615 	 Freq: 28.0 	 Demand: 714
	Edge: 1615 <--> 1616 	 Freq: 28.0 	 Demand: 510
	Edge: 1616 <--> 1613 	 Freq: 28.0 	 Demand: 510
	Edge: 1621 <--> 1644 	 Freq: 28.0 	 Demand: 510
	Edge: 174 <--> 175 	 Freq: 28.0 	 Demand: 204
	Edge: 175 <--> 176 	 Freq: 28.0 	 Demand: 408
	Edge: 1618 <--> 1619 	 Freq: 28.0 	 Demand: 510
	Edge: 1448 <--> 172 	 Freq: 28.0 	 Demand: 204
	Edge: 1612 <--> 1620 	 Freq: 28.0 	 Demand: 510
	Edge: 170 <--> 1611 	 Freq: 28.0 	 Demand: 204
	Edge: 182 <--> 1611 	 Freq: 28.0 	 Demand: 612
	Edge: 71 <--> 1578 	 Freq: 28.0 	 Demand: 510
	Edge: 1578 <--> 185 	 Freq: 28.0 	 Demand: 408
	Edge: 163 <--> 164 	 Freq: 28.0 	 Demand: 2040
	Edge: 27 <--> 28 	 Freq: 28.0 	 Demand: 204
	Edge: 413 <--> 1473 	 Freq: 28.0 	 Demand: 204
	Edge: 671 <--> 202 	 Freq: 28.0 	 Demand: 204
	Edge: 609 <--> 702 	 Freq: 28.0 	 Demand: 1326
	Edge: 609 <--> 610 	 Freq: 28.0 	 Demand: 510
	Edge: 685 <--> 690 	 Freq: 28.0 	 Demand: 510
	Edge: 691 <--> 1315 	 Freq: 28.0 	 Demand: 1530
	Edge: 670 <--> 672 	 Freq: 28.0 	 Demand: 204
	Edge: 217 <--> 218 	 Freq: 28.0 	 Demand: 510
	Edge: 701 <--> 751 	 Freq: 28.0 	 Demand: 1020
	Edge: 313 <--> 852 	 Freq: 28.0 	 Demand: 2550
	Edge: 752 <--> 729 	 Freq: 28.0 	 Demand: 510
	Edge: 728 <--> 727 	 Freq: 28.0 	 Demand: 510
	Edge: 719 <--> 697 	 Freq: 28.0 	 Demand: 408
	Edge: 702 <--> 692 	 Freq: 28.0 	 Demand: 204
	Edge: 750 <--> 692 	 Freq: 28.0 	 Demand: 510
	Edge: 853 <--> 854 	 Freq: 28.0 	 Demand: 816
	Edge: 352 <--> 353 	 Freq: 28.0 	 Demand: 204
	Edge: 531 <--> 525 	 Freq: 28.0 	 Demand: 510
	Edge: 887 <--> 888 	 Freq: 28.0 	 Demand: 510
	Edge: 1647 <--> 1648 	 Freq: 28.0 	 Demand: 510
	Edge: 1260 <--> 655 	 Freq: 14.0 	 Demand: 510
	Edge: 1317 <--> 819 	 Freq: 14.0 	 Demand: 510

	Routes:

	Route: 1
	Route length (98369.0) and demand (11730)
	Edge: 739 <--> 738 	 Freq: 28.0 	 Demand: 1020
	Edge: 432 <--> 433 	 Freq: 28.0 	 Demand: 510
	Edge: 1236 <--> 1257 	 Freq: 28.0 	 Demand: 510
	Edge: 648 <--> 1256 	 Freq: 28.0 	 Demand: 204
	Edge: 649 <--> 383 	 Freq: 28.0 	 Demand: 510
	Edge: 1237 <--> 97 	 Freq: 28.0 	 Demand: 1530
	Edge: 650 <--> 651 	 Freq: 28.0 	 Demand: 510
	Edge: 652 <--> 653 	 Freq: 28.0 	 Demand: 1020
	Edge: 849 <--> 382 	 Freq: 28.0 	 Demand: 714
	Edge: 659 <--> 660 	 Freq: 28.0 	 Demand: 510
	Edge: 641 <--> 642 	 Freq: 28.0 	 Demand: 612
	Edge: 662 <--> 1402 	 Freq: 28.0 	 Demand: 510
	Edge: 595 <--> 663 	 Freq: 28.0 	 Demand: 1020
	Edge: 713 <--> 714 	 Freq: 28.0 	 Demand: 1020
	Edge: 413 <--> 1473 	 Freq: 28.0 	 Demand: 204
	Edge: 1254 <--> 1279 	 Freq: 28.0 	 Demand: 510
	Edge: 621 <--> 622 	 Freq: 28.0 	 Demand: 612
	Edge: 27 <--> 28 	 Freq: 28.0 	 Demand: 204
	Route: 2
	Route length (33004.0) and demand (11832)
	Edge: 1647 <--> 1648 	 Freq: 28.0 	 Demand: 510
	Edge: 163 <--> 164 	 Freq: 28.0 	 Demand: 2040
	Edge: 1578 <--> 185 	 Freq: 28.0 	 Demand: 408
	Edge: 71 <--> 1578 	 Freq: 28.0 	 Demand: 510
	Edge: 182 <--> 1611 	 Freq: 28.0 	 Demand: 612
	Edge: 170 <--> 1611 	 Freq: 28.0 	 Demand: 204
	Edge: 1612 <--> 1620 	 Freq: 28.0 	 Demand: 510
	Edge: 1448 <--> 172 	 Freq: 28.0 	 Demand: 204
	Edge: 1618 <--> 1619 	 Freq: 28.0 	 Demand: 510
	Edge: 1621 <--> 1644 	 Freq: 28.0 	 Demand: 510
	Edge: 174 <--> 175 	 Freq: 28.0 	 Demand: 204
	Edge: 175 <--> 176 	 Freq: 28.0 	 Demand: 408
	Edge: 531 <--> 525 	 Freq: 28.0 	 Demand: 510
	Edge: 1616 <--> 1613 	 Freq: 28.0 	 Demand: 510
	Edge: 1615 <--> 1616 	 Freq: 28.0 	 Demand: 510
	Edge: 1614 <--> 1615 	 Freq: 28.0 	 Demand: 714
	Edge: 71 <--> 72 	 Freq: 28.0 	 Demand: 2040
	Edge: 71 <--> 392 	 Freq: 28.0 	 Demand: 408
	Edge: 887 <--> 888 	 Freq: 28.0 	 Demand: 510
	Route: 3
	Route length (90878.0) and demand (11542)
	Edge: 245 <--> 246 	 Freq: 28.0 	 Demand: 408
	Edge: 816 <--> 817 	 Freq: 28.0 	 Demand: 816
	Edge: 32 <--> 33 	 Freq: 28.0 	 Demand: 1020
	Edge: 33 <--> 79 	 Freq: 28.0 	 Demand: 1020
	Edge: 80 <--> 764 	 Freq: 28.0 	 Demand: 408
	Edge: 880 <--> 881 	 Freq: 28.0 	 Demand: 1530
	Edge: 419 <--> 796 	 Freq: 28.0 	 Demand: 510
	Edge: 1741 <--> 780 	 Freq: 28.0 	 Demand: 510
	Edge: 1320 <--> 42 	 Freq: 28.0 	 Demand: 408
	Edge: 798 <--> 42 	 Freq: 28.0 	 Demand: 408
	Edge: 777 <--> 798 	 Freq: 28.0 	 Demand: 204
	Edge: 814 <--> 815 	 Freq: 28.0 	 Demand: 204
	Edge: 812 <--> 879 	 Freq: 28.0 	 Demand: 1020
	Edge: 34 <--> 35 	 Freq: 28.0 	 Demand: 510
	Edge: 1341 <--> 1338 	 Freq: 28.0 	 Demand: 1020
	Edge: 1338 <--> 1339 	 Freq: 28.0 	 Demand: 510
	Edge: 848 <--> 783 	 Freq: 28.0 	 Demand: 510
	Edge: 847 <--> 848 	 Freq: 28.0 	 Demand: 118
	Edge: 1282 <--> 1324 	 Freq: 28.0 	 Demand: 204
	Edge: 453 <--> 454 	 Freq: 28.0 	 Demand: 204
	Route: 4
	Route length (106629.0) and demand (11832)
	Edge: 653 <--> 654 	 Freq: 28.0 	 Demand: 510
	Edge: 632 <--> 633 	 Freq: 28.0 	 Demand: 510
	Edge: 632 <--> 630 	 Freq: 28.0 	 Demand: 510
	Edge: 630 <--> 631 	 Freq: 28.0 	 Demand: 510
	Edge: 822 <--> 823 	 Freq: 28.0 	 Demand: 1020
	Edge: 824 <--> 825 	 Freq: 28.0 	 Demand: 1020
	Edge: 748 <--> 640 	 Freq: 28.0 	 Demand: 510
	Edge: 1260 <--> 655 	 Freq: 14.0 	 Demand: 510
	Edge: 744 <--> 745 	 Freq: 28.0 	 Demand: 510
	Edge: 1673 <--> 1674 	 Freq: 28.0 	 Demand: 204
	Edge: 746 <--> 747 	 Freq: 28.0 	 Demand: 510
	Edge: 584 <--> 1286 	 Freq: 28.0 	 Demand: 510
	Edge: 585 <--> 586 	 Freq: 28.0 	 Demand: 510
	Edge: 204 <--> 810 	 Freq: 28.0 	 Demand: 1020
	Edge: 8 <--> 198 	 Freq: 28.0 	 Demand: 204
	Edge: 784 <--> 7 	 Freq: 28.0 	 Demand: 714
	Edge: 755 <--> 754 	 Freq: 28.0 	 Demand: 204
	Edge: 803 <--> 804 	 Freq: 28.0 	 Demand: 408
	Edge: 377 <--> 381 	 Freq: 28.0 	 Demand: 408
	Edge: 790 <--> 791 	 Freq: 28.0 	 Demand: 1020
	Edge: 1317 <--> 819 	 Freq: 14.0 	 Demand: 510
	Route: 5
	Route length (109746.0) and demand (11934)
	Edge: 28 <--> 29 	 Freq: 28.0 	 Demand: 408
	Edge: 671 <--> 202 	 Freq: 28.0 	 Demand: 204
	Edge: 609 <--> 702 	 Freq: 28.0 	 Demand: 1326
	Edge: 609 <--> 610 	 Freq: 28.0 	 Demand: 510
	Edge: 685 <--> 690 	 Freq: 28.0 	 Demand: 510
	Edge: 691 <--> 1315 	 Freq: 28.0 	 Demand: 1530
	Edge: 670 <--> 672 	 Freq: 28.0 	 Demand: 204
	Edge: 217 <--> 218 	 Freq: 28.0 	 Demand: 510
	Edge: 701 <--> 751 	 Freq: 28.0 	 Demand: 1020
	Edge: 313 <--> 852 	 Freq: 28.0 	 Demand: 2550
	Edge: 752 <--> 729 	 Freq: 28.0 	 Demand: 510
	Edge: 728 <--> 727 	 Freq: 28.0 	 Demand: 510
	Edge: 719 <--> 697 	 Freq: 28.0 	 Demand: 408
	Edge: 702 <--> 692 	 Freq: 28.0 	 Demand: 204
	Edge: 750 <--> 692 	 Freq: 28.0 	 Demand: 510
	Edge: 853 <--> 854 	 Freq: 28.0 	 Demand: 816
	Edge: 352 <--> 353 	 Freq: 28.0 	 Demand: 204

Day 2, number of edges 81, number of routes 5

	Edges:

	Edge: 493 <--> 429 	 Freq: 28.0 	 Demand: 510
	Edge: 834 <--> 483 	 Freq: 28.0 	 Demand: 510
	Edge: 209 <--> 210 	 Freq: 28.0 	 Demand: 510
	Edge: 1024 <--> 957 	 Freq: 28.0 	 Demand: 204
	Edge: 195 <--> 954 	 Freq: 28.0 	 Demand: 204
	Edge: 1349 <--> 802 	 Freq: 28.0 	 Demand: 510
	Edge: 1323 <--> 1350 	 Freq: 28.0 	 Demand: 1020
	Edge: 800 <--> 1323 	 Freq: 28.0 	 Demand: 408
	Edge: 778 <--> 779 	 Freq: 28.0 	 Demand: 510
	Edge: 1321 <--> 1322 	 Freq: 28.0 	 Demand: 510
	Edge: 1322 <--> 417 	 Freq: 28.0 	 Demand: 204
	Edge: 1360 <--> 1361 	 Freq: 28.0 	 Demand: 2550
	Edge: 813 <--> 192 	 Freq: 28.0 	 Demand: 714
	Edge: 190 <--> 191 	 Freq: 28.0 	 Demand: 1530
	Edge: 850 <--> 851 	 Freq: 28.0 	 Demand: 1020
	Edge: 742 <--> 851 	 Freq: 28.0 	 Demand: 1020
	Edge: 362 <--> 363 	 Freq: 28.0 	 Demand: 204
	Edge: 283 <--> 284 	 Freq: 28.0 	 Demand: 204
	Edge: 287 <--> 288 	 Freq: 28.0 	 Demand: 714
	Edge: 768 <--> 278 	 Freq: 28.0 	 Demand: 204
	Edge: 279 <--> 434 	 Freq: 28.0 	 Demand: 204
	Edge: 104 <--> 1735 	 Freq: 28.0 	 Demand: 1020
	Edge: 1289 <--> 1736 	 Freq: 28.0 	 Demand: 1020
	Edge: 1355 <--> 1357 	 Freq: 28.0 	 Demand: 204
	Edge: 876 <--> 1627 	 Freq: 28.0 	 Demand: 510
	Edge: 1450 <--> 1434 	 Freq: 28.0 	 Demand: 408
	Edge: 1296 <--> 450 	 Freq: 28.0 	 Demand: 204
	Edge: 526 <--> 527 	 Freq: 28.0 	 Demand: 1020
	Edge: 491 <--> 1527 	 Freq: 28.0 	 Demand: 1020
	Edge: 68 <--> 826 	 Freq: 28.0 	 Demand: 1530
	Edge: 1090 <--> 1091 	 Freq: 28.0 	 Demand: 510
	Edge: 222 <--> 233 	 Freq: 28.0 	 Demand: 510
	Edge: 483 <--> 223 	 Freq: 28.0 	 Demand: 1020
	Edge: 1651 <--> 1704 	 Freq: 28.0 	 Demand: 1020
	Edge: 1299 <--> 1419 	 Freq: 28.0 	 Demand: 204
	Edge: 910 <--> 911 	 Freq: 28.0 	 Demand: 510
	Edge: 910 <--> 1669 	 Freq: 28.0 	 Demand: 510
	Edge: 1131 <--> 1606 	 Freq: 28.0 	 Demand: 408
	Edge: 1130 <--> 1131 	 Freq: 28.0 	 Demand: 510
	Edge: 916 <--> 1130 	 Freq: 28.0 	 Demand: 510
	Edge: 1138 <--> 1130 	 Freq: 28.0 	 Demand: 408
	Edge: 1139 <--> 1140 	 Freq: 28.0 	 Demand: 1020
	Edge: 1149 <--> 1139 	 Freq: 28.0 	 Demand: 1020
	Edge: 1148 <--> 1708 	 Freq: 28.0 	 Demand: 1020
	Edge: 907 <--> 1138 	 Freq: 28.0 	 Demand: 1020
	Edge: 909 <--> 906 	 Freq: 28.0 	 Demand: 1020
	Edge: 1677 <--> 1678 	 Freq: 28.0 	 Demand: 204
	Edge: 908 <--> 909 	 Freq: 28.0 	 Demand: 1734
	Edge: 1637 <--> 1638 	 Freq: 28.0 	 Demand: 1020
	Edge: 1137 <--> 908 	 Freq: 28.0 	 Demand: 408
	Edge: 1137 <--> 1127 	 Freq: 28.0 	 Demand: 510
	Edge: 917 <--> 1356 	 Freq: 28.0 	 Demand: 1020
	Edge: 1356 <--> 1636 	 Freq: 28.0 	 Demand: 1020
	Edge: 932 <--> 933 	 Freq: 28.0 	 Demand: 3942
	Edge: 1120 <--> 1207 	 Freq: 28.0 	 Demand: 408
	Edge: 317 <--> 318 	 Freq: 28.0 	 Demand: 1020
	Edge: 10 <--> 152 	 Freq: 28.0 	 Demand: 408
	Edge: 1681 <--> 1368 	 Freq: 28.0 	 Demand: 204
	Edge: 1682 <--> 1683 	 Freq: 28.0 	 Demand: 1020
	Edge: 1348 <--> 1640 	 Freq: 28.0 	 Demand: 204
	Edge: 455 <--> 456 	 Freq: 28.0 	 Demand: 510
	Edge: 1272 <--> 1733 	 Freq: 28.0 	 Demand: 510
	Edge: 939 <--> 940 	 Freq: 28.0 	 Demand: 118
	Edge: 1656 <--> 1722 	 Freq: 28.0 	 Demand: 510
	Edge: 1240 <--> 1529 	 Freq: 28.0 	 Demand: 510
	Edge: 1372 <--> 1726 	 Freq: 28.0 	 Demand: 204
	Edge: 1168 <--> 1144 	 Freq: 28.0 	 Demand: 510
	Edge: 1190 <--> 946 	 Freq: 28.0 	 Demand: 408
	Edge: 1711 <--> 1187 	 Freq: 28.0 	 Demand: 238
	Edge: 389 <--> 390 	 Freq: 28.0 	 Demand: 510
	Edge: 1248 <--> 1249 	 Freq: 28.0 	 Demand: 714
	Edge: 1658 <--> 1253 	 Freq: 28.0 	 Demand: 204
	Edge: 1399 <--> 1400 	 Freq: 28.0 	 Demand: 510
	Edge: 1544 <--> 1369 	 Freq: 28.0 	 Demand: 510
	Edge: 1543 <--> 1632 	 Freq: 28.0 	 Demand: 1020
	Edge: 891 <--> 1229 	 Freq: 28.0 	 Demand: 510
	Edge: 1229 <--> 1547 	 Freq: 28.0 	 Demand: 510
	Edge: 1716 <--> 890 	 Freq: 28.0 	 Demand: 1020
	Edge: 889 <--> 1654 	 Freq: 28.0 	 Demand: 3416
	Edge: 1630 <--> 1631 	 Freq: 28.0 	 Demand: 204
	Edge: 1172 <--> 1173 	 Freq: 28.0 	 Demand: 1530

	Routes:

	Route: 1
	Route length (30285.0) and demand (11832)
	Edge: 910 <--> 911 	 Freq: 28.0 	 Demand: 510
	Edge: 910 <--> 1669 	 Freq: 28.0 	 Demand: 510
	Edge: 1131 <--> 1606 	 Freq: 28.0 	 Demand: 408
	Edge: 1130 <--> 1131 	 Freq: 28.0 	 Demand: 510
	Edge: 916 <--> 1130 	 Freq: 28.0 	 Demand: 510
	Edge: 1138 <--> 1130 	 Freq: 28.0 	 Demand: 408
	Edge: 1139 <--> 1140 	 Freq: 28.0 	 Demand: 1020
	Edge: 1149 <--> 1139 	 Freq: 28.0 	 Demand: 1020
	Edge: 1148 <--> 1708 	 Freq: 28.0 	 Demand: 1020
	Edge: 907 <--> 1138 	 Freq: 28.0 	 Demand: 1020
	Edge: 909 <--> 906 	 Freq: 28.0 	 Demand: 1020
	Edge: 1677 <--> 1678 	 Freq: 28.0 	 Demand: 204
	Edge: 908 <--> 909 	 Freq: 28.0 	 Demand: 1734
	Edge: 1637 <--> 1638 	 Freq: 28.0 	 Demand: 1020
	Edge: 1137 <--> 908 	 Freq: 28.0 	 Demand: 408
	Edge: 1137 <--> 1127 	 Freq: 28.0 	 Demand: 510
	Route: 2
	Route length (62020.0) and demand (11730)
	Edge: 104 <--> 1735 	 Freq: 28.0 	 Demand: 1020
	Edge: 1289 <--> 1736 	 Freq: 28.0 	 Demand: 1020
	Edge: 1355 <--> 1357 	 Freq: 28.0 	 Demand: 204
	Edge: 876 <--> 1627 	 Freq: 28.0 	 Demand: 510
	Edge: 1450 <--> 1434 	 Freq: 28.0 	 Demand: 408
	Edge: 1296 <--> 450 	 Freq: 28.0 	 Demand: 204
	Edge: 526 <--> 527 	 Freq: 28.0 	 Demand: 1020
	Edge: 493 <--> 429 	 Freq: 28.0 	 Demand: 510
	Edge: 834 <--> 483 	 Freq: 28.0 	 Demand: 510
	Edge: 1090 <--> 1091 	 Freq: 28.0 	 Demand: 510
	Edge: 222 <--> 233 	 Freq: 28.0 	 Demand: 510
	Edge: 483 <--> 223 	 Freq: 28.0 	 Demand: 1020
	Edge: 68 <--> 826 	 Freq: 28.0 	 Demand: 1530
	Edge: 491 <--> 1527 	 Freq: 28.0 	 Demand: 1020
	Edge: 209 <--> 210 	 Freq: 28.0 	 Demand: 510
	Edge: 1651 <--> 1704 	 Freq: 28.0 	 Demand: 1020
	Edge: 1299 <--> 1419 	 Freq: 28.0 	 Demand: 204
	Route: 3
	Route length (97708.0) and demand (11934)
	Edge: 1024 <--> 957 	 Freq: 28.0 	 Demand: 204
	Edge: 195 <--> 954 	 Freq: 28.0 	 Demand: 204
	Edge: 1349 <--> 802 	 Freq: 28.0 	 Demand: 510
	Edge: 1323 <--> 1350 	 Freq: 28.0 	 Demand: 1020
	Edge: 800 <--> 1323 	 Freq: 28.0 	 Demand: 408
	Edge: 778 <--> 779 	 Freq: 28.0 	 Demand: 510
	Edge: 1321 <--> 1322 	 Freq: 28.0 	 Demand: 510
	Edge: 1322 <--> 417 	 Freq: 28.0 	 Demand: 204
	Edge: 190 <--> 191 	 Freq: 28.0 	 Demand: 1530
	Edge: 813 <--> 192 	 Freq: 28.0 	 Demand: 714
	Edge: 1360 <--> 1361 	 Freq: 28.0 	 Demand: 2550
	Edge: 850 <--> 851 	 Freq: 28.0 	 Demand: 1020
	Edge: 742 <--> 851 	 Freq: 28.0 	 Demand: 1020
	Edge: 362 <--> 363 	 Freq: 28.0 	 Demand: 204
	Edge: 283 <--> 284 	 Freq: 28.0 	 Demand: 204
	Edge: 287 <--> 288 	 Freq: 28.0 	 Demand: 714
	Edge: 768 <--> 278 	 Freq: 28.0 	 Demand: 204
	Edge: 279 <--> 434 	 Freq: 28.0 	 Demand: 204
	Route: 4
	Route length (36616.0) and demand (11814)
	Edge: 1168 <--> 1144 	 Freq: 28.0 	 Demand: 510
	Edge: 1190 <--> 946 	 Freq: 28.0 	 Demand: 408
	Edge: 1711 <--> 1187 	 Freq: 28.0 	 Demand: 238
	Edge: 389 <--> 390 	 Freq: 28.0 	 Demand: 510
	Edge: 1248 <--> 1249 	 Freq: 28.0 	 Demand: 714
	Edge: 1658 <--> 1253 	 Freq: 28.0 	 Demand: 204
	Edge: 1544 <--> 1369 	 Freq: 28.0 	 Demand: 510
	Edge: 1172 <--> 1173 	 Freq: 28.0 	 Demand: 1530
	Edge: 1630 <--> 1631 	 Freq: 28.0 	 Demand: 204
	Edge: 889 <--> 1654 	 Freq: 28.0 	 Demand: 3416
	Edge: 1716 <--> 890 	 Freq: 28.0 	 Demand: 1020
	Edge: 1229 <--> 1547 	 Freq: 28.0 	 Demand: 510
	Edge: 891 <--> 1229 	 Freq: 28.0 	 Demand: 510
	Edge: 1543 <--> 1632 	 Freq: 28.0 	 Demand: 1020
	Edge: 1399 <--> 1400 	 Freq: 28.0 	 Demand: 510
	Route: 5
	Route length (49091.0) and demand (11608)
	Edge: 917 <--> 1356 	 Freq: 28.0 	 Demand: 1020
	Edge: 1356 <--> 1636 	 Freq: 28.0 	 Demand: 1020
	Edge: 932 <--> 933 	 Freq: 28.0 	 Demand: 3942
	Edge: 317 <--> 318 	 Freq: 28.0 	 Demand: 1020
	Edge: 1120 <--> 1207 	 Freq: 28.0 	 Demand: 408
	Edge: 10 <--> 152 	 Freq: 28.0 	 Demand: 408
	Edge: 1348 <--> 1640 	 Freq: 28.0 	 Demand: 204
	Edge: 1682 <--> 1683 	 Freq: 28.0 	 Demand: 1020
	Edge: 1681 <--> 1368 	 Freq: 28.0 	 Demand: 204
	Edge: 455 <--> 456 	 Freq: 28.0 	 Demand: 510
	Edge: 1272 <--> 1733 	 Freq: 28.0 	 Demand: 510
	Edge: 939 <--> 940 	 Freq: 28.0 	 Demand: 118
	Edge: 1240 <--> 1529 	 Freq: 28.0 	 Demand: 510
	Edge: 1656 <--> 1722 	 Freq: 28.0 	 Demand: 510
	Edge: 1372 <--> 1726 	 Freq: 28.0 	 Demand: 204

Day 3, number of edges 68, number of routes 5

	Edges:

	Edge: 558 <--> 559 	 Freq: 28.0 	 Demand: 204
	Edge: 562 <--> 1232 	 Freq: 28.0 	 Demand: 510
	Edge: 1225 <--> 1226 	 Freq: 28.0 	 Demand: 2244
	Edge: 564 <--> 1225 	 Freq: 28.0 	 Demand: 510
	Edge: 1227 <--> 1235 	 Freq: 28.0 	 Demand: 1020
	Edge: 1228 <--> 1226 	 Freq: 28.0 	 Demand: 510
	Edge: 1701 <--> 1594 	 Freq: 28.0 	 Demand: 918
	Edge: 570 <--> 571 	 Freq: 28.0 	 Demand: 1530
	Edge: 1679 <--> 248 	 Freq: 28.0 	 Demand: 510
	Edge: 575 <--> 576 	 Freq: 28.0 	 Demand: 510
	Edge: 386 <--> 387 	 Freq: 28.0 	 Demand: 816
	Edge: 565 <--> 566 	 Freq: 28.0 	 Demand: 1020
	Edge: 564 <--> 565 	 Freq: 28.0 	 Demand: 714
	Edge: 1233 <--> 1234 	 Freq: 28.0 	 Demand: 510
	Edge: 1343 <--> 1344 	 Freq: 28.0 	 Demand: 408
	Edge: 425 <--> 1739 	 Freq: 28.0 	 Demand: 510
	Edge: 760 <--> 236 	 Freq: 28.0 	 Demand: 1020
	Edge: 124 <--> 226 	 Freq: 28.0 	 Demand: 510
	Edge: 124 <--> 130 	 Freq: 28.0 	 Demand: 204
	Edge: 201 <--> 809 	 Freq: 28.0 	 Demand: 2040
	Edge: 78 <--> 1342 	 Freq: 28.0 	 Demand: 1020
	Edge: 807 <--> 38 	 Freq: 28.0 	 Demand: 510
	Edge: 39 <--> 40 	 Freq: 28.0 	 Demand: 1530
	Edge: 805 <--> 806 	 Freq: 28.0 	 Demand: 1020
	Edge: 38 <--> 76 	 Freq: 28.0 	 Demand: 204
	Edge: 76 <--> 94 	 Freq: 28.0 	 Demand: 510
	Edge: 94 <--> 36 	 Freq: 28.0 	 Demand: 1020
	Edge: 36 <--> 37 	 Freq: 28.0 	 Demand: 1020
	Edge: 42 <--> 43 	 Freq: 28.0 	 Demand: 204
	Edge: 1306 <--> 1307 	 Freq: 28.0 	 Demand: 918
	Edge: 1217 <--> 1163 	 Freq: 28.0 	 Demand: 612
	Edge: 1163 <--> 1006 	 Freq: 28.0 	 Demand: 510
	Edge: 1006 <--> 1608 	 Freq: 28.0 	 Demand: 628
	Edge: 905 <--> 1153 	 Freq: 28.0 	 Demand: 510
	Edge: 1213 <--> 1210 	 Freq: 28.0 	 Demand: 1530
	Edge: 840 <--> 929 	 Freq: 28.0 	 Demand: 1020
	Edge: 1135 <--> 1136 	 Freq: 28.0 	 Demand: 1020
	Edge: 1009 <--> 1609 	 Freq: 28.0 	 Demand: 2040
	Edge: 1152 <--> 1211 	 Freq: 28.0 	 Demand: 1020
	Edge: 1151 <--> 1152 	 Freq: 28.0 	 Demand: 510
	Edge: 841 <--> 1325 	 Freq: 28.0 	 Demand: 408
	Edge: 902 <--> 903 	 Freq: 28.0 	 Demand: 1020
	Edge: 1176 <--> 1177 	 Freq: 28.0 	 Demand: 1020
	Edge: 861 <--> 862 	 Freq: 28.0 	 Demand: 408
	Edge: 861 <--> 1662 	 Freq: 28.0 	 Demand: 510
	Edge: 1663 <--> 1664 	 Freq: 28.0 	 Demand: 510
	Edge: 448 <--> 1657 	 Freq: 28.0 	 Demand: 2550
	Edge: 882 <--> 1607 	 Freq: 28.0 	 Demand: 510
	Edge: 103 <--> 1535 	 Freq: 28.0 	 Demand: 1530
	Edge: 883 <--> 1542 	 Freq: 28.0 	 Demand: 510
	Edge: 1542 <--> 1729 	 Freq: 28.0 	 Demand: 408
	Edge: 1197 <--> 1198 	 Freq: 28.0 	 Demand: 1020
	Edge: 1169 <--> 1197 	 Freq: 28.0 	 Demand: 1428
	Edge: 1327 <--> 1168 	 Freq: 28.0 	 Demand: 918
	Edge: 1327 <--> 1328 	 Freq: 28.0 	 Demand: 510
	Edge: 1670 <--> 1671 	 Freq: 28.0 	 Demand: 510
	Edge: 1018 <--> 1670 	 Freq: 28.0 	 Demand: 1020
	Edge: 1017 <--> 1018 	 Freq: 28.0 	 Demand: 918
	Edge: 1017 <--> 1154 	 Freq: 28.0 	 Demand: 510
	Edge: 1167 <--> 899 	 Freq: 28.0 	 Demand: 918
	Edge: 900 <--> 1672 	 Freq: 28.0 	 Demand: 2550
	Edge: 899 <--> 921 	 Freq: 28.0 	 Demand: 1938
	Edge: 1166 <--> 1329 	 Freq: 28.0 	 Demand: 1020
	Edge: 1303 <--> 1329 	 Freq: 28.0 	 Demand: 918
	Edge: 1304 <--> 1302 	 Freq: 28.0 	 Demand: 408
	Edge: 1304 <--> 1305 	 Freq: 28.0 	 Demand: 510
	Edge: 1307 <--> 1655 	 Freq: 28.0 	 Demand: 408
	Edge: 83 <--> 84 	 Freq: 14.0 	 Demand: 510

	Routes:

	Route: 1
	Route length (29933.0) and demand (11628)
	Edge: 1304 <--> 1305 	 Freq: 28.0 	 Demand: 510
	Edge: 1304 <--> 1302 	 Freq: 28.0 	 Demand: 408
	Edge: 1303 <--> 1329 	 Freq: 28.0 	 Demand: 918
	Edge: 1166 <--> 1329 	 Freq: 28.0 	 Demand: 1020
	Edge: 899 <--> 921 	 Freq: 28.0 	 Demand: 1938
	Edge: 900 <--> 1672 	 Freq: 28.0 	 Demand: 2550
	Edge: 1167 <--> 899 	 Freq: 28.0 	 Demand: 918
	Edge: 1017 <--> 1154 	 Freq: 28.0 	 Demand: 510
	Edge: 1017 <--> 1018 	 Freq: 28.0 	 Demand: 918
	Edge: 1018 <--> 1670 	 Freq: 28.0 	 Demand: 1020
	Edge: 1670 <--> 1671 	 Freq: 28.0 	 Demand: 510
	Edge: 1307 <--> 1655 	 Freq: 28.0 	 Demand: 408
	Route: 2
	Route length (31091.0) and demand (11746)
	Edge: 1306 <--> 1307 	 Freq: 28.0 	 Demand: 918
	Edge: 905 <--> 1153 	 Freq: 28.0 	 Demand: 510
	Edge: 841 <--> 1325 	 Freq: 28.0 	 Demand: 408
	Edge: 1151 <--> 1152 	 Freq: 28.0 	 Demand: 510
	Edge: 1152 <--> 1211 	 Freq: 28.0 	 Demand: 1020
	Edge: 1009 <--> 1609 	 Freq: 28.0 	 Demand: 2040
	Edge: 1135 <--> 1136 	 Freq: 28.0 	 Demand: 1020
	Edge: 840 <--> 929 	 Freq: 28.0 	 Demand: 1020
	Edge: 1213 <--> 1210 	 Freq: 28.0 	 Demand: 1530
	Edge: 902 <--> 903 	 Freq: 28.0 	 Demand: 1020
	Edge: 1006 <--> 1608 	 Freq: 28.0 	 Demand: 628
	Edge: 1163 <--> 1006 	 Freq: 28.0 	 Demand: 510
	Edge: 1217 <--> 1163 	 Freq: 28.0 	 Demand: 612
	Route: 3
	Route length (92009.0) and demand (11832)
	Edge: 425 <--> 1739 	 Freq: 28.0 	 Demand: 510
	Edge: 760 <--> 236 	 Freq: 28.0 	 Demand: 1020
	Edge: 124 <--> 130 	 Freq: 28.0 	 Demand: 204
	Edge: 124 <--> 226 	 Freq: 28.0 	 Demand: 510
	Edge: 83 <--> 84 	 Freq: 14.0 	 Demand: 510
	Edge: 201 <--> 809 	 Freq: 28.0 	 Demand: 2040
	Edge: 78 <--> 1342 	 Freq: 28.0 	 Demand: 1020
	Edge: 807 <--> 38 	 Freq: 28.0 	 Demand: 510
	Edge: 39 <--> 40 	 Freq: 28.0 	 Demand: 1530
	Edge: 805 <--> 806 	 Freq: 28.0 	 Demand: 1020
	Edge: 38 <--> 76 	 Freq: 28.0 	 Demand: 204
	Edge: 76 <--> 94 	 Freq: 28.0 	 Demand: 510
	Edge: 94 <--> 36 	 Freq: 28.0 	 Demand: 1020
	Edge: 36 <--> 37 	 Freq: 28.0 	 Demand: 1020
	Edge: 42 <--> 43 	 Freq: 28.0 	 Demand: 204
	Route: 4
	Route length (38735.0) and demand (11934)
	Edge: 558 <--> 559 	 Freq: 28.0 	 Demand: 204
	Edge: 562 <--> 1232 	 Freq: 28.0 	 Demand: 510
	Edge: 564 <--> 1225 	 Freq: 28.0 	 Demand: 510
	Edge: 564 <--> 565 	 Freq: 28.0 	 Demand: 714
	Edge: 565 <--> 566 	 Freq: 28.0 	 Demand: 1020
	Edge: 386 <--> 387 	 Freq: 28.0 	 Demand: 816
	Edge: 575 <--> 576 	 Freq: 28.0 	 Demand: 510
	Edge: 1679 <--> 248 	 Freq: 28.0 	 Demand: 510
	Edge: 570 <--> 571 	 Freq: 28.0 	 Demand: 1530
	Edge: 1701 <--> 1594 	 Freq: 28.0 	 Demand: 918
	Edge: 1227 <--> 1235 	 Freq: 28.0 	 Demand: 1020
	Edge: 1225 <--> 1226 	 Freq: 28.0 	 Demand: 2244
	Edge: 1228 <--> 1226 	 Freq: 28.0 	 Demand: 510
	Edge: 1233 <--> 1234 	 Freq: 28.0 	 Demand: 510
	Edge: 1343 <--> 1344 	 Freq: 28.0 	 Demand: 408
	Route: 5
	Route length (32730.0) and demand (11832)
	Edge: 1176 <--> 1177 	 Freq: 28.0 	 Demand: 1020
	Edge: 1663 <--> 1664 	 Freq: 28.0 	 Demand: 510
	Edge: 861 <--> 1662 	 Freq: 28.0 	 Demand: 510
	Edge: 861 <--> 862 	 Freq: 28.0 	 Demand: 408
	Edge: 448 <--> 1657 	 Freq: 28.0 	 Demand: 2550
	Edge: 882 <--> 1607 	 Freq: 28.0 	 Demand: 510
	Edge: 103 <--> 1535 	 Freq: 28.0 	 Demand: 1530
	Edge: 883 <--> 1542 	 Freq: 28.0 	 Demand: 510
	Edge: 1542 <--> 1729 	 Freq: 28.0 	 Demand: 408
	Edge: 1197 <--> 1198 	 Freq: 28.0 	 Demand: 1020
	Edge: 1169 <--> 1197 	 Freq: 28.0 	 Demand: 1428
	Edge: 1327 <--> 1168 	 Freq: 28.0 	 Demand: 918
	Edge: 1327 <--> 1328 	 Freq: 28.0 	 Demand: 510

Day 4, number of edges 51, number of routes 5

	Edges:

	Edge: 185 <--> 183 	 Freq: 28.0 	 Demand: 1020
	Edge: 1358 <--> 1579 	 Freq: 28.0 	 Demand: 510
	Edge: 1220 <--> 1221 	 Freq: 28.0 	 Demand: 510
	Edge: 912 <--> 913 	 Freq: 28.0 	 Demand: 816
	Edge: 1218 <--> 1219 	 Freq: 28.0 	 Demand: 510
	Edge: 1208 <--> 1220 	 Freq: 28.0 	 Demand: 1530
	Edge: 911 <--> 1208 	 Freq: 28.0 	 Demand: 1020
	Edge: 911 <--> 931 	 Freq: 28.0 	 Demand: 1428
	Edge: 942 <--> 931 	 Freq: 28.0 	 Demand: 510
	Edge: 942 <--> 943 	 Freq: 28.0 	 Demand: 1530
	Edge: 943 <--> 944 	 Freq: 28.0 	 Demand: 2550
	Edge: 944 <--> 1214 	 Freq: 28.0 	 Demand: 1020
	Edge: 1710 <--> 1214 	 Freq: 28.0 	 Demand: 408
	Edge: 1380 <--> 1008 	 Freq: 28.0 	 Demand: 1020
	Edge: 1246 <--> 1721 	 Freq: 28.0 	 Demand: 510
	Edge: 1242 <--> 1246 	 Freq: 28.0 	 Demand: 1734
	Edge: 1243 <--> 1244 	 Freq: 28.0 	 Demand: 1020
	Edge: 828 <--> 829 	 Freq: 28.0 	 Demand: 1530
	Edge: 1245 <--> 1600 	 Freq: 28.0 	 Demand: 510
	Edge: 1713 <--> 1714 	 Freq: 28.0 	 Demand: 1530
	Edge: 1628 <--> 1713 	 Freq: 28.0 	 Demand: 2040
	Edge: 1156 <--> 1157 	 Freq: 28.0 	 Demand: 510
	Edge: 1140 <--> 1128 	 Freq: 28.0 	 Demand: 510
	Edge: 915 <--> 916 	 Freq: 28.0 	 Demand: 408
	Edge: 1128 <--> 914 	 Freq: 28.0 	 Demand: 1020
	Edge: 894 <--> 895 	 Freq: 28.0 	 Demand: 204
	Edge: 1381 <--> 941 	 Freq: 28.0 	 Demand: 1020
	Edge: 1238 <--> 1239 	 Freq: 28.0 	 Demand: 3060
	Edge: 991 <--> 934 	 Freq: 28.0 	 Demand: 510
	Edge: 1362 <--> 1363 	 Freq: 28.0 	 Demand: 2550
	Edge: 1642 <--> 1643 	 Freq: 28.0 	 Demand: 1530
	Edge: 1364 <--> 1365 	 Freq: 28.0 	 Demand: 510
	Edge: 1530 <--> 1531 	 Freq: 28.0 	 Demand: 1020
	Edge: 959 <--> 960 	 Freq: 28.0 	 Demand: 1138
	Edge: 161 <--> 162 	 Freq: 28.0 	 Demand: 204
	Edge: 1277 <--> 1275 	 Freq: 28.0 	 Demand: 510
	Edge: 169 <--> 167 	 Freq: 28.0 	 Demand: 204
	Edge: 923 <--> 921 	 Freq: 28.0 	 Demand: 204
	Edge: 922 <--> 444 	 Freq: 28.0 	 Demand: 1020
	Edge: 444 <--> 445 	 Freq: 28.0 	 Demand: 2040
	Edge: 892 <--> 893 	 Freq: 28.0 	 Demand: 3468
	Edge: 893 <--> 1168 	 Freq: 28.0 	 Demand: 2040
	Edge: 1144 <--> 1165 	 Freq: 28.0 	 Demand: 322
	Edge: 1164 <--> 1165 	 Freq: 28.0 	 Demand: 408
	Edge: 923 <--> 1144 	 Freq: 28.0 	 Demand: 1428
	Edge: 1165 <--> 1166 	 Freq: 28.0 	 Demand: 510
	Edge: 1174 <--> 1175 	 Freq: 28.0 	 Demand: 1020
	Edge: 1192 <--> 1533 	 Freq: 28.0 	 Demand: 1020
	Edge: 1194 <--> 1534 	 Freq: 28.0 	 Demand: 2550
	Edge: 1304 <--> 1305 	 Freq: 14.0 	 Demand: 510
	Edge: 990 <--> 1549 	 Freq: 28.0 	 Demand: 3722

	Routes:

	Route: 1
	Route length (30779.0) and demand (11832)
	Edge: 915 <--> 916 	 Freq: 28.0 	 Demand: 408
	Edge: 1128 <--> 914 	 Freq: 28.0 	 Demand: 1020
	Edge: 1380 <--> 1008 	 Freq: 28.0 	 Demand: 1020
	Edge: 1242 <--> 1246 	 Freq: 28.0 	 Demand: 1734
	Edge: 1243 <--> 1244 	 Freq: 28.0 	 Demand: 1020
	Edge: 828 <--> 829 	 Freq: 28.0 	 Demand: 1530
	Edge: 1245 <--> 1600 	 Freq: 28.0 	 Demand: 510
	Edge: 1713 <--> 1714 	 Freq: 28.0 	 Demand: 1530
	Edge: 1628 <--> 1713 	 Freq: 28.0 	 Demand: 2040
	Edge: 1156 <--> 1157 	 Freq: 28.0 	 Demand: 510
	Edge: 1140 <--> 1128 	 Freq: 28.0 	 Demand: 510
	Route: 2
	Route length (29893.0) and demand (11016)
	Edge: 1220 <--> 1221 	 Freq: 28.0 	 Demand: 510
	Edge: 1218 <--> 1219 	 Freq: 28.0 	 Demand: 510
	Edge: 1208 <--> 1220 	 Freq: 28.0 	 Demand: 1530
	Edge: 911 <--> 1208 	 Freq: 28.0 	 Demand: 1020
	Edge: 911 <--> 931 	 Freq: 28.0 	 Demand: 1428
	Edge: 942 <--> 931 	 Freq: 28.0 	 Demand: 510
	Edge: 942 <--> 943 	 Freq: 28.0 	 Demand: 1530
	Edge: 943 <--> 944 	 Freq: 28.0 	 Demand: 2550
	Edge: 944 <--> 1214 	 Freq: 28.0 	 Demand: 1020
	Edge: 1710 <--> 1214 	 Freq: 28.0 	 Demand: 408
	Route: 3
	Route length (30437.0) and demand (11950)
	Edge: 923 <--> 921 	 Freq: 28.0 	 Demand: 204
	Edge: 922 <--> 444 	 Freq: 28.0 	 Demand: 1020
	Edge: 444 <--> 445 	 Freq: 28.0 	 Demand: 2040
	Edge: 892 <--> 893 	 Freq: 28.0 	 Demand: 3468
	Edge: 893 <--> 1168 	 Freq: 28.0 	 Demand: 2040
	Edge: 923 <--> 1144 	 Freq: 28.0 	 Demand: 1428
	Edge: 1144 <--> 1165 	 Freq: 28.0 	 Demand: 322
	Edge: 1164 <--> 1165 	 Freq: 28.0 	 Demand: 408
	Edge: 1165 <--> 1166 	 Freq: 28.0 	 Demand: 510
	Edge: 1304 <--> 1305 	 Freq: 14.0 	 Demand: 510
	Route: 4
	Route length (38613.0) and demand (11898)
	Edge: 959 <--> 960 	 Freq: 28.0 	 Demand: 1138
	Edge: 185 <--> 183 	 Freq: 28.0 	 Demand: 1020
	Edge: 1358 <--> 1579 	 Freq: 28.0 	 Demand: 510
	Edge: 161 <--> 162 	 Freq: 28.0 	 Demand: 204
	Edge: 1277 <--> 1275 	 Freq: 28.0 	 Demand: 510
	Edge: 169 <--> 167 	 Freq: 28.0 	 Demand: 204
	Edge: 990 <--> 1549 	 Freq: 28.0 	 Demand: 3722
	Edge: 1174 <--> 1175 	 Freq: 28.0 	 Demand: 1020
	Edge: 1192 <--> 1533 	 Freq: 28.0 	 Demand: 1020
	Edge: 1194 <--> 1534 	 Freq: 28.0 	 Demand: 2550
	Route: 5
	Route length (34886.0) and demand (11730)
	Edge: 912 <--> 913 	 Freq: 28.0 	 Demand: 816
	Edge: 1530 <--> 1531 	 Freq: 28.0 	 Demand: 1020
	Edge: 1642 <--> 1643 	 Freq: 28.0 	 Demand: 1530
	Edge: 1364 <--> 1365 	 Freq: 28.0 	 Demand: 510
	Edge: 1362 <--> 1363 	 Freq: 28.0 	 Demand: 2550
	Edge: 991 <--> 934 	 Freq: 28.0 	 Demand: 510
	Edge: 1381 <--> 941 	 Freq: 28.0 	 Demand: 1020
	Edge: 1238 <--> 1239 	 Freq: 28.0 	 Demand: 3060
	Edge: 894 <--> 895 	 Freq: 28.0 	 Demand: 204
	Edge: 1246 <--> 1721 	 Freq: 28.0 	 Demand: 510

Day 5, number of edges 0, number of routes 0

	Edges:


	Routes:


Day 6, number of edges 0, number of routes 0

	Edges:


	Routes:


Day 7, number of edges 40, number of routes 5

	Edges:

	Edge: 1378 <--> 1379 	 Freq: 28.0 	 Demand: 510
	Edge: 951 <--> 952 	 Freq: 28.0 	 Demand: 2040
	Edge: 1427 <--> 951 	 Freq: 28.0 	 Demand: 204
	Edge: 1428 <--> 1633 	 Freq: 28.0 	 Demand: 408
	Edge: 1715 <--> 1546 	 Freq: 28.0 	 Demand: 510
	Edge: 1426 <--> 1653 	 Freq: 28.0 	 Demand: 3830
	Edge: 1634 <--> 1635 	 Freq: 28.0 	 Demand: 510
	Edge: 1383 <--> 1384 	 Freq: 28.0 	 Demand: 1020
	Edge: 1538 <--> 1539 	 Freq: 28.0 	 Demand: 2550
	Edge: 1538 <--> 938 	 Freq: 28.0 	 Demand: 714
	Edge: 842 <--> 843 	 Freq: 28.0 	 Demand: 510
	Edge: 843 <--> 1354 	 Freq: 28.0 	 Demand: 1020
	Edge: 1712 <--> 1132 	 Freq: 28.0 	 Demand: 1020
	Edge: 1413 <--> 1162 	 Freq: 28.0 	 Demand: 510
	Edge: 1217 <--> 1159 	 Freq: 28.0 	 Demand: 1530
	Edge: 1216 <--> 1217 	 Freq: 28.0 	 Demand: 1020
	Edge: 1215 <--> 1216 	 Freq: 28.0 	 Demand: 408
	Edge: 1127 <--> 1367 	 Freq: 28.0 	 Demand: 3660
	Edge: 1214 <--> 1215 	 Freq: 28.0 	 Demand: 2040
	Edge: 845 <--> 1684 	 Freq: 28.0 	 Demand: 408
	Edge: 1688 <--> 1689 	 Freq: 28.0 	 Demand: 1530
	Edge: 1336 <--> 1337 	 Freq: 28.0 	 Demand: 204
	Edge: 1334 <--> 1335 	 Freq: 28.0 	 Demand: 2550
	Edge: 1583 <--> 1309 	 Freq: 28.0 	 Demand: 1020
	Edge: 1583 <--> 1446 	 Freq: 28.0 	 Demand: 510
	Edge: 1309 <--> 1310 	 Freq: 28.0 	 Demand: 1020
	Edge: 1417 <--> 1692 	 Freq: 28.0 	 Demand: 204
	Edge: 1562 <--> 1563 	 Freq: 28.0 	 Demand: 1020
	Edge: 1589 <--> 581 	 Freq: 28.0 	 Demand: 408
	Edge: 1728 <--> 1720 	 Freq: 28.0 	 Demand: 1020
	Edge: 1668 <--> 838 	 Freq: 28.0 	 Demand: 1530
	Edge: 1414 <--> 1566 	 Freq: 28.0 	 Demand: 1020
	Edge: 1586 <--> 1566 	 Freq: 28.0 	 Demand: 2040
	Edge: 1565 <--> 1626 	 Freq: 28.0 	 Demand: 2040
	Edge: 1667 <--> 1675 	 Freq: 28.0 	 Demand: 4080
	Edge: 410 <--> 1623 	 Freq: 28.0 	 Demand: 408
	Edge: 1022 <--> 1293 	 Freq: 28.0 	 Demand: 204
	Edge: 1393 <--> 1548 	 Freq: 28.0 	 Demand: 510
	Edge: 1313 <--> 1592 	 Freq: 14.0 	 Demand: 2040
	Edge: 1311 <--> 1312 	 Freq: 14.0 	 Demand: 2040

	Routes:

	Route: 1
	Route length (33854.0) and demand (10812)
	Edge: 1417 <--> 1692 	 Freq: 28.0 	 Demand: 204
	Edge: 1562 <--> 1563 	 Freq: 28.0 	 Demand: 1020
	Edge: 1414 <--> 1566 	 Freq: 28.0 	 Demand: 1020
	Edge: 1586 <--> 1566 	 Freq: 28.0 	 Demand: 2040
	Edge: 1565 <--> 1626 	 Freq: 28.0 	 Demand: 2040
	Edge: 1667 <--> 1675 	 Freq: 28.0 	 Demand: 4080
	Edge: 1589 <--> 581 	 Freq: 28.0 	 Demand: 408
	Route: 2
	Route length (28637.0) and demand (11628)
	Edge: 1022 <--> 1293 	 Freq: 28.0 	 Demand: 204
	Edge: 1688 <--> 1689 	 Freq: 28.0 	 Demand: 1530
	Edge: 1336 <--> 1337 	 Freq: 28.0 	 Demand: 204
	Edge: 1334 <--> 1335 	 Freq: 28.0 	 Demand: 2550
	Edge: 1311 <--> 1312 	 Freq: 14.0 	 Demand: 2040
	Edge: 1313 <--> 1592 	 Freq: 14.0 	 Demand: 2040
	Edge: 1309 <--> 1310 	 Freq: 28.0 	 Demand: 1020
	Edge: 1583 <--> 1446 	 Freq: 28.0 	 Demand: 510
	Edge: 1583 <--> 1309 	 Freq: 28.0 	 Demand: 1020
	Edge: 1393 <--> 1548 	 Freq: 28.0 	 Demand: 510
	Route: 3
	Route length (32508.0) and demand (11786)
	Edge: 1538 <--> 1539 	 Freq: 28.0 	 Demand: 2550
	Edge: 951 <--> 952 	 Freq: 28.0 	 Demand: 2040
	Edge: 1427 <--> 951 	 Freq: 28.0 	 Demand: 204
	Edge: 1715 <--> 1546 	 Freq: 28.0 	 Demand: 510
	Edge: 1634 <--> 1635 	 Freq: 28.0 	 Demand: 510
	Edge: 1383 <--> 1384 	 Freq: 28.0 	 Demand: 1020
	Edge: 1426 <--> 1653 	 Freq: 28.0 	 Demand: 3830
	Edge: 1428 <--> 1633 	 Freq: 28.0 	 Demand: 408
	Edge: 1538 <--> 938 	 Freq: 28.0 	 Demand: 714
	Route: 4
	Route length (26234.0) and demand (3876)
	Edge: 1378 <--> 1379 	 Freq: 28.0 	 Demand: 510
	Edge: 845 <--> 1684 	 Freq: 28.0 	 Demand: 408
	Edge: 410 <--> 1623 	 Freq: 28.0 	 Demand: 408
	Edge: 1728 <--> 1720 	 Freq: 28.0 	 Demand: 1020
	Edge: 1668 <--> 838 	 Freq: 28.0 	 Demand: 1530
	Route: 5
	Route length (29646.0) and demand (11718)
	Edge: 842 <--> 843 	 Freq: 28.0 	 Demand: 510
	Edge: 843 <--> 1354 	 Freq: 28.0 	 Demand: 1020
	Edge: 1712 <--> 1132 	 Freq: 28.0 	 Demand: 1020
	Edge: 1217 <--> 1159 	 Freq: 28.0 	 Demand: 1530
	Edge: 1215 <--> 1216 	 Freq: 28.0 	 Demand: 408
	Edge: 1214 <--> 1215 	 Freq: 28.0 	 Demand: 2040
	Edge: 1127 <--> 1367 	 Freq: 28.0 	 Demand: 3660
	Edge: 1216 <--> 1217 	 Freq: 28.0 	 Demand: 1020
	Edge: 1413 <--> 1162 	 Freq: 28.0 	 Demand: 510

Day 8, number of edges 30, number of routes 4

	Edges:

	Edge: 1738 <--> 1424 	 Freq: 7.0 	 Demand: 1020
	Edge: 1624 <--> 1625 	 Freq: 28.0 	 Demand: 204
	Edge: 874 <--> 397 	 Freq: 28.0 	 Demand: 204
	Edge: 869 <--> 870 	 Freq: 28.0 	 Demand: 510
	Edge: 897 <--> 1418 	 Freq: 28.0 	 Demand: 510
	Edge: 1687 <--> 1717 	 Freq: 28.0 	 Demand: 1020
	Edge: 1719 <--> 394 	 Freq: 28.0 	 Demand: 2040
	Edge: 367 <--> 368 	 Freq: 28.0 	 Demand: 3620
	Edge: 1742 <--> 150 	 Freq: 28.0 	 Demand: 816
	Edge: 249 <--> 250 	 Freq: 28.0 	 Demand: 2244
	Edge: 1142 <--> 1143 	 Freq: 28.0 	 Demand: 408
	Edge: 1595 <--> 1596 	 Freq: 28.0 	 Demand: 1020
	Edge: 1709 <--> 1604 	 Freq: 28.0 	 Demand: 510
	Edge: 1604 <--> 1605 	 Freq: 28.0 	 Demand: 1530
	Edge: 1601 <--> 1602 	 Freq: 28.0 	 Demand: 3060
	Edge: 1141 <--> 1142 	 Freq: 28.0 	 Demand: 3060
	Edge: 1541 <--> 1555 	 Freq: 28.0 	 Demand: 1734
	Edge: 1536 <--> 937 	 Freq: 28.0 	 Demand: 510
	Edge: 1396 <--> 1541 	 Freq: 28.0 	 Demand: 1530
	Edge: 1346 <--> 384 	 Freq: 28.0 	 Demand: 2550
	Edge: 1556 <--> 1347 	 Freq: 28.0 	 Demand: 1020
	Edge: 1411 <--> 1347 	 Freq: 28.0 	 Demand: 510
	Edge: 1695 <--> 1696 	 Freq: 28.0 	 Demand: 4230
	Edge: 1555 <--> 1411 	 Freq: 28.0 	 Demand: 612
	Edge: 1723 <--> 1724 	 Freq: 14.0 	 Demand: 1530
	Edge: 1718 <--> 1727 	 Freq: 14.0 	 Demand: 1530
	Edge: 1418 <--> 1725 	 Freq: 14.0 	 Demand: 510
	Edge: 1738 <--> 1424 	 Freq: 14.0 	 Demand: 2040
	Edge: 446 <--> 447 	 Freq: 14.0 	 Demand: 2040
	Edge: 1332 <--> 1591 	 Freq: 14.0 	 Demand: 3060

	Routes:

	Route: 1
	Route length (29412.0) and demand (11832)
	Edge: 249 <--> 250 	 Freq: 28.0 	 Demand: 2244
	Edge: 1595 <--> 1596 	 Freq: 28.0 	 Demand: 1020
	Edge: 1604 <--> 1605 	 Freq: 28.0 	 Demand: 1530
	Edge: 1601 <--> 1602 	 Freq: 28.0 	 Demand: 3060
	Edge: 1709 <--> 1604 	 Freq: 28.0 	 Demand: 510
	Edge: 1141 <--> 1142 	 Freq: 28.0 	 Demand: 3060
	Edge: 1142 <--> 1143 	 Freq: 28.0 	 Demand: 408
	Route: 2
	Route length (28849.0) and demand (11780)
	Edge: 874 <--> 397 	 Freq: 28.0 	 Demand: 204
	Edge: 1687 <--> 1717 	 Freq: 28.0 	 Demand: 1020
	Edge: 367 <--> 368 	 Freq: 28.0 	 Demand: 3620
	Edge: 1719 <--> 394 	 Freq: 28.0 	 Demand: 2040
	Edge: 897 <--> 1418 	 Freq: 28.0 	 Demand: 510
	Edge: 1418 <--> 1725 	 Freq: 14.0 	 Demand: 510
	Edge: 1718 <--> 1727 	 Freq: 14.0 	 Demand: 1530
	Edge: 1723 <--> 1724 	 Freq: 14.0 	 Demand: 1530
	Edge: 1742 <--> 150 	 Freq: 28.0 	 Demand: 816
	Route: 3
	Route length (29068.0) and demand (10860)
	Edge: 1695 <--> 1696 	 Freq: 28.0 	 Demand: 4230
	Edge: 1396 <--> 1541 	 Freq: 28.0 	 Demand: 1530
	Edge: 446 <--> 447 	 Freq: 14.0 	 Demand: 2040
	Edge: 1332 <--> 1591 	 Freq: 14.0 	 Demand: 3060
	Route: 4
	Route length (33634.0) and demand (10710)
	Edge: 1624 <--> 1625 	 Freq: 28.0 	 Demand: 204
	Edge: 869 <--> 870 	 Freq: 28.0 	 Demand: 510
	Edge: 1346 <--> 384 	 Freq: 28.0 	 Demand: 2550
	Edge: 1556 <--> 1347 	 Freq: 28.0 	 Demand: 1020
	Edge: 1411 <--> 1347 	 Freq: 28.0 	 Demand: 510
	Edge: 1541 <--> 1555 	 Freq: 28.0 	 Demand: 1734
	Edge: 1738 <--> 1424 	 Freq: 7.0 	 Demand: 1020
	Edge: 1738 <--> 1424 	 Freq: 14.0 	 Demand: 2040
	Edge: 1536 <--> 937 	 Freq: 28.0 	 Demand: 510
	Edge: 1555 <--> 1411 	 Freq: 28.0 	 Demand: 612

Day 9, number of edges 4, number of routes 1

	Edges:

	Edge: 1196 <--> 1587 	 Freq: 28.0 	 Demand: 4080
	Edge: 1731 <--> 1732 	 Freq: 28.0 	 Demand: 3060
	Edge: 1554 <--> 1730 	 Freq: 28.0 	 Demand: 3060
	Edge: 829 <--> 830 	 Freq: 14.0 	 Demand: 1020

	Routes:

	Route: 1
	Route length (35276.0) and demand (11220)
	Edge: 1196 <--> 1587 	 Freq: 28.0 	 Demand: 4080
	Edge: 1731 <--> 1732 	 Freq: 28.0 	 Demand: 3060
	Edge: 1554 <--> 1730 	 Freq: 28.0 	 Demand: 3060
	Edge: 829 <--> 830 	 Freq: 14.0 	 Demand: 1020

Day 10, number of edges 2, number of routes 1

	Edges:

	Edge: 319 <--> 1392 	 Freq: 28.0 	 Demand: 612
	Edge: 1330 <--> 1331 	 Freq: 14.0 	 Demand: 2040

	Routes:

	Route: 1
	Route length (27553.0) and demand (2652)
	Edge: 1330 <--> 1331 	 Freq: 14.0 	 Demand: 2040
	Edge: 319 <--> 1392 	 Freq: 28.0 	 Demand: 612

Day 11, number of edges 0, number of routes 0

	Edges:


	Routes:


Day 12, number of edges 0, number of routes 0

	Edges:


	Routes:


Day 13, number of edges 0, number of routes 0

	Edges:


	Routes:


Day 14, number of edges 5, number of routes 1

	Edges:

	Edge: 1738 <--> 1424 	 Freq: 7.0 	 Demand: 1020
	Edge: 3 <--> 4 	 Freq: 28.0 	 Demand: 510
	Edge: 1639 <--> 1186 	 Freq: 28.0 	 Demand: 1020
	Edge: 1550 <--> 1551 	 Freq: 28.0 	 Demand: 3458
	Edge: 1551 <--> 1552 	 Freq: 28.0 	 Demand: 4122

	Routes:

	Route: 1
	Route length (32301.0) and demand (10130)
	Edge: 1738 <--> 1424 	 Freq: 7.0 	 Demand: 1020
	Edge: 1639 <--> 1186 	 Freq: 28.0 	 Demand: 1020
	Edge: 1551 <--> 1552 	 Freq: 28.0 	 Demand: 4122
	Edge: 1550 <--> 1551 	 Freq: 28.0 	 Demand: 3458
	Edge: 3 <--> 4 	 Freq: 28.0 	 Demand: 510

Day 15, number of edges 1, number of routes 1

	Edges:

	Edge: 1260 <--> 655 	 Freq: 14.0 	 Demand: 510

	Routes:

	Route: 1
	Route length (90771.0) and demand (510)
	Edge: 1260 <--> 655 	 Freq: 14.0 	 Demand: 510

Day 16, number of edges 0, number of routes 0

	Edges:


	Routes:


Day 17, number of edges 2, number of routes 2

	Edges:

	Edge: 0 <--> 1593 	 Freq: 28.0 	 Demand: 2040
	Edge: 1317 <--> 819 	 Freq: 14.0 	 Demand: 510

	Routes:

	Route: 1
	Route length (85963.0) and demand (510)
	Edge: 1317 <--> 819 	 Freq: 14.0 	 Demand: 510
	Route: 2
	Route length (123.0) and demand (2040)
	Edge: 0 <--> 1593 	 Freq: 28.0 	 Demand: 2040

Day 18, number of edges 2, number of routes 1

	Edges:

	Edge: 83 <--> 84 	 Freq: 14.0 	 Demand: 510
	Edge: 1304 <--> 1305 	 Freq: 14.0 	 Demand: 510

	Routes:

	Route: 1
	Route length (95840.0) and demand (1020)
	Edge: 83 <--> 84 	 Freq: 14.0 	 Demand: 510
	Edge: 1304 <--> 1305 	 Freq: 14.0 	 Demand: 510

Day 19, number of edges 0, number of routes 0

	Edges:


	Routes:


Day 20, number of edges 0, number of routes 0

	Edges:


	Routes:


Day 21, number of edges 6, number of routes 1

	Edges:

	Edge: 1738 <--> 1424 	 Freq: 7.0 	 Demand: 1020
	Edge: 1738 <--> 1424 	 Freq: 14.0 	 Demand: 2040
	Edge: 446 <--> 447 	 Freq: 14.0 	 Demand: 2040
	Edge: 1332 <--> 1591 	 Freq: 14.0 	 Demand: 3060
	Edge: 1311 <--> 1312 	 Freq: 14.0 	 Demand: 2040
	Edge: 1147 <--> 1155 	 Freq: 28.0 	 Demand: 510

	Routes:

	Route: 1
	Route length (32028.0) and demand (10710)
	Edge: 1738 <--> 1424 	 Freq: 14.0 	 Demand: 2040
	Edge: 1738 <--> 1424 	 Freq: 7.0 	 Demand: 1020
	Edge: 446 <--> 447 	 Freq: 14.0 	 Demand: 2040
	Edge: 1332 <--> 1591 	 Freq: 14.0 	 Demand: 3060
	Edge: 1311 <--> 1312 	 Freq: 14.0 	 Demand: 2040
	Edge: 1147 <--> 1155 	 Freq: 28.0 	 Demand: 510

Day 22, number of edges 6, number of routes 1

	Edges:

	Edge: 1404 <--> 1405 	 Freq: 28.0 	 Demand: 510
	Edge: 1406 <--> 1584 	 Freq: 28.0 	 Demand: 2040
	Edge: 1585 <--> 1665 	 Freq: 28.0 	 Demand: 2040
	Edge: 1406 <--> 1407 	 Freq: 28.0 	 Demand: 4080
	Edge: 1195 <--> 1590 	 Freq: 28.0 	 Demand: 1020
	Edge: 829 <--> 830 	 Freq: 14.0 	 Demand: 1020

	Routes:

	Route: 1
	Route length (36122.0) and demand (10710)
	Edge: 1404 <--> 1405 	 Freq: 28.0 	 Demand: 510
	Edge: 1406 <--> 1584 	 Freq: 28.0 	 Demand: 2040
	Edge: 1585 <--> 1665 	 Freq: 28.0 	 Demand: 2040
	Edge: 1406 <--> 1407 	 Freq: 28.0 	 Demand: 4080
	Edge: 1195 <--> 1590 	 Freq: 28.0 	 Demand: 1020
	Edge: 829 <--> 830 	 Freq: 14.0 	 Demand: 1020

Day 23, number of edges 4, number of routes 1

	Edges:

	Edge: 1330 <--> 1331 	 Freq: 14.0 	 Demand: 2040
	Edge: 1723 <--> 1724 	 Freq: 14.0 	 Demand: 1530
	Edge: 1418 <--> 1725 	 Freq: 14.0 	 Demand: 510
	Edge: 1313 <--> 1592 	 Freq: 14.0 	 Demand: 2040

	Routes:

	Route: 1
	Route length (29670.0) and demand (6120)
	Edge: 1418 <--> 1725 	 Freq: 14.0 	 Demand: 510
	Edge: 1723 <--> 1724 	 Freq: 14.0 	 Demand: 1530
	Edge: 1313 <--> 1592 	 Freq: 14.0 	 Demand: 2040
	Edge: 1330 <--> 1331 	 Freq: 14.0 	 Demand: 2040

Day 24, number of edges 5, number of routes 1

	Edges:

	Edge: 1666 <--> 1676 	 Freq: 28.0 	 Demand: 2040
	Edge: 1558 <--> 1666 	 Freq: 28.0 	 Demand: 1530
	Edge: 1588 <--> 581 	 Freq: 28.0 	 Demand: 2040
	Edge: 1561 <--> 581 	 Freq: 28.0 	 Demand: 2040
	Edge: 1718 <--> 1727 	 Freq: 14.0 	 Demand: 1530

	Routes:

	Route: 1
	Route length (33278.0) and demand (9180)
	Edge: 1666 <--> 1676 	 Freq: 28.0 	 Demand: 2040
	Edge: 1558 <--> 1666 	 Freq: 28.0 	 Demand: 1530
	Edge: 1588 <--> 581 	 Freq: 28.0 	 Demand: 2040
	Edge: 1561 <--> 581 	 Freq: 28.0 	 Demand: 2040
	Edge: 1718 <--> 1727 	 Freq: 14.0 	 Demand: 1530

Day 25, number of edges 0, number of routes 0

	Edges:


	Routes:


Day 26, number of edges 0, number of routes 0

	Edges:


	Routes:


Day 27, number of edges 0, number of routes 0

	Edges:


	Routes:


----- MARKER - SOLUTION PRINTED ABOVE -------

Printing greedy algorithm time to avoid scrolling or ctrl+f
Greedy algorithm time: 0:00:02.077178 seconds
LS time: 0:08:34.988087
Greedy algorithm score: 269279964.0
LS return score: 8315880.0
Final solution score: 8315880.0
Maximum routes among all days: 6
Minimum routes among all days: 0

Penalties count:
Overloaded route count: 0
Irregular services count: 0
Irregular spacing count: 0
